{
  "b": 16.140108108520508,
  "c": 33.62554168701172,
  "d": 17.014141082763672,
  "e": 35.444129943847656,
  "f": 171000000,
  "g": 352000000,
  "h": 190000000,
  "i": 393000000,
  "j": 168000000,
  "k": 350000000,
  "l": 187000000,
  "m": 390000000,
  "n": 2750000,
  "o": 2750000,
  "p": 3090000,
  "q": 3090000,
  "r": 943000,
  "s": 1940000,
  "t": 1130000,
  "u": 2320000
}
