{
  "b": 12.354169845581055,
  "c": 26.092851638793945,
  "d": 12.611320495605469,
  "e": 26.634979248046875,
  "f": 130563016,
  "g": 273530880,
  "h": 141033712,
  "i": 295388800,
  "j": 128483368,
  "k": 271365664,
  "l": 138724528,
  "m": 292984768,
  "n": 2079648,
  "o": 2165240,
  "p": 2309200,
  "q": 2404036,
  "r": 1906706,
  "s": 3976603,
  "t": 2124195,
  "u": 4430419
}
