{
  "b": 24.135717391967773,
  "c": 49.824241638183594,
  "d": 31.25267791748047,
  "e": 64.5123062133789,
  "f": 255000000,
  "g": 522000000,
  "h": 349000000,
  "i": 715000000,
  "j": 251000000,
  "k": 518000000,
  "l": 344000000,
  "m": 710000000,
  "n": 4100000,
  "o": 4100000,
  "p": 5050000,
  "q": 5050000,
  "r": 9640000,
  "s": 19700000,
  "t": 13800000,
  "u": 28300000
}
