{
  "b": 16.140108108520508,
  "c": 33.62554168701172,
  "d": 17.014141082763672,
  "e": 35.444129943847656,
  "f": 170565216,
  "g": 352494272,
  "h": 190195504,
  "i": 393015872,
  "j": 167857120,
  "k": 349705632,
  "l": 187155552,
  "m": 389885440,
  "n": 2708068,
  "o": 2788650,
  "p": 3039919,
  "q": 3130489,
  "r": 942823,
  "s": 1938481,
  "t": 1125871,
  "u": 2315250
}
