{
  "b": 169.7879638671875,
  "c": 348.0181579589844,
  "d": 246.08860778808594,
  "e": 504.3894958496094,
  "f": 1793340416,
  "g": 3646992896,
  "h": 2743527936,
  "i": 5584916480,
  "j": 1765794816,
  "k": 3619388928,
  "l": 2706974720,
  "m": 5548284416,
  "n": 27545546,
  "o": 27603992,
  "p": 36553548,
  "q": 36632256,
  "r": 52164980,
  "s": 105516600,
  "t": 86538912,
  "u": 175265424
}
