{
  "b": 12.354169845581055,
  "c": 26.092851638793945,
  "d": 12.611320495605469,
  "e": 26.634979248046875,
  "f": 131000000,
  "g": 274000000,
  "h": 141000000,
  "i": 295000000,
  "j": 128000000,
  "k": 271000000,
  "l": 139000000,
  "m": 293000000,
  "n": 2120000,
  "o": 2120000,
  "p": 2360000,
  "q": 2360000,
  "r": 1910000,
  "s": 3980000,
  "t": 2120000,
  "u": 4430000
}
