{
  "b": 31.82647705078125,
  "c": 64.66050720214844,
  "d": 38.04543685913086,
  "e": 77.2918472290039,
  "f": 336000000,
  "g": 678000000,
  "h": 425000000,
  "i": 857000000,
  "j": 331000000,
  "k": 672000000,
  "l": 418000000,
  "m": 850000000,
  "n": 5470000,
  "o": 5470000,
  "p": 6600000,
  "q": 6600000,
  "r": 3770000,
  "s": 7540000,
  "t": 4980000,
  "u": 9990000
}
