{
  "b": 31.82647705078125,
  "c": 64.66050720214844,
  "d": 38.04543685913086,
  "e": 77.2918472290039,
  "f": 336449952,
  "g": 677956544,
  "h": 425080768,
  "i": 856830720,
  "j": 330995360,
  "k": 672469312,
  "l": 418499808,
  "m": 850210304,
  "n": 5454582,
  "o": 5487254,
  "p": 6580928,
  "q": 6620473,
  "r": 3765390,
  "s": 7538931,
  "t": 4984936,
  "u": 9986258
}
