{
  "b": 169.7879638671875,
  "c": 348.0181579589844,
  "d": 246.08860778808594,
  "e": 504.3894958496094,
  "f": 1790000000,
  "g": 3650000000,
  "h": 2740000000,
  "i": 5580000000,
  "j": 1770000000,
  "k": 3620000000,
  "l": 2710000000,
  "m": 5550000000,
  "n": 27600000,
  "o": 27600000,
  "p": 36600000,
  "q": 36600000,
  "r": 52200000,
  "s": 106000000,
  "t": 86500000,
  "u": 175000000
}
