{
  "b": 24.135717391967773,
  "c": 49.824241638183594,
  "d": 31.25267791748047,
  "e": 64.5123062133789,
  "f": 255075968,
  "g": 522310272,
  "h": 348784256,
  "i": 714730560,
  "j": 251011456,
  "k": 518172096,
  "l": 343779456,
  "m": 709635328,
  "n": 4064511,
  "o": 4138183,
  "p": 5004804,
  "q": 5095278,
  "r": 9642363,
  "s": 19700944,
  "t": 13834594,
  "u": 28291264
}
