{
  "b": 6.07856559753418,
  "c": 12.61838436126709,
  "d": 5.684399127960205,
  "e": 11.799729347229004,
  "f": 64236116,
  "g": 132274360,
  "h": 63611804,
  "i": 130905968,
  "j": 63217084,
  "k": 131231200,
  "l": 62528388,
  "m": 129797024,
  "n": 1019033,
  "o": 1043146,
  "p": 1083407,
  "q": 1108947,
  "r": 641132,
  "s": 1314252,
  "t": 686630,
  "u": 1406962
}
