{
  "b": 90.56684112548828,
  "c": 184.9588165283203,
  "d": 98.5188217163086,
  "e": 201.18821716308594,
  "f": 957000000,
  "g": 1940000000,
  "h": 1100000000,
  "i": 2230000000,
  "j": 942000000,
  "k": 1920000000,
  "l": 1080000000,
  "m": 2210000000,
  "n": 15600000,
  "o": 15600000,
  "p": 16900000,
  "q": 16900000,
  "r": 30400000,
  "s": 61200000,
  "t": 36600000,
  "u": 73800000
}
