{
  "b": 90.56684112548828,
  "c": 184.9588165283203,
  "d": 98.5188217163086,
  "e": 201.18821716308594,
  "f": 957378368,
  "g": 1939249664,
  "h": 1100515584,
  "i": 2230090496,
  "j": 941895168,
  "k": 1923571712,
  "l": 1083707008,
  "m": 2213070336,
  "n": 15483230,
  "o": 15677949,
  "p": 16808536,
  "q": 17020152,
  "r": 30371756,
  "s": 61236276,
  "t": 36601580,
  "u": 73848600
}
