{
  "b": 9.978982925415039,
  "c": 20.90285873413086,
  "d": 9.869239807128906,
  "e": 20.67217254638672,
  "f": 105453664,
  "g": 219116288,
  "h": 110339064,
  "i": 229229072,
  "j": 103781424,
  "k": 217389728,
  "l": 108561640,
  "m": 227393904,
  "n": 1672231,
  "o": 1726571,
  "p": 1777419,
  "q": 1835166,
  "r": 1386737,
  "s": 2868246,
  "t": 1447264,
  "u": 2993662
}
