{
  "b": 22.1873722076416,
  "c": 45.400909423828125,
  "d": 24.731426239013672,
  "e": 50.60441589355469,
  "f": 234567696,
  "g": 476046304,
  "h": 276555456,
  "i": 561226816,
  "j": 230748672,
  "k": 472169472,
  "l": 272045696,
  "m": 556648576,
  "n": 3819001,
  "o": 3876846,
  "p": 4509745,
  "q": 4578222,
  "r": 2078657,
  "s": 4201178,
  "t": 2615048,
  "u": 5286562
}
