{
  "b": 9.978982925415039,
  "c": 20.90285873413086,
  "d": 9.869239807128906,
  "e": 20.67217254638672,
  "f": 105000000,
  "g": 219000000,
  "h": 110000000,
  "i": 229000000,
  "j": 104000000,
  "k": 217000000,
  "l": 109000000,
  "m": 227000000,
  "n": 1700000,
  "o": 1700000,
  "p": 1810000,
  "q": 1810000,
  "r": 1390000,
  "s": 2870000,
  "t": 1450000,
  "u": 2990000
}
