{
  "b": 22.1873722076416,
  "c": 45.400909423828125,
  "d": 24.731426239013672,
  "e": 50.60441589355469,
  "f": 235000000,
  "g": 476000000,
  "h": 277000000,
  "i": 561000000,
  "j": 231000000,
  "k": 472000000,
  "l": 272000000,
  "m": 557000000,
  "n": 3850000,
  "o": 3850000,
  "p": 4540000,
  "q": 4540000,
  "r": 2080000,
  "s": 4200000,
  "t": 2620000,
  "u": 5290000
}
