{
  "b": 22.05837631225586,
  "c": 45.4643669128418,
  "d": 23.361297607421875,
  "e": 48.146461486816406,
  "f": 233224400,
  "g": 476724000,
  "h": 260979008,
  "i": 533696896,
  "j": 229407104,
  "k": 472829408,
  "l": 256974272,
  "m": 529611072,
  "n": 3817328,
  "o": 3894535,
  "p": 4004751,
  "q": 4085877,
  "r": 2346182,
  "s": 4775656,
  "t": 2764288,
  "u": 5631761
}
