{
  "b": 22.05837631225586,
  "c": 45.4643669128418,
  "d": 23.361297607421875,
  "e": 48.146461486816406,
  "f": 233000000,
  "g": 477000000,
  "h": 261000000,
  "i": 534000000,
  "j": 229000000,
  "k": 473000000,
  "l": 257000000,
  "m": 530000000,
  "n": 3860000,
  "o": 3860000,
  "p": 4050000,
  "q": 4050000,
  "r": 2350000,
  "s": 4780000,
  "t": 2760000,
  "u": 5630000
}
