{
  "b": 6.07856559753418,
  "c": 12.61838436126709,
  "d": 5.684399127960205,
  "e": 11.799729347229004,
  "f": 64200000,
  "g": 132000000,
  "h": 63600000,
  "i": 131000000,
  "j": 63200000,
  "k": 131000000,
  "l": 62500000,
  "m": 130000000,
  "n": 1030000,
  "o": 1030000,
  "p": 1100000,
  "q": 1100000,
  "r": 641000,
  "s": 1310000,
  "t": 687000,
  "u": 1410000
}
