{
  "b": 6.2603440284729,
  "c": 13.216846466064453,
  "d": 6.2808518409729,
  "e": 13.259556770324707,
  "f": 66200000,
  "g": 139000000,
  "h": 70200000,
  "i": 147000000,
  "j": 65100000,
  "k": 137000000,
  "l": 69100000,
  "m": 146000000,
  "n": 1070000,
  "o": 1070000,
  "p": 1130000,
  "q": 1130000,
  "r": 2550000,
  "s": 5350000,
  "t": 2810000,
  "u": 5880000
}
