{
  "b": 10.751195907592773,
  "c": 22.322202682495117,
  "d": 11.224878311157227,
  "e": 23.30426597595215,
  "f": 114000000,
  "g": 234000000,
  "h": 125000000,
  "i": 258000000,
  "j": 112000000,
  "k": 232000000,
  "l": 123000000,
  "m": 256000000,
  "n": 1860000,
  "o": 1860000,
  "p": 1990000,
  "q": 1990000,
  "r": 385000,
  "s": 787000,
  "t": 449000,
  "u": 919000
}
