{
  "b": 15.159239768981934,
  "c": 31.37413787841797,
  "d": 16.25668716430664,
  "e": 33.643680572509766,
  "f": 160271408,
  "g": 328976768,
  "h": 181761184,
  "i": 373097376,
  "j": 157656096,
  "k": 326291040,
  "l": 178823552,
  "m": 370080480,
  "n": 2615300,
  "o": 2685739,
  "p": 2937639,
  "q": 3016885,
  "r": 798688,
  "s": 1628911,
  "t": 928715,
  "u": 1894703
}
