{
  "b": 10.751195907592773,
  "c": 22.322202682495117,
  "d": 11.224878311157227,
  "e": 23.30426597595215,
  "f": 113645664,
  "g": 234035728,
  "h": 125435936,
  "i": 258364512,
  "j": 111812440,
  "k": 232150912,
  "l": 123473664,
  "m": 256346928,
  "n": 1833227,
  "o": 1884840,
  "p": 1962267,
  "q": 2017573,
  "r": 384591,
  "s": 787250,
  "t": 448759,
  "u": 919014
}
