{
  "b": 33.74812316894531,
  "c": 69.63276672363281,
  "d": 35.81413650512695,
  "e": 73.8886947631836,
  "f": 356583776,
  "g": 729892736,
  "h": 400321664,
  "i": 819265408,
  "j": 350980480,
  "k": 724180800,
  "l": 393955520,
  "m": 812775616,
  "n": 5603289,
  "o": 5711960,
  "p": 6366182,
  "q": 6489751,
  "r": 2758830,
  "s": 5611542,
  "t": 3295778,
  "u": 6703908
}
