{
  "b": 33.74812316894531,
  "c": 69.63276672363281,
  "d": 35.81413650512695,
  "e": 73.8886947631836,
  "f": 357000000,
  "g": 730000000,
  "h": 400000000,
  "i": 819000000,
  "j": 351000000,
  "k": 724000000,
  "l": 394000000,
  "m": 813000000,
  "n": 5660000,
  "o": 5660000,
  "p": 6430000,
  "q": 6430000,
  "r": 2760000,
  "s": 5610000,
  "t": 3300000,
  "u": 6700000
}
