{
  "b": 6.2603440284729,
  "c": 13.216846466064453,
  "d": 6.2808518409729,
  "e": 13.259556770324707,
  "f": 66155480,
  "g": 138545456,
  "h": 70199520,
  "i": 147010176,
  "j": 65107576,
  "k": 137455200,
  "l": 69089368,
  "m": 145855120,
  "n": 1047907,
  "o": 1090255,
  "p": 1110159,
  "q": 1155067,
  "r": 2553041,
  "s": 5348343,
  "t": 2808223,
  "u": 5883942
}
