{
  "b": 6.316643238067627,
  "c": 13.137946128845215,
  "d": 7.311882019042969,
  "e": 15.206933975219727,
  "f": 66800000,
  "g": 138000000,
  "h": 81600000,
  "i": 168000000,
  "j": 65700000,
  "k": 137000000,
  "l": 80400000,
  "m": 167000000,
  "n": 1090000,
  "o": 1090000,
  "p": 1150000,
  "q": 1150000,
  "r": 307000,
  "s": 631000,
  "t": 393000,
  "u": 807000
}
