{
  "b": 42.13889694213867,
  "c": 86.67666625976562,
  "d": 45.54829788208008,
  "e": 93.68557739257812,
  "f": 445000000,
  "g": 909000000,
  "h": 509000000,
  "i": 1040000000,
  "j": 438000000,
  "k": 901000000,
  "l": 501000000,
  "m": 1030000000,
  "n": 7080000,
  "o": 7080000,
  "p": 7660000,
  "q": 7660000,
  "r": 103000000,
  "s": 210000000,
  "t": 112000000,
  "u": 228000000
}
