{
  "b": 6.316643238067627,
  "c": 13.137946128845215,
  "d": 7.311882019042969,
  "e": 15.206933975219727,
  "f": 66763844,
  "g": 137735136,
  "h": 81565680,
  "i": 168442736,
  "j": 65693088,
  "k": 136634640,
  "l": 80430704,
  "m": 167276272,
  "n": 1070753,
  "o": 1100473,
  "p": 1134979,
  "q": 1166468,
  "r": 307349,
  "s": 630832,
  "t": 392577,
  "u": 806949
}
