{
  "b": 42.13889694213867,
  "c": 86.67666625976562,
  "d": 45.54829788208008,
  "e": 93.68557739257812,
  "f": 445275200,
  "g": 908575552,
  "h": 508635296,
  "i": 1038262464,
  "j": 438244544,
  "k": 901437312,
  "l": 501031264,
  "m": 1030541312,
  "n": 7030586,
  "o": 7138318,
  "p": 7604084,
  "q": 7721175,
  "r": 102924328,
  "s": 210109248,
  "t": 111722184,
  "u": 228190304
}
