{
  "b": 18.412403106689453,
  "c": 37.9744873046875,
  "d": 19.506362915039062,
  "e": 40.229339599609375,
  "f": 195000000,
  "g": 398000000,
  "h": 218000000,
  "i": 446000000,
  "j": 191000000,
  "k": 395000000,
  "l": 215000000,
  "m": 443000000,
  "n": 3130000,
  "o": 3130000,
  "p": 3610000,
  "q": 3610000,
  "r": 3500000,
  "s": 7120000,
  "t": 4070000,
  "u": 8290000
}
