{
  "b": 15.244523048400879,
  "c": 32.49959945678711,
  "d": 16.9847412109375,
  "e": 36.20801544189453,
  "f": 161000000,
  "g": 341000000,
  "h": 190000000,
  "i": 401000000,
  "j": 159000000,
  "k": 338000000,
  "l": 187000000,
  "m": 398000000,
  "n": 2630000,
  "o": 2630000,
  "p": 2890000,
  "q": 2890000,
  "r": 2120000,
  "s": 4450000,
  "t": 2580000,
  "u": 5420000
}
