{
  "b": 18.412403106689453,
  "c": 37.9744873046875,
  "d": 19.506362915039062,
  "e": 40.229339599609375,
  "f": 194589520,
  "g": 398086400,
  "h": 218154928,
  "i": 446166624,
  "j": 191488992,
  "k": 394934656,
  "l": 214570000,
  "m": 442522720,
  "n": 3100518,
  "o": 3151743,
  "p": 3584906,
  "q": 3643954,
  "r": 3496521,
  "s": 7123424,
  "t": 4069634,
  "u": 8290740
}
