{
  "b": 5.957461833953857,
  "c": 12.499711990356445,
  "d": 5.888916492462158,
  "e": 12.355584144592285,
  "f": 62942220,
  "g": 131013440,
  "h": 65831024,
  "i": 136998336,
  "j": 61957604,
  "k": 129997008,
  "l": 64778084,
  "m": 135911424,
  "n": 984619,
  "o": 1016428,
  "p": 1052938,
  "q": 1086890,
  "r": 493354,
  "s": 1022048,
  "t": 514247,
  "u": 1065397
}
