{
  "b": 20.952816009521484,
  "c": 43.98396301269531,
  "d": 21.5884952545166,
  "e": 45.315956115722656,
  "f": 221402144,
  "g": 461048192,
  "h": 241064608,
  "i": 502192128,
  "j": 217909296,
  "k": 457433216,
  "l": 237473456,
  "m": 498475520,
  "n": 3492863,
  "o": 3614992,
  "p": 3591157,
  "q": 3716584,
  "r": 7596503,
  "s": 15812524,
  "t": 8858926,
  "u": 18452368
}
