{
  "b": 43.36513137817383,
  "c": 88.84386444091797,
  "d": 46.05514907836914,
  "e": 94.35334777832031,
  "f": 458424704,
  "g": 931508096,
  "h": 515079168,
  "i": 1046478016,
  "j": 450997376,
  "k": 923976192,
  "l": 506606624,
  "m": 1037886784,
  "n": 7427312,
  "o": 7531855,
  "p": 8472626,
  "q": 8591282,
  "r": 8296981,
  "s": 16766574,
  "t": 9551867,
  "u": 19304212
}
