{
  "b": 7.77534294128418,
  "c": 16.16089630126953,
  "d": 8.305603981018066,
  "e": 17.262561798095703,
  "f": 82164136,
  "g": 169405776,
  "h": 92792992,
  "i": 191354560,
  "j": 80863568,
  "k": 168073328,
  "l": 91361648,
  "m": 189888176,
  "n": 1300563,
  "o": 1332449,
  "p": 1431343,
  "q": 1466370,
  "r": 500286,
  "s": 1027245,
  "t": 583410,
  "u": 1198456
}
