{
  "b": 7.77534294128418,
  "c": 16.16089630126953,
  "d": 8.305603981018066,
  "e": 17.262561798095703,
  "f": 82200000,
  "g": 169000000,
  "h": 92800000,
  "i": 191000000,
  "j": 80900000,
  "k": 168000000,
  "l": 91400000,
  "m": 190000000,
  "n": 1320000,
  "o": 1320000,
  "p": 1450000,
  "q": 1450000,
  "r": 500000,
  "s": 1030000,
  "t": 583000,
  "u": 1200000
}
