{
  "b": 43.36513137817383,
  "c": 88.84386444091797,
  "d": 46.05514907836914,
  "e": 94.35334777832031,
  "f": 458000000,
  "g": 932000000,
  "h": 515000000,
  "i": 1050000000,
  "j": 451000000,
  "k": 924000000,
  "l": 507000000,
  "m": 1040000000,
  "n": 7480000,
  "o": 7480000,
  "p": 8530000,
  "q": 8530000,
  "r": 8300000,
  "s": 16800000,
  "t": 9550000,
  "u": 19300000
}
