{
  "b": 20.952816009521484,
  "c": 43.98396301269531,
  "d": 21.5884952545166,
  "e": 45.315956115722656,
  "f": 221000000,
  "g": 461000000,
  "h": 241000000,
  "i": 502000000,
  "j": 218000000,
  "k": 457000000,
  "l": 237000000,
  "m": 498000000,
  "n": 3550000,
  "o": 3550000,
  "p": 3650000,
  "q": 3650000,
  "r": 7600000,
  "s": 15800000,
  "t": 8860000,
  "u": 18500000
}
