{
  "b": 49.89732360839844,
  "c": 101.40592956542969,
  "d": 53.867408752441406,
  "e": 109.46931457519531,
  "f": 527000000,
  "g": 1060000000,
  "h": 602000000,
  "i": 1210000000,
  "j": 519000000,
  "k": 1050000000,
  "l": 593000000,
  "m": 1200000000,
  "n": 8530000,
  "o": 8530000,
  "p": 9670000,
  "q": 9670000,
  "r": 8290000,
  "s": 16600000,
  "t": 9740000,
  "u": 19500000
}
