{
  "b": 15.104230880737305,
  "c": 31.254682540893555,
  "d": 16.618040084838867,
  "e": 34.38582229614258,
  "f": 160000000,
  "g": 328000000,
  "h": 186000000,
  "i": 381000000,
  "j": 157000000,
  "k": 325000000,
  "l": 183000000,
  "m": 378000000,
  "n": 2570000,
  "o": 2570000,
  "p": 2810000,
  "q": 2810000,
  "r": 3050000,
  "s": 6240000,
  "t": 3620000,
  "u": 7400000
}
