{
  "b": 49.89732360839844,
  "c": 101.40592956542969,
  "d": 53.867408752441406,
  "e": 109.46931457519531,
  "f": 527438400,
  "g": 1063182016,
  "h": 602178112,
  "i": 1213860864,
  "j": 518932160,
  "k": 1054621696,
  "l": 592541504,
  "m": 1204162432,
  "n": 8506243,
  "o": 8560265,
  "p": 9636648,
  "q": 9698187,
  "r": 8293664,
  "s": 16617733,
  "t": 9741235,
  "u": 19523826
}
