{
  "b": 15.104230880737305,
  "c": 31.254682540893555,
  "d": 16.618040084838867,
  "e": 34.38582229614258,
  "f": 159634032,
  "g": 327647616,
  "h": 185585632,
  "i": 381084352,
  "j": 157084000,
  "k": 325048704,
  "l": 182798448,
  "m": 378244064,
  "n": 2550065,
  "o": 2598884,
  "p": 2787164,
  "q": 2840288,
  "r": 3052433,
  "s": 6238256,
  "t": 3620175,
  "u": 7404390
}
