{
  "b": 80.18732452392578,
  "c": 164.42640686035156,
  "d": 88.03102111816406,
  "e": 180.5015106201172,
  "f": 847602624,
  "g": 1723903616,
  "h": 983246528,
  "i": 2000656384,
  "j": 833948160,
  "k": 1710034688,
  "l": 968341248,
  "m": 1985516544,
  "n": 13654561,
  "o": 13869214,
  "p": 14905253,
  "q": 15139832,
  "r": 49669160,
  "s": 100919112,
  "t": 55463716,
  "u": 112748240
}
