{
  "b": 15.77082347869873,
  "c": 33.166656494140625,
  "d": 17.01797866821289,
  "e": 35.78844451904297,
  "f": 167000000,
  "g": 348000000,
  "h": 190000000,
  "i": 397000000,
  "j": 164000000,
  "k": 345000000,
  "l": 187000000,
  "m": 394000000,
  "n": 2660000,
  "o": 2660000,
  "p": 3000000,
  "q": 3000000,
  "r": 20600000,
  "s": 42900000,
  "t": 24800000,
  "u": 51900000
}
