{
  "b": 22.657886505126953,
  "c": 46.56890869140625,
  "d": 22.331266403198242,
  "e": 45.89567565917969,
  "f": 239000000,
  "g": 488000000,
  "h": 250000000,
  "i": 509000000,
  "j": 236000000,
  "k": 484000000,
  "l": 246000000,
  "m": 505000000,
  "n": 3790000,
  "o": 3790000,
  "p": 4080000,
  "q": 4080000,
  "r": 1850000,
  "s": 3750000,
  "t": 2010000,
  "u": 4070000
}
