{
  "b": 37.60325241088867,
  "c": 77.59674835205078,
  "d": 49.691001892089844,
  "e": 102.53477478027344,
  "f": 397467968,
  "g": 813514112,
  "h": 554701824,
  "i": 1136126720,
  "j": 391073824,
  "k": 807006208,
  "l": 546601024,
  "m": 1127882496,
  "n": 6394107,
  "o": 6507798,
  "p": 8100858,
  "q": 8244343,
  "r": 7421416,
  "s": 15120615,
  "t": 11392789,
  "u": 23233342
}
