{
  "b": 22.657886505126953,
  "c": 46.56890869140625,
  "d": 22.331266403198242,
  "e": 45.89567565917969,
  "f": 239406784,
  "g": 488135136,
  "h": 249691552,
  "i": 508958112,
  "j": 235642016,
  "k": 484316640,
  "l": 245643936,
  "m": 504852448,
  "n": 3764751,
  "o": 3818427,
  "p": 4047617,
  "q": 4105642,
  "r": 1851599,
  "s": 3754848,
  "t": 2007019,
  "u": 4070029
}
