{
  "b": 80.18732452392578,
  "c": 164.42640686035156,
  "d": 88.03102111816406,
  "e": 180.5015106201172,
  "f": 848000000,
  "g": 1720000000,
  "h": 983000000,
  "i": 2000000000,
  "j": 834000000,
  "k": 1710000000,
  "l": 968000000,
  "m": 1990000000,
  "n": 13800000,
  "o": 13800000,
  "p": 15000000,
  "q": 15000000,
  "r": 49700000,
  "s": 101000000,
  "t": 55500000,
  "u": 113000000
}
