{
  "b": 37.60325241088867,
  "c": 77.59674835205078,
  "d": 49.691001892089844,
  "e": 102.53477478027344,
  "f": 397000000,
  "g": 814000000,
  "h": 555000000,
  "i": 1140000000,
  "j": 391000000,
  "k": 807000000,
  "l": 547000000,
  "m": 1130000000,
  "n": 6450000,
  "o": 6450000,
  "p": 8170000,
  "q": 8170000,
  "r": 7420000,
  "s": 15100000,
  "t": 11400000,
  "u": 23200000
}
