{
  "b": 13.786951065063477,
  "c": 28.483577728271484,
  "d": 14.264299392700195,
  "e": 29.468223571777344,
  "f": 145671312,
  "g": 298566016,
  "h": 159346528,
  "i": 326642912,
  "j": 143384288,
  "k": 296229216,
  "l": 156907296,
  "m": 324150464,
  "n": 2287030,
  "o": 2336822,
  "p": 2439222,
  "q": 2492420,
  "r": 691542,
  "s": 1411110,
  "t": 794555,
  "u": 1621928
}
