{
  "b": 4.59464168548584,
  "c": 9.649989128112793,
  "d": 4.731517791748047,
  "e": 9.936882972717285,
  "f": 48500000,
  "g": 101000000,
  "h": 52800000,
  "i": 110000000,
  "j": 47800000,
  "k": 100000000,
  "l": 52000000,
  "m": 109000000,
  "n": 779000,
  "o": 779000,
  "p": 790000,
  "q": 790000,
  "r": 8500000,
  "s": 17700000,
  "t": 8310000,
  "u": 17300000
}
