{
  "b": 8.642595291137695,
  "c": 18.157747268676758,
  "d": 9.057966232299805,
  "e": 19.029205322265625,
  "f": 91315008,
  "g": 190323632,
  "h": 101108488,
  "i": 210844704,
  "j": 89882992,
  "k": 188840576,
  "l": 99637632,
  "m": 209321264,
  "n": 1432008,
  "o": 1483077,
  "p": 1470864,
  "q": 1523436,
  "r": 507294,
  "s": 1052877,
  "t": 584231,
  "u": 1213441
}
