{
  "b": 11.595195770263672,
  "c": 24.235429763793945,
  "d": 12.15007209777832,
  "e": 25.394256591796875,
  "f": 122539696,
  "g": 254055808,
  "h": 135825360,
  "i": 281575648,
  "j": 120590040,
  "k": 252048464,
  "l": 133650792,
  "m": 279336832,
  "n": 1949662,
  "o": 2007340,
  "p": 2174567,
  "q": 2238833,
  "r": 1434905,
  "s": 2962999,
  "t": 1659201,
  "u": 3426789
}
