{
  "b": 36.03832244873047,
  "c": 75.43087005615234,
  "d": 43.898860931396484,
  "e": 91.88009643554688,
  "f": 380869408,
  "g": 790730944,
  "h": 489896256,
  "i": 1017896192,
  "j": 374798560,
  "k": 784481024,
  "l": 482887456,
  "m": 1010681088,
  "n": 6070861,
  "o": 6249919,
  "p": 7008810,
  "q": 7215102,
  "r": 12534631,
  "s": 25887724,
  "t": 16575622,
  "u": 34271552
}
