{
  "b": 9.240097045898438,
  "c": 19.371227264404297,
  "d": 10.606837272644043,
  "e": 22.23568344116211,
  "f": 97700000,
  "g": 203000000,
  "h": 118000000,
  "i": 246000000,
  "j": 96100000,
  "k": 201000000,
  "l": 117000000,
  "m": 245000000,
  "n": 1580000,
  "o": 1580000,
  "p": 1780000,
  "q": 1780000,
  "r": 891000,
  "s": 1840000,
  "t": 1130000,
  "u": 2340000
}
