{
  "b": 4.59464168548584,
  "c": 9.649989128112793,
  "d": 4.731517791748047,
  "e": 9.936882972717285,
  "f": 48549708,
  "g": 101152416,
  "h": 52822600,
  "i": 110109144,
  "j": 47784276,
  "k": 100359888,
  "l": 52046696,
  "m": 109305712,
  "n": 765428,
  "o": 792526,
  "p": 775905,
  "q": 803449,
  "r": 8499397,
  "s": 17723786,
  "t": 8306987,
  "u": 17333382
}
