{
  "b": 11.595195770263672,
  "c": 24.235429763793945,
  "d": 12.15007209777832,
  "e": 25.394256591796875,
  "f": 123000000,
  "g": 254000000,
  "h": 136000000,
  "i": 282000000,
  "j": 121000000,
  "k": 252000000,
  "l": 134000000,
  "m": 279000000,
  "n": 1980000,
  "o": 1980000,
  "p": 2210000,
  "q": 2210000,
  "r": 1430000,
  "s": 2960000,
  "t": 1660000,
  "u": 3430000
}
