{
  "b": 100.07167053222656,
  "c": 206.7434844970703,
  "d": 114.63903045654297,
  "e": 236.83218383789062,
  "f": 1060000000,
  "g": 2170000000,
  "h": 1280000000,
  "i": 2620000000,
  "j": 1040000000,
  "k": 2150000000,
  "l": 1260000000,
  "m": 2610000000,
  "n": 16700000,
  "o": 16700000,
  "p": 18800000,
  "q": 18800000,
  "r": 20700000,
  "s": 42300000,
  "t": 26200000,
  "u": 53400000
}
