{
  "b": 38.211978912353516,
  "c": 78.430908203125,
  "d": 40.51350402832031,
  "e": 83.15333557128906,
  "f": 404000000,
  "g": 822000000,
  "h": 453000000,
  "i": 922000000,
  "j": 397000000,
  "k": 816000000,
  "l": 446000000,
  "m": 915000000,
  "n": 6590000,
  "o": 6590000,
  "p": 7300000,
  "q": 7300000,
  "r": 27500000,
  "s": 55900000,
  "t": 36200000,
  "u": 73600000
}
