{
  "b": 9.376618385314941,
  "c": 19.348079681396484,
  "d": 10.018258094787598,
  "e": 20.671239852905273,
  "f": 99094728,
  "g": 202829440,
  "h": 111917592,
  "i": 229134784,
  "j": 97516832,
  "k": 201220032,
  "l": 110200840,
  "m": 227383632,
  "n": 1577888,
  "o": 1609428,
  "p": 1716755,
  "q": 1751145,
  "r": 561744,
  "s": 1145052,
  "t": 641857,
  "u": 1308889
}
