{
  "b": 20.263057708740234,
  "c": 41.87223434448242,
  "d": 22.792720794677734,
  "e": 47.0972900390625,
  "f": 214000000,
  "g": 439000000,
  "h": 255000000,
  "i": 522000000,
  "j": 211000000,
  "k": 435000000,
  "l": 251000000,
  "m": 518000000,
  "n": 3480000,
  "o": 3480000,
  "p": 3950000,
  "q": 3950000,
  "r": 5520000,
  "s": 11300000,
  "t": 6630000,
  "u": 13600000
}
