{
  "b": 100.07167053222656,
  "c": 206.7434844970703,
  "d": 114.63903045654297,
  "e": 236.83218383789062,
  "f": 1057299904,
  "g": 2167005696,
  "h": 1279679488,
  "i": 2624164352,
  "j": 1040745344,
  "k": 2150132224,
  "l": 1261029376,
  "m": 2605154048,
  "n": 16554710,
  "o": 16873670,
  "p": 18650160,
  "q": 19010474,
  "r": 20709008,
  "s": 42284896,
  "t": 26152992,
  "u": 53438760
}
