{
  "b": 620.0161743164062,
  "c": 1227.083740234375,
  "d": 620.98876953125,
  "e": 1228.9168701171875,
  "f": 6550000000,
  "g": 12900000000,
  "h": 6940000000,
  "i": 13600000000,
  "j": 6450000000,
  "k": 12800000000,
  "l": 6830000000,
  "m": 13500000000,
  "n": 102000000,
  "o": 102000000,
  "p": 107000000,
  "q": 107000000,
  "r": 999000000,
  "s": 1960000000,
  "t": 1110000000,
  "u": 2180000000
}
