{
  "b": 620.0161743164062,
  "c": 1227.083740234375,
  "d": 620.98876953125,
  "e": 1228.9168701171875,
  "f": 6551537152,
  "g": 12863121408,
  "h": 6938759168,
  "i": 13623985152,
  "j": 6448167936,
  "k": 12761670656,
  "l": 6830876672,
  "m": 13518086144,
  "n": 103368992,
  "o": 101451000,
  "p": 107882632,
  "q": 105899160,
  "r": 999082368,
  "s": 1958022656,
  "t": 1112153472,
  "u": 2180384768
}
