{
  "b": 20.263057708740234,
  "c": 41.87223434448242,
  "d": 22.792720794677734,
  "e": 47.0972900390625,
  "f": 214177920,
  "g": 438988064,
  "h": 254627616,
  "i": 522062656,
  "j": 210735808,
  "k": 435471232,
  "l": 250719936,
  "m": 518070208,
  "n": 3442109,
  "o": 3516733,
  "p": 3907673,
  "q": 3992463,
  "r": 5519033,
  "s": 11301084,
  "t": 6629357,
  "u": 13580600
}
