{
  "b": 38.211978912353516,
  "c": 78.430908203125,
  "d": 40.51350402832031,
  "e": 83.15333557128906,
  "f": 403945760,
  "g": 822326400,
  "h": 452887680,
  "i": 922040256,
  "j": 397404576,
  "k": 815681408,
  "l": 445648544,
  "m": 914686720,
  "n": 6541157,
  "o": 6644889,
  "p": 7239151,
  "q": 7353586,
  "r": 27496798,
  "s": 55853788,
  "t": 36214428,
  "u": 73634648
}
