{
  "b": 10.192899703979492,
  "c": 21.520198822021484,
  "d": 9.443284034729004,
  "e": 19.93636703491211,
  "f": 108000000,
  "g": 226000000,
  "h": 106000000,
  "i": 221000000,
  "j": 106000000,
  "k": 224000000,
  "l": 104000000,
  "m": 219000000,
  "n": 1760000,
  "o": 1760000,
  "p": 1830000,
  "q": 1830000,
  "r": 1050000,
  "s": 2180000,
  "t": 1040000,
  "u": 2170000
}
