{
  "b": 5.489013195037842,
  "c": 11.431632995605469,
  "d": 5.71725606918335,
  "e": 11.906447410583496,
  "f": 58012704,
  "g": 119840448,
  "h": 63839744,
  "i": 131945920,
  "j": 57085736,
  "k": 118888984,
  "l": 62889816,
  "m": 130970920,
  "n": 926969,
  "o": 951473,
  "p": 949926,
  "q": 975002,
  "r": 561278,
  "s": 1156115,
  "t": 601823,
  "u": 1240507
}
