{
  "b": 170.4571533203125,
  "c": 348.5625915527344,
  "d": 219.87779235839844,
  "e": 449.6007385253906,
  "f": 1802189696,
  "g": 3654803456,
  "h": 2453722880,
  "i": 4981051392,
  "j": 1772754432,
  "k": 3625050880,
  "l": 2418655744,
  "m": 4945608192,
  "n": 29435258,
  "o": 29751900,
  "p": 35067348,
  "q": 35442824,
  "r": 98465056,
  "s": 198519392,
  "t": 140908656,
  "u": 284477408
}
