{
  "b": 5.489013195037842,
  "c": 11.431632995605469,
  "d": 5.71725606918335,
  "e": 11.906447410583496,
  "f": 58000000,
  "g": 120000000,
  "h": 63800000,
  "i": 132000000,
  "j": 57100000,
  "k": 119000000,
  "l": 62900000,
  "m": 131000000,
  "n": 939000,
  "o": 939000,
  "p": 962000,
  "q": 962000,
  "r": 561000,
  "s": 1160000,
  "t": 602000,
  "u": 1240000
}
