{
  "b": 170.4571533203125,
  "c": 348.5625915527344,
  "d": 219.87779235839844,
  "e": 449.6007385253906,
  "f": 1800000000,
  "g": 3650000000,
  "h": 2450000000,
  "i": 4980000000,
  "j": 1770000000,
  "k": 3630000000,
  "l": 2420000000,
  "m": 4950000000,
  "n": 29600000,
  "o": 29600000,
  "p": 35300000,
  "q": 35300000,
  "r": 98500000,
  "s": 199000000,
  "t": 141000000,
  "u": 284000000
}
