{
  "b": 45.13128662109375,
  "c": 89.9751968383789,
  "d": 54.574684143066406,
  "e": 108.79611206054688,
  "f": 477151360,
  "g": 943425792,
  "h": 610052864,
  "i": 1206360960,
  "j": 469365376,
  "k": 935742080,
  "l": 600321536,
  "m": 1196757248,
  "n": 7785994,
  "o": 7683673,
  "p": 9731375,
  "q": 9603677,
  "r": 9940759,
  "s": 19546630,
  "t": 13451798,
  "u": 26460378
}
