{
  "b": 59.27922439575195,
  "c": 122.5628662109375,
  "d": 79.15826416015625,
  "e": 163.65325927734375,
  "f": 627000000,
  "g": 1280000000,
  "h": 883000000,
  "i": 1810000000,
  "j": 617000000,
  "k": 1270000000,
  "l": 871000000,
  "m": 1800000000,
  "n": 10200000,
  "o": 10200000,
  "p": 12700000,
  "q": 12700000,
  "r": 15700000,
  "s": 32000000,
  "t": 24000000,
  "u": 49100000
}
