{
  "b": 20.153980255126953,
  "c": 42.02950668334961,
  "d": 20.397308349609375,
  "e": 42.53515625,
  "f": 213000000,
  "g": 441000000,
  "h": 228000000,
  "i": 472000000,
  "j": 210000000,
  "k": 437000000,
  "l": 224000000,
  "m": 468000000,
  "n": 3440000,
  "o": 3440000,
  "p": 3750000,
  "q": 3750000,
  "r": 2130000,
  "s": 4390000,
  "t": 2320000,
  "u": 4760000
}
