{
  "b": 181.97706604003906,
  "c": 380.5323181152344,
  "d": 205.33541870117188,
  "e": 429.3497619628906,
  "f": 1922697856,
  "g": 3988393984,
  "h": 2293235712,
  "i": 4758217216,
  "j": 1892561536,
  "k": 3957536256,
  "l": 2258689536,
  "m": 4722847232,
  "n": 30136252,
  "o": 30858100,
  "p": 34545924,
  "q": 35370660,
  "r": 710007360,
  "s": 1472586240,
  "t": 849367232,
  "u": 1762337408
}
