{
  "b": 55.286739349365234,
  "c": 114.39520263671875,
  "d": 59.67941665649414,
  "e": 123.4790267944336,
  "f": 584428736,
  "g": 1199377536,
  "h": 667098880,
  "i": 1369142528,
  "j": 574982080,
  "k": 1189710080,
  "l": 656473600,
  "m": 1358269312,
  "n": 9446698,
  "o": 9667352,
  "p": 10625308,
  "q": 10873212,
  "r": 14240634,
  "s": 29070724,
  "t": 17002628,
  "u": 34721188
}
