{
  "b": 20.153980255126953,
  "c": 42.02950668334961,
  "d": 20.397308349609375,
  "e": 42.53515625,
  "f": 212986544,
  "g": 440594752,
  "h": 228066208,
  "i": 471694656,
  "j": 209601392,
  "k": 437106880,
  "l": 224370400,
  "m": 467886720,
  "n": 3385144,
  "o": 3487775,
  "p": 3695829,
  "q": 3808010,
  "r": 2134028,
  "s": 4389385,
  "t": 2315522,
  "u": 4762964
}
