{
  "b": 55.286739349365234,
  "c": 114.39520263671875,
  "d": 59.67941665649414,
  "e": 123.4790267944336,
  "f": 584000000,
  "g": 1200000000,
  "h": 667000000,
  "i": 1370000000,
  "j": 575000000,
  "k": 1190000000,
  "l": 656000000,
  "m": 1360000000,
  "n": 9560000,
  "o": 9560000,
  "p": 10700000,
  "q": 10700000,
  "r": 14200000,
  "s": 29100000,
  "t": 17000000,
  "u": 34700000
}
