{
  "b": 10.051653861999512,
  "c": 21.246788024902344,
  "d": 10.024261474609375,
  "e": 21.18802261352539,
  "f": 106000000,
  "g": 223000000,
  "h": 112000000,
  "i": 235000000,
  "j": 105000000,
  "k": 221000000,
  "l": 110000000,
  "m": 233000000,
  "n": 1720000,
  "o": 1720000,
  "p": 1810000,
  "q": 1810000,
  "r": 1440000,
  "s": 3000000,
  "t": 1540000,
  "u": 3210000
}
