{
  "b": 10.680986404418945,
  "c": 22.269046783447266,
  "d": 11.490556716918945,
  "e": 23.956279754638672,
  "f": 112850912,
  "g": 233412192,
  "h": 128362448,
  "i": 265535888,
  "j": 111082256,
  "k": 231598080,
  "l": 126396120,
  "m": 263519072,
  "n": 1768650,
  "o": 1814114,
  "p": 1966348,
  "q": 2016802,
  "r": 3454591,
  "s": 7144164,
  "t": 3991818,
  "u": 8257495
}
