{
  "b": 10.051653861999512,
  "c": 21.246788024902344,
  "d": 10.024261474609375,
  "e": 21.18802261352539,
  "f": 106219416,
  "g": 222719376,
  "h": 112041520,
  "i": 234917344,
  "j": 104537200,
  "k": 220966592,
  "l": 110266880,
  "m": 233068240,
  "n": 1682218,
  "o": 1752786,
  "p": 1774642,
  "q": 1849120,
  "r": 1435269,
  "s": 2998623,
  "t": 1537518,
  "u": 3212279
}
