{
  "b": 13.954818725585938,
  "c": 29.54972267150879,
  "d": 13.599470138549805,
  "e": 28.795949935913086,
  "f": 147468112,
  "g": 309761152,
  "h": 152118400,
  "i": 319394272,
  "j": 145130112,
  "k": 307317120,
  "l": 149594176,
  "m": 316755456,
  "n": 2337995,
  "o": 2444089,
  "p": 2524208,
  "q": 2638810,
  "r": 769591,
  "s": 1606878,
  "t": 822810,
  "u": 1717692
}
