{
  "b": 14.042614936828613,
  "c": 29.253503799438477,
  "d": 13.248194694519043,
  "e": 27.59770965576172,
  "f": 148000000,
  "g": 307000000,
  "h": 148000000,
  "i": 306000000,
  "j": 146000000,
  "k": 304000000,
  "l": 146000000,
  "m": 304000000,
  "n": 2380000,
  "o": 2380000,
  "p": 2750000,
  "q": 2750000,
  "r": 10600000,
  "s": 22000000,
  "t": 11400000,
  "u": 23500000
}
