{
  "b": 70.34254455566406,
  "c": 141.8427276611328,
  "d": 81.06427001953125,
  "e": 163.45394897460938,
  "f": 744000000,
  "g": 1490000000,
  "h": 905000000,
  "i": 1810000000,
  "j": 732000000,
  "k": 1480000000,
  "l": 892000000,
  "m": 1800000000,
  "n": 12100000,
  "o": 12100000,
  "p": 13500000,
  "q": 13500000,
  "r": 56400000,
  "s": 113000000,
  "t": 71000000,
  "u": 142000000
}
