{
  "b": 5.988952159881592,
  "c": 12.57476806640625,
  "d": 5.872226238250732,
  "e": 12.329036712646484,
  "f": 63300000,
  "g": 132000000,
  "h": 65600000,
  "i": 137000000,
  "j": 62300000,
  "k": 131000000,
  "l": 64600000,
  "m": 136000000,
  "n": 1020000,
  "o": 1020000,
  "p": 1000000,
  "q": 1000000,
  "r": 193000,
  "s": 401000,
  "t": 209000,
  "u": 433000
}
