{
  "b": 77.01504516601562,
  "c": 161.14956665039062,
  "d": 82.34255981445312,
  "e": 172.28878784179688,
  "f": 814000000,
  "g": 1690000000,
  "h": 920000000,
  "i": 1910000000,
  "j": 801000000,
  "k": 1680000000,
  "l": 906000000,
  "m": 1900000000,
  "n": 13300000,
  "o": 13300000,
  "p": 14500000,
  "q": 14500000,
  "r": 50800000,
  "s": 105000000,
  "t": 58900000,
  "u": 122000000
}
