{
  "b": 5.988952159881592,
  "c": 12.57476806640625,
  "d": 5.872226238250732,
  "e": 12.329036712646484,
  "f": 63286420,
  "g": 131815112,
  "h": 65581036,
  "i": 136641616,
  "j": 62285104,
  "k": 130777584,
  "l": 64594488,
  "m": 135619408,
  "n": 1001309,
  "o": 1037523,
  "p": 986550,
  "q": 1022221,
  "r": 193499,
  "s": 401165,
  "t": 208739,
  "u": 433082
}
