{
  "b": 14.042614936828613,
  "c": 29.253503799438477,
  "d": 13.248194694519043,
  "e": 27.59770965576172,
  "f": 148392176,
  "g": 306647040,
  "h": 148447888,
  "i": 306363616,
  "j": 146043200,
  "k": 304236448,
  "l": 145730144,
  "m": 303574816,
  "n": 2348993,
  "o": 2410611,
  "p": 2717721,
  "q": 2788784,
  "r": 10647974,
  "s": 22015806,
  "t": 11392537,
  "u": 23532164
}
