{
  "b": 77.01504516601562,
  "c": 161.14956665039062,
  "d": 82.34255981445312,
  "e": 172.28878784179688,
  "f": 814019008,
  "g": 1689413888,
  "h": 920049280,
  "i": 1909889792,
  "j": 800956480,
  "k": 1675955456,
  "l": 905768192,
  "m": 1895176704,
  "n": 13062586,
  "o": 13458755,
  "p": 14281178,
  "q": 14712996,
  "r": 50820056,
  "s": 104918968,
  "t": 58928616,
  "u": 121734936
}
