{
  "b": 70.34254455566406,
  "c": 141.8427276611328,
  "d": 81.06427001953125,
  "e": 163.45394897460938,
  "f": 743690688,
  "g": 1487271808,
  "h": 905237376,
  "i": 1811500800,
  "j": 731562432,
  "k": 1475164416,
  "l": 891707008,
  "m": 1797993472,
  "n": 12128379,
  "o": 12107442,
  "p": 13530353,
  "q": 13507284,
  "r": 56407440,
  "s": 112694704,
  "t": 70969968,
  "u": 141916352
}
