{
  "b": 20.483165740966797,
  "c": 42.63324737548828,
  "d": 22.865320205688477,
  "e": 47.589195251464844,
  "f": 217000000,
  "g": 447000000,
  "h": 256000000,
  "i": 528000000,
  "j": 213000000,
  "k": 443000000,
  "l": 252000000,
  "m": 523000000,
  "n": 3540000,
  "o": 3540000,
  "p": 4110000,
  "q": 4110000,
  "r": 20700000,
  "s": 42800000,
  "t": 25500000,
  "u": 52700000
}
