{
  "b": 8.13032054901123,
  "c": 17.196321487426758,
  "d": 7.660778045654297,
  "e": 16.202289581298828,
  "f": 85906984,
  "g": 180250768,
  "h": 85666328,
  "i": 179682432,
  "j": 84555336,
  "k": 178841744,
  "l": 84268560,
  "m": 178225184,
  "n": 1351654,
  "o": 1409016,
  "p": 1397775,
  "q": 1457262,
  "r": 552904,
  "s": 1154045,
  "t": 569673,
  "u": 1189008
}
