{
  "b": 127.62805938720703,
  "c": 258.28924560546875,
  "d": 178.8961639404297,
  "e": 362.0133972167969,
  "f": 1350000000,
  "g": 2710000000,
  "h": 1990000000,
  "i": 4010000000,
  "j": 1330000000,
  "k": 2690000000,
  "l": 1970000000,
  "m": 3980000000,
  "n": 21500000,
  "o": 21500000,
  "p": 26600000,
  "q": 26600000,
  "r": 434000000,
  "s": 873000000,
  "t": 595000000,
  "u": 1200000000
}
