{
  "b": 16.92091178894043,
  "c": 35.5743522644043,
  "d": 17.164091110229492,
  "e": 36.083553314208984,
  "f": 178899216,
  "g": 373016832,
  "h": 192051072,
  "i": 400300800,
  "j": 175977488,
  "k": 369973248,
  "l": 188805008,
  "m": 396919072,
  "n": 2921743,
  "o": 3043603,
  "p": 3246075,
  "q": 3381693,
  "r": 779661,
  "s": 1613208,
  "t": 881442,
  "u": 1823419
}
