{
  "b": 20.483165740966797,
  "c": 42.63324737548828,
  "d": 22.865320205688477,
  "e": 47.589195251464844,
  "f": 216518560,
  "g": 446969280,
  "h": 255574816,
  "i": 527641216,
  "j": 213024928,
  "k": 443385792,
  "l": 251518528,
  "m": 523481152,
  "n": 3493621,
  "o": 3583455,
  "p": 4056281,
  "q": 4160024,
  "r": 20713232,
  "s": 42776444,
  "t": 25510112,
  "u": 52700244
}
