{
  "b": 16.92091178894043,
  "c": 35.5743522644043,
  "d": 17.164091110229492,
  "e": 36.083553314208984,
  "f": 179000000,
  "g": 373000000,
  "h": 192000000,
  "i": 400000000,
  "j": 176000000,
  "k": 370000000,
  "l": 189000000,
  "m": 397000000,
  "n": 2980000,
  "o": 2980000,
  "p": 3310000,
  "q": 3310000,
  "r": 780000,
  "s": 1610000,
  "t": 881000,
  "u": 1820000
}
