{
  "b": 57.31093978881836,
  "c": 117.8914794921875,
  "d": 71.2025146484375,
  "e": 146.4581756591797,
  "f": 606000000,
  "g": 1240000000,
  "h": 795000000,
  "i": 1620000000,
  "j": 596000000,
  "k": 1230000000,
  "l": 783000000,
  "m": 1610000000,
  "n": 9870000,
  "o": 9870000,
  "p": 12200000,
  "q": 12200000,
  "r": 11700000,
  "s": 23700000,
  "t": 16400000,
  "u": 33300000
}
