{
  "b": 83.76586151123047,
  "c": 174.95008850097656,
  "d": 96.87802124023438,
  "e": 202.32359313964844,
  "f": 885309760,
  "g": 1834063872,
  "h": 1082264832,
  "i": 2242679296,
  "j": 871164992,
  "k": 1819480960,
  "l": 1065658240,
  "m": 2225559552,
  "n": 14144795,
  "o": 14582743,
  "p": 16606383,
  "q": 17119914,
  "r": 38522676,
  "s": 79455472,
  "t": 50346776,
  "u": 103900760
}
