{
  "b": 25.557043075561523,
  "c": 53.592498779296875,
  "d": 28.209962844848633,
  "e": 59.15172576904297,
  "f": 270000000,
  "g": 562000000,
  "h": 315000000,
  "i": 656000000,
  "j": 266000000,
  "k": 557000000,
  "l": 310000000,
  "m": 651000000,
  "n": 4420000,
  "o": 4420000,
  "p": 4760000,
  "q": 4760000,
  "r": 2890000,
  "s": 5980000,
  "t": 3500000,
  "u": 7240000
}
