{
  "b": 51.76508331298828,
  "c": 106.18392944335938,
  "d": 57.33293914794922,
  "e": 117.59882354736328,
  "f": 547000000,
  "g": 1110000000,
  "h": 640000000,
  "i": 1300000000,
  "j": 538000000,
  "k": 1100000000,
  "l": 631000000,
  "m": 1290000000,
  "n": 8890000,
  "o": 8890000,
  "p": 9790000,
  "q": 9790000,
  "r": 8960000,
  "s": 18100000,
  "t": 10800000,
  "u": 22000000
}
