{
  "b": 8.209138870239258,
  "c": 17.4305477142334,
  "d": 9.786765098571777,
  "e": 20.779565811157227,
  "f": 86700000,
  "g": 183000000,
  "h": 109000000,
  "i": 230000000,
  "j": 85400000,
  "k": 181000000,
  "l": 108000000,
  "m": 229000000,
  "n": 1400000,
  "o": 1400000,
  "p": 1550000,
  "q": 1550000,
  "r": 8180000,
  "s": 17200000,
  "t": 10200000,
  "u": 21600000
}
