{
  "b": 68.310791015625,
  "c": 136.89625549316406,
  "d": 69.34581756591797,
  "e": 138.96730041503906,
  "f": 722000000,
  "g": 1430000000,
  "h": 775000000,
  "i": 1540000000,
  "j": 710000000,
  "k": 1420000000,
  "l": 763000000,
  "m": 1530000000,
  "n": 11100000,
  "o": 11100000,
  "p": 12200000,
  "q": 12200000,
  "r": 113000000,
  "s": 225000000,
  "t": 114000000,
  "u": 226000000
}
