{
  "b": 8.209138870239258,
  "c": 17.4305477142334,
  "d": 9.786765098571777,
  "e": 20.779565811157227,
  "f": 86741680,
  "g": 182705168,
  "h": 109169424,
  "i": 230157696,
  "j": 85375040,
  "k": 181277696,
  "l": 107654416,
  "m": 228575216,
  "n": 1366628,
  "o": 1427479,
  "p": 1514994,
  "q": 1582480,
  "r": 8180574,
  "s": 17234372,
  "t": 10244450,
  "u": 21605680
}
