{
  "b": 83.76586151123047,
  "c": 174.95008850097656,
  "d": 96.87802124023438,
  "e": 202.32359313964844,
  "f": 885000000,
  "g": 1830000000,
  "h": 1080000000,
  "i": 2240000000,
  "j": 871000000,
  "k": 1820000000,
  "l": 1070000000,
  "m": 2230000000,
  "n": 14400000,
  "o": 14400000,
  "p": 16900000,
  "q": 16900000,
  "r": 38500000,
  "s": 79500000,
  "t": 50300000,
  "u": 104000000
}
