{
  "b": 51.76508331298828,
  "c": 106.18392944335938,
  "d": 57.33293914794922,
  "e": 117.59882354736328,
  "f": 547182272,
  "g": 1113275008,
  "h": 640374336,
  "i": 1303449984,
  "j": 538356864,
  "k": 1104312832,
  "l": 630662336,
  "m": 1293587072,
  "n": 8825355,
  "o": 8962231,
  "p": 9712074,
  "q": 9862885,
  "r": 8958032,
  "s": 18135380,
  "t": 10836397,
  "u": 21953132
}
