{
  "b": 25.557043075561523,
  "c": 53.592498779296875,
  "d": 28.209962844848633,
  "e": 59.15172576904297,
  "f": 270132352,
  "g": 561856768,
  "h": 314981600,
  "i": 655508352,
  "j": 265793248,
  "k": 557361984,
  "l": 310309600,
  "m": 650668992,
  "n": 4339096,
  "o": 4494784,
  "p": 4671973,
  "q": 4839356,
  "r": 2891438,
  "s": 5980019,
  "t": 3496962,
  "u": 7239133
}
