{
  "b": 68.310791015625,
  "c": 136.89625549316406,
  "d": 69.34581756591797,
  "e": 138.96730041503906,
  "f": 721556992,
  "g": 1434762624,
  "h": 775041920,
  "i": 1540787328,
  "j": 710432256,
  "k": 1423721088,
  "l": 762804032,
  "m": 1528640256,
  "n": 11124818,
  "o": 11041625,
  "p": 12237820,
  "q": 12147099,
  "r": 113156912,
  "s": 225085104,
  "t": 113785928,
  "u": 226323408
}
