{
  "b": 5.725036144256592,
  "c": 12.119241714477539,
  "d": 5.499594688415527,
  "e": 11.641515731811523,
  "f": 60500000,
  "g": 127000000,
  "h": 61500000,
  "i": 129000000,
  "j": 59500000,
  "k": 126000000,
  "l": 60500000,
  "m": 128000000,
  "n": 978000,
  "o": 978000,
  "p": 1010000,
  "q": 1010000,
  "r": 1820000,
  "s": 3820000,
  "t": 1890000,
  "u": 3980000
}
