{
  "b": 18.452821731567383,
  "c": 38.350555419921875,
  "d": 19.79947853088379,
  "e": 41.147396087646484,
  "f": 195000000,
  "g": 402000000,
  "h": 221000000,
  "i": 456000000,
  "j": 192000000,
  "k": 399000000,
  "l": 218000000,
  "m": 453000000,
  "n": 3120000,
  "o": 3120000,
  "p": 3350000,
  "q": 3350000,
  "r": 1330000,
  "s": 2740000,
  "t": 1600000,
  "u": 3270000
}
