{
  "b": 18.452821731567383,
  "c": 38.350555419921875,
  "d": 19.79947853088379,
  "e": 41.147396087646484,
  "f": 194991184,
  "g": 402013440,
  "h": 221100928,
  "i": 456020032,
  "j": 191909344,
  "k": 398845792,
  "l": 217794272,
  "m": 452621376,
  "n": 3081856,
  "o": 3167646,
  "p": 3306638,
  "q": 3398715,
  "r": 1334690,
  "s": 2736444,
  "t": 1595401,
  "u": 3273209
}
