{
  "b": 5.725036144256592,
  "c": 12.119241714477539,
  "d": 5.499594688415527,
  "e": 11.641515731811523,
  "f": 60497704,
  "g": 127038736,
  "h": 61484984,
  "i": 129088760,
  "j": 59540376,
  "k": 126040112,
  "l": 60495544,
  "m": 128056672,
  "n": 957322,
  "o": 998607,
  "p": 989434,
  "q": 1032077,
  "r": 1820392,
  "s": 3822349,
  "t": 1893805,
  "u": 3976396
}
