{
  "b": 1.462219476699829,
  "c": 3.189509630203247,
  "d": 1.5740591287612915,
  "e": 3.4332709312438965,
  "f": 15504398,
  "g": 33487080,
  "h": 17686980,
  "i": 38161840,
  "j": 15207083,
  "k": 33170900,
  "l": 17314650,
  "m": 37765980,
  "n": 297315,
  "o": 316178,
  "p": 372329,
  "q": 395860,
  "r": 763331,
  "s": 1651006,
  "t": 902858,
  "u": 1951765
}
