{
  "b": 6.554192543029785,
  "c": 14.12834644317627,
  "d": 8.150845527648926,
  "e": 17.569671630859375,
  "f": 69500000,
  "g": 148000000,
  "h": 91400000,
  "i": 195000000,
  "j": 68200000,
  "k": 147000000,
  "l": 89700000,
  "m": 193000000,
  "n": 1400000,
  "o": 1400000,
  "p": 1780000,
  "q": 1780000,
  "r": 4670000,
  "s": 10000000,
  "t": 6170000,
  "u": 13200000
}
