{
  "b": 4.533272743225098,
  "c": 9.911371231079102,
  "d": 6.909176826477051,
  "e": 15.104310989379883,
  "f": 48118988,
  "g": 104112608,
  "h": 77296688,
  "i": 167524528,
  "j": 47146036,
  "k": 103078256,
  "l": 76000944,
  "m": 166147424,
  "n": 972957,
  "o": 1034355,
  "p": 1295746,
  "q": 1377097,
  "r": 4801276,
  "s": 10407926,
  "t": 7283689,
  "u": 15807899
}
