{
  "b": 1.462219476699829,
  "c": 3.189509630203247,
  "d": 1.5740591287612915,
  "e": 3.4332709312438965,
  "f": 15500000,
  "g": 33500000,
  "h": 17700000,
  "i": 38200000,
  "j": 15200000,
  "k": 33200000,
  "l": 17300000,
  "m": 37800000,
  "n": 307000,
  "o": 307000,
  "p": 384000,
  "q": 384000,
  "r": 763000,
  "s": 1650000,
  "t": 903000,
  "u": 1950000
}
