{
  "b": 3.131274700164795,
  "c": 6.872473239898682,
  "d": 3.959113836288452,
  "e": 8.68862533569336,
  "f": 33219638,
  "g": 72173232,
  "h": 44381244,
  "i": 96463048,
  "j": 32565256,
  "k": 71473720,
  "l": 43550252,
  "m": 95574880,
  "n": 654383,
  "o": 699512,
  "p": 830993,
  "q": 888168,
  "r": 1753085,
  "s": 3803546,
  "t": 2414667,
  "u": 5243795
}
