{
  "b": 4.533272743225098,
  "c": 9.911371231079102,
  "d": 6.909176826477051,
  "e": 15.104310989379883,
  "f": 48100000,
  "g": 104000000,
  "h": 77300000,
  "i": 168000000,
  "j": 47100000,
  "k": 103000000,
  "l": 76000000,
  "m": 166000000,
  "n": 1000000,
  "o": 1000000,
  "p": 1340000,
  "q": 1340000,
  "r": 4800000,
  "s": 10400000,
  "t": 7280000,
  "u": 15800000
}
