{
  "b": 584.2680053710938,
  "c": 1219.0081787109375,
  "d": 854.1294555664062,
  "e": 1782.0323486328125,
  "f": 6205920256,
  "g": 12808071168,
  "h": 9576242176,
  "i": 19784333312,
  "j": 6076387328,
  "k": 12677685248,
  "l": 9395424256,
  "m": 19602356224,
  "n": 129532416,
  "o": 130384760,
  "p": 180817072,
  "q": 181976336,
  "r": 4230575104,
  "s": 8720379904,
  "t": 6548365312,
  "u": 13515257856
}
