{
  "b": 29.05284309387207,
  "c": 63.64320755004883,
  "d": 42.98719787597656,
  "e": 94.16719055175781,
  "f": 307740512,
  "g": 667873856,
  "h": 480249280,
  "i": 1043744576,
  "j": 302149568,
  "k": 661889344,
  "l": 472859168,
  "m": 1035839104,
  "n": 5590982,
  "o": 5984453,
  "p": 7390137,
  "q": 7905488,
  "r": 7958667,
  "s": 17241806,
  "t": 12516689,
  "u": 27162302
}
