{
  "b": 72.8409194946289,
  "c": 158.94970703125,
  "d": 101.96372985839844,
  "e": 222.49234008789062,
  "f": 773000000,
  "g": 1670000000,
  "h": 1140000000,
  "i": 2470000000,
  "j": 758000000,
  "k": 1650000000,
  "l": 1120000000,
  "m": 2450000000,
  "n": 15800000,
  "o": 15800000,
  "p": 20800000,
  "q": 20800000,
  "r": 82700000,
  "s": 178000000,
  "t": 124000000,
  "u": 267000000
}
