{
  "b": 0.28774014115333557,
  "c": 0.6265137791633606,
  "d": 0.3753059208393097,
  "e": 0.8171142935752869,
  "f": 3050000,
  "g": 6580000,
  "h": 4200000,
  "i": 9060000,
  "j": 2990000,
  "k": 6520000,
  "l": 4130000,
  "m": 8990000,
  "n": 59700,
  "o": 59700,
  "p": 74400,
  "q": 74400,
  "r": 168000,
  "s": 363000,
  "t": 243000,
  "u": 526000
}
