{
  "b": 0.28774014115333557,
  "c": 0.6265137791633606,
  "d": 0.3753059208393097,
  "e": 0.8171142935752869,
  "f": 3050471,
  "g": 6577130,
  "h": 4200628,
  "i": 9064754,
  "j": 2992498,
  "k": 6515744,
  "l": 4128365,
  "m": 8988257,
  "n": 57974,
  "o": 61386,
  "p": 72263,
  "q": 76497,
  "r": 168051,
  "s": 362530,
  "t": 243378,
  "u": 525693
}
