{
  "b": 5.684962272644043,
  "c": 12.47612190246582,
  "d": 7.9024529457092285,
  "e": 17.341020584106445,
  "f": 60300000,
  "g": 131000000,
  "h": 88400000,
  "i": 192000000,
  "j": 59100000,
  "k": 130000000,
  "l": 86900000,
  "m": 191000000,
  "n": 1190000,
  "o": 1190000,
  "p": 1510000,
  "q": 1510000,
  "r": 3220000,
  "s": 6980000,
  "t": 5090000,
  "u": 11100000
}
