{
  "b": 1.9259698390960693,
  "c": 4.179055213928223,
  "d": 2.172111749649048,
  "e": 4.713109970092773,
  "f": 20422886,
  "g": 43883796,
  "h": 24376548,
  "i": 52362944,
  "j": 20030086,
  "k": 43462172,
  "l": 23893228,
  "m": 51844208,
  "n": 392798,
  "o": 421634,
  "p": 483320,
  "q": 518733,
  "r": 1310450,
  "s": 2816421,
  "t": 1521045,
  "u": 3268957
}
