{
  "b": 5.684962272644043,
  "c": 12.47612190246582,
  "d": 7.9024529457092285,
  "e": 17.341020584106445,
  "f": 60269552,
  "g": 130979232,
  "h": 88381104,
  "i": 192308672,
  "j": 59123608,
  "k": 129751664,
  "l": 86926984,
  "m": 190751216,
  "n": 1145947,
  "o": 1227576,
  "p": 1454135,
  "q": 1557464,
  "r": 3223867,
  "s": 6979102,
  "t": 5094372,
  "u": 11054615
}
