{
  "b": 72.8409194946289,
  "c": 158.94970703125,
  "d": 101.96372985839844,
  "e": 222.49234008789062,
  "f": 772938688,
  "g": 1669333248,
  "h": 1141852672,
  "i": 2468796928,
  "j": 757545536,
  "k": 1653076992,
  "l": 1121601024,
  "m": 2447415808,
  "n": 15393158,
  "o": 16256345,
  "p": 20251636,
  "q": 21381250,
  "r": 82672520,
  "s": 178097072,
  "t": 123714160,
  "u": 266916272
}
