{
  "b": 29.05284309387207,
  "c": 63.64320755004883,
  "d": 42.98719787597656,
  "e": 94.16719055175781,
  "f": 308000000,
  "g": 668000000,
  "h": 480000000,
  "i": 1040000000,
  "j": 302000000,
  "k": 662000000,
  "l": 473000000,
  "m": 1040000000,
  "n": 5790000,
  "o": 5790000,
  "p": 7650000,
  "q": 7650000,
  "r": 7960000,
  "s": 17200000,
  "t": 12500000,
  "u": 27200000
}
