{
  "b": 584.2680053710938,
  "c": 1219.0081787109375,
  "d": 854.1294555664062,
  "e": 1782.0323486328125,
  "f": 6210000000,
  "g": 12800000000,
  "h": 9580000000,
  "i": 19800000000,
  "j": 6080000000,
  "k": 12700000000,
  "l": 9400000000,
  "m": 19600000000,
  "n": 130000000,
  "o": 130000000,
  "p": 181000000,
  "q": 181000000,
  "r": 4230000000,
  "s": 8720000000,
  "t": 6550000000,
  "u": 13500000000
}
