{
  "b": 1.9259698390960693,
  "c": 4.179055213928223,
  "d": 2.172111749649048,
  "e": 4.713109970092773,
  "f": 20400000,
  "g": 43900000,
  "h": 24400000,
  "i": 52400000,
  "j": 20000000,
  "k": 43500000,
  "l": 23900000,
  "m": 51800000,
  "n": 407000,
  "o": 407000,
  "p": 501000,
  "q": 501000,
  "r": 1310000,
  "s": 2820000,
  "t": 1520000,
  "u": 3270000
}
