{
  "b": 1.7975990772247314,
  "c": 3.9110710620880127,
  "d": 2.090235710144043,
  "e": 4.54770565032959,
  "f": 19064142,
  "g": 41063860,
  "h": 23490400,
  "i": 50548908,
  "j": 18695030,
  "k": 40675140,
  "l": 22992592,
  "m": 50024764,
  "n": 369112,
  "o": 388718,
  "p": 497809,
  "q": 524137,
  "r": 2337836,
  "s": 5040677,
  "t": 2936800,
  "u": 6328978
}
