{
  "b": 19.988571166992188,
  "c": 43.8907585144043,
  "d": 31.15936851501465,
  "e": 68.4150390625,
  "f": 212125152,
  "g": 461047264,
  "h": 348481728,
  "i": 758750848,
  "j": 207881136,
  "k": 456463904,
  "l": 342753056,
  "m": 752565440,
  "n": 4244018,
  "o": 4583339,
  "p": 5728669,
  "q": 6185446,
  "r": 15125403,
  "s": 32776918,
  "t": 25069898,
  "u": 54448136
}
