{
  "b": 29.031522750854492,
  "c": 62.13264083862305,
  "d": 44.435306549072266,
  "e": 95.09754180908203,
  "f": 308000000,
  "g": 653000000,
  "h": 498000000,
  "i": 1060000000,
  "j": 302000000,
  "k": 646000000,
  "l": 489000000,
  "m": 1050000000,
  "n": 6300000,
  "o": 6300000,
  "p": 9120000,
  "q": 9120000,
  "r": 24700000,
  "s": 52300000,
  "t": 41400000,
  "u": 87800000
}
