{
  "b": 19.435863494873047,
  "c": 42.27143096923828,
  "d": 25.753015518188477,
  "e": 56.01040267944336,
  "f": 205967408,
  "g": 443674784,
  "h": 288392352,
  "i": 621512960,
  "j": 202132976,
  "k": 439622880,
  "l": 283283168,
  "m": 616114432,
  "n": 3834407,
  "o": 4051947,
  "p": 5109220,
  "q": 5398588,
  "r": 28883184,
  "s": 62188176,
  "t": 40268912,
  "u": 86762600
}
