{
  "b": 1.7975990772247314,
  "c": 3.9110710620880127,
  "d": 2.090235710144043,
  "e": 4.54770565032959,
  "f": 19100000,
  "g": 41100000,
  "h": 23500000,
  "i": 50500000,
  "j": 18700000,
  "k": 40700000,
  "l": 23000000,
  "m": 50000000,
  "n": 379000,
  "o": 379000,
  "p": 511000,
  "q": 511000,
  "r": 2340000,
  "s": 5040000,
  "t": 2940000,
  "u": 6330000
}
