{
  "b": 29.031522750854492,
  "c": 62.13264083862305,
  "d": 44.435306549072266,
  "e": 95.09754180908203,
  "f": 308117792,
  "g": 652593600,
  "h": 497751840,
  "i": 1055358592,
  "j": 301927840,
  "k": 646179456,
  "l": 488788352,
  "m": 1046072960,
  "n": 6189957,
  "o": 6414126,
  "p": 8963525,
  "q": 9285581,
  "r": 24728538,
  "s": 52346220,
  "t": 41420848,
  "u": 87801616
}
