{
  "b": 19.435863494873047,
  "c": 42.27143096923828,
  "d": 25.753015518188477,
  "e": 56.01040267944336,
  "f": 206000000,
  "g": 444000000,
  "h": 288000000,
  "i": 622000000,
  "j": 202000000,
  "k": 440000000,
  "l": 283000000,
  "m": 616000000,
  "n": 3940000,
  "o": 3940000,
  "p": 5250000,
  "q": 5250000,
  "r": 28900000,
  "s": 62200000,
  "t": 40300000,
  "u": 86800000
}
