{
  "b": 19.988571166992188,
  "c": 43.8907585144043,
  "d": 31.15936851501465,
  "e": 68.4150390625,
  "f": 212000000,
  "g": 461000000,
  "h": 348000000,
  "i": 759000000,
  "j": 208000000,
  "k": 456000000,
  "l": 343000000,
  "m": 753000000,
  "n": 4410000,
  "o": 4410000,
  "p": 5960000,
  "q": 5960000,
  "r": 15100000,
  "s": 32800000,
  "t": 25100000,
  "u": 54400000
}
