{
  "b": 12.394192695617676,
  "c": 25.699172973632812,
  "d": 11.965228080749512,
  "e": 24.808195114135742,
  "f": 131000000,
  "g": 269000000,
  "h": 134000000,
  "i": 275000000,
  "j": 129000000,
  "k": 267000000,
  "l": 132000000,
  "m": 273000000,
  "n": 2100000,
  "o": 2100000,
  "p": 2240000,
  "q": 2240000,
  "r": 3840000,
  "s": 7900000,
  "t": 4270000,
  "u": 8770000
}
