{
  "b": 51.62549591064453,
  "c": 106.58927917480469,
  "d": 76.79059600830078,
  "e": 158.53993225097656,
  "f": 546000000,
  "g": 1120000000,
  "h": 858000000,
  "i": 1760000000,
  "j": 537000000,
  "k": 1110000000,
  "l": 845000000,
  "m": 1740000000,
  "n": 9270000,
  "o": 9270000,
  "p": 13400000,
  "q": 13400000,
  "r": 64700000,
  "s": 132000000,
  "t": 115000000,
  "u": 236000000
}
