{
  "b": 51.62549591064453,
  "c": 106.58927917480469,
  "d": 76.79059600830078,
  "e": 158.53993225097656,
  "f": 546102144,
  "g": 1117862016,
  "h": 857972160,
  "i": 1757411328,
  "j": 536905152,
  "k": 1108528512,
  "l": 844696576,
  "m": 1743939328,
  "n": 9197009,
  "o": 9333636,
  "p": 13275613,
  "q": 13472122,
  "r": 64671780,
  "s": 132384072,
  "t": 115317904,
  "u": 236304976
}
