{
  "b": 12.96204948425293,
  "c": 27.1297664642334,
  "d": 14.768691062927246,
  "e": 30.90959358215332,
  "f": 137047296,
  "g": 284462976,
  "h": 165245648,
  "i": 342884512,
  "j": 134805312,
  "k": 282149568,
  "l": 162455600,
  "m": 340005536,
  "n": 2241981,
  "o": 2313376,
  "p": 2790040,
  "q": 2878964,
  "r": 3142277,
  "s": 6518928,
  "t": 4004515,
  "u": 8307480
}
