{
  "b": 35.11682891845703,
  "c": 74.26616668701172,
  "d": 41.19938278198242,
  "e": 87.12828063964844,
  "f": 371000000,
  "g": 779000000,
  "h": 460000000,
  "i": 966000000,
  "j": 365000000,
  "k": 772000000,
  "l": 453000000,
  "m": 958000000,
  "n": 6040000,
  "o": 6040000,
  "p": 7390000,
  "q": 7390000,
  "r": 11000000,
  "s": 23100000,
  "t": 14200000,
  "u": 29800000
}
