{
  "b": 12.394192695617676,
  "c": 25.699172973632812,
  "d": 11.965228080749512,
  "e": 24.808195114135742,
  "f": 130972224,
  "g": 269391808,
  "h": 133830728,
  "i": 275154464,
  "j": 128899600,
  "k": 267271408,
  "l": 131617512,
  "m": 272890144,
  "n": 2072617,
  "o": 2120362,
  "p": 2213220,
  "q": 2264329,
  "r": 3842617,
  "s": 7903404,
  "t": 4266360,
  "u": 8773887
}
