{
  "b": 7.971874713897705,
  "c": 16.697900772094727,
  "d": 8.561369895935059,
  "e": 17.93199920654297,
  "f": 84200000,
  "g": 175000000,
  "h": 95600000,
  "i": 199000000,
  "j": 82900000,
  "k": 174000000,
  "l": 94200000,
  "m": 197000000,
  "n": 1350000,
  "o": 1350000,
  "p": 1480000,
  "q": 1480000,
  "r": 4590000,
  "s": 9550000,
  "t": 5230000,
  "u": 10900000
}
