{
  "b": 35.11682891845703,
  "c": 74.26616668701172,
  "d": 41.19938278198242,
  "e": 87.12828063964844,
  "f": 371124544,
  "g": 778535552,
  "h": 460429344,
  "i": 965962880,
  "j": 365215040,
  "k": 772368128,
  "l": 453193216,
  "m": 958411072,
  "n": 5909513,
  "o": 6167409,
  "p": 7236150,
  "q": 7551793,
  "r": 11018784,
  "s": 23088708,
  "t": 14204369,
  "u": 29773124
}
