{
  "b": 7.971874713897705,
  "c": 16.697900772094727,
  "d": 8.561369895935059,
  "e": 17.93199920654297,
  "f": 84240728,
  "g": 175034224,
  "h": 95632696,
  "i": 198756512,
  "j": 82907496,
  "k": 173658176,
  "l": 94175072,
  "m": 197252000,
  "n": 1333230,
  "o": 1376037,
  "p": 1457627,
  "q": 1504537,
  "r": 4587987,
  "s": 9546757,
  "t": 5226926,
  "u": 10881101
}
