{
  "b": 12.96204948425293,
  "c": 27.1297664642334,
  "d": 14.768691062927246,
  "e": 30.90959358215332,
  "f": 137000000,
  "g": 284000000,
  "h": 165000000,
  "i": 343000000,
  "j": 135000000,
  "k": 282000000,
  "l": 162000000,
  "m": 340000000,
  "n": 2280000,
  "o": 2280000,
  "p": 2830000,
  "q": 2830000,
  "r": 3140000,
  "s": 6520000,
  "t": 4000000,
  "u": 8310000
}
