{
  "b": 6.954534530639648,
  "c": 14.471746444702148,
  "d": 6.726832866668701,
  "e": 13.997383117675781,
  "f": 73500000,
  "g": 152000000,
  "h": 75200000,
  "i": 155000000,
  "j": 72300000,
  "k": 151000000,
  "l": 74000000,
  "m": 154000000,
  "n": 1170000,
  "o": 1170000,
  "p": 1230000,
  "q": 1230000,
  "r": 2670000,
  "s": 5500000,
  "t": 2900000,
  "u": 5990000
}
