{
  "b": 5.496509075164795,
  "c": 11.315577507019043,
  "d": 5.51420259475708,
  "e": 11.351554870605469,
  "f": 58100000,
  "g": 119000000,
  "h": 61700000,
  "i": 126000000,
  "j": 57200000,
  "k": 118000000,
  "l": 60700000,
  "m": 125000000,
  "n": 929000,
  "o": 929000,
  "p": 1020000,
  "q": 1020000,
  "r": 798000,
  "s": 1630000,
  "t": 875000,
  "u": 1790000
}
