{
  "b": 5.496509075164795,
  "c": 11.315577507019043,
  "d": 5.51420259475708,
  "e": 11.351554870605469,
  "f": 58085620,
  "g": 118618232,
  "h": 61669084,
  "i": 125895760,
  "j": 57163696,
  "k": 117682008,
  "l": 60656228,
  "m": 124867104,
  "n": 921921,
  "o": 936232,
  "p": 1012857,
  "q": 1028657,
  "r": 798153,
  "s": 1630341,
  "t": 874986,
  "u": 1787155
}
