{
  "b": 9.599015235900879,
  "c": 20.260208129882812,
  "d": 9.976555824279785,
  "e": 21.056610107421875,
  "f": 101000000,
  "g": 212000000,
  "h": 112000000,
  "i": 233000000,
  "j": 99800000,
  "k": 211000000,
  "l": 110000000,
  "m": 232000000,
  "n": 1620000,
  "o": 1620000,
  "p": 1820000,
  "q": 1820000,
  "r": 4510000,
  "s": 9440000,
  "t": 5110000,
  "u": 10700000
}
