{
  "b": 9.599015235900879,
  "c": 20.260208129882812,
  "d": 9.976555824279785,
  "e": 21.056610107421875,
  "f": 101420936,
  "g": 212359328,
  "h": 111530384,
  "i": 233480784,
  "j": 99829760,
  "k": 210706160,
  "l": 109742112,
  "m": 231622704,
  "n": 1591172,
  "o": 1653157,
  "p": 1788273,
  "q": 1858087,
  "r": 4508865,
  "s": 9436255,
  "t": 5105186,
  "u": 10684821
}
