{
  "b": 7.58636474609375,
  "c": 15.882725715637207,
  "d": 8.937369346618652,
  "e": 18.710186004638672,
  "f": 80217648,
  "g": 166541792,
  "h": 99859272,
  "i": 207409552,
  "j": 78898192,
  "k": 165180352,
  "l": 98311064,
  "m": 205812048,
  "n": 1319459,
  "o": 1361434,
  "p": 1548205,
  "q": 1597520,
  "r": 2360736,
  "s": 4901139,
  "t": 3088325,
  "u": 6416480
}
