{
  "b": 1.8667035102844238,
  "c": 3.882591485977173,
  "d": 2.1967225074768066,
  "e": 4.568788528442383,
  "f": 19700000,
  "g": 40700000,
  "h": 24500000,
  "i": 50600000,
  "j": 19400000,
  "k": 40400000,
  "l": 24200000,
  "m": 50300000,
  "n": 321000,
  "o": 321000,
  "p": 364000,
  "q": 364000,
  "r": 144000,
  "s": 296000,
  "t": 183000,
  "u": 378000
}
