{
  "b": 11.070086479187012,
  "c": 22.439579010009766,
  "d": 11.383219718933105,
  "e": 23.073835372924805,
  "f": 116997096,
  "g": 235247376,
  "h": 127288920,
  "i": 255894096,
  "j": 115128904,
  "k": 233371616,
  "l": 125215416,
  "m": 253812192,
  "n": 1868195,
  "o": 1875744,
  "p": 2073496,
  "q": 2081899,
  "r": 2973032,
  "s": 5975126,
  "t": 3464467,
  "u": 6963026
}
