{
  "b": 11.070086479187012,
  "c": 22.439579010009766,
  "d": 11.383219718933105,
  "e": 23.073835372924805,
  "f": 117000000,
  "g": 235000000,
  "h": 127000000,
  "i": 256000000,
  "j": 115000000,
  "k": 233000000,
  "l": 125000000,
  "m": 254000000,
  "n": 1870000,
  "o": 1870000,
  "p": 2080000,
  "q": 2080000,
  "r": 2970000,
  "s": 5980000,
  "t": 3460000,
  "u": 6960000
}
