{
  "b": 8.364410400390625,
  "c": 17.569766998291016,
  "d": 8.158675193786621,
  "e": 17.136775970458984,
  "f": 88400000,
  "g": 184000000,
  "h": 91300000,
  "i": 190000000,
  "j": 87000000,
  "k": 183000000,
  "l": 89700000,
  "m": 189000000,
  "n": 1460000,
  "o": 1460000,
  "p": 1620000,
  "q": 1620000,
  "r": 2320000,
  "s": 4830000,
  "t": 2450000,
  "u": 5100000
}
