{
  "b": 2.6408164501190186,
  "c": 5.569916248321533,
  "d": 2.982840061187744,
  "e": 6.290993690490723,
  "f": 27915436,
  "g": 58395608,
  "h": 33340884,
  "i": 69751208,
  "j": 27464492,
  "k": 57927128,
  "l": 32811240,
  "m": 69200928,
  "n": 450941,
  "o": 468482,
  "p": 529644,
  "q": 550278,
  "r": 213482,
  "s": 445386,
  "t": 266833,
  "u": 556928
}
