{
  "b": 2.6408164501190186,
  "c": 5.569916248321533,
  "d": 2.982840061187744,
  "e": 6.290993690490723,
  "f": 27900000,
  "g": 58400000,
  "h": 33300000,
  "i": 69800000,
  "j": 27500000,
  "k": 57900000,
  "l": 32800000,
  "m": 69200000,
  "n": 460000,
  "o": 460000,
  "p": 540000,
  "q": 540000,
  "r": 213000,
  "s": 445000,
  "t": 267000,
  "u": 557000
}
