{
  "b": 9.103104591369629,
  "c": 18.64582061767578,
  "d": 9.94261360168457,
  "e": 20.364532470703125,
  "f": 96240272,
  "g": 195500560,
  "h": 111201696,
  "i": 225861552,
  "j": 94672288,
  "k": 193916528,
  "l": 109368752,
  "m": 224009856,
  "n": 1568005,
  "o": 1584015,
  "p": 1832929,
  "q": 1851678,
  "r": 2861708,
  "s": 5812696,
  "t": 3328111,
  "u": 6761129
}
