{
  "b": 12.6696195602417,
  "c": 26.50408363342285,
  "d": 14.91135025024414,
  "e": 31.192445755004883,
  "f": 133926368,
  "g": 277873440,
  "h": 166653920,
  "i": 345829440,
  "j": 131764048,
  "k": 275642464,
  "l": 164024848,
  "m": 343116896,
  "n": 2162313,
  "o": 2230937,
  "p": 2629068,
  "q": 2712522,
  "r": 4125428,
  "s": 8552993,
  "t": 5421666,
  "u": 11244976
}
