{
  "b": 8.364410400390625,
  "c": 17.569766998291016,
  "d": 8.158675193786621,
  "e": 17.136775970458984,
  "f": 88428128,
  "g": 184214592,
  "h": 91341296,
  "i": 190156896,
  "j": 86989872,
  "k": 182725584,
  "l": 89745424,
  "m": 188504544,
  "n": 1438250,
  "o": 1488991,
  "p": 1595880,
  "q": 1652361,
  "r": 2318667,
  "s": 4827050,
  "t": 2449012,
  "u": 5096320
}
