{
  "b": 12.6696195602417,
  "c": 26.50408363342285,
  "d": 14.91135025024414,
  "e": 31.192445755004883,
  "f": 134000000,
  "g": 278000000,
  "h": 167000000,
  "i": 346000000,
  "j": 132000000,
  "k": 276000000,
  "l": 164000000,
  "m": 343000000,
  "n": 2200000,
  "o": 2200000,
  "p": 2670000,
  "q": 2670000,
  "r": 4130000,
  "s": 8550000,
  "t": 5420000,
  "u": 11200000
}
