{
  "b": 16.597196578979492,
  "c": 34.426265716552734,
  "d": 19.29273223876953,
  "e": 40.01537322998047,
  "f": 175538592,
  "g": 361021696,
  "h": 215767600,
  "i": 443790528,
  "j": 172610848,
  "k": 358033152,
  "l": 212220048,
  "m": 440169120,
  "n": 2927732,
  "o": 2988533,
  "p": 3547536,
  "q": 3621376,
  "r": 7003093,
  "s": 14390330,
  "t": 8873278,
  "u": 18241728
}
