{
  "b": 41.921382904052734,
  "c": 85.163330078125,
  "d": 44.758609771728516,
  "e": 90.92504119873047,
  "f": 443473888,
  "g": 893222656,
  "h": 500877952,
  "i": 1008745728,
  "j": 435982368,
  "k": 885698624,
  "l": 492344704,
  "m": 1000175488,
  "n": 7491479,
  "o": 7524076,
  "p": 8533272,
  "q": 8570294,
  "r": 19756206,
  "s": 39766840,
  "t": 23242736,
  "u": 46794192
}
