{
  "b": 59.427982330322266,
  "c": 121.4398422241211,
  "d": 70.77094268798828,
  "e": 144.61679077148438,
  "f": 628000000,
  "g": 1270000000,
  "h": 790000000,
  "i": 1600000000,
  "j": 618000000,
  "k": 1260000000,
  "l": 778000000,
  "m": 1590000000,
  "n": 10000000,
  "o": 10000000,
  "p": 12000000,
  "q": 12000000,
  "r": 38200000,
  "s": 77400000,
  "t": 50800000,
  "u": 103000000
}
