{
  "b": 4.32208251953125,
  "c": 9.13606071472168,
  "d": 4.505802631378174,
  "e": 9.524144172668457,
  "f": 45700000,
  "g": 95800000,
  "h": 50300000,
  "i": 106000000,
  "j": 44900000,
  "k": 95000000,
  "l": 49600000,
  "m": 105000000,
  "n": 741000,
  "o": 741000,
  "p": 800000,
  "q": 800000,
  "r": 563000,
  "s": 1180000,
  "t": 646000,
  "u": 1360000
}
