{
  "b": 16.597196578979492,
  "c": 34.426265716552734,
  "d": 19.29273223876953,
  "e": 40.01537322998047,
  "f": 176000000,
  "g": 361000000,
  "h": 216000000,
  "i": 444000000,
  "j": 173000000,
  "k": 358000000,
  "l": 212000000,
  "m": 440000000,
  "n": 2960000,
  "o": 2960000,
  "p": 3580000,
  "q": 3580000,
  "r": 7000000,
  "s": 14400000,
  "t": 8870000,
  "u": 18200000
}
