{
  "b": 4.32208251953125,
  "c": 9.13606071472168,
  "d": 4.505802631378174,
  "e": 9.524144172668457,
  "f": 45675760,
  "g": 95770960,
  "h": 50347612,
  "i": 105581600,
  "j": 44949656,
  "k": 95015032,
  "l": 49563828,
  "m": 104765584,
  "n": 726102,
  "o": 755937,
  "p": 783785,
  "q": 816013,
  "r": 562814,
  "s": 1180254,
  "t": 646290,
  "u": 1355774
}
