{
  "b": 36.1801643371582,
  "c": 74.7247543334961,
  "d": 51.11785125732422,
  "e": 105.57274627685547,
  "f": 382624832,
  "g": 783579456,
  "h": 571024320,
  "i": 1170152064,
  "j": 376273696,
  "k": 777137472,
  "l": 562296384,
  "m": 1161300224,
  "n": 6351133,
  "o": 6441887,
  "p": 8727941,
  "q": 8851855,
  "r": 27682290,
  "s": 56631348,
  "t": 44015260,
  "u": 90117168
}
