{
  "b": 6.677182197570801,
  "c": 13.76412582397461,
  "d": 7.286914825439453,
  "e": 15.020383834838867,
  "f": 70600000,
  "g": 144000000,
  "h": 81500000,
  "i": 167000000,
  "j": 69400000,
  "k": 143000000,
  "l": 80200000,
  "m": 165000000,
  "n": 1170000,
  "o": 1170000,
  "p": 1340000,
  "q": 1340000,
  "r": 1200000,
  "s": 2450000,
  "t": 1460000,
  "u": 2980000
}
