{
  "b": 36.1801643371582,
  "c": 74.7247543334961,
  "d": 51.11785125732422,
  "e": 105.57274627685547,
  "f": 383000000,
  "g": 784000000,
  "h": 571000000,
  "i": 1170000000,
  "j": 376000000,
  "k": 777000000,
  "l": 562000000,
  "m": 1160000000,
  "n": 6400000,
  "o": 6400000,
  "p": 8790000,
  "q": 8790000,
  "r": 27700000,
  "s": 56600000,
  "t": 44000000,
  "u": 90100000
}
