{
  "b": 7.037655353546143,
  "c": 14.509963035583496,
  "d": 6.774257659912109,
  "e": 13.966379165649414,
  "f": 74364704,
  "g": 152097088,
  "h": 75767336,
  "i": 154902432,
  "j": 73191616,
  "k": 150903616,
  "l": 74516832,
  "m": 153630176,
  "n": 1173089,
  "o": 1193469,
  "p": 1250505,
  "q": 1272252,
  "r": 3912581,
  "s": 8000247,
  "t": 4200082,
  "u": 8586056
}
