{
  "b": 6.131387710571289,
  "c": 12.842281341552734,
  "d": 7.485314846038818,
  "e": 15.6777982711792,
  "f": 64781456,
  "g": 134608896,
  "h": 83532000,
  "i": 173689520,
  "j": 63766432,
  "k": 133559728,
  "l": 82338464,
  "m": 172455776,
  "n": 1015013,
  "o": 1049181,
  "p": 1193520,
  "q": 1233744,
  "r": 806462,
  "s": 1672905,
  "t": 1084988,
  "u": 2252712
}
