{
  "b": 9.317835807800293,
  "c": 19.535791397094727,
  "d": 9.806431770324707,
  "e": 20.559345245361328,
  "f": 98466176,
  "g": 204785392,
  "h": 109663696,
  "i": 228006144,
  "j": 96905488,
  "k": 203172224,
  "l": 107870752,
  "m": 226152800,
  "n": 1560677,
  "o": 1613165,
  "p": 1792932,
  "q": 1853345,
  "r": 1939442,
  "s": 4032702,
  "t": 2289042,
  "u": 4759617
}
