{
  "b": 7.037655353546143,
  "c": 14.509963035583496,
  "d": 6.774257659912109,
  "e": 13.966379165649414,
  "f": 74400000,
  "g": 152000000,
  "h": 75800000,
  "i": 155000000,
  "j": 73200000,
  "k": 151000000,
  "l": 74500000,
  "m": 154000000,
  "n": 1180000,
  "o": 1180000,
  "p": 1260000,
  "q": 1260000,
  "r": 3910000,
  "s": 8000000,
  "t": 4200000,
  "u": 8590000
}
