{
  "b": 9.317835807800293,
  "c": 19.535791397094727,
  "d": 9.806431770324707,
  "e": 20.559345245361328,
  "f": 98500000,
  "g": 205000000,
  "h": 110000000,
  "i": 228000000,
  "j": 96900000,
  "k": 203000000,
  "l": 108000000,
  "m": 226000000,
  "n": 1590000,
  "o": 1590000,
  "p": 1820000,
  "q": 1820000,
  "r": 1940000,
  "s": 4030000,
  "t": 2290000,
  "u": 4760000
}
