{
  "b": 11.220653533935547,
  "c": 23.441362380981445,
  "d": 13.463822364807129,
  "e": 28.12662696838379,
  "f": 119000000,
  "g": 246000000,
  "h": 150000000,
  "i": 312000000,
  "j": 117000000,
  "k": 244000000,
  "l": 148000000,
  "m": 309000000,
  "n": 1950000,
  "o": 1950000,
  "p": 2320000,
  "q": 2320000,
  "r": 3930000,
  "s": 8130000,
  "t": 5100000,
  "u": 10600000
}
