{
  "b": 11.220653533935547,
  "c": 23.441362380981445,
  "d": 13.463822364807129,
  "e": 28.12662696838379,
  "f": 118616384,
  "g": 245765600,
  "h": 150393792,
  "i": 311748864,
  "j": 116694792,
  "k": 243790176,
  "l": 148102048,
  "m": 309392896,
  "n": 1921590,
  "o": 1975422,
  "p": 2291738,
  "q": 2355980,
  "r": 3927549,
  "s": 8130433,
  "t": 5104571,
  "u": 10575492
}
