{
  "b": 6.675466060638428,
  "c": 13.979466438293457,
  "d": 6.670747756958008,
  "e": 13.968701362609863,
  "f": 70600000,
  "g": 147000000,
  "h": 74700000,
  "i": 155000000,
  "j": 69400000,
  "k": 145000000,
  "l": 73400000,
  "m": 154000000,
  "n": 1170000,
  "o": 1170000,
  "p": 1330000,
  "q": 1330000,
  "r": 2090000,
  "s": 4340000,
  "t": 2320000,
  "u": 4800000
}
