{
  "b": 40.70453643798828,
  "c": 84.6389389038086,
  "d": 49.47962951660156,
  "e": 102.8813705444336,
  "f": 430000000,
  "g": 887000000,
  "h": 553000000,
  "i": 1140000000,
  "j": 423000000,
  "k": 880000000,
  "l": 544000000,
  "m": 1130000000,
  "n": 7070000,
  "o": 7070000,
  "p": 8820000,
  "q": 8820000,
  "r": 31500000,
  "s": 65000000,
  "t": 42500000,
  "u": 87600000
}
