{
  "b": 40.70453643798828,
  "c": 84.6389389038086,
  "d": 49.47962951660156,
  "e": 102.8813705444336,
  "f": 430315584,
  "g": 887396096,
  "h": 552995456,
  "i": 1140617344,
  "j": 423327168,
  "k": 880244992,
  "l": 544275904,
  "m": 1131695104,
  "n": 6988432,
  "o": 7151092,
  "p": 8719468,
  "q": 8922225,
  "r": 31536426,
  "s": 64980364,
  "t": 42475424,
  "u": 87562280
}
