{
  "b": 18.284151077270508,
  "c": 37.463050842285156,
  "d": 19.78676986694336,
  "e": 40.540653228759766,
  "f": 193000000,
  "g": 393000000,
  "h": 221000000,
  "i": 450000000,
  "j": 190000000,
  "k": 390000000,
  "l": 218000000,
  "m": 446000000,
  "n": 3110000,
  "o": 3110000,
  "p": 3630000,
  "q": 3630000,
  "r": 9340000,
  "s": 19000000,
  "t": 11300000,
  "u": 23000000
}
