{
  "b": 13.182259559631348,
  "c": 27.872209548950195,
  "d": 14.483354568481445,
  "e": 30.622407913208008,
  "f": 139310192,
  "g": 292177280,
  "h": 161981872,
  "i": 339621760,
  "j": 137095504,
  "k": 289870976,
  "l": 159316896,
  "m": 336846496,
  "n": 2214670,
  "o": 2306319,
  "p": 2664959,
  "q": 2775286,
  "r": 2814701,
  "s": 5901472,
  "t": 3399036,
  "u": 7126068
}
