{
  "b": 18.284151077270508,
  "c": 37.463050842285156,
  "d": 19.78676986694336,
  "e": 40.540653228759766,
  "f": 193244032,
  "g": 392742848,
  "h": 221261072,
  "i": 449598464,
  "j": 190155168,
  "k": 389615712,
  "l": 217654464,
  "m": 445947168,
  "n": 3088843,
  "o": 3127133,
  "p": 3606608,
  "q": 3651258,
  "r": 9336061,
  "s": 18966814,
  "t": 11344009,
  "u": 23047252
}
