{
  "b": 6.675466060638428,
  "c": 13.979466438293457,
  "d": 6.670747756958008,
  "e": 13.968701362609863,
  "f": 70580792,
  "g": 146578960,
  "h": 74688488,
  "i": 155007648,
  "j": 69424848,
  "k": 145386448,
  "l": 73378224,
  "m": 153655712,
  "n": 1155943,
  "o": 1192522,
  "p": 1310274,
  "q": 1351914,
  "r": 2091427,
  "s": 4336177,
  "t": 2315716,
  "u": 4800093
}
