{
  "b": 13.182259559631348,
  "c": 27.872209548950195,
  "d": 14.483354568481445,
  "e": 30.622407913208008,
  "f": 139000000,
  "g": 292000000,
  "h": 162000000,
  "i": 340000000,
  "j": 137000000,
  "k": 290000000,
  "l": 159000000,
  "m": 337000000,
  "n": 2260000,
  "o": 2260000,
  "p": 2720000,
  "q": 2720000,
  "r": 2810000,
  "s": 5900000,
  "t": 3400000,
  "u": 7130000
}
