{
  "b": 14.648370742797852,
  "c": 30.51587677001953,
  "d": 17.207101821899414,
  "e": 35.84482192993164,
  "f": 155000000,
  "g": 320000000,
  "h": 192000000,
  "i": 397000000,
  "j": 152000000,
  "k": 317000000,
  "l": 189000000,
  "m": 394000000,
  "n": 2510000,
  "o": 2510000,
  "p": 2960000,
  "q": 2960000,
  "r": 21100000,
  "s": 43700000,
  "t": 26500000,
  "u": 54900000
}
