{
  "b": 11.965106964111328,
  "c": 24.953876495361328,
  "d": 11.5823335647583,
  "e": 24.15474510192871,
  "f": 126451768,
  "g": 261594400,
  "h": 129602144,
  "i": 267963456,
  "j": 124437112,
  "k": 259520320,
  "l": 127405672,
  "m": 265702192,
  "n": 2014656,
  "o": 2074092,
  "p": 2196461,
  "q": 2261279,
  "r": 2672529,
  "s": 5523961,
  "t": 2927833,
  "u": 6050185
}
