{
  "b": 5.59756326675415,
  "c": 11.751421928405762,
  "d": 6.600063323974609,
  "e": 13.855531692504883,
  "f": 59169872,
  "g": 123204216,
  "h": 73746512,
  "i": 153597744,
  "j": 58214660,
  "k": 122214792,
  "l": 72600696,
  "m": 152410848,
  "n": 955215,
  "o": 989422,
  "p": 1145813,
  "q": 1186886,
  "r": 549771,
  "s": 1143183,
  "t": 722107,
  "u": 1502361
}
