{
  "b": 11.965106964111328,
  "c": 24.953876495361328,
  "d": 11.5823335647583,
  "e": 24.15474510192871,
  "f": 126000000,
  "g": 262000000,
  "h": 130000000,
  "i": 268000000,
  "j": 124000000,
  "k": 260000000,
  "l": 127000000,
  "m": 266000000,
  "n": 2040000,
  "o": 2040000,
  "p": 2230000,
  "q": 2230000,
  "r": 2670000,
  "s": 5520000,
  "t": 2930000,
  "u": 6050000
}
