{
  "b": 14.648370742797852,
  "c": 30.51587677001953,
  "d": 17.207101821899414,
  "e": 35.84482192993164,
  "f": 154822528,
  "g": 319912576,
  "h": 192196624,
  "i": 397291456,
  "j": 152343056,
  "k": 317365120,
  "l": 189278128,
  "m": 394293056,
  "n": 2479482,
  "o": 2547391,
  "p": 2918496,
  "q": 2998386,
  "r": 21144620,
  "s": 43743872,
  "t": 26544186,
  "u": 54940508
}
