{
  "b": 5.013891696929932,
  "c": 10.274335861206055,
  "d": 5.106456756591797,
  "e": 10.463702201843262,
  "f": 53000000,
  "g": 108000000,
  "h": 57100000,
  "i": 116000000,
  "j": 52100000,
  "k": 107000000,
  "l": 56200000,
  "m": 115000000,
  "n": 839000,
  "o": 839000,
  "p": 944000,
  "q": 944000,
  "r": 2380000,
  "s": 4840000,
  "t": 2720000,
  "u": 5530000
}
