{
  "b": 28.5552978515625,
  "c": 58.51869583129883,
  "d": 30.23702049255371,
  "e": 61.961429595947266,
  "f": 301774176,
  "g": 613445440,
  "h": 337896416,
  "i": 686922368,
  "j": 296975104,
  "k": 608594432,
  "l": 332607232,
  "m": 681575744,
  "n": 4799082,
  "o": 4850973,
  "p": 5289155,
  "q": 5346640,
  "r": 55534084,
  "s": 112974712,
  "t": 58825040,
  "u": 119686568
}
