{
  "b": 5.59756326675415,
  "c": 11.751421928405762,
  "d": 6.600063323974609,
  "e": 13.855531692504883,
  "f": 59200000,
  "g": 123000000,
  "h": 73700000,
  "i": 154000000,
  "j": 58200000,
  "k": 122000000,
  "l": 72600000,
  "m": 152000000,
  "n": 972000,
  "o": 972000,
  "p": 1170000,
  "q": 1170000,
  "r": 550000,
  "s": 1140000,
  "t": 722000,
  "u": 1500000
}
