{
  "b": 3.1019487380981445,
  "c": 6.458712100982666,
  "d": 3.1973273754119873,
  "e": 6.657002925872803,
  "f": 32800000,
  "g": 67700000,
  "h": 35700000,
  "i": 73800000,
  "j": 32300000,
  "k": 67200000,
  "l": 35200000,
  "m": 73200000,
  "n": 543000,
  "o": 543000,
  "p": 585000,
  "q": 585000,
  "r": 427000,
  "s": 880000,
  "t": 491000,
  "u": 1010000
}
