{
  "b": 8.168442726135254,
  "c": 16.669010162353516,
  "d": 8.045921325683594,
  "e": 16.418100357055664,
  "f": 86300000,
  "g": 175000000,
  "h": 90000000,
  "i": 182000000,
  "j": 85000000,
  "k": 173000000,
  "l": 88500000,
  "m": 181000000,
  "n": 1370000,
  "o": 1370000,
  "p": 1540000,
  "q": 1540000,
  "r": 1170000,
  "s": 2370000,
  "t": 1310000,
  "u": 2650000
}
