{
  "b": 11.54696273803711,
  "c": 23.792512893676758,
  "d": 11.733240127563477,
  "e": 24.175701141357422,
  "f": 122000000,
  "g": 249000000,
  "h": 131000000,
  "i": 268000000,
  "j": 120000000,
  "k": 247000000,
  "l": 129000000,
  "m": 266000000,
  "n": 1960000,
  "o": 1960000,
  "p": 2210000,
  "q": 2210000,
  "r": 2550000,
  "s": 5210000,
  "t": 2930000,
  "u": 5990000
}
