{
  "b": 11.54696273803711,
  "c": 23.792512893676758,
  "d": 11.733240127563477,
  "e": 24.175701141357422,
  "f": 122034928,
  "g": 249424608,
  "h": 131255968,
  "i": 268163536,
  "j": 120088408,
  "k": 247442128,
  "l": 129065640,
  "m": 265932720,
  "n": 1946526,
  "o": 1982468,
  "p": 2190317,
  "q": 2230777,
  "r": 2552367,
  "s": 5212369,
  "t": 2932480,
  "u": 5987693
}
