{
  "b": 8.055360794067383,
  "c": 16.802860260009766,
  "d": 8.409521102905273,
  "e": 17.54119300842285,
  "f": 85100000,
  "g": 176000000,
  "h": 94100000,
  "i": 195000000,
  "j": 83800000,
  "k": 175000000,
  "l": 92500000,
  "m": 193000000,
  "n": 1370000,
  "o": 1370000,
  "p": 1610000,
  "q": 1610000,
  "r": 3500000,
  "s": 7240000,
  "t": 4030000,
  "u": 8330000
}
