{
  "b": 3.1019487380981445,
  "c": 6.458712100982666,
  "d": 3.1973273754119873,
  "e": 6.657002925872803,
  "f": 32796276,
  "g": 67721232,
  "h": 35747960,
  "i": 73820208,
  "j": 32260266,
  "k": 67170608,
  "l": 35170600,
  "m": 73227032,
  "n": 536011,
  "o": 550621,
  "p": 577360,
  "q": 593183,
  "r": 426772,
  "s": 880175,
  "t": 490684,
  "u": 1012408
}
