{
  "b": 4.349396228790283,
  "c": 8.991063117980957,
  "d": 4.564694404602051,
  "e": 9.435833930969238,
  "f": 46000000,
  "g": 94300000,
  "h": 51000000,
  "i": 105000000,
  "j": 45200000,
  "k": 93500000,
  "l": 50200000,
  "m": 104000000,
  "n": 746000,
  "o": 746000,
  "p": 774000,
  "q": 774000,
  "r": 967000,
  "s": 1980000,
  "t": 1150000,
  "u": 2360000
}
