{
  "b": 8.055360794067383,
  "c": 16.802860260009766,
  "d": 8.409521102905273,
  "e": 17.54119300842285,
  "f": 85122736,
  "g": 176133040,
  "h": 94096776,
  "i": 194588160,
  "j": 83775752,
  "k": 174749744,
  "l": 92504728,
  "m": 192953120,
  "n": 1346983,
  "o": 1383293,
  "p": 1592051,
  "q": 1635053,
  "r": 3499417,
  "s": 7237632,
  "t": 4028825,
  "u": 8330159
}
