{
  "b": 8.168442726135254,
  "c": 16.669010162353516,
  "d": 8.045921325683594,
  "e": 16.418100357055664,
  "f": 86317304,
  "g": 174733280,
  "h": 90035656,
  "i": 182141104,
  "j": 84951808,
  "k": 173357712,
  "l": 88505136,
  "m": 180599104,
  "n": 1365502,
  "o": 1375579,
  "p": 1530522,
  "q": 1541969,
  "r": 1170380,
  "s": 2367145,
  "t": 1309435,
  "u": 2647589
}
