{
  "b": 4.349396228790283,
  "c": 8.991063117980957,
  "d": 4.564694404602051,
  "e": 9.435833930969238,
  "f": 45971728,
  "g": 94260608,
  "h": 50977388,
  "i": 104576072,
  "j": 45233720,
  "k": 93507056,
  "l": 50211640,
  "m": 103794168,
  "n": 738007,
  "o": 753548,
  "p": 765752,
  "q": 781895,
  "r": 966913,
  "s": 1981697,
  "t": 1152374,
  "u": 2363529
}
