{
  "b": 6.337552070617676,
  "c": 13.078047752380371,
  "d": 7.565338134765625,
  "e": 15.61094856262207,
  "f": 67020216,
  "g": 137140992,
  "h": 84555896,
  "i": 173081296,
  "j": 65910544,
  "k": 136011696,
  "l": 83218720,
  "m": 171720432,
  "n": 1109671,
  "o": 1129285,
  "p": 1337170,
  "q": 1360881,
  "r": 543277,
  "s": 1111292,
  "t": 718639,
  "u": 1470974
}
