{
  "b": 5.256983757019043,
  "c": 10.599924087524414,
  "d": 5.583004951477051,
  "e": 11.256657600402832,
  "f": 55600000,
  "g": 111000000,
  "h": 62400000,
  "i": 125000000,
  "j": 54700000,
  "k": 110000000,
  "l": 61400000,
  "m": 124000000,
  "n": 908000,
  "o": 908000,
  "p": 1020000,
  "q": 1020000,
  "r": 975000,
  "s": 1950000,
  "t": 1160000,
  "u": 2330000
}
