{
  "b": 8.274331092834473,
  "c": 17.162229537963867,
  "d": 8.932594299316406,
  "e": 18.52672576904297,
  "f": 87477376,
  "g": 179943360,
  "h": 99902672,
  "i": 205475008,
  "j": 86053040,
  "k": 178487184,
  "l": 98258536,
  "m": 203793984,
  "n": 1424341,
  "o": 1456180,
  "p": 1644144,
  "q": 1681029,
  "r": 2416836,
  "s": 4972446,
  "t": 2907983,
  "u": 5983929
}
