{
  "b": 8.267438888549805,
  "c": 17.31949234008789,
  "d": 9.931705474853516,
  "e": 20.805164337158203,
  "f": 87395400,
  "g": 181584416,
  "h": 110916024,
  "i": 230580352,
  "j": 85981360,
  "k": 180122720,
  "l": 109248760,
  "m": 228856800,
  "n": 1414039,
  "o": 1461704,
  "p": 1667265,
  "q": 1723540,
  "r": 1613341,
  "s": 3350611,
  "t": 2146700,
  "u": 4461940
}
