{
  "b": 6.337552070617676,
  "c": 13.078047752380371,
  "d": 7.565338134765625,
  "e": 15.61094856262207,
  "f": 67000000,
  "g": 137000000,
  "h": 84600000,
  "i": 173000000,
  "j": 65900000,
  "k": 136000000,
  "l": 83200000,
  "m": 172000000,
  "n": 1120000,
  "o": 1120000,
  "p": 1350000,
  "q": 1350000,
  "r": 543000,
  "s": 1110000,
  "t": 719000,
  "u": 1470000
}
