{
  "b": 21.4492130279541,
  "c": 44.487884521484375,
  "d": 26.80986213684082,
  "e": 55.60408401489258,
  "f": 227000000,
  "g": 466000000,
  "h": 300000000,
  "i": 617000000,
  "j": 223000000,
  "k": 463000000,
  "l": 295000000,
  "m": 612000000,
  "n": 3740000,
  "o": 3740000,
  "p": 4810000,
  "q": 4810000,
  "r": 9390000,
  "s": 19300000,
  "t": 13000000,
  "u": 26700000
}
