{
  "b": 8.267438888549805,
  "c": 17.31949234008789,
  "d": 9.931705474853516,
  "e": 20.805164337158203,
  "f": 87400000,
  "g": 182000000,
  "h": 111000000,
  "i": 231000000,
  "j": 86000000,
  "k": 180000000,
  "l": 109000000,
  "m": 229000000,
  "n": 1440000,
  "o": 1440000,
  "p": 1700000,
  "q": 1700000,
  "r": 1610000,
  "s": 3350000,
  "t": 2150000,
  "u": 4460000
}
