{
  "b": 21.4492130279541,
  "c": 44.487884521484375,
  "d": 26.80986213684082,
  "e": 55.60408401489258,
  "f": 226770624,
  "g": 466452256,
  "h": 299666112,
  "i": 616504704,
  "j": 223071808,
  "k": 462673984,
  "l": 294908480,
  "m": 611644928,
  "n": 3698806,
  "o": 3778262,
  "p": 4757610,
  "q": 4859723,
  "r": 9388652,
  "s": 19265224,
  "t": 13005256,
  "u": 26700368
}
