{
  "b": 8.274331092834473,
  "c": 17.162229537963867,
  "d": 8.932594299316406,
  "e": 18.52672576904297,
  "f": 87500000,
  "g": 180000000,
  "h": 99900000,
  "i": 205000000,
  "j": 86100000,
  "k": 178000000,
  "l": 98300000,
  "m": 204000000,
  "n": 1440000,
  "o": 1440000,
  "p": 1660000,
  "q": 1660000,
  "r": 2420000,
  "s": 4970000,
  "t": 2910000,
  "u": 5980000
}
