{
  "b": 10.864038467407227,
  "c": 22.745182037353516,
  "d": 12.38050365447998,
  "e": 25.918594360351562,
  "f": 115000000,
  "g": 238000000,
  "h": 138000000,
  "i": 287000000,
  "j": 113000000,
  "k": 237000000,
  "l": 136000000,
  "m": 285000000,
  "n": 1920000,
  "o": 1920000,
  "p": 2230000,
  "q": 2230000,
  "r": 3640000,
  "s": 7530000,
  "t": 4540000,
  "u": 9400000
}
