{
  "b": 6.168549060821533,
  "c": 13.058794975280762,
  "d": 7.093506813049316,
  "e": 15.016785621643066,
  "f": 65200000,
  "g": 137000000,
  "h": 79200000,
  "i": 166000000,
  "j": 64200000,
  "k": 136000000,
  "l": 78000000,
  "m": 165000000,
  "n": 1040000,
  "o": 1040000,
  "p": 1230000,
  "q": 1230000,
  "r": 1770000,
  "s": 3710000,
  "t": 2310000,
  "u": 4840000
}
