{
  "b": 3.699946165084839,
  "c": 7.605669021606445,
  "d": 3.6389331817626953,
  "e": 7.47998046875,
  "f": 39100000,
  "g": 79700000,
  "h": 40700000,
  "i": 82900000,
  "j": 38500000,
  "k": 79100000,
  "l": 40000000,
  "m": 82300000,
  "n": 632000,
  "o": 632000,
  "p": 646000,
  "q": 646000,
  "r": 617000,
  "s": 1260000,
  "t": 681000,
  "u": 1390000
}
