{
  "b": 3.855132579803467,
  "c": 8.047511100769043,
  "d": 4.056981086730957,
  "e": 8.46850299835205,
  "f": 40800000,
  "g": 84400000,
  "h": 45400000,
  "i": 93900000,
  "j": 40100000,
  "k": 83700000,
  "l": 44600000,
  "m": 93200000,
  "n": 671000,
  "o": 671000,
  "p": 754000,
  "q": 754000,
  "r": 673000,
  "s": 1390000,
  "t": 772000,
  "u": 1600000
}
