{
  "b": 6.168549060821533,
  "c": 13.058794975280762,
  "d": 7.093506813049316,
  "e": 15.016785621643066,
  "f": 65175632,
  "g": 136877456,
  "h": 79236376,
  "i": 166443568,
  "j": 64152912,
  "k": 135811472,
  "l": 78028576,
  "m": 165184640,
  "n": 1022724,
  "o": 1065979,
  "p": 1207809,
  "q": 1258911,
  "r": 1766058,
  "s": 3706007,
  "t": 2306554,
  "u": 4842275
}
