{
  "b": 20.788515090942383,
  "c": 42.298301696777344,
  "d": 21.742277145385742,
  "e": 44.23704147338867,
  "f": 220000000,
  "g": 444000000,
  "h": 243000000,
  "i": 491000000,
  "j": 216000000,
  "k": 440000000,
  "l": 239000000,
  "m": 487000000,
  "n": 3700000,
  "o": 3700000,
  "p": 4020000,
  "q": 4020000,
  "r": 13700000,
  "s": 27700000,
  "t": 16000000,
  "u": 32200000
}
