{
  "b": 10.864038467407227,
  "c": 22.745182037353516,
  "d": 12.38050365447998,
  "e": 25.918594360351562,
  "f": 114875968,
  "g": 238498752,
  "h": 138379696,
  "i": 287367392,
  "j": 112986000,
  "k": 236549888,
  "l": 136185536,
  "m": 285104544,
  "n": 1889968,
  "o": 1948874,
  "p": 2194161,
  "q": 2262854,
  "r": 3637652,
  "s": 7532701,
  "t": 4536406,
  "u": 9400078
}
