{
  "b": 3.855132579803467,
  "c": 8.047511100769043,
  "d": 4.056981086730957,
  "e": 8.46850299835205,
  "f": 40754768,
  "g": 84374672,
  "h": 45370356,
  "i": 93918736,
  "j": 40093380,
  "k": 83694120,
  "l": 44626792,
  "m": 93153536,
  "n": 661386,
  "o": 680554,
  "p": 743567,
  "q": 765198,
  "r": 673374,
  "s": 1393755,
  "t": 772091,
  "u": 1598413
}
