{
  "b": 3.699946165084839,
  "c": 7.605669021606445,
  "d": 3.6389331817626953,
  "e": 7.47998046875,
  "f": 39106808,
  "g": 79735896,
  "h": 40669040,
  "i": 82930336,
  "j": 38479440,
  "k": 79098960,
  "l": 40028264,
  "m": 82279784,
  "n": 627369,
  "o": 636940,
  "p": 640770,
  "q": 650565,
  "r": 617212,
  "s": 1256806,
  "t": 681107,
  "u": 1387558
}
