{
  "b": 20.788515090942383,
  "c": 42.298301696777344,
  "d": 21.742277145385742,
  "e": 44.23704147338867,
  "f": 219884960,
  "g": 443613632,
  "h": 243171008,
  "i": 490642784,
  "j": 216200560,
  "k": 439902336,
  "l": 239165056,
  "m": 486607456,
  "n": 3684379,
  "o": 3711357,
  "p": 4005957,
  "q": 4035346,
  "r": 13740088,
  "s": 27706666,
  "t": 15950031,
  "u": 32175750
}
