{
  "b": 9.442489624023438,
  "c": 19.742061614990234,
  "d": 10.778446197509766,
  "e": 22.534181594848633,
  "f": 99811880,
  "g": 206976128,
  "h": 120352144,
  "i": 249719456,
  "j": 98201888,
  "k": 205317440,
  "l": 118562912,
  "m": 247876000,
  "n": 1609997,
  "o": 1658715,
  "p": 1789238,
  "q": 1843454,
  "r": 2457080,
  "s": 5088839,
  "t": 3066011,
  "u": 6355807
}
