{
  "b": 10.094667434692383,
  "c": 20.777429580688477,
  "d": 9.643498420715332,
  "e": 19.848052978515625,
  "f": 107000000,
  "g": 218000000,
  "h": 108000000,
  "i": 220000000,
  "j": 105000000,
  "k": 216000000,
  "l": 106000000,
  "m": 218000000,
  "n": 1710000,
  "o": 1710000,
  "p": 1780000,
  "q": 1780000,
  "r": 4570000,
  "s": 9330000,
  "t": 4930000,
  "u": 10100000
}
