{
  "b": 3.3088254928588867,
  "c": 7.0046000480651855,
  "d": 3.9392335414886475,
  "e": 8.338913917541504,
  "f": 35000000,
  "g": 73400000,
  "h": 44000000,
  "i": 92400000,
  "j": 34400000,
  "k": 72800000,
  "l": 43300000,
  "m": 91700000,
  "n": 566000,
  "o": 566000,
  "p": 673000,
  "q": 673000,
  "r": 196000,
  "s": 410000,
  "t": 260000,
  "u": 546000
}
