{
  "b": 4.047222137451172,
  "c": 8.348821640014648,
  "d": 4.538687229156494,
  "e": 9.362438201904297,
  "f": 42800000,
  "g": 87500000,
  "h": 50700000,
  "i": 104000000,
  "j": 42100000,
  "k": 86800000,
  "l": 49900000,
  "m": 103000000,
  "n": 676000,
  "o": 676000,
  "p": 780000,
  "q": 780000,
  "r": 567000,
  "s": 1160000,
  "t": 712000,
  "u": 1460000
}
