{
  "b": 9.442489624023438,
  "c": 19.742061614990234,
  "d": 10.778446197509766,
  "e": 22.534181594848633,
  "f": 99800000,
  "g": 207000000,
  "h": 120000000,
  "i": 250000000,
  "j": 98200000,
  "k": 205000000,
  "l": 119000000,
  "m": 248000000,
  "n": 1630000,
  "o": 1630000,
  "p": 1820000,
  "q": 1820000,
  "r": 2460000,
  "s": 5090000,
  "t": 3070000,
  "u": 6360000
}
