{
  "b": 4.047222137451172,
  "c": 8.348821640014648,
  "d": 4.538687229156494,
  "e": 9.362438201904297,
  "f": 42761324,
  "g": 87508688,
  "h": 50699632,
  "i": 103773360,
  "j": 42091112,
  "k": 86827744,
  "l": 49925560,
  "m": 102986816,
  "n": 670217,
  "o": 680945,
  "p": 774070,
  "q": 786550,
  "r": 566605,
  "s": 1159057,
  "t": 712267,
  "u": 1457623
}
