{
  "b": 4.96832799911499,
  "c": 10.315468788146973,
  "d": 6.280399322509766,
  "e": 13.039122581481934,
  "f": 52524540,
  "g": 108154288,
  "h": 70112992,
  "i": 144482432,
  "j": 51670612,
  "k": 107280872,
  "l": 69084392,
  "m": 143430352,
  "n": 853924,
  "o": 873421,
  "p": 1028603,
  "q": 1052076,
  "r": 565548,
  "s": 1162627,
  "t": 783883,
  "u": 1613205
}
