{
  "b": 4.96832799911499,
  "c": 10.315468788146973,
  "d": 6.280399322509766,
  "e": 13.039122581481934,
  "f": 52500000,
  "g": 108000000,
  "h": 70100000,
  "i": 144000000,
  "j": 51700000,
  "k": 107000000,
  "l": 69100000,
  "m": 143000000,
  "n": 864000,
  "o": 864000,
  "p": 1040000,
  "q": 1040000,
  "r": 566000,
  "s": 1160000,
  "t": 784000,
  "u": 1610000
}
