{
  "b": 10.094667434692383,
  "c": 20.777429580688477,
  "d": 9.643498420715332,
  "e": 19.848052978515625,
  "f": 106685288,
  "g": 217813952,
  "h": 107839344,
  "i": 220118400,
  "j": 104984544,
  "k": 216085264,
  "l": 106078480,
  "m": 218328592,
  "n": 1700749,
  "o": 1728686,
  "p": 1760870,
  "q": 1789821,
  "r": 4573413,
  "s": 9331360,
  "t": 4930799,
  "u": 10060400
}
