{
  "b": 3.3088254928588867,
  "c": 7.0046000480651855,
  "d": 3.9392335414886475,
  "e": 8.338913917541504,
  "f": 34965800,
  "g": 73425760,
  "h": 43990344,
  "i": 92415304,
  "j": 34411784,
  "k": 72847840,
  "l": 43331568,
  "m": 91728056,
  "n": 554020,
  "o": 577913,
  "p": 658780,
  "q": 687240,
  "r": 195652,
  "s": 410304,
  "t": 260342,
  "u": 546354
}
