{
  "b": 17.347679138183594,
  "c": 35.69486618041992,
  "d": 20.466552734375,
  "e": 42.110572814941406,
  "f": 183414112,
  "g": 374266080,
  "h": 228823872,
  "i": 466959008,
  "j": 180415872,
  "k": 371226624,
  "l": 225132080,
  "m": 463216320,
  "n": 2998240,
  "o": 3039469,
  "p": 3691788,
  "q": 3742706,
  "r": 10933913,
  "s": 22293462,
  "t": 14312905,
  "u": 29193866
}
