{
  "b": 14.51196002960205,
  "c": 29.72090721130371,
  "d": 14.292608261108398,
  "e": 29.270780563354492,
  "f": 153379744,
  "g": 311583392,
  "h": 159928288,
  "i": 324721984,
  "j": 150924384,
  "k": 309097440,
  "l": 157218688,
  "m": 321978592,
  "n": 2455360,
  "o": 2485972,
  "p": 2709603,
  "q": 2743399,
  "r": 4034862,
  "s": 8191161,
  "t": 4482575,
  "u": 9098132
}
