{
  "b": 8.792383193969727,
  "c": 18.492338180541992,
  "d": 9.37465763092041,
  "e": 19.716310501098633,
  "f": 92910336,
  "g": 193842224,
  "h": 104808688,
  "i": 218627264,
  "j": 91440784,
  "k": 192320320,
  "l": 103121232,
  "m": 216879424,
  "n": 1469545,
  "o": 1521901,
  "p": 1687447,
  "q": 1747854,
  "r": 2318667,
  "s": 4833793,
  "t": 2754820,
  "u": 5743669
}
