{
  "b": 193.55636596679688,
  "c": 401.1007385253906,
  "d": 228.9622802734375,
  "e": 474.46295166015625,
  "f": 2050000000,
  "g": 4210000000,
  "h": 2560000000,
  "i": 5260000000,
  "j": 2010000000,
  "k": 4170000000,
  "l": 2520000000,
  "m": 5220000000,
  "n": 33400000,
  "o": 33400000,
  "p": 39600000,
  "q": 39600000,
  "r": 403000000,
  "s": 828000000,
  "t": 519000000,
  "u": 1070000000
}
