{
  "b": 8.792383193969727,
  "c": 18.492338180541992,
  "d": 9.37465763092041,
  "e": 19.716310501098633,
  "f": 92900000,
  "g": 194000000,
  "h": 105000000,
  "i": 219000000,
  "j": 91400000,
  "k": 192000000,
  "l": 103000000,
  "m": 217000000,
  "n": 1500000,
  "o": 1500000,
  "p": 1720000,
  "q": 1720000,
  "r": 2320000,
  "s": 4830000,
  "t": 2750000,
  "u": 5740000
}
