{
  "b": 193.55636596679688,
  "c": 401.1007385253906,
  "d": 228.9622802734375,
  "e": 474.46295166015625,
  "f": 2046096512,
  "g": 4205165568,
  "h": 2557809152,
  "i": 5259033088,
  "j": 2012986240,
  "k": 4171447552,
  "l": 2518585088,
  "m": 5219092480,
  "n": 33110344,
  "o": 33717936,
  "p": 39224400,
  "q": 39940952,
  "r": 403230816,
  "s": 827777408,
  "t": 518629056,
  "u": 1065430464
}
