{
  "b": 17.347679138183594,
  "c": 35.69486618041992,
  "d": 20.466552734375,
  "e": 42.110572814941406,
  "f": 183000000,
  "g": 374000000,
  "h": 229000000,
  "i": 467000000,
  "j": 180000000,
  "k": 371000000,
  "l": 225000000,
  "m": 463000000,
  "n": 3020000,
  "o": 3020000,
  "p": 3720000,
  "q": 3720000,
  "r": 10900000,
  "s": 22300000,
  "t": 14300000,
  "u": 29200000
}
