{
  "b": 3.513505697250366,
  "c": 7.225504398345947,
  "d": 3.6504738330841064,
  "e": 7.5068888664245605,
  "f": 37140072,
  "g": 75753928,
  "h": 40806176,
  "i": 83236600,
  "j": 36540460,
  "k": 75145248,
  "l": 40155212,
  "m": 82575776,
  "n": 599610,
  "o": 608677,
  "p": 650966,
  "q": 660832,
  "r": 809072,
  "s": 1648185,
  "t": 934316,
  "u": 1904203
}
