{
  "b": 3.513505697250366,
  "c": 7.225504398345947,
  "d": 3.6504738330841064,
  "e": 7.5068888664245605,
  "f": 37100000,
  "g": 75800000,
  "h": 40800000,
  "i": 83200000,
  "j": 36500000,
  "k": 75100000,
  "l": 40200000,
  "m": 82600000,
  "n": 604000,
  "o": 604000,
  "p": 656000,
  "q": 656000,
  "r": 809000,
  "s": 1650000,
  "t": 934000,
  "u": 1900000
}
