{
  "b": 14.51196002960205,
  "c": 29.72090721130371,
  "d": 14.292608261108398,
  "e": 29.270780563354492,
  "f": 153000000,
  "g": 312000000,
  "h": 160000000,
  "i": 325000000,
  "j": 151000000,
  "k": 309000000,
  "l": 157000000,
  "m": 322000000,
  "n": 2470000,
  "o": 2470000,
  "p": 2730000,
  "q": 2730000,
  "r": 4030000,
  "s": 8190000,
  "t": 4480000,
  "u": 9100000
}
