{
  "b": 12.620396614074707,
  "c": 25.826969146728516,
  "d": 12.826894760131836,
  "e": 26.248756408691406,
  "f": 133000000,
  "g": 271000000,
  "h": 143000000,
  "i": 291000000,
  "j": 131000000,
  "k": 269000000,
  "l": 141000000,
  "m": 289000000,
  "n": 2160000,
  "o": 2160000,
  "p": 2370000,
  "q": 2370000,
  "r": 6680000,
  "s": 13600000,
  "t": 7530000,
  "u": 15300000
}
