{
  "b": 67.14826965332031,
  "c": 138.1847381591797,
  "d": 97.04997253417969,
  "e": 199.71685791015625,
  "f": 710000000,
  "g": 1450000000,
  "h": 1080000000,
  "i": 2210000000,
  "j": 698000000,
  "k": 1440000000,
  "l": 1070000000,
  "m": 2200000000,
  "n": 11500000,
  "o": 11500000,
  "p": 15500000,
  "q": 15500000,
  "r": 35900000,
  "s": 73100000,
  "t": 57500000,
  "u": 117000000
}
