{
  "b": 3.0738797187805176,
  "c": 6.497000217437744,
  "d": 3.444561719894409,
  "e": 7.2802910804748535,
  "f": 32500000,
  "g": 68100000,
  "h": 38500000,
  "i": 80700000,
  "j": 32000000,
  "k": 67600000,
  "l": 37900000,
  "m": 80100000,
  "n": 522000,
  "o": 522000,
  "p": 588000,
  "q": 588000,
  "r": 319000,
  "s": 668000,
  "t": 402000,
  "u": 843000
}
