{
  "b": 12.620396614074707,
  "c": 25.826969146728516,
  "d": 12.826894760131836,
  "e": 26.248756408691406,
  "f": 133396848,
  "g": 270769440,
  "h": 143457440,
  "i": 291124672,
  "j": 131252120,
  "k": 268600480,
  "l": 141095840,
  "m": 288736320,
  "n": 2144716,
  "o": 2168949,
  "p": 2361598,
  "q": 2388351,
  "r": 6679015,
  "s": 13552177,
  "t": 7528903,
  "u": 15278662
}
