{
  "b": 3.003038167953491,
  "c": 6.314569473266602,
  "d": 3.222740411758423,
  "e": 6.7763352394104,
  "f": 31735094,
  "g": 66192548,
  "h": 36024456,
  "i": 75134056,
  "j": 31231598,
  "k": 65671524,
  "l": 35450144,
  "m": 74539688,
  "n": 503499,
  "o": 521026,
  "p": 574307,
  "q": 594361,
  "r": 990011,
  "s": 2065145,
  "t": 1220368,
  "u": 2546092
}
