{
  "b": 67.14826965332031,
  "c": 138.1847381591797,
  "d": 97.04997253417969,
  "e": 199.71685791015625,
  "f": 709786368,
  "g": 1448695296,
  "h": 1082923520,
  "i": 2212432384,
  "j": 698342016,
  "k": 1437121280,
  "l": 1067549696,
  "m": 2196885504,
  "n": 11444413,
  "o": 11574054,
  "p": 15373807,
  "q": 15546748,
  "r": 35851808,
  "s": 73084504,
  "t": 57467692,
  "u": 117289120
}
