{
  "b": 3.0738797187805176,
  "c": 6.497000217437744,
  "d": 3.444561719894409,
  "e": 7.2802910804748535,
  "f": 32480114,
  "g": 68101904,
  "h": 38466104,
  "i": 80683160,
  "j": 31968350,
  "k": 67568800,
  "l": 37890180,
  "m": 80083200,
  "n": 511765,
  "o": 533097,
  "p": 575921,
  "q": 599956,
  "r": 318895,
  "s": 668034,
  "t": 402039,
  "u": 842728
}
