{
  "b": 8.68581485748291,
  "c": 18.18689727783203,
  "d": 9.18648624420166,
  "e": 19.234577178955078,
  "f": 91809864,
  "g": 190671328,
  "h": 102771784,
  "i": 213359328,
  "j": 90332472,
  "k": 189143728,
  "l": 101051352,
  "m": 211580352,
  "n": 1477384,
  "o": 1527614,
  "p": 1720441,
  "q": 1778960,
  "r": 988082,
  "s": 2046793,
  "t": 1143262,
  "u": 2368201
}
