{
  "b": 14.18584156036377,
  "c": 29.505815505981445,
  "d": 15.846433639526367,
  "e": 32.95828628540039,
  "f": 150000000,
  "g": 309000000,
  "h": 177000000,
  "i": 365000000,
  "j": 148000000,
  "k": 307000000,
  "l": 174000000,
  "m": 363000000,
  "n": 2440000,
  "o": 2440000,
  "p": 2730000,
  "q": 2730000,
  "r": 9350000,
  "s": 19300000,
  "t": 12300000,
  "u": 25500000
}
