{
  "b": 3.9451539516448975,
  "c": 8.040985107421875,
  "d": 4.5074238777160645,
  "e": 9.1863374710083,
  "f": 41700000,
  "g": 84300000,
  "h": 50400000,
  "i": 102000000,
  "j": 41000000,
  "k": 83600000,
  "l": 49600000,
  "m": 101000000,
  "n": 688000,
  "o": 688000,
  "p": 803000,
  "q": 803000,
  "r": 753000,
  "s": 1520000,
  "t": 966000,
  "u": 1950000
}
