{
  "b": 36.661556243896484,
  "c": 76.20379638671875,
  "d": 42.44026184082031,
  "e": 88.21157836914062,
  "f": 387611136,
  "g": 798987712,
  "h": 474420736,
  "i": 978069632,
  "j": 381280192,
  "k": 792519488,
  "l": 466842880,
  "m": 970327360,
  "n": 6330916,
  "o": 6468253,
  "p": 7577837,
  "q": 7742280,
  "r": 83264712,
  "s": 171714128,
  "t": 107073952,
  "u": 220902688
}
