{
  "b": 3.9451539516448975,
  "c": 8.040985107421875,
  "d": 4.5074238777160645,
  "e": 9.1863374710083,
  "f": 41716304,
  "g": 84316248,
  "h": 50383016,
  "i": 101855104,
  "j": 41029600,
  "k": 83626248,
  "l": 49581664,
  "m": 101049712,
  "n": 686700,
  "o": 690010,
  "p": 801354,
  "q": 805389,
  "r": 752703,
  "s": 1518844,
  "t": 966418,
  "u": 1951144
}
