{
  "b": 8.68581485748291,
  "c": 18.18689727783203,
  "d": 9.18648624420166,
  "e": 19.234577178955078,
  "f": 91800000,
  "g": 191000000,
  "h": 103000000,
  "i": 213000000,
  "j": 90300000,
  "k": 189000000,
  "l": 101000000,
  "m": 212000000,
  "n": 1500000,
  "o": 1500000,
  "p": 1750000,
  "q": 1750000,
  "r": 988000,
  "s": 2050000,
  "t": 1140000,
  "u": 2370000
}
