{
  "b": 6.107907772064209,
  "c": 12.89292049407959,
  "d": 6.783688068389893,
  "e": 14.319062232971191,
  "f": 64535000,
  "g": 135140416,
  "h": 75824312,
  "i": 158762560,
  "j": 63522240,
  "k": 134086376,
  "l": 74620568,
  "m": 157509680,
  "n": 1012762,
  "o": 1054054,
  "p": 1203742,
  "q": 1252871,
  "r": 1400565,
  "s": 2929580,
  "t": 1762096,
  "u": 3686296
}
