{
  "b": 26.049053192138672,
  "c": 54.75000762939453,
  "d": 30.671926498413086,
  "e": 64.46366882324219,
  "f": 275369568,
  "g": 574016640,
  "h": 342913632,
  "i": 714817152,
  "j": 270910144,
  "k": 569400064,
  "l": 337391200,
  "m": 709100352,
  "n": 4459423,
  "o": 4616528,
  "p": 5522454,
  "q": 5716776,
  "r": 14278505,
  "s": 29730358,
  "t": 18754516,
  "u": 39060720
}
