{
  "b": 10.168561935424805,
  "c": 21.152841567993164,
  "d": 10.911585807800293,
  "e": 22.69798469543457,
  "f": 107000000,
  "g": 222000000,
  "h": 122000000,
  "i": 252000000,
  "j": 106000000,
  "k": 220000000,
  "l": 120000000,
  "m": 250000000,
  "n": 1710000,
  "o": 1710000,
  "p": 1950000,
  "q": 1950000,
  "r": 3630000,
  "s": 7490000,
  "t": 4360000,
  "u": 8990000
}
