{
  "b": 26.049053192138672,
  "c": 54.75000762939453,
  "d": 30.671926498413086,
  "e": 64.46366882324219,
  "f": 275000000,
  "g": 574000000,
  "h": 343000000,
  "i": 715000000,
  "j": 271000000,
  "k": 569000000,
  "l": 337000000,
  "m": 709000000,
  "n": 4540000,
  "o": 4540000,
  "p": 5620000,
  "q": 5620000,
  "r": 14300000,
  "s": 29700000,
  "t": 18800000,
  "u": 39100000
}
