{
  "b": 8.26071834564209,
  "c": 17.406665802001953,
  "d": 10.236640930175781,
  "e": 21.569194793701172,
  "f": 87331768,
  "g": 182505200,
  "h": 114295944,
  "i": 239020368,
  "j": 85911472,
  "k": 181029328,
  "l": 112603048,
  "m": 237261152,
  "n": 1420301,
  "o": 1475864,
  "p": 1692900,
  "q": 1759222,
  "r": 1612908,
  "s": 3365259,
  "t": 2225785,
  "u": 4648563
}
