{
  "b": 10.168561935424805,
  "c": 21.152841567993164,
  "d": 10.911585807800293,
  "e": 22.69798469543457,
  "f": 107442392,
  "g": 221720544,
  "h": 121957744,
  "i": 251655792,
  "j": 105753048,
  "k": 219989552,
  "l": 120027440,
  "m": 249677824,
  "n": 1689356,
  "o": 1730982,
  "p": 1930298,
  "q": 1977983,
  "r": 3629751,
  "s": 7490686,
  "t": 4356881,
  "u": 8992620
}
