{
  "b": 41.667327880859375,
  "c": 86.0494384765625,
  "d": 53.44355010986328,
  "e": 110.36437225341797,
  "f": 440778944,
  "g": 902460288,
  "h": 597529984,
  "i": 1223797760,
  "j": 433340224,
  "k": 894914176,
  "l": 587879040,
  "m": 1214008064,
  "n": 7438736,
  "o": 7546131,
  "p": 9650883,
  "q": 9789652,
  "r": 43159536,
  "s": 88357776,
  "t": 61146784,
  "u": 125258008
}
