{
  "b": 41.667327880859375,
  "c": 86.0494384765625,
  "d": 53.44355010986328,
  "e": 110.36437225341797,
  "f": 441000000,
  "g": 902000000,
  "h": 598000000,
  "i": 1220000000,
  "j": 433000000,
  "k": 895000000,
  "l": 588000000,
  "m": 1210000000,
  "n": 7490000,
  "o": 7490000,
  "p": 9720000,
  "q": 9720000,
  "r": 43200000,
  "s": 88400000,
  "t": 61100000,
  "u": 125000000
}
