{
  "b": 3.764488935470581,
  "c": 7.827109336853027,
  "d": 3.7562999725341797,
  "e": 7.809803009033203,
  "f": 39789024,
  "g": 82057152,
  "h": 41988616,
  "i": 86594848,
  "j": 39150684,
  "k": 81401936,
  "l": 41319300,
  "m": 85907832,
  "n": 638338,
  "o": 655216,
  "p": 669315,
  "q": 687015,
  "r": 615538,
  "s": 1269035,
  "t": 703567,
  "u": 1450910
}
