{
  "b": 8.26071834564209,
  "c": 17.406665802001953,
  "d": 10.236640930175781,
  "e": 21.569194793701172,
  "f": 87300000,
  "g": 183000000,
  "h": 114000000,
  "i": 239000000,
  "j": 85900000,
  "k": 181000000,
  "l": 113000000,
  "m": 237000000,
  "n": 1450000,
  "o": 1450000,
  "p": 1730000,
  "q": 1730000,
  "r": 1610000,
  "s": 3370000,
  "t": 2230000,
  "u": 4650000
}
