{
  "b": 3.764488935470581,
  "c": 7.827109336853027,
  "d": 3.7562999725341797,
  "e": 7.809803009033203,
  "f": 39800000,
  "g": 82100000,
  "h": 42000000,
  "i": 86600000,
  "j": 39200000,
  "k": 81400000,
  "l": 41300000,
  "m": 85900000,
  "n": 647000,
  "o": 647000,
  "p": 678000,
  "q": 678000,
  "r": 616000,
  "s": 1270000,
  "t": 704000,
  "u": 1450000
}
