{
  "b": 13.866904258728027,
  "c": 30.13261604309082,
  "d": 17.27423667907715,
  "e": 37.53935241699219,
  "f": 147000000,
  "g": 316000000,
  "h": 193000000,
  "i": 416000000,
  "j": 144000000,
  "k": 313000000,
  "l": 190000000,
  "m": 413000000,
  "n": 2530000,
  "o": 2530000,
  "p": 3090000,
  "q": 3090000,
  "r": 47600000,
  "s": 102000000,
  "t": 62200000,
  "u": 134000000
}
