{
  "b": 760.857421875,
  "c": 1468.7655029296875,
  "d": 977.9262084960938,
  "e": 1887.7242431640625,
  "f": 8080757760,
  "g": 15439254528,
  "h": 10963665920,
  "i": 20966830080,
  "j": 7912916992,
  "k": 15275161600,
  "l": 10757188608,
  "m": 20764966912,
  "n": 167840608,
  "o": 164091008,
  "p": 206476848,
  "q": 201865536,
  "r": 2516193280,
  "s": 4805495808,
  "t": 3371725824,
  "u": 6446923776
}
