{
  "b": 8.101217269897461,
  "c": 17.194265365600586,
  "d": 11.241180419921875,
  "e": 23.858501434326172,
  "f": 85800000,
  "g": 180000000,
  "h": 126000000,
  "i": 264000000,
  "j": 84300000,
  "k": 179000000,
  "l": 124000000,
  "m": 262000000,
  "n": 1540000,
  "o": 1540000,
  "p": 1960000,
  "q": 1960000,
  "r": 11700000,
  "s": 24700000,
  "t": 17500000,
  "u": 37000000
}
