{
  "b": 13.866904258728027,
  "c": 30.13261604309082,
  "d": 17.27423667907715,
  "e": 37.53935241699219,
  "f": 146698336,
  "g": 315958880,
  "h": 193048336,
  "i": 416082848,
  "j": 144215808,
  "k": 313379200,
  "l": 190016608,
  "m": 412932896,
  "n": 2482510,
  "o": 2579671,
  "p": 3031719,
  "q": 3149942,
  "r": 47565576,
  "s": 102398816,
  "t": 62227000,
  "u": 134092312
}
