{
  "b": 760.857421875,
  "c": 1468.7655029296875,
  "d": 977.9262084960938,
  "e": 1887.7242431640625,
  "f": 8080000000,
  "g": 15400000000,
  "h": 11000000000,
  "i": 21000000000,
  "j": 7910000000,
  "k": 15300000000,
  "l": 10800000000,
  "m": 20800000000,
  "n": 166000000,
  "o": 166000000,
  "p": 204000000,
  "q": 204000000,
  "r": 2520000000,
  "s": 4810000000,
  "t": 3370000000,
  "u": 6450000000
}
