{
  "b": 9.104498863220215,
  "c": 19.37063980102539,
  "d": 13.004738807678223,
  "e": 27.66803741455078,
  "f": 96500000,
  "g": 203000000,
  "h": 145000000,
  "i": 307000000,
  "j": 94700000,
  "k": 201000000,
  "l": 143000000,
  "m": 304000000,
  "n": 1810000,
  "o": 1810000,
  "p": 2330000,
  "q": 2330000,
  "r": 9710000,
  "s": 20500000,
  "t": 15300000,
  "u": 32300000
}
