{
  "b": 0.11221548169851303,
  "c": 0.24030137062072754,
  "d": 0.12750256061553955,
  "e": 0.2730482816696167,
  "f": 1185756,
  "g": 2518511,
  "h": 1425140,
  "i": 3026926,
  "j": 1167041,
  "k": 2499134,
  "l": 1402528,
  "m": 3003531,
  "n": 18715,
  "o": 19376,
  "p": 22612,
  "q": 23395,
  "r": 45532,
  "s": 96671,
  "t": 54998,
  "u": 116794
}
