{
  "b": 0.11221548169851303,
  "c": 0.24030137062072754,
  "d": 0.12750256061553955,
  "e": 0.2730482816696167,
  "f": 1190000,
  "g": 2520000,
  "h": 1430000,
  "i": 3030000,
  "j": 1170000,
  "k": 2500000,
  "l": 1400000,
  "m": 3000000,
  "n": 19000,
  "o": 19000,
  "p": 23000,
  "q": 23000,
  "r": 45500,
  "s": 96700,
  "t": 55000,
  "u": 117000
}
