{
  "b": 1.345657467842102,
  "c": 2.881031036376953,
  "d": 1.595489263534546,
  "e": 3.416184663772583,
  "f": 14233544,
  "g": 30207738,
  "h": 17844748,
  "i": 37880136,
  "j": 13994838,
  "k": 29962722,
  "l": 17550382,
  "m": 37578032,
  "n": 238706,
  "o": 245017,
  "p": 294366,
  "q": 302104,
  "r": 3796739,
  "s": 8065663,
  "t": 4863497,
  "u": 10336152
}
