{
  "b": 559.1759033203125,
  "c": 1093.057373046875,
  "d": 785.7201538085938,
  "e": 1535.8389892578125,
  "f": 5930000000,
  "g": 11500000000,
  "h": 8790000000,
  "i": 17000000000,
  "j": 5820000000,
  "k": 11400000000,
  "l": 8640000000,
  "m": 16900000000,
  "n": 119000000,
  "o": 119000000,
  "p": 151000000,
  "q": 151000000,
  "r": 2200000000,
  "s": 4260000000,
  "t": 3290000000,
  "u": 6370000000
}
