{
  "b": 152.66152954101562,
  "c": 316.5727844238281,
  "d": 204.3275909423828,
  "e": 423.692138671875,
  "f": 1619036800,
  "g": 3324180480,
  "h": 2287931648,
  "i": 4701539840,
  "j": 1587679872,
  "k": 3292356864,
  "l": 2247603456,
  "m": 4660613632,
  "n": 31357134,
  "o": 31823224,
  "p": 40328412,
  "q": 40925996,
  "r": 840528128,
  "s": 1725262848,
  "t": 1178234112,
  "u": 2421043712
}
