{
  "b": 1.5953824520111084,
  "c": 3.5141773223876953,
  "d": 2.1093637943267822,
  "e": 4.646567344665527,
  "f": 16800000,
  "g": 36800000,
  "h": 23500000,
  "i": 51400000,
  "j": 16600000,
  "k": 36500000,
  "l": 23200000,
  "m": 51100000,
  "n": 236000,
  "o": 236000,
  "p": 292000,
  "q": 292000,
  "r": 5690000,
  "s": 12400000,
  "t": 8060000,
  "u": 17600000
}
