{
  "b": 1.5953824520111084,
  "c": 3.5141773223876953,
  "d": 2.1093637943267822,
  "e": 4.646567344665527,
  "f": 16823656,
  "g": 36787232,
  "h": 23490248,
  "i": 51409420,
  "j": 16591978,
  "k": 36547444,
  "l": 23203002,
  "m": 51112240,
  "n": 231678,
  "o": 239787,
  "p": 287245,
  "q": 297174,
  "r": 5691442,
  "s": 12442657,
  "t": 8063219,
  "u": 17645438
}
