{
  "b": 26.695886611938477,
  "c": 56.87058639526367,
  "d": 40.02956008911133,
  "e": 85.27397918701172,
  "f": 283000000,
  "g": 597000000,
  "h": 447000000,
  "i": 945000000,
  "j": 278000000,
  "k": 591000000,
  "l": 440000000,
  "m": 938000000,
  "n": 5000000,
  "o": 5000000,
  "p": 6590000,
  "q": 6590000,
  "r": 25900000,
  "s": 54800000,
  "t": 41500000,
  "u": 87900000
}
