{
  "b": 152.66152954101562,
  "c": 316.5727844238281,
  "d": 204.3275909423828,
  "e": 423.692138671875,
  "f": 1620000000,
  "g": 3320000000,
  "h": 2290000000,
  "i": 4700000000,
  "j": 1590000000,
  "k": 3290000000,
  "l": 2250000000,
  "m": 4660000000,
  "n": 31600000,
  "o": 31600000,
  "p": 40600000,
  "q": 40600000,
  "r": 841000000,
  "s": 1730000000,
  "t": 1180000000,
  "u": 2420000000
}
