{
  "b": 18.103750228881836,
  "c": 38.16417694091797,
  "d": 28.218135833740234,
  "e": 59.48127365112305,
  "f": 192571664,
  "g": 401327392,
  "h": 316376512,
  "i": 660445312,
  "j": 188279008,
  "k": 396907424,
  "l": 310399488,
  "m": 654294016,
  "n": 4292669,
  "o": 4419994,
  "p": 5977046,
  "q": 6151304,
  "r": 26853776,
  "s": 56020688,
  "t": 44332220,
  "u": 92662304
}
