{
  "b": 73.24869537353516,
  "c": 157.68069458007812,
  "d": 93.33296203613281,
  "e": 200.9114227294922,
  "f": 779000000,
  "g": 1660000000,
  "h": 1050000000,
  "i": 2230000000,
  "j": 762000000,
  "k": 1640000000,
  "l": 1030000000,
  "m": 2210000000,
  "n": 17700000,
  "o": 17700000,
  "p": 23100000,
  "q": 23100000,
  "r": 104000000,
  "s": 221000000,
  "t": 139000000,
  "u": 296000000
}
