{
  "b": 3.7149972915649414,
  "c": 8.232172012329102,
  "d": 4.776533126831055,
  "e": 10.584562301635742,
  "f": 39254168,
  "g": 86265624,
  "h": 53293332,
  "i": 117221448,
  "j": 38635972,
  "k": 85614584,
  "l": 52541864,
  "m": 116430184,
  "n": 618198,
  "o": 651034,
  "p": 751464,
  "q": 791252,
  "r": 10332278,
  "s": 22694446,
  "t": 14136813,
  "u": 31084634
}
