{
  "b": 1.7210309505462646,
  "c": 3.774312734603882,
  "d": 2.226694107055664,
  "e": 4.883092880249023,
  "f": 18300000,
  "g": 39600000,
  "h": 24900000,
  "i": 54200000,
  "j": 17900000,
  "k": 39300000,
  "l": 24500000,
  "m": 53700000,
  "n": 377000,
  "o": 377000,
  "p": 458000,
  "q": 458000,
  "r": 109000,
  "s": 236000,
  "t": 155000,
  "u": 337000
}
