{
  "b": 20.560182571411133,
  "c": 39.20265579223633,
  "d": 26.357515335083008,
  "e": 50.255794525146484,
  "f": 219000000,
  "g": 412000000,
  "h": 296000000,
  "i": 558000000,
  "j": 214000000,
  "k": 408000000,
  "l": 290000000,
  "m": 553000000,
  "n": 4660000,
  "o": 4660000,
  "p": 5760000,
  "q": 5760000,
  "r": 120000000,
  "s": 227000000,
  "t": 163000000,
  "u": 307000000
}
