{
  "b": 1.4011890888214111,
  "c": 3.0748283863067627,
  "d": 1.7708685398101807,
  "e": 3.8861920833587646,
  "f": 14815273,
  "g": 32234950,
  "h": 19776566,
  "i": 43061872,
  "j": 14572367,
  "k": 31978214,
  "l": 19479554,
  "m": 42748112,
  "n": 242906,
  "o": 256736,
  "p": 297014,
  "q": 313762,
  "r": 720118,
  "s": 1566219,
  "t": 976761,
  "u": 2126500
}
