{
  "b": 6.153789043426514,
  "c": 13.346619606018066,
  "d": 7.832114219665527,
  "e": 16.987686157226562,
  "f": 65100000,
  "g": 140000000,
  "h": 87500000,
  "i": 188000000,
  "j": 64000000,
  "k": 139000000,
  "l": 86200000,
  "m": 187000000,
  "n": 1090000,
  "o": 1090000,
  "p": 1390000,
  "q": 1390000,
  "r": 14900000,
  "s": 32100000,
  "t": 20200000,
  "u": 43500000
}
