{
  "b": 6.153789043426514,
  "c": 13.346619606018066,
  "d": 7.832114219665527,
  "e": 16.987686157226562,
  "f": 65070320,
  "g": 139922448,
  "h": 87510440,
  "i": 188280672,
  "j": 63999408,
  "k": 138804848,
  "l": 86153256,
  "m": 186864544,
  "n": 1070915,
  "o": 1117608,
  "p": 1357188,
  "q": 1416130,
  "r": 14931739,
  "s": 32112736,
  "t": 20220642,
  "u": 43520792
}
