{
  "b": 20.560182571411133,
  "c": 39.20265579223633,
  "d": 26.357515335083008,
  "e": 50.255794525146484,
  "f": 218569920,
  "g": 412284608,
  "h": 295795840,
  "i": 558470784,
  "j": 213825904,
  "k": 407707616,
  "l": 289932672,
  "m": 552813760,
  "n": 4743997,
  "o": 4576970,
  "p": 5863161,
  "q": 5657096,
  "r": 120081496,
  "s": 226572944,
  "t": 162611664,
  "u": 307198528
}
