{
  "b": 21.416471481323242,
  "c": 44.399986267089844,
  "d": 29.046052932739258,
  "e": 60.215576171875,
  "f": 227000000,
  "g": 466000000,
  "h": 325000000,
  "i": 668000000,
  "j": 223000000,
  "k": 462000000,
  "l": 320000000,
  "m": 662000000,
  "n": 4350000,
  "o": 4350000,
  "p": 5520000,
  "q": 5520000,
  "r": 72900000,
  "s": 150000000,
  "t": 105000000,
  "u": 215000000
}
