{
  "b": 1.4011890888214111,
  "c": 3.0748283863067627,
  "d": 1.7708685398101807,
  "e": 3.8861920833587646,
  "f": 14800000,
  "g": 32200000,
  "h": 19800000,
  "i": 43100000,
  "j": 14600000,
  "k": 32000000,
  "l": 19500000,
  "m": 42700000,
  "n": 250000,
  "o": 250000,
  "p": 305000,
  "q": 305000,
  "r": 720000,
  "s": 1570000,
  "t": 977000,
  "u": 2130000
}
