{
  "b": 21.416471481323242,
  "c": 44.399986267089844,
  "d": 29.046052932739258,
  "e": 60.215576171875,
  "f": 227041232,
  "g": 466151264,
  "h": 324974208,
  "i": 667941568,
  "j": 222731312,
  "k": 461759840,
  "l": 319506592,
  "m": 662371328,
  "n": 4309924,
  "o": 4391406,
  "p": 5467648,
  "q": 5570240,
  "r": 72873760,
  "s": 149637904,
  "t": 104552832,
  "u": 214975664
}
