{
  "b": 10710.462890625,
  "c": 19461.6328125,
  "d": 14171.54296875,
  "e": 25750.6640625,
  "f": 113691148288,
  "g": 204664864768,
  "h": 158691098624,
  "i": 286014603264,
  "j": 111388811264,
  "k": 202400989184,
  "l": 155886977024,
  "m": 283257307136,
  "n": 2302338816,
  "o": 2263885056,
  "p": 2804109824,
  "q": 2757304576,
  "r": 107902255104,
  "s": 194207285248,
  "t": 150574596096,
  "u": 271389622272
}
