{
  "b": 38.841888427734375,
  "c": 83.45494842529297,
  "d": 51.556270599365234,
  "e": 110.77238464355469,
  "f": 411315520,
  "g": 875719296,
  "h": 575910528,
  "i": 1227798656,
  "j": 403955648,
  "k": 867931456,
  "l": 567118976,
  "m": 1218496256,
  "n": 7359824,
  "o": 7787737,
  "p": 8791504,
  "q": 9302466,
  "r": 144870000,
  "s": 308337280,
  "t": 202492480,
  "u": 431656288
}
