{
  "b": 0.38725191354751587,
  "c": 0.8574424982070923,
  "d": 0.4446437656879425,
  "e": 0.9845638275146484,
  "f": 4090000,
  "g": 8990000,
  "h": 4970000,
  "i": 10900000,
  "j": 4030000,
  "k": 8920000,
  "l": 4890000,
  "m": 10800000,
  "n": 69000,
  "o": 69000,
  "p": 82200,
  "q": 82200,
  "r": 277000,
  "s": 608000,
  "t": 341000,
  "u": 749000
}
