{
  "b": 3.326024293899536,
  "c": 7.06180477142334,
  "d": 4.5311598777771,
  "e": 9.620226860046387,
  "f": 35200000,
  "g": 74100000,
  "h": 50600000,
  "i": 107000000,
  "j": 34600000,
  "k": 73400000,
  "l": 49800000,
  "m": 106000000,
  "n": 673000,
  "o": 673000,
  "p": 812000,
  "q": 812000,
  "r": 1340000,
  "s": 2820000,
  "t": 2010000,
  "u": 4240000
}
