{
  "b": 2.4184181690216064,
  "c": 5.364378452301025,
  "d": 3.048196792602539,
  "e": 6.7613525390625,
  "f": 25586694,
  "g": 56254668,
  "h": 34062224,
  "i": 74943608,
  "j": 25151548,
  "k": 55789536,
  "l": 33530166,
  "m": 74374880,
  "n": 435144,
  "o": 465130,
  "p": 532059,
  "q": 568727,
  "r": 8064488,
  "s": 17731676,
  "t": 10820307,
  "u": 23814454
}
