{
  "b": 54.27458953857422,
  "c": 105.55716705322266,
  "d": 69.13261413574219,
  "e": 134.44647216796875,
  "f": 576421440,
  "g": 1109492864,
  "h": 775654976,
  "i": 1493767808,
  "j": 564455744,
  "k": 1097794560,
  "l": 760458752,
  "m": 1478911232,
  "n": 11965632,
  "o": 11698448,
  "p": 15196193,
  "q": 14856739,
  "r": 196053584,
  "s": 377546720,
  "t": 263771584,
  "u": 508352704
}
