{
  "b": 38.841888427734375,
  "c": 83.45494842529297,
  "d": 51.556270599365234,
  "e": 110.77238464355469,
  "f": 411000000,
  "g": 876000000,
  "h": 576000000,
  "i": 1230000000,
  "j": 404000000,
  "k": 868000000,
  "l": 567000000,
  "m": 1220000000,
  "n": 7570000,
  "o": 7570000,
  "p": 9050000,
  "q": 9050000,
  "r": 145000000,
  "s": 308000000,
  "t": 202000000,
  "u": 432000000
}
