{
  "b": 2.4184181690216064,
  "c": 5.364378452301025,
  "d": 3.048196792602539,
  "e": 6.7613525390625,
  "f": 25600000,
  "g": 56300000,
  "h": 34100000,
  "i": 74900000,
  "j": 25200000,
  "k": 55800000,
  "l": 33500000,
  "m": 74400000,
  "n": 450000,
  "o": 450000,
  "p": 550000,
  "q": 550000,
  "r": 8060000,
  "s": 17700000,
  "t": 10800000,
  "u": 23800000
}
