{
  "b": 54.27458953857422,
  "c": 105.55716705322266,
  "d": 69.13261413574219,
  "e": 134.44647216796875,
  "f": 576000000,
  "g": 1110000000,
  "h": 776000000,
  "i": 1490000000,
  "j": 564000000,
  "k": 1100000000,
  "l": 760000000,
  "m": 1480000000,
  "n": 11800000,
  "o": 11800000,
  "p": 15000000,
  "q": 15000000,
  "r": 196000000,
  "s": 378000000,
  "t": 264000000,
  "u": 508000000
}
