{
  "b": 3.326024293899536,
  "c": 7.06180477142334,
  "d": 4.5311598777771,
  "e": 9.620226860046387,
  "f": 35246796,
  "g": 74131824,
  "h": 50635144,
  "i": 106654472,
  "j": 34590652,
  "k": 73442768,
  "l": 49842760,
  "m": 105822496,
  "n": 656143,
  "o": 689055,
  "p": 792376,
  "q": 831976,
  "r": 1343419,
  "s": 2824739,
  "t": 2010844,
  "u": 4235350
}
