{
  "b": 0.5231235027313232,
  "c": 1.1359717845916748,
  "d": 0.7565984725952148,
  "e": 1.6429201364517212,
  "f": 5550000,
  "g": 11900000,
  "h": 8450000,
  "i": 18200000,
  "j": 5440000,
  "k": 11800000,
  "l": 8320000,
  "m": 18100000,
  "n": 108000,
  "o": 108000,
  "p": 137000,
  "q": 137000,
  "r": 233000,
  "s": 502000,
  "t": 371000,
  "u": 801000
}
