{
  "b": 17.646909713745117,
  "c": 37.58977508544922,
  "d": 27.358272552490234,
  "e": 58.276771545410156,
  "f": 187000000,
  "g": 394000000,
  "h": 305000000,
  "i": 645000000,
  "j": 184000000,
  "k": 391000000,
  "l": 301000000,
  "m": 641000000,
  "n": 3150000,
  "o": 3150000,
  "p": 4110000,
  "q": 4110000,
  "r": 35100000,
  "s": 74200000,
  "t": 58000000,
  "u": 123000000
}
