{
  "b": 19.820159912109375,
  "c": 43.131717681884766,
  "d": 25.43552589416504,
  "e": 55.35124969482422,
  "f": 210531936,
  "g": 453207168,
  "h": 285272512,
  "i": 614636288,
  "j": 206129664,
  "k": 448569856,
  "l": 279790784,
  "m": 608863744,
  "n": 4402279,
  "o": 4637278,
  "p": 5481732,
  "q": 5772482,
  "r": 50975792,
  "s": 109616256,
  "t": 68796640,
  "u": 148116160
}
