{
  "b": 2336.100341796875,
  "c": 4643.36181640625,
  "d": 3334.121337890625,
  "e": 6627.173828125,
  "f": 24800000000,
  "g": 48800000000,
  "h": 37300000000,
  "i": 73500000000,
  "j": 24300000000,
  "k": 48300000000,
  "l": 36700000000,
  "m": 72900000000,
  "n": 476000000,
  "o": 476000000,
  "p": 601000000,
  "q": 601000000,
  "r": 14000000000,
  "s": 27500000000,
  "t": 20900000000,
  "u": 41100000000
}
