{
  "b": 32.55509567260742,
  "c": 67.49016571044922,
  "d": 41.95206832885742,
  "e": 86.96946716308594,
  "f": 344716448,
  "g": 708206016,
  "h": 469061632,
  "i": 964455168,
  "j": 338572992,
  "k": 701897728,
  "l": 461472736,
  "m": 956664128,
  "n": 6143446,
  "o": 6308255,
  "p": 7588930,
  "q": 7791085,
  "r": 28140998,
  "s": 57749320,
  "t": 39276252,
  "u": 80686832
}
