{
  "b": 2336.100341796875,
  "c": 4643.36181640625,
  "d": 3334.121337890625,
  "e": 6627.173828125,
  "f": 24764327936,
  "g": 48774942720,
  "h": 37266989056,
  "i": 73509781504,
  "j": 24295442432,
  "k": 48290963456,
  "l": 36675334144,
  "m": 72898912256,
  "n": 468884832,
  "o": 483983936,
  "p": 591651968,
  "q": 610860288,
  "r": 13975575552,
  "s": 27509377024,
  "t": 20867825664,
  "u": 41147899904
}
