{
  "b": 19.820159912109375,
  "c": 43.131717681884766,
  "d": 25.43552589416504,
  "e": 55.35124969482422,
  "f": 211000000,
  "g": 453000000,
  "h": 285000000,
  "i": 615000000,
  "j": 206000000,
  "k": 449000000,
  "l": 280000000,
  "m": 609000000,
  "n": 4520000,
  "o": 4520000,
  "p": 5630000,
  "q": 5630000,
  "r": 51000000,
  "s": 110000000,
  "t": 68800000,
  "u": 148000000
}
