{
  "b": 0.5231235027313232,
  "c": 1.1359717845916748,
  "d": 0.7565984725952148,
  "e": 1.6429201364517212,
  "f": 5545477,
  "g": 11925778,
  "h": 8454999,
  "i": 18212896,
  "j": 5440485,
  "k": 11814107,
  "l": 8322583,
  "m": 18072122,
  "n": 104994,
  "o": 111671,
  "p": 132416,
  "q": 140773,
  "r": 233113,
  "s": 501974,
  "t": 371374,
  "u": 801306
}
