{
  "b": 32.55509567260742,
  "c": 67.49016571044922,
  "d": 41.95206832885742,
  "e": 86.96946716308594,
  "f": 345000000,
  "g": 708000000,
  "h": 469000000,
  "i": 964000000,
  "j": 339000000,
  "k": 702000000,
  "l": 461000000,
  "m": 957000000,
  "n": 6230000,
  "o": 6230000,
  "p": 7690000,
  "q": 7690000,
  "r": 28100000,
  "s": 57700000,
  "t": 39300000,
  "u": 80700000
}
