{
  "b": 460.1457214355469,
  "c": 914.5654296875,
  "d": 593.257080078125,
  "e": 1179.0888671875,
  "f": 4878289920,
  "g": 9604218880,
  "h": 6640584192,
  "i": 13084684288,
  "j": 4785515520,
  "k": 9511480320,
  "l": 6525827584,
  "m": 12969977856,
  "n": 92774320,
  "o": 92738248,
  "p": 114756616,
  "q": 114705024,
  "r": 2363556864,
  "s": 4651983872,
  "t": 3207247104,
  "u": 6319097856
}
