{
  "b": 1.643512487411499,
  "c": 3.603100061416626,
  "d": 2.204901695251465,
  "e": 4.834081649780273,
  "f": 17400000,
  "g": 37800000,
  "h": 24600000,
  "i": 53600000,
  "j": 17100000,
  "k": 37500000,
  "l": 24300000,
  "m": 53200000,
  "n": 310000,
  "o": 310000,
  "p": 381000,
  "q": 381000,
  "r": 2010000,
  "s": 4370000,
  "t": 2900000,
  "u": 6310000
}
