{
  "b": 791.686279296875,
  "c": 1662.1177978515625,
  "d": 1203.7640380859375,
  "e": 2527.277587890625,
  "f": 8400000000,
  "g": 17500000000,
  "h": 13500000000,
  "i": 28000000000,
  "j": 8230000000,
  "k": 17300000000,
  "l": 13200000000,
  "m": 27800000000,
  "n": 169000000,
  "o": 169000000,
  "p": 244000000,
  "q": 244000000,
  "r": 5440000000,
  "s": 11300000000,
  "t": 8910000000,
  "u": 18500000000
}
