{
  "b": 59.59086608886719,
  "c": 126.97126007080078,
  "d": 101.27528381347656,
  "e": 215.7895050048828,
  "f": 630600960,
  "g": 1331614208,
  "h": 1129563392,
  "i": 2389581312,
  "j": 619745024,
  "k": 1320501120,
  "l": 1114028160,
  "m": 2373684480,
  "n": 10855972,
  "o": 11112999,
  "p": 15535196,
  "q": 15896597,
  "r": 217800704,
  "s": 459693184,
  "t": 393168320,
  "u": 831330432
}
