{
  "b": 3.278965711593628,
  "c": 7.116321563720703,
  "d": 4.472933769226074,
  "e": 9.707509994506836,
  "f": 34800000,
  "g": 74800000,
  "h": 50100000,
  "i": 108000000,
  "j": 34100000,
  "k": 74000000,
  "l": 49200000,
  "m": 107000000,
  "n": 751000,
  "o": 751000,
  "p": 967000,
  "q": 967000,
  "r": 4980000,
  "s": 10700000,
  "t": 7360000,
  "u": 15900000
}
