{
  "b": 1.643512487411499,
  "c": 3.603100061416626,
  "d": 2.204901695251465,
  "e": 4.834081649780273,
  "f": 17394028,
  "g": 37791292,
  "h": 24624072,
  "i": 53566424,
  "j": 17092530,
  "k": 37472240,
  "l": 24253918,
  "m": 53174896,
  "n": 301496,
  "o": 319050,
  "p": 370149,
  "q": 391524,
  "r": 2009217,
  "s": 4373291,
  "t": 2896364,
  "u": 6312741
}
