{
  "b": 3.278965711593628,
  "c": 7.116321563720703,
  "d": 4.472933769226074,
  "e": 9.707509994506836,
  "f": 34833144,
  "g": 74780608,
  "h": 50144528,
  "i": 107774704,
  "j": 34101244,
  "k": 74009744,
  "l": 49202272,
  "m": 106782608,
  "n": 731899,
  "o": 770851,
  "p": 942254,
  "q": 992104,
  "r": 4976289,
  "s": 10697424,
  "t": 7363158,
  "u": 15853246
}
