{
  "b": 791.686279296875,
  "c": 1662.1177978515625,
  "d": 1203.7640380859375,
  "e": 2527.277587890625,
  "f": 8401453568,
  "g": 17456711680,
  "h": 13483326464,
  "i": 28045799424,
  "j": 8233537024,
  "k": 17286025216,
  "l": 13241404416,
  "m": 27800053760,
  "n": 167916336,
  "o": 170685440,
  "p": 241921328,
  "q": 245745120,
  "r": 5436586496,
  "s": 11292628992,
  "t": 8908065792,
  "u": 18527879168
}
