{
  "b": 460.1457214355469,
  "c": 914.5654296875,
  "d": 593.257080078125,
  "e": 1179.0888671875,
  "f": 4880000000,
  "g": 9600000000,
  "h": 6640000000,
  "i": 13100000000,
  "j": 4790000000,
  "k": 9510000000,
  "l": 6530000000,
  "m": 13000000000,
  "n": 92800000,
  "o": 92800000,
  "p": 115000000,
  "q": 115000000,
  "r": 2360000000,
  "s": 4650000000,
  "t": 3210000000,
  "u": 6320000000
}
