{
  "b": 59.59086608886719,
  "c": 126.97126007080078,
  "d": 101.27528381347656,
  "e": 215.7895050048828,
  "f": 631000000,
  "g": 1330000000,
  "h": 1130000000,
  "i": 2390000000,
  "j": 620000000,
  "k": 1320000000,
  "l": 1110000000,
  "m": 2370000000,
  "n": 11000000,
  "o": 11000000,
  "p": 15700000,
  "q": 15700000,
  "r": 218000000,
  "s": 460000000,
  "t": 393000000,
  "u": 831000000
}
