{
  "b": 1808.3548583984375,
  "c": 3614.92431640625,
  "d": 2585.662109375,
  "e": 5168.8046875,
  "f": 19200000000,
  "g": 38000000000,
  "h": 28900000000,
  "i": 57300000000,
  "j": 18800000000,
  "k": 37600000000,
  "l": 28400000000,
  "m": 56900000000,
  "n": 375000000,
  "o": 375000000,
  "p": 482000000,
  "q": 482000000,
  "r": 15900000000,
  "s": 31400000000,
  "t": 23900000000,
  "u": 47300000000
}
