{
  "b": 189.84629821777344,
  "c": 374.66925048828125,
  "d": 238.32093811035156,
  "e": 470.3065490722656,
  "f": 2014206208,
  "g": 3936208384,
  "h": 2671866880,
  "i": 5223510528,
  "j": 1974401536,
  "k": 3896560128,
  "l": 2621530368,
  "m": 5173371904,
  "n": 39804608,
  "o": 39648344,
  "p": 50336248,
  "q": 50138252,
  "r": 604738688,
  "s": 1181766400,
  "t": 796491264,
  "u": 1557389824
}
