{
  "b": 1808.3548583984375,
  "c": 3614.92431640625,
  "d": 2585.662109375,
  "e": 5168.8046875,
  "f": 19181613056,
  "g": 37970186240,
  "h": 28923967488,
  "i": 57338810368,
  "j": 18806890496,
  "k": 37595213824,
  "l": 28442284032,
  "m": 56856850432,
  "n": 374724928,
  "o": 374976448,
  "p": 481681088,
  "q": 481956800,
  "r": 15869687808,
  "s": 31407349760,
  "t": 23872065536,
  "u": 47323009024
}
