{
  "b": 31.5141544342041,
  "c": 68.5084457397461,
  "d": 47.7379035949707,
  "e": 103.7781753540039,
  "f": 334000000,
  "g": 719000000,
  "h": 533000000,
  "i": 1150000000,
  "j": 328000000,
  "k": 712000000,
  "l": 525000000,
  "m": 1140000000,
  "n": 6410000,
  "o": 6410000,
  "p": 8530000,
  "q": 8530000,
  "r": 50400000,
  "s": 109000000,
  "t": 81900000,
  "u": 177000000
}
