{
  "b": 428.9488220214844,
  "c": 844.9271850585938,
  "d": 509.86480712890625,
  "e": 1004.2835083007812,
  "f": 4550000000,
  "g": 8870000000,
  "h": 5720000000,
  "i": 11200000000,
  "j": 4460000000,
  "k": 8790000000,
  "l": 5610000000,
  "m": 11000000000,
  "n": 87100000,
  "o": 87100000,
  "p": 107000000,
  "q": 107000000,
  "r": 2330000000,
  "s": 4550000000,
  "t": 2960000000,
  "u": 5790000000
}
