{
  "b": 31.5141544342041,
  "c": 68.5084457397461,
  "d": 47.7379035949707,
  "e": 103.7781753540039,
  "f": 333916288,
  "g": 719129600,
  "h": 533333824,
  "i": 1150403456,
  "j": 327747200,
  "k": 712487872,
  "l": 525116960,
  "m": 1141559936,
  "n": 6169009,
  "o": 6641663,
  "p": 8216892,
  "q": 8843380,
  "r": 50389268,
  "s": 108528776,
  "t": 81949824,
  "u": 176824224
}
