{
  "b": 363.2766418457031,
  "c": 779.399658203125,
  "d": 527.6072998046875,
  "e": 1131.9576416015625,
  "f": 3858181120,
  "g": 8189313024,
  "h": 5913025536,
  "i": 12565515264,
  "j": 3778076928,
  "k": 8105756672,
  "l": 5803680256,
  "m": 12451533824,
  "n": 80104664,
  "o": 83556240,
  "p": 109344400,
  "q": 113982576,
  "r": 802518016,
  "s": 1700621440,
  "t": 1225279744,
  "u": 2600241152
}
