{
  "b": 189.84629821777344,
  "c": 374.66925048828125,
  "d": 238.32093811035156,
  "e": 470.3065490722656,
  "f": 2010000000,
  "g": 3940000000,
  "h": 2670000000,
  "i": 5220000000,
  "j": 1970000000,
  "k": 3900000000,
  "l": 2620000000,
  "m": 5170000000,
  "n": 39700000,
  "o": 39700000,
  "p": 50200000,
  "q": 50200000,
  "r": 605000000,
  "s": 1180000000,
  "t": 796000000,
  "u": 1560000000
}
