{
  "b": 363.2766418457031,
  "c": 779.399658203125,
  "d": 527.6072998046875,
  "e": 1131.9576416015625,
  "f": 3860000000,
  "g": 8190000000,
  "h": 5910000000,
  "i": 12600000000,
  "j": 3780000000,
  "k": 8110000000,
  "l": 5800000000,
  "m": 12500000000,
  "n": 81800000,
  "o": 81800000,
  "p": 112000000,
  "q": 112000000,
  "r": 803000000,
  "s": 1700000000,
  "t": 1230000000,
  "u": 2600000000
}
