{
  "b": 9.435227394104004,
  "c": 20.704439163208008,
  "d": 12.854589462280273,
  "e": 28.208425521850586,
  "f": 99700000,
  "g": 217000000,
  "h": 143000000,
  "i": 312000000,
  "j": 98100000,
  "k": 215000000,
  "l": 141000000,
  "m": 310000000,
  "n": 1590000,
  "o": 1590000,
  "p": 1970000,
  "q": 1970000,
  "r": 22600000,
  "s": 49100000,
  "t": 32200000,
  "u": 70100000
}
