{
  "b": 39.27524185180664,
  "c": 85.27140045166016,
  "d": 51.181514739990234,
  "e": 111.12301635742188,
  "f": 417000000,
  "g": 895000000,
  "h": 573000000,
  "i": 1230000000,
  "j": 408000000,
  "k": 887000000,
  "l": 563000000,
  "m": 1220000000,
  "n": 8360000,
  "o": 8360000,
  "p": 10600000,
  "q": 10600000,
  "r": 154000000,
  "s": 331000000,
  "t": 214000000,
  "u": 461000000
}
