{
  "b": 214.26132202148438,
  "c": 443.5095520019531,
  "d": 293.1548767089844,
  "e": 606.807861328125,
  "f": 2276063744,
  "g": 4661165056,
  "h": 3284122880,
  "i": 6735447040,
  "j": 2228317696,
  "k": 4612499456,
  "l": 3224703488,
  "m": 6674886656,
  "n": 47745824,
  "o": 48665640,
  "p": 59419660,
  "q": 60561280,
  "r": 876639744,
  "s": 1795571840,
  "t": 1265082368,
  "u": 2595553792
}
