{
  "b": 39.27524185180664,
  "c": 85.27140045166016,
  "d": 51.181514739990234,
  "e": 111.12301635742188,
  "f": 416523616,
  "g": 895490048,
  "h": 573210624,
  "i": 1233331456,
  "j": 408462528,
  "k": 886822592,
  "l": 562996672,
  "m": 1222353152,
  "n": 8061100,
  "o": 8667441,
  "p": 10214024,
  "q": 10978414,
  "r": 154076288,
  "s": 331270720,
  "t": 214311328,
  "u": 461248192
}
