{
  "b": 381.70208740234375,
  "c": 793.3956909179688,
  "d": 523.6035766601562,
  "e": 1088.33349609375,
  "f": 4060000000,
  "g": 8340000000,
  "h": 5870000000,
  "i": 12100000000,
  "j": 3970000000,
  "k": 8250000000,
  "l": 5760000000,
  "m": 12000000000,
  "n": 91300000,
  "o": 91300000,
  "p": 115000000,
  "q": 115000000,
  "r": 2000000000,
  "s": 4110000000,
  "t": 2910000000,
  "u": 6000000000
}
