{
  "b": 381.70208740234375,
  "c": 793.3956909179688,
  "d": 523.6035766601562,
  "e": 1088.33349609375,
  "f": 4060157696,
  "g": 8343537664,
  "h": 5873957888,
  "i": 12088205312,
  "j": 3969701632,
  "k": 8251315200,
  "l": 5759639040,
  "m": 11971667968,
  "n": 90456272,
  "o": 92222984,
  "p": 114318664,
  "q": 116538864,
  "r": 2002456448,
  "s": 4112633344,
  "t": 2914704384,
  "u": 5996283904
}
