{
  "b": 214.26132202148438,
  "c": 443.5095520019531,
  "d": 293.1548767089844,
  "e": 606.807861328125,
  "f": 2280000000,
  "g": 4660000000,
  "h": 3280000000,
  "i": 6740000000,
  "j": 2230000000,
  "k": 4610000000,
  "l": 3220000000,
  "m": 6670000000,
  "n": 48200000,
  "o": 48200000,
  "p": 60000000,
  "q": 60000000,
  "r": 877000000,
  "s": 1800000000,
  "t": 1270000000,
  "u": 2600000000
}
