{
  "b": 9.435227394104004,
  "c": 20.704439163208008,
  "d": 12.854589462280273,
  "e": 28.208425521850586,
  "f": 99677280,
  "g": 216945568,
  "h": 143327152,
  "i": 312303808,
  "j": 98126368,
  "k": 215326176,
  "l": 141400480,
  "m": 310292672,
  "n": 1550905,
  "o": 1619383,
  "p": 1926688,
  "q": 2011199,
  "r": 22558178,
  "s": 49093016,
  "t": 32189308,
  "u": 70138064
}
