{
  "b": 57.000892639160156,
  "c": 119.87287139892578,
  "d": 74.141845703125,
  "e": 155.9219207763672,
  "f": 606000000,
  "g": 1260000000,
  "h": 831000000,
  "i": 1730000000,
  "j": 593000000,
  "k": 1250000000,
  "l": 816000000,
  "m": 1720000000,
  "n": 12900000,
  "o": 12900000,
  "p": 15700000,
  "q": 15700000,
  "r": 141000000,
  "s": 293000000,
  "t": 193000000,
  "u": 401000000
}
