{
  "b": 57.000892639160156,
  "c": 119.87287139892578,
  "d": 74.141845703125,
  "e": 155.9219207763672,
  "f": 605520448,
  "g": 1259754240,
  "h": 831038080,
  "i": 1731063424,
  "j": 592809280,
  "k": 1246677888,
  "l": 815560320,
  "m": 1715141120,
  "n": 12711200,
  "o": 13076373,
  "p": 15477777,
  "q": 15922050,
  "r": 140706448,
  "s": 292594624,
  "t": 192737680,
  "u": 401425824
}
