{
  "b": 216.36036682128906,
  "c": 417.8222351074219,
  "d": 300.7233581542969,
  "e": 580.7242431640625,
  "f": 2292862720,
  "g": 4387099648,
  "h": 3360024576,
  "i": 6438865408,
  "j": 2250147840,
  "k": 4345351168,
  "l": 3307956992,
  "m": 6387966976,
  "n": 42714824,
  "o": 41748912,
  "p": 52067360,
  "q": 50898184,
  "r": 338506400,
  "s": 647492672,
  "t": 483609888,
  "u": 926643136
}
