{
  "b": 216.36036682128906,
  "c": 417.8222351074219,
  "d": 300.7233581542969,
  "e": 580.7242431640625,
  "f": 2290000000,
  "g": 4390000000,
  "h": 3360000000,
  "i": 6440000000,
  "j": 2250000000,
  "k": 4350000000,
  "l": 3310000000,
  "m": 6390000000,
  "n": 42200000,
  "o": 42200000,
  "p": 51500000,
  "q": 51500000,
  "r": 339000000,
  "s": 647000000,
  "t": 484000000,
  "u": 927000000
}
