{
  "b": 37.61602783203125,
  "c": 82.12406158447266,
  "d": 51.16654968261719,
  "e": 111.70365905761719,
  "f": 398318464,
  "g": 861593280,
  "h": 571738496,
  "i": 1238134784,
  "j": 391206688,
  "k": 854090240,
  "l": 562832064,
  "m": 1228740224,
  "n": 7111779,
  "o": 7502973,
  "p": 8906439,
  "q": 9394618,
  "r": 239983680,
  "s": 518904032,
  "t": 344596448,
  "u": 746085888
}
