{
  "b": 37.61602783203125,
  "c": 82.12406158447266,
  "d": 51.16654968261719,
  "e": 111.70365905761719,
  "f": 398000000,
  "g": 862000000,
  "h": 572000000,
  "i": 1240000000,
  "j": 391000000,
  "k": 854000000,
  "l": 563000000,
  "m": 1230000000,
  "n": 7310000,
  "o": 7310000,
  "p": 9150000,
  "q": 9150000,
  "r": 240000000,
  "s": 519000000,
  "t": 345000000,
  "u": 746000000
}
