{
  "b": 136.94754028320312,
  "c": 267.9510803222656,
  "d": 171.40283203125,
  "e": 335.3422546386719,
  "f": 1450000000,
  "g": 2820000000,
  "h": 1920000000,
  "i": 3730000000,
  "j": 1420000000,
  "k": 2790000000,
  "l": 1890000000,
  "m": 3690000000,
  "n": 29500000,
  "o": 29500000,
  "p": 37200000,
  "q": 37200000,
  "r": 364000000,
  "s": 706000000,
  "t": 478000000,
  "u": 927000000
}
