{
  "b": 0.31752729415893555,
  "c": 0.6907243132591248,
  "d": 0.4045589864253998,
  "e": 0.8800792098045349,
  "f": 3360000,
  "g": 7250000,
  "h": 4520000,
  "i": 9760000,
  "j": 3300000,
  "k": 7180000,
  "l": 4450000,
  "m": 9680000,
  "n": 61100,
  "o": 61100,
  "p": 75300,
  "q": 75300,
  "r": 323000,
  "s": 697000,
  "t": 449000,
  "u": 970000
}
