{
  "b": 136.94754028320312,
  "c": 267.9510803222656,
  "d": 171.40283203125,
  "e": 335.3422546386719,
  "f": 1453947904,
  "g": 2816075520,
  "h": 1922832128,
  "i": 3725775616,
  "j": 1424254464,
  "k": 2786691328,
  "l": 1885431168,
  "m": 3688764928,
  "n": 29693330,
  "o": 29384010,
  "p": 37400836,
  "q": 37010888,
  "r": 364421856,
  "s": 705724032,
  "t": 478222208,
  "u": 926686400
}
