{
  "b": 51.995304107666016,
  "c": 107.40897369384766,
  "d": 65.83197784423828,
  "e": 135.98733520507812,
  "f": 552288448,
  "g": 1128799360,
  "h": 738728448,
  "i": 1510699136,
  "j": 540751168,
  "k": 1117053312,
  "l": 724151744,
  "m": 1495860608,
  "n": 11537274,
  "o": 11746045,
  "p": 14576805,
  "q": 14838530,
  "r": 195221024,
  "s": 399622048,
  "t": 263100640,
  "u": 539056576
}
