{
  "b": 0.7452579140663147,
  "c": 1.638908863067627,
  "d": 0.9588413834571838,
  "e": 2.108665943145752,
  "f": 7871186,
  "g": 17170526,
  "h": 10693226,
  "i": 23347764,
  "j": 7750682,
  "k": 17044652,
  "l": 10547255,
  "m": 23195326,
  "n": 120504,
  "o": 125874,
  "p": 145971,
  "q": 152440,
  "r": 481934,
  "s": 1052688,
  "t": 676005,
  "u": 1478063
}
