{
  "b": 51.995304107666016,
  "c": 107.40897369384766,
  "d": 65.83197784423828,
  "e": 135.98733520507812,
  "f": 552000000,
  "g": 1130000000,
  "h": 739000000,
  "i": 1510000000,
  "j": 541000000,
  "k": 1120000000,
  "l": 724000000,
  "m": 1500000000,
  "n": 11600000,
  "o": 11600000,
  "p": 14700000,
  "q": 14700000,
  "r": 195000000,
  "s": 400000000,
  "t": 263000000,
  "u": 539000000
}
