{
  "b": 8.687121391296387,
  "c": 18.630138397216797,
  "d": 12.36894416809082,
  "e": 26.525314331054688,
  "f": 92102064,
  "g": 195614112,
  "h": 138180304,
  "i": 294025920,
  "j": 90346064,
  "k": 193753440,
  "l": 136058384,
  "m": 291778464,
  "n": 1756005,
  "o": 1860680,
  "p": 2121916,
  "q": 2247449,
  "r": 5140007,
  "s": 10939270,
  "t": 7715879,
  "u": 16452362
}
