{
  "b": 2.3850412368774414,
  "c": 5.227092742919922,
  "d": 2.8684520721435547,
  "e": 6.286748886108398,
  "f": 25200000,
  "g": 54800000,
  "h": 32100000,
  "i": 69700000,
  "j": 24800000,
  "k": 54400000,
  "l": 31600000,
  "m": 69200000,
  "n": 419000,
  "o": 419000,
  "p": 520000,
  "q": 520000,
  "r": 588000,
  "s": 1250000,
  "t": 742000,
  "u": 1580000
}
