{
  "b": 2.3850412368774414,
  "c": 5.227092742919922,
  "d": 2.8684520721435547,
  "e": 6.286748886108398,
  "f": 25214354,
  "g": 54790132,
  "h": 32061390,
  "i": 69685440,
  "j": 24804428,
  "k": 54361764,
  "l": 31552974,
  "m": 69154240,
  "n": 409926,
  "o": 428370,
  "p": 508415,
  "q": 531196,
  "r": 587966,
  "s": 1250229,
  "t": 742351,
  "u": 1579126
}
