{
  "b": 10.93941593170166,
  "c": 23.259742736816406,
  "d": 12.990139961242676,
  "e": 27.620407104492188,
  "f": 115841600,
  "g": 244048096,
  "h": 145481952,
  "i": 306508160,
  "j": 113769928,
  "k": 241901328,
  "l": 142891536,
  "m": 303824480,
  "n": 2071680,
  "o": 2146743,
  "p": 2590421,
  "q": 2683648,
  "r": 30153894,
  "s": 63533360,
  "t": 38051552,
  "u": 80198232
}
