{
  "b": 10.93941593170166,
  "c": 23.259742736816406,
  "d": 12.990139961242676,
  "e": 27.620407104492188,
  "f": 116000000,
  "g": 244000000,
  "h": 145000000,
  "i": 307000000,
  "j": 114000000,
  "k": 242000000,
  "l": 143000000,
  "m": 304000000,
  "n": 2110000,
  "o": 2110000,
  "p": 2640000,
  "q": 2640000,
  "r": 30200000,
  "s": 63500000,
  "t": 38100000,
  "u": 80200000
}
