{
  "b": 0.7452579140663147,
  "c": 1.638908863067627,
  "d": 0.9588413834571838,
  "e": 2.108665943145752,
  "f": 7870000,
  "g": 17200000,
  "h": 10700000,
  "i": 23300000,
  "j": 7750000,
  "k": 17000000,
  "l": 10500000,
  "m": 23200000,
  "n": 123000,
  "o": 123000,
  "p": 149000,
  "q": 149000,
  "r": 482000,
  "s": 1050000,
  "t": 676000,
  "u": 1480000
}
