{
  "b": 363.31048583984375,
  "c": 753.75537109375,
  "d": 525.7926025390625,
  "e": 1090.8671875,
  "f": 3860000000,
  "g": 7930000000,
  "h": 5890000000,
  "i": 12100000000,
  "j": 3780000000,
  "k": 7840000000,
  "l": 5780000000,
  "m": 12000000000,
  "n": 85200000,
  "o": 85200000,
  "p": 108000000,
  "q": 108000000,
  "r": 613000000,
  "s": 1260000000,
  "t": 944000000,
  "u": 1940000000
}
