{
  "b": 9.469377517700195,
  "c": 19.999048233032227,
  "d": 10.822382926940918,
  "e": 22.857229232788086,
  "f": 100136920,
  "g": 209656240,
  "h": 121078424,
  "i": 253474416,
  "j": 98481528,
  "k": 207990096,
  "l": 119046208,
  "m": 251429520,
  "n": 1655387,
  "o": 1666123,
  "p": 2032218,
  "q": 2044894,
  "r": 13892767,
  "s": 29107530,
  "t": 16901018,
  "u": 35416020
}
