{
  "b": 9.469377517700195,
  "c": 19.999048233032227,
  "d": 10.822382926940918,
  "e": 22.857229232788086,
  "f": 100000000,
  "g": 210000000,
  "h": 121000000,
  "i": 253000000,
  "j": 98500000,
  "k": 208000000,
  "l": 119000000,
  "m": 251000000,
  "n": 1660000,
  "o": 1660000,
  "p": 2040000,
  "q": 2040000,
  "r": 13900000,
  "s": 29100000,
  "t": 16900000,
  "u": 35400000
}
