{
  "b": 32.59267807006836,
  "c": 67.87773132324219,
  "d": 40.9650764465332,
  "e": 85.31182861328125,
  "f": 345535584,
  "g": 712720768,
  "h": 458833312,
  "i": 946922048,
  "j": 338963840,
  "k": 705928384,
  "l": 450615840,
  "m": 938430080,
  "n": 6571799,
  "o": 6792379,
  "p": 8217512,
  "q": 8491966,
  "r": 77158720,
  "s": 159261104,
  "t": 103226552,
  "u": 213221024
}
