{
  "b": 363.31048583984375,
  "c": 753.75537109375,
  "d": 525.7926025390625,
  "e": 1090.8671875,
  "f": 3859741696,
  "g": 7928049664,
  "h": 5887265792,
  "i": 12112861184,
  "j": 3778429184,
  "k": 7839055872,
  "l": 5783718400,
  "m": 11999539200,
  "n": 81312728,
  "o": 88992912,
  "p": 103546864,
  "q": 113321872,
  "r": 613181440,
  "s": 1259304320,
  "t": 944244544,
  "u": 1943036032
}
