{
  "b": 1.638903260231018,
  "c": 3.567768096923828,
  "d": 1.711548924446106,
  "e": 3.7256436347961426,
  "f": 17400000,
  "g": 37400000,
  "h": 19200000,
  "i": 41400000,
  "j": 17000000,
  "k": 37100000,
  "l": 18800000,
  "m": 41000000,
  "n": 319000,
  "o": 319000,
  "p": 390000,
  "q": 390000,
  "r": 1290000,
  "s": 2790000,
  "t": 1480000,
  "u": 3200000
}
