{
  "b": 0.45592159032821655,
  "c": 0.9936743378639221,
  "d": 0.44349390268325806,
  "e": 0.966475248336792,
  "f": 4830000,
  "g": 10400000,
  "h": 4970000,
  "i": 10700000,
  "j": 4740000,
  "k": 10300000,
  "l": 4880000,
  "m": 10600000,
  "n": 90100,
  "o": 90100,
  "p": 95300,
  "q": 95300,
  "r": 61200,
  "s": 133000,
  "t": 67500,
  "u": 146000
}
