{
  "b": 154.87644958496094,
  "c": 314.6936340332031,
  "d": 226.2486114501953,
  "e": 459.72467041015625,
  "f": 1640000000,
  "g": 3310000000,
  "h": 2540000000,
  "i": 5110000000,
  "j": 1610000000,
  "k": 3270000000,
  "l": 2490000000,
  "m": 5060000000,
  "n": 32900000,
  "o": 32900000,
  "p": 49500000,
  "q": 49500000,
  "r": 406000000,
  "s": 818000000,
  "t": 648000000,
  "u": 1300000000
}
