{
  "b": 154.87644958496094,
  "c": 314.6936340332031,
  "d": 226.2486114501953,
  "e": 459.72467041015625,
  "f": 1643699840,
  "g": 3305728512,
  "h": 2538236928,
  "i": 5106373120,
  "j": 1610715136,
  "k": 3272813824,
  "l": 2488734720,
  "m": 5056971264,
  "n": 32984720,
  "o": 32914756,
  "p": 49502332,
  "q": 49402148,
  "r": 406459040,
  "s": 817867776,
  "t": 647725248,
  "u": 1303876608
}
