{
  "b": 198.44557189941406,
  "c": 402.6478271484375,
  "d": 287.0339660644531,
  "e": 582.4027099609375,
  "f": 2110000000,
  "g": 4230000000,
  "h": 3210000000,
  "i": 6460000000,
  "j": 2060000000,
  "k": 4190000000,
  "l": 3160000000,
  "m": 6410000000,
  "n": 41600000,
  "o": 41600000,
  "p": 56700000,
  "q": 56700000,
  "r": 563000000,
  "s": 1130000000,
  "t": 856000000,
  "u": 1720000000
}
