{
  "b": 198.44557189941406,
  "c": 402.6478271484375,
  "d": 287.0339660644531,
  "e": 582.4027099609375,
  "f": 2105469824,
  "g": 4229056000,
  "h": 3214157568,
  "i": 6463057920,
  "j": 2063833984,
  "k": 4187537408,
  "l": 3157373696,
  "m": 6406429696,
  "n": 41635992,
  "o": 41518784,
  "p": 56783404,
  "q": 56628528,
  "r": 563346944,
  "s": 1130539392,
  "t": 855958464,
  "u": 1720288768
}
