{
  "b": 0.45592159032821655,
  "c": 0.9936743378639221,
  "d": 0.44349390268325806,
  "e": 0.966475248336792,
  "f": 4828854,
  "g": 10427057,
  "h": 4970827,
  "i": 10729520,
  "j": 4741585,
  "k": 10334213,
  "l": 4878433,
  "m": 10631228,
  "n": 87269,
  "o": 92843,
  "p": 92394,
  "q": 98291,
  "r": 61151,
  "s": 132603,
  "t": 67511,
  "u": 146413
}
