{
  "b": 1.638903260231018,
  "c": 3.567768096923828,
  "d": 1.711548924446106,
  "e": 3.7256436347961426,
  "f": 17354886,
  "g": 37432636,
  "h": 19206714,
  "i": 41383168,
  "j": 17044594,
  "k": 37104788,
  "l": 18827038,
  "m": 40982080,
  "n": 310294,
  "o": 327850,
  "p": 379676,
  "q": 401091,
  "r": 1292752,
  "s": 2791702,
  "t": 1481043,
  "u": 3196860
}
