{
  "b": 0.869892418384552,
  "c": 1.9038046598434448,
  "d": 1.3230173587799072,
  "e": 2.895364999771118,
  "f": 9204070,
  "g": 19966944,
  "h": 14777448,
  "i": 32087792,
  "j": 9046881,
  "k": 19799568,
  "l": 14553191,
  "m": 31849014,
  "n": 157189,
  "o": 167375,
  "p": 224257,
  "q": 238775,
  "r": 489439,
  "s": 1061711,
  "t": 820926,
  "u": 1783007
}
