{
  "b": 0.13245898485183716,
  "c": 0.2829234004020691,
  "d": 0.15052784979343414,
  "e": 0.32151588797569275,
  "f": 1403455,
  "g": 2969290,
  "h": 1685645,
  "i": 3567670,
  "j": 1377573,
  "k": 2942403,
  "l": 1655806,
  "m": 3536675,
  "n": 25881,
  "o": 26887,
  "p": 29839,
  "q": 30995,
  "r": 45685,
  "s": 96963,
  "t": 59054,
  "u": 125415
}
