{
  "b": 1.473143219947815,
  "c": 3.0985615253448486,
  "d": 1.7993794679641724,
  "e": 3.7854599952697754,
  "f": 15635729,
  "g": 32549590,
  "h": 20176160,
  "i": 42034584,
  "j": 15320690,
  "k": 32225040,
  "l": 19793174,
  "m": 41640060,
  "n": 315038,
  "o": 324551,
  "p": 382983,
  "q": 394522,
  "r": 998534,
  "s": 2082954,
  "t": 1257496,
  "u": 2626292
}
