{
  "b": 12.508234977722168,
  "c": 25.944713592529297,
  "d": 18.292016983032227,
  "e": 37.9426383972168,
  "f": 133000000,
  "g": 272000000,
  "h": 205000000,
  "i": 421000000,
  "j": 130000000,
  "k": 270000000,
  "l": 201000000,
  "m": 417000000,
  "n": 2430000,
  "o": 2430000,
  "p": 3310000,
  "q": 3310000,
  "r": 5430000,
  "s": 11100000,
  "t": 8520000,
  "u": 17500000
}
