{
  "b": 1.473143219947815,
  "c": 3.0985615253448486,
  "d": 1.7993794679641724,
  "e": 3.7854599952697754,
  "f": 15600000,
  "g": 32500000,
  "h": 20200000,
  "i": 42000000,
  "j": 15300000,
  "k": 32200000,
  "l": 19800000,
  "m": 41600000,
  "n": 320000,
  "o": 320000,
  "p": 389000,
  "q": 389000,
  "r": 999000,
  "s": 2080000,
  "t": 1260000,
  "u": 2630000
}
