{
  "b": 1.3949382305145264,
  "c": 3.0372731685638428,
  "d": 1.9169559478759766,
  "e": 4.173940181732178,
  "f": 14800000,
  "g": 31900000,
  "h": 21400000,
  "i": 46300000,
  "j": 14500000,
  "k": 31600000,
  "l": 21100000,
  "m": 45900000,
  "n": 275000,
  "o": 275000,
  "p": 345000,
  "q": 345000,
  "r": 1300000,
  "s": 2800000,
  "t": 1910000,
  "u": 4130000
}
