{
  "b": 0.38443681597709656,
  "c": 0.8276404738426208,
  "d": 0.4612601399421692,
  "e": 0.9929768443107605,
  "f": 4072952,
  "g": 8685876,
  "h": 5159781,
  "i": 11012792,
  "j": 3998143,
  "k": 8607461,
  "l": 5073862,
  "m": 10922745,
  "n": 74809,
  "o": 78415,
  "p": 85919,
  "q": 90048,
  "r": 25303,
  "s": 52820,
  "t": 41289,
  "u": 86853
}
