{
  "b": 12.508234977722168,
  "c": 25.944713592529297,
  "d": 18.292016983032227,
  "e": 37.9426383972168,
  "f": 132507296,
  "g": 272270816,
  "h": 204501536,
  "i": 420690944,
  "j": 130085640,
  "k": 269825024,
  "l": 201212192,
  "m": 417369024,
  "n": 2421648,
  "o": 2445776,
  "p": 3289358,
  "q": 3321956,
  "r": 5428709,
  "s": 11146507,
  "t": 8522353,
  "u": 17524820
}
