{
  "b": 0.38443681597709656,
  "c": 0.8276404738426208,
  "d": 0.4612601399421692,
  "e": 0.9929768443107605,
  "f": 4070000,
  "g": 8690000,
  "h": 5160000,
  "i": 11000000,
  "j": 4000000,
  "k": 8610000,
  "l": 5070000,
  "m": 10900000,
  "n": 76600,
  "o": 76600,
  "p": 88000,
  "q": 88000,
  "r": 25300,
  "s": 52800,
  "t": 41300,
  "u": 86900
}
