{
  "b": 63.536251068115234,
  "c": 131.7929229736328,
  "d": 93.23533630371094,
  "e": 193.40313720703125,
  "f": 673325888,
  "g": 1383295488,
  "h": 1042700288,
  "i": 2144681472,
  "j": 660777024,
  "k": 1370646400,
  "l": 1025588736,
  "m": 2127434496,
  "n": 12548844,
  "o": 12649062,
  "p": 17111612,
  "q": 17247078,
  "r": 184978608,
  "s": 379758208,
  "t": 289475520,
  "u": 595156288
}
