{
  "b": 5.3276262283325195,
  "c": 11.567059516906738,
  "d": 6.281135082244873,
  "e": 13.636970520019531,
  "f": 56400000,
  "g": 121000000,
  "h": 70300000,
  "i": 151000000,
  "j": 55400000,
  "k": 120000000,
  "l": 69100000,
  "m": 150000000,
  "n": 969000,
  "o": 969000,
  "p": 1190000,
  "q": 1190000,
  "r": 3690000,
  "s": 7950000,
  "t": 4610000,
  "u": 9920000
}
