{
  "b": 0.4910522699356079,
  "c": 1.071426272392273,
  "d": 0.5363971590995789,
  "e": 1.170225739479065,
  "f": 5200000,
  "g": 11200000,
  "h": 6010000,
  "i": 13000000,
  "j": 5110000,
  "k": 11100000,
  "l": 5900000,
  "m": 12900000,
  "n": 98200,
  "o": 98200,
  "p": 114000,
  "q": 114000,
  "r": 239000,
  "s": 519000,
  "t": 291000,
  "u": 632000
}

