{
  "b": 0.34741172194480896,
  "c": 0.7576960921287537,
  "d": 0.3726796507835388,
  "e": 0.8127878308296204,
  "f": 3670000,
  "g": 7950000,
  "h": 4170000,
  "i": 9020000,
  "j": 3610000,
  "k": 7880000,
  "l": 4100000,
  "m": 8940000,
  "n": 63600,
  "o": 63600,
  "p": 75500,
  "q": 75500,
  "r": 90000,
  "s": 195000,
  "t": 104000,
  "u": 225000
}
