{
  "b": 1.0515002012252808,
  "c": 2.2826180458068848,
  "d": 1.3407379388809204,
  "e": 2.9105255603790283,
  "f": 11117839,
  "g": 23931500,
  "h": 14997932,
  "i": 32279332,
  "j": 10935602,
  "k": 23739228,
  "l": 14748117,
  "m": 32015782,
  "n": 182236,
  "o": 192269,
  "p": 249815,
  "q": 263549,
  "r": 210091,
  "s": 451978,
  "t": 290546,
  "u": 625142
}
