{
  "b": 0.38841772079467773,
  "c": 0.8321961760520935,
  "d": 0.5150012969970703,
  "e": 1.1033884286880493,
  "f": 4115036,
  "g": 8733208,
  "h": 5756698,
  "i": 12232433,
  "j": 4039544,
  "k": 8654840,
  "l": 5665014,
  "m": 12137273,
  "n": 75492,
  "o": 78368,
  "p": 91684,
  "q": 95159,
  "r": 75770,
  "s": 161175,
  "t": 109699,
  "u": 233679
}
