{
  "b": 1.0515002012252808,
  "c": 2.2826180458068848,
  "d": 1.3407379388809204,
  "e": 2.9105255603790283,
  "f": 11100000,
  "g": 23900000,
  "h": 15000000,
  "i": 32300000,
  "j": 10900000,
  "k": 23700000,
  "l": 14700000,
  "m": 32000000,
  "n": 187000,
  "o": 187000,
  "p": 257000,
  "q": 257000,
  "r": 210000,
  "s": 452000,
  "t": 291000,
  "u": 625000
}
