{
  "b": 0.34741172194480896,
  "c": 0.7576960921287537,
  "d": 0.3726796507835388,
  "e": 0.8127878308296204,
  "f": 3674804,
  "g": 7945463,
  "h": 4172738,
  "i": 9018315,
  "j": 3613082,
  "k": 7880040,
  "l": 4099476,
  "m": 8940666,
  "n": 61721,
  "o": 65423,
  "p": 73261,
  "q": 77649,
  "r": 90013,
  "s": 194640,
  "t": 104007,
  "u": 224899
}
