{
  "b": 5.3276262283325195,
  "c": 11.567059516906738,
  "d": 6.281135082244873,
  "e": 13.636970520019531,
  "f": 56351120,
  "g": 121291344,
  "h": 70255064,
  "i": 151230800,
  "j": 55407312,
  "k": 120297416,
  "l": 69092488,
  "m": 150006672,
  "n": 943807,
  "o": 993930,
  "p": 1162574,
  "q": 1224130,
  "r": 3693587,
  "s": 7948054,
  "t": 4606570,
  "u": 9916389
}
