{
  "b": 0.38841772079467773,
  "c": 0.8321961760520935,
  "d": 0.5150012969970703,
  "e": 1.1033884286880493,
  "f": 4120000,
  "g": 8730000,
  "h": 5760000,
  "i": 12200000,
  "j": 4040000,
  "k": 8650000,
  "l": 5670000,
  "m": 12100000,
  "n": 76900,
  "o": 76900,
  "p": 93400,
  "q": 93400,
  "r": 75800,
  "s": 161000,
  "t": 110000,
  "u": 234000
}
