{
  "b": 30.717870712280273,
  "c": 63.14470291137695,
  "d": 64.57305908203125,
  "e": 132.7593994140625,
  "f": 326402976,
  "g": 663627200,
  "h": 721218560,
  "i": 1471245824,
  "j": 319465856,
  "k": 656704896,
  "l": 710303680,
  "m": 1460353408,
  "n": 6937120,
  "o": 6922402,
  "p": 10914885,
  "q": 10892318,
  "r": 58588956,
  "s": 119060672,
  "t": 133485224,
  "u": 272178656
}
