{
  "b": 6.487167835235596,
  "c": 13.824625015258789,
  "d": 9.74964714050293,
  "e": 20.777780532836914,
  "f": 68700000,
  "g": 145000000,
  "h": 109000000,
  "i": 230000000,
  "j": 67500000,
  "k": 144000000,
  "l": 107000000,
  "m": 229000000,
  "n": 1230000,
  "o": 1230000,
  "p": 1640000,
  "q": 1640000,
  "r": 1520000,
  "s": 3210000,
  "t": 2390000,
  "u": 5060000
}
