{
  "b": 0.12329737097024918,
  "c": 0.26788920164108276,
  "d": 0.16564616560935974,
  "e": 0.3598725497722626,
  "f": 1306057,
  "g": 2811061,
  "h": 1851393,
  "i": 3989415,
  "j": 1282293,
  "k": 2786048,
  "l": 1822108,
  "m": 3958598,
  "n": 23764,
  "o": 25014,
  "p": 29285,
  "q": 30817,
  "r": 40702,
  "s": 87827,
  "t": 59154,
  "u": 127824
}
