{
  "b": 177.97979736328125,
  "c": 338.6233215332031,
  "d": 200.0257568359375,
  "e": 380.6070556640625,
  "f": 1890000000,
  "g": 3560000000,
  "h": 2250000000,
  "i": 4240000000,
  "j": 1850000000,
  "k": 3520000000,
  "l": 2200000000,
  "m": 4190000000,
  "n": 41200000,
  "o": 41200000,
  "p": 51100000,
  "q": 51100000,
  "r": 1110000000,
  "s": 2100000000,
  "t": 1320000000,
  "u": 2490000000
}
