{
  "b": 3.6572253704071045,
  "c": 7.898464679718018,
  "d": 4.5426506996154785,
  "e": 9.811752319335938,
  "f": 38718512,
  "g": 82850304,
  "h": 50898112,
  "i": 108889304,
  "j": 38035144,
  "k": 82144032,
  "l": 49969160,
  "m": 107929280,
  "n": 683366,
  "o": 706273,
  "p": 928953,
  "q": 960021,
  "r": 13543858,
  "s": 29045288,
  "t": 18141862,
  "u": 38906420
}
