{
  "b": 30.717870712280273,
  "c": 63.14470291137695,
  "d": 64.57305908203125,
  "e": 132.7593994140625,
  "f": 326000000,
  "g": 664000000,
  "h": 721000000,
  "i": 1470000000,
  "j": 319000000,
  "k": 657000000,
  "l": 710000000,
  "m": 1460000000,
  "n": 6930000,
  "o": 6930000,
  "p": 10900000,
  "q": 10900000,
  "r": 58600000,
  "s": 119000000,
  "t": 133000000,
  "u": 272000000
}
