{
  "b": 0.12329737097024918,
  "c": 0.26788920164108276,
  "d": 0.16564616560935974,
  "e": 0.3598725497722626,
  "f": 1310000,
  "g": 2810000,
  "h": 1850000,
  "i": 3990000,
  "j": 1280000,
  "k": 2790000,
  "l": 1820000,
  "m": 3960000,
  "n": 24400,
  "o": 24400,
  "p": 30100,
  "q": 30100,
  "r": 40700,
  "s": 87800,
  "t": 59200,
  "u": 128000
}
