{
  "b": 0.8323458433151245,
  "c": 1.758275032043457,
  "d": 0.982734203338623,
  "e": 2.0762624740600586,
  "f": 8843029,
  "g": 18478006,
  "h": 11065515,
  "i": 23101582,
  "j": 8656397,
  "k": 18286060,
  "l": 10810076,
  "m": 22838886,
  "n": 186631,
  "o": 191944,
  "p": 255440,
  "q": 262698,
  "r": 783693,
  "s": 1643873,
  "t": 968460,
  "u": 2030485
}
