{
  "b": 57.56922912597656,
  "c": 123.02577209472656,
  "d": 81.30879974365234,
  "e": 173.76947021484375,
  "f": 610661248,
  "g": 1291730688,
  "h": 910280448,
  "i": 1927772672,
  "j": 598720000,
  "k": 1279468032,
  "l": 894396800,
  "m": 1911464192,
  "n": 11941315,
  "o": 12262712,
  "p": 15883612,
  "q": 16308669,
  "r": 237106544,
  "s": 502254464,
  "t": 362468480,
  "u": 768899328
}
