{
  "b": 57.56922912597656,
  "c": 123.02577209472656,
  "d": 81.30879974365234,
  "e": 173.76947021484375,
  "f": 611000000,
  "g": 1290000000,
  "h": 910000000,
  "i": 1930000000,
  "j": 599000000,
  "k": 1280000000,
  "l": 894000000,
  "m": 1910000000,
  "n": 12100000,
  "o": 12100000,
  "p": 16100000,
  "q": 16100000,
  "r": 237000000,
  "s": 502000000,
  "t": 362000000,
  "u": 769000000
}
