{
  "b": 0.8323458433151245,
  "c": 1.758275032043457,
  "d": 0.982734203338623,
  "e": 2.0762624740600586,
  "f": 8840000,
  "g": 18500000,
  "h": 11100000,
  "i": 23100000,
  "j": 8660000,
  "k": 18300000,
  "l": 10800000,
  "m": 22800000,
  "n": 189000,
  "o": 189000,
  "p": 259000,
  "q": 259000,
  "r": 784000,
  "s": 1640000,
  "t": 968000,
  "u": 2030000
}
