{
  "b": 1.6576939821243286,
  "c": 3.5946788787841797,
  "d": 2.2937874794006348,
  "e": 4.974416255950928,
  "f": 17500000,
  "g": 37700000,
  "h": 25600000,
  "i": 55100000,
  "j": 17200000,
  "k": 37400000,
  "l": 25200000,
  "m": 54700000,
  "n": 304000,
  "o": 304000,
  "p": 400000,
  "q": 400000,
  "r": 485000,
  "s": 1040000,
  "t": 699000,
  "u": 1500000
}
