{
  "b": 2.398256778717041,
  "c": 5.18873405456543,
  "d": 3.1089322566986084,
  "e": 6.726975917816162,
  "f": 25500000,
  "g": 54500000,
  "h": 34800000,
  "i": 74700000,
  "j": 24900000,
  "k": 54000000,
  "l": 34200000,
  "m": 74000000,
  "n": 531000,
  "o": 531000,
  "p": 660000,
  "q": 660000,
  "r": 2590000,
  "s": 5560000,
  "t": 3580000,
  "u": 7690000
}
