{
  "b": 1.6576939821243286,
  "c": 3.5946788787841797,
  "d": 2.2937874794006348,
  "e": 4.974416255950928,
  "f": 17537464,
  "g": 37695068,
  "h": 25623582,
  "i": 55127504,
  "j": 17240018,
  "k": 37384660,
  "l": 25231662,
  "m": 54718580,
  "n": 297445,
  "o": 310407,
  "p": 391920,
  "q": 408917,
  "r": 485496,
  "s": 1043076,
  "t": 698710,
  "u": 1503094
}
