{
  "b": 2.398256778717041,
  "c": 5.18873405456543,
  "d": 3.1089322566986084,
  "e": 6.726975917816162,
  "f": 25459664,
  "g": 54506104,
  "h": 34842392,
  "i": 74672512,
  "j": 24941870,
  "k": 53962832,
  "l": 34198256,
  "m": 73996736,
  "n": 517798,
  "o": 543272,
  "p": 644135,
  "q": 675784,
  "r": 2590943,
  "s": 5559664,
  "t": 3577905,
  "u": 7688510
}
