{
  "b": 3.590536117553711,
  "c": 7.782879829406738,
  "d": 4.978532791137695,
  "e": 10.79222297668457,
  "f": 38017996,
  "g": 81645784,
  "h": 55687944,
  "i": 119675816,
  "j": 37341576,
  "k": 80941952,
  "l": 54763860,
  "m": 118714448,
  "n": 676421,
  "o": 703834,
  "p": 924078,
  "q": 961379,
  "r": 11181285,
  "s": 24057642,
  "t": 16840586,
  "u": 36267120
}
