{
  "b": 0.0365440808236599,
  "c": 0.08001108467578888,
  "d": 0.04891739785671234,
  "e": 0.10709818452596664,
  "f": 387000,
  "g": 839000,
  "h": 547000,
  "i": 1190000,
  "j": 380000,
  "k": 832000,
  "l": 538000,
  "m": 1180000,
  "n": 6780,
  "o": 6780,
  "p": 9020,
  "q": 9020,
  "r": 12500,
  "s": 27100,
  "t": 17700,
  "u": 38500
}
