{
  "b": 0.18130287528038025,
  "c": 0.39166346192359924,
  "d": 0.21270664036273956,
  "e": 0.45951735973358154,
  "f": 1920000,
  "g": 4110000,
  "h": 2380000,
  "i": 5090000,
  "j": 1890000,
  "k": 4070000,
  "l": 2340000,
  "m": 5050000,
  "n": 33100,
  "o": 33100,
  "p": 37300,
  "q": 37300,
  "r": 24500,
  "s": 52400,
  "t": 29900,
  "u": 64100
}
