{
  "b": 0.812560498714447,
  "c": 1.770198106765747,
  "d": 0.962535560131073,
  "e": 2.0969250202178955,
  "f": 8596418,
  "g": 18564010,
  "h": 10757001,
  "i": 23244718,
  "j": 8450629,
  "k": 18410060,
  "l": 10587891,
  "m": 23066176,
  "n": 145789,
  "o": 153950,
  "p": 169111,
  "q": 178543,
  "r": 312452,
  "s": 674283,
  "t": 390956,
  "u": 844432
}
