{
  "b": 0.0365440808236599,
  "c": 0.08001108467578888,
  "d": 0.04891739785671234,
  "e": 0.10709818452596664,
  "f": 386630,
  "g": 839105,
  "h": 546833,
  "i": 1187376,
  "j": 380058,
  "k": 832115,
  "l": 538091,
  "m": 1178080,
  "n": 6572,
  "o": 6989,
  "p": 8741,
  "q": 9296,
  "r": 12493,
  "s": 27083,
  "t": 17750,
  "u": 38513
}
