{
  "b": 0.812560498714447,
  "c": 1.770198106765747,
  "d": 0.962535560131073,
  "e": 2.0969250202178955,
  "f": 8600000,
  "g": 18600000,
  "h": 10800000,
  "i": 23200000,
  "j": 8450000,
  "k": 18400000,
  "l": 10600000,
  "m": 23100000,
  "n": 150000,
  "o": 150000,
  "p": 174000,
  "q": 174000,
  "r": 312000,
  "s": 674000,
  "t": 391000,
  "u": 844000
}
