{
  "b": 0.8962287306785583,
  "c": 1.9041465520858765,
  "d": 1.0100845098495483,
  "e": 2.146080493927002,
  "f": 9494936,
  "g": 19983958,
  "h": 11317340,
  "i": 23821200,
  "j": 9320779,
  "k": 19803124,
  "l": 11110930,
  "m": 23606886,
  "n": 174157,
  "o": 180834,
  "p": 206410,
  "q": 214315,
  "r": 698555,
  "s": 1475593,
  "t": 868422,
  "u": 1835188
}
