{
  "b": 14.100143432617188,
  "c": 30.17917823791504,
  "d": 22.154293060302734,
  "e": 47.428890228271484,
  "f": 150000000,
  "g": 317000000,
  "h": 248000000,
  "i": 527000000,
  "j": 147000000,
  "k": 314000000,
  "l": 244000000,
  "m": 522000000,
  "n": 3430000,
  "o": 3430000,
  "p": 4870000,
  "q": 4870000,
  "r": 43100000,
  "s": 91700000,
  "t": 73000000,
  "u": 156000000
}
