{
  "b": 2.7296884059906006,
  "c": 5.904959201812744,
  "d": 4.456349849700928,
  "e": 9.639391899108887,
  "f": 28927072,
  "g": 61974584,
  "h": 49814800,
  "i": 106864416,
  "j": 28388760,
  "k": 61411576,
  "l": 49019848,
  "m": 106033312,
  "n": 538313,
  "o": 563004,
  "p": 794950,
  "q": 831093,
  "r": 2623965,
  "s": 5618005,
  "t": 4635148,
  "u": 9940002
}
