{
  "b": 1.0997323989868164,
  "c": 2.3947973251342773,
  "d": 1.202261209487915,
  "e": 2.6182453632354736,
  "f": 11600000,
  "g": 25100000,
  "h": 13500000,
  "i": 29000000,
  "j": 11400000,
  "k": 24900000,
  "l": 13200000,
  "m": 28800000,
  "n": 197000,
  "o": 197000,
  "p": 238000,
  "q": 238000,
  "r": 618000,
  "s": 1340000,
  "t": 715000,
  "u": 1540000
}
