{
  "b": 0.10439255088567734,
  "c": 0.22407512366771698,
  "d": 0.12406346946954727,
  "e": 0.2662906050682068,
  "f": 1110000,
  "g": 2350000,
  "h": 1390000,
  "i": 2950000,
  "j": 1090000,
  "k": 2330000,
  "l": 1360000,
  "m": 2930000,
  "n": 20800,
  "o": 20800,
  "p": 22200,
  "q": 22200,
  "r": 53100,
  "s": 114000,
  "t": 70600,
  "u": 151000
}
