{
  "b": 1.0997323989868164,
  "c": 2.3947973251342773,
  "d": 1.202261209487915,
  "e": 2.6182453632354736,
  "f": 11629238,
  "g": 25107312,
  "h": 13456820,
  "i": 29043948,
  "j": 11437217,
  "k": 24905892,
  "l": 13224873,
  "m": 28800698,
  "n": 192020,
  "o": 201421,
  "p": 231946,
  "q": 243250,
  "r": 618227,
  "s": 1335480,
  "t": 715144,
  "u": 1544774
}
