{
  "b": 14.100143432617188,
  "c": 30.17917823791504,
  "d": 22.154293060302734,
  "e": 47.428890228271484,
  "f": 150020128,
  "g": 317343104,
  "h": 248492256,
  "i": 526656448,
  "j": 146641488,
  "k": 313863456,
  "l": 243697232,
  "m": 521717792,
  "n": 3378647,
  "o": 3479682,
  "p": 4795025,
  "q": 4938653,
  "r": 43116960,
  "s": 91721064,
  "t": 73003080,
  "u": 155573328
}
