{
  "b": 2.7296884059906006,
  "c": 5.904959201812744,
  "d": 4.456349849700928,
  "e": 9.639391899108887,
  "f": 28900000,
  "g": 62000000,
  "h": 49800000,
  "i": 107000000,
  "j": 28400000,
  "k": 61400000,
  "l": 49000000,
  "m": 106000000,
  "n": 551000,
  "o": 551000,
  "p": 813000,
  "q": 813000,
  "r": 2620000,
  "s": 5620000,
  "t": 4640000,
  "u": 9940000
}
