{
  "b": 19.41331672668457,
  "c": 42.24079513549805,
  "d": 27.06060218811035,
  "e": 58.878562927246094,
  "f": 205000000,
  "g": 443000000,
  "h": 302000000,
  "i": 653000000,
  "j": 202000000,
  "k": 439000000,
  "l": 298000000,
  "m": 648000000,
  "n": 3560000,
  "o": 3560000,
  "p": 4810000,
  "q": 4810000,
  "r": 22400000,
  "s": 48200000,
  "t": 34800000,
  "u": 75100000
}
