{
  "b": 2.6527695655822754,
  "c": 5.66454553604126,
  "d": 3.148892402648926,
  "e": 6.724281311035156,
  "f": 28124706,
  "g": 59470488,
  "h": 35281724,
  "i": 74639008,
  "j": 27588804,
  "k": 58911276,
  "l": 34637816,
  "m": 73967096,
  "n": 535907,
  "o": 559207,
  "p": 643907,
  "q": 671913,
  "r": 1978898,
  "s": 4201396,
  "t": 2597856,
  "u": 5519151
}
