{
  "b": 1.2189353704452515,
  "c": 2.6695621013641357,
  "d": 1.3561512231826782,
  "e": 2.969789505004883,
  "f": 12900000,
  "g": 28000000,
  "h": 15200000,
  "i": 33000000,
  "j": 12700000,
  "k": 27800000,
  "l": 14900000,
  "m": 32700000,
  "n": 248000,
  "o": 248000,
  "p": 285000,
  "q": 285000,
  "r": 147000,
  "s": 318000,
  "t": 176000,
  "u": 381000
}
