{
  "b": 2.6527695655822754,
  "c": 5.66454553604126,
  "d": 3.148892402648926,
  "e": 6.724281311035156,
  "f": 28100000,
  "g": 59500000,
  "h": 35300000,
  "i": 74600000,
  "j": 27600000,
  "k": 58900000,
  "l": 34600000,
  "m": 74000000,
  "n": 548000,
  "o": 548000,
  "p": 658000,
  "q": 658000,
  "r": 1980000,
  "s": 4200000,
  "t": 2600000,
  "u": 5520000
}
