{
  "b": 19.41331672668457,
  "c": 42.24079513549805,
  "d": 27.06060218811035,
  "e": 58.878562927246094,
  "f": 205367360,
  "g": 442961024,
  "h": 302354528,
  "i": 652605120,
  "j": 201898496,
  "k": 439304288,
  "l": 297666624,
  "m": 647664192,
  "n": 3468866,
  "o": 3656736,
  "p": 4687933,
  "q": 4941016,
  "r": 22397586,
  "s": 48238972,
  "t": 34838112,
  "u": 75103464
}
