{
  "b": 0.03991997614502907,
  "c": 0.08697187155485153,
  "d": 0.05050458386540413,
  "e": 0.1100294291973114,
  "f": 422275,
  "g": 912034,
  "h": 563776,
  "i": 1219034,
  "j": 415168,
  "k": 904507,
  "l": 555550,
  "m": 1210324,
  "n": 7107,
  "o": 7526,
  "p": 8226,
  "q": 8710,
  "r": 15841,
  "s": 34181,
  "t": 21103,
  "u": 45602
}
