{
  "b": 1.3194854259490967,
  "c": 2.859560012817383,
  "d": 1.40750253200531,
  "e": 3.050367593765259,
  "f": 14000000,
  "g": 30000000,
  "h": 15800000,
  "i": 33900000,
  "j": 13700000,
  "k": 29700000,
  "l": 15500000,
  "m": 33600000,
  "n": 249000,
  "o": 249000,
  "p": 302000,
  "q": 302000,
  "r": 426000,
  "s": 916000,
  "t": 472000,
  "u": 1010000
}
