{
  "b": 0.03991997614502907,
  "c": 0.08697187155485153,
  "d": 0.05050458386540413,
  "e": 0.1100294291973114,
  "f": 422000,
  "g": 912000,
  "h": 564000,
  "i": 1220000,
  "j": 415000,
  "k": 905000,
  "l": 556000,
  "m": 1210000,
  "n": 7320,
  "o": 7320,
  "p": 8470,
  "q": 8470,
  "r": 15800,
  "s": 34200,
  "t": 21100,
  "u": 45600
}
