{
  "b": 1.3194854259490967,
  "c": 2.859560012817383,
  "d": 1.40750253200531,
  "e": 3.050367593765259,
  "f": 13964602,
  "g": 29995068,
  "h": 15776432,
  "i": 33864564,
  "j": 13722648,
  "k": 29739424,
  "l": 15482528,
  "m": 33554044,
  "n": 241953,
  "o": 255644,
  "p": 293904,
  "q": 310523,
  "r": 426340,
  "s": 916389,
  "t": 471566,
  "u": 1013240
}
