{
  "b": 2.794477939605713,
  "c": 6.018666744232178,
  "d": 2.831861972808838,
  "e": 6.098989963531494,
  "f": 29598370,
  "g": 63154876,
  "h": 31747656,
  "i": 67713768,
  "j": 29062570,
  "k": 62594136,
  "l": 31150482,
  "m": 67088892,
  "n": 535800,
  "o": 560745,
  "p": 597179,
  "q": 624872,
  "r": 1552054,
  "s": 3315380,
  "t": 1711798,
  "u": 3657131
}
