{
  "b": 2.96806263923645,
  "c": 6.440304756164551,
  "d": 4.130402088165283,
  "e": 8.961864471435547,
  "f": 31400000,
  "g": 67600000,
  "h": 46200000,
  "i": 99400000,
  "j": 30900000,
  "k": 67000000,
  "l": 45400000,
  "m": 98600000,
  "n": 593000,
  "o": 593000,
  "p": 815000,
  "q": 815000,
  "r": 2090000,
  "s": 4500000,
  "t": 3100000,
  "u": 6680000
}
