{
  "b": 4.905034065246582,
  "c": 10.220008850097656,
  "d": 5.252284526824951,
  "e": 10.943710327148438,
  "f": 52000000,
  "g": 107000000,
  "h": 59000000,
  "i": 122000000,
  "j": 51000000,
  "k": 106000000,
  "l": 57800000,
  "m": 120000000,
  "n": 1030000,
  "o": 1030000,
  "p": 1260000,
  "q": 1260000,
  "r": 6580000,
  "s": 13600000,
  "t": 7220000,
  "u": 14900000
}
