{
  "b": 0.9308337569236755,
  "c": 2.027501106262207,
  "d": 1.259856104850769,
  "e": 2.7443466186523438,
  "f": 9858408,
  "g": 21272824,
  "h": 14074638,
  "i": 30415048,
  "j": 9680671,
  "k": 21086012,
  "l": 13858417,
  "m": 30187812,
  "n": 177737,
  "o": 186812,
  "p": 216219,
  "q": 227236,
  "r": 4278,
  "s": 7346,
  "t": 91356,
  "u": 195643
}
