{
  "b": 4.905034065246582,
  "c": 10.220008850097656,
  "d": 5.252284526824951,
  "e": 10.943710327148438,
  "f": 52030136,
  "g": 107329600,
  "h": 59016024,
  "i": 121650752,
  "j": 51012356,
  "k": 106288096,
  "l": 57775128,
  "m": 120380816,
  "n": 1017779,
  "o": 1041503,
  "p": 1240894,
  "q": 1269919,
  "r": 6582163,
  "s": 13619385,
  "t": 7220716,
  "u": 14928785
}
