{
  "b": 2.794477939605713,
  "c": 6.018666744232178,
  "d": 2.831861972808838,
  "e": 6.098989963531494,
  "f": 29600000,
  "g": 63200000,
  "h": 31700000,
  "i": 67700000,
  "j": 29100000,
  "k": 62600000,
  "l": 31200000,
  "m": 67100000,
  "n": 548000,
  "o": 548000,
  "p": 611000,
  "q": 611000,
  "r": 1550000,
  "s": 3320000,
  "t": 1710000,
  "u": 3660000
}
