{
  "b": 2.96806263923645,
  "c": 6.440304756164551,
  "d": 4.130402088165283,
  "e": 8.961864471435547,
  "f": 31445456,
  "g": 67588064,
  "h": 46227840,
  "i": 99416656,
  "j": 30867852,
  "k": 66979168,
  "l": 45434424,
  "m": 98580512,
  "n": 577604,
  "o": 608886,
  "p": 793417,
  "q": 836132,
  "r": 2090985,
  "s": 4499502,
  "t": 3102506,
  "u": 6682739
}
