{
  "b": 3.3773272037506104,
  "c": 7.345175266265869,
  "d": 4.420208930969238,
  "e": 9.612748146057129,
  "f": 35800000,
  "g": 77100000,
  "h": 49500000,
  "i": 107000000,
  "j": 35100000,
  "k": 76400000,
  "l": 48600000,
  "m": 106000000,
  "n": 660000,
  "o": 660000,
  "p": 852000,
  "q": 852000,
  "r": 2210000,
  "s": 4770000,
  "t": 3170000,
  "u": 6840000
}
