{
  "b": 0.7426110506057739,
  "c": 1.6121398210525513,
  "d": 1.1055094003677368,
  "e": 2.400022506713867,
  "f": 7880000,
  "g": 16900000,
  "h": 12400000,
  "i": 26600000,
  "j": 7720000,
  "k": 16800000,
  "l": 12200000,
  "m": 26400000,
  "n": 157000,
  "o": 157000,
  "p": 199000,
  "q": 199000,
  "r": 306000,
  "s": 659000,
  "t": 485000,
  "u": 1050000
}
