{
  "b": 0.7426110506057739,
  "c": 1.6121398210525513,
  "d": 1.1055094003677368,
  "e": 2.400022506713867,
  "f": 7876594,
  "g": 16927602,
  "h": 12354220,
  "i": 26603828,
  "j": 7723155,
  "k": 16766254,
  "l": 12160604,
  "m": 26400248,
  "n": 153439,
  "o": 161347,
  "p": 193615,
  "q": 203581,
  "r": 306051,
  "s": 659256,
  "t": 484899,
  "u": 1047142
}
