{
  "b": 0.4394964873790741,
  "c": 0.9130639433860779,
  "d": 0.488118439912796,
  "e": 1.0141570568084717,
  "f": 4660000,
  "g": 9580000,
  "h": 5470000,
  "i": 11300000,
  "j": 4570000,
  "k": 9500000,
  "l": 5370000,
  "m": 11200000,
  "n": 86500,
  "o": 86500,
  "p": 101000,
  "q": 101000,
  "r": 354000,
  "s": 732000,
  "t": 437000,
  "u": 904000
}
