{
  "b": 0.9660260677337646,
  "c": 2.114114284515381,
  "d": 1.0799384117126465,
  "e": 2.3633906841278076,
  "f": 10212724,
  "g": 22163694,
  "h": 12097019,
  "i": 26229220,
  "j": 10046671,
  "k": 21986788,
  "l": 11879323,
  "m": 25997298,
  "n": 166053,
  "o": 176906,
  "p": 217694,
  "q": 231921,
  "r": 361746,
  "s": 784424,
  "t": 425193,
  "u": 921475
}
