{
  "b": 0.9660260677337646,
  "c": 2.114114284515381,
  "d": 1.0799384117126465,
  "e": 2.3633906841278076,
  "f": 10200000,
  "g": 22200000,
  "h": 12100000,
  "i": 26200000,
  "j": 10000000,
  "k": 22000000,
  "l": 11900000,
  "m": 26000000,
  "n": 171000,
  "o": 171000,
  "p": 225000,
  "q": 225000,
  "r": 362000,
  "s": 784000,
  "t": 425000,
  "u": 921000
}
