{
  "b": 1.1380492448806763,
  "c": 2.4482388496398926,
  "d": 1.2573494911193848,
  "e": 2.7048017978668213,
  "f": 12058558,
  "g": 25695392,
  "h": 14086021,
  "i": 30020412,
  "j": 11835712,
  "k": 25461684,
  "l": 13830845,
  "m": 29752820,
  "n": 222847,
  "o": 233709,
  "p": 255175,
  "q": 267592,
  "r": 332787,
  "s": 712138,
  "t": 410716,
  "u": 879312
}
