{
  "b": 1.927523136138916,
  "c": 4.175311088562012,
  "d": 2.2982895374298096,
  "e": 4.978839874267578,
  "f": 20400000,
  "g": 43800000,
  "h": 25800000,
  "i": 55300000,
  "j": 20000000,
  "k": 43400000,
  "l": 25300000,
  "m": 54800000,
  "n": 360000,
  "o": 360000,
  "p": 479000,
  "q": 479000,
  "r": 760000,
  "s": 1630000,
  "t": 942000,
  "u": 2020000
}
