{
  "b": 0.8176370859146118,
  "c": 1.781426191329956,
  "d": 0.8487948179244995,
  "e": 1.8494541645050049,
  "f": 8656463,
  "g": 18687608,
  "h": 9527834,
  "i": 20544720,
  "j": 8503426,
  "k": 18526832,
  "l": 9336743,
  "m": 20343996,
  "n": 153037,
  "o": 160776,
  "p": 191091,
  "q": 200722,
  "r": 2147104,
  "s": 4646108,
  "t": 2421491,
  "u": 5234995
}
