{
  "b": 13.161256790161133,
  "c": 28.517377853393555,
  "d": 16.862892150878906,
  "e": 36.53717803955078,
  "f": 139000000,
  "g": 299000000,
  "h": 189000000,
  "i": 405000000,
  "j": 137000000,
  "k": 297000000,
  "l": 185000000,
  "m": 402000000,
  "n": 2660000,
  "o": 2660000,
  "p": 3290000,
  "q": 3290000,
  "r": 23500000,
  "s": 50600000,
  "t": 32600000,
  "u": 70100000
}
