{
  "b": 13.161256790161133,
  "c": 28.517377853393555,
  "d": 16.862892150878906,
  "e": 36.53717803955078,
  "f": 139479424,
  "g": 299305536,
  "h": 188704000,
  "i": 405271520,
  "j": 136877072,
  "k": 296580736,
  "l": 185491824,
  "m": 401908960,
  "n": 2602357,
  "o": 2724803,
  "p": 3212176,
  "q": 3362562,
  "r": 23549484,
  "s": 50613944,
  "t": 32590616,
  "u": 70121792
}
