{
  "b": 1.2972267866134644,
  "c": 2.8371999263763428,
  "d": 1.340478539466858,
  "e": 2.931680202484131,
  "f": 13700000,
  "g": 29800000,
  "h": 15000000,
  "i": 32500000,
  "j": 13500000,
  "k": 29500000,
  "l": 14700000,
  "m": 32200000,
  "n": 242000,
  "o": 242000,
  "p": 281000,
  "q": 281000,
  "r": 821000,
  "s": 1780000,
  "t": 920000,
  "u": 1990000
}
