{
  "b": 0.4473622143268585,
  "c": 0.9827417135238647,
  "d": 0.44244450330734253,
  "e": 0.9719273447990417,
  "f": 4730000,
  "g": 10300000,
  "h": 4970000,
  "i": 10800000,
  "j": 4650000,
  "k": 10200000,
  "l": 4870000,
  "m": 10700000,
  "n": 83700,
  "o": 83700,
  "p": 101000,
  "q": 101000,
  "r": 110000,
  "s": 241000,
  "t": 121000,
  "u": 263000
}
