{
  "b": 0.8176370859146118,
  "c": 1.781426191329956,
  "d": 0.8487948179244995,
  "e": 1.8494541645050049,
  "f": 8660000,
  "g": 18700000,
  "h": 9530000,
  "i": 20500000,
  "j": 8500000,
  "k": 18500000,
  "l": 9340000,
  "m": 20300000,
  "n": 157000,
  "o": 157000,
  "p": 196000,
  "q": 196000,
  "r": 2150000,
  "s": 4650000,
  "t": 2420000,
  "u": 5230000
}
