{
  "b": 1.7800346612930298,
  "c": 3.8752288818359375,
  "d": 2.0851640701293945,
  "e": 4.539610385894775,
  "f": 18900000,
  "g": 40700000,
  "h": 23400000,
  "i": 50400000,
  "j": 18500000,
  "k": 40300000,
  "l": 22900000,
  "m": 49900000,
  "n": 358000,
  "o": 358000,
  "p": 472000,
  "q": 472000,
  "r": 1740000,
  "s": 3760000,
  "t": 2110000,
  "u": 4550000
}
