{
  "b": 1.7800346612930298,
  "c": 3.8752288818359375,
  "d": 2.0851640701293945,
  "e": 4.539610385894775,
  "f": 18860924,
  "g": 40670560,
  "h": 23396336,
  "i": 50421048,
  "j": 18512360,
  "k": 40302380,
  "l": 22936806,
  "m": 49935712,
  "n": 348564,
  "o": 368180,
  "p": 459533,
  "q": 485336,
  "r": 1741832,
  "s": 3764570,
  "t": 2107573,
  "u": 4552877
}
