{
  "b": 1.2972267866134644,
  "c": 2.8371999263763428,
  "d": 1.340478539466858,
  "e": 2.931680202484131,
  "f": 13725865,
  "g": 29756400,
  "h": 15017477,
  "i": 32537864,
  "j": 13491158,
  "k": 29506878,
  "l": 14745264,
  "m": 32248482,
  "n": 234707,
  "o": 249524,
  "p": 272214,
  "q": 289381,
  "r": 821376,
  "s": 1781571,
  "t": 919594,
  "u": 1994277
}
