{
  "b": 0.4473622143268585,
  "c": 0.9827417135238647,
  "d": 0.44244450330734253,
  "e": 0.9719273447990417,
  "f": 4733566,
  "g": 10306960,
  "h": 4965078,
  "i": 10795984,
  "j": 4652567,
  "k": 10220514,
  "l": 4866890,
  "m": 10691201,
  "n": 80999,
  "o": 86445,
  "p": 98189,
  "q": 104783,
  "r": 110388,
  "s": 240701,
  "t": 120696,
  "u": 262936
}
