{
  "b": 0.36559033393859863,
  "c": 0.763419508934021,
  "d": 0.35859477519989014,
  "e": 0.7488725185394287,
  "f": 3870000,
  "g": 8010000,
  "h": 4020000,
  "i": 8320000,
  "j": 3800000,
  "k": 7940000,
  "l": 3940000,
  "m": 8240000,
  "n": 72900,
  "o": 72900,
  "p": 79500,
  "q": 79500,
  "r": 223000,
  "s": 463000,
  "t": 242000,
  "u": 503000
}
