{
  "b": 3.9378864765167236,
  "c": 8.4334716796875,
  "d": 5.673023700714111,
  "e": 12.15014934539795,
  "f": 41700000,
  "g": 88500000,
  "h": 63500000,
  "i": 135000000,
  "j": 41000000,
  "k": 87700000,
  "l": 62400000,
  "m": 134000000,
  "n": 799000,
  "o": 799000,
  "p": 1080000,
  "q": 1080000,
  "r": 2970000,
  "s": 6310000,
  "t": 4590000,
  "u": 9780000
}
