{
  "b": 0.02914329059422016,
  "c": 0.06325218081474304,
  "d": 0.03613582253456116,
  "e": 0.0784265324473381,
  "f": 308260,
  "g": 663263,
  "h": 403550,
  "i": 869064,
  "j": 303090,
  "k": 657823,
  "l": 397494,
  "m": 862692,
  "n": 5170,
  "o": 5440,
  "p": 6056,
  "q": 6372,
  "r": 14215,
  "s": 30556,
  "t": 18451,
  "u": 39711
}
