{
  "b": 4.0767059326171875,
  "c": 8.852195739746094,
  "d": 4.641386032104492,
  "e": 10.07933235168457,
  "f": 43152864,
  "g": 92852752,
  "h": 52103220,
  "i": 111968744,
  "j": 42397740,
  "k": 92062832,
  "l": 51055244,
  "m": 110872656,
  "n": 755125,
  "o": 789925,
  "p": 1047977,
  "q": 1096094,
  "r": 4643246,
  "s": 9990848,
  "t": 5560128,
  "u": 11953156
}
