{
  "b": 0.5038844347000122,
  "c": 1.0943677425384521,
  "d": 0.6003138422966003,
  "e": 1.303709864616394,
  "f": 5336356,
  "g": 11482383,
  "h": 6730640,
  "i": 14474596,
  "j": 5240398,
  "k": 11381424,
  "l": 6603452,
  "m": 14340808,
  "n": 95957,
  "o": 100959,
  "p": 127187,
  "q": 133788,
  "r": 223676,
  "s": 481565,
  "t": 285977,
  "u": 615774
}
