{
  "b": 0.02914329059422016,
  "c": 0.06325218081474304,
  "d": 0.03613582253456116,
  "e": 0.0784265324473381,
  "f": 308000,
  "g": 663000,
  "h": 404000,
  "i": 869000,
  "j": 303000,
  "k": 658000,
  "l": 397000,
  "m": 863000,
  "n": 5310,
  "o": 5310,
  "p": 6210,
  "q": 6210,
  "r": 14200,
  "s": 30600,
  "t": 18500,
  "u": 39700
}
