{
  "b": 0.5038844347000122,
  "c": 1.0943677425384521,
  "d": 0.6003138422966003,
  "e": 1.303709864616394,
  "f": 5340000,
  "g": 11500000,
  "h": 6730000,
  "i": 14500000,
  "j": 5240000,
  "k": 11400000,
  "l": 6600000,
  "m": 14300000,
  "n": 98500,
  "o": 98500,
  "p": 130000,
  "q": 130000,
  "r": 224000,
  "s": 482000,
  "t": 286000,
  "u": 616000
}

