{
  "b": 0.36559033393859863,
  "c": 0.763419508934021,
  "d": 0.35859477519989014,
  "e": 0.7488725185394287,
  "f": 3874110,
  "g": 8013392,
  "h": 4022990,
  "i": 8318064,
  "j": 3802140,
  "k": 7939563,
  "l": 3944543,
  "m": 8237598,
  "n": 71971,
  "o": 73828,
  "p": 78447,
  "q": 80466,
  "r": 222915,
  "s": 463424,
  "t": 241767,
  "u": 502562
}
