{
  "b": 20.13982582092285,
  "c": 41.95982360839844,
  "d": 27.766128540039062,
  "e": 57.84909439086914,
  "f": 213928432,
  "g": 440925952,
  "h": 311538208,
  "i": 642545920,
  "j": 209454192,
  "k": 436382176,
  "l": 305427424,
  "m": 636340032,
  "n": 4474234,
  "o": 4543768,
  "p": 6110754,
  "q": 6205868,
  "r": 20663672,
  "s": 42675732,
  "t": 32416240,
  "u": 67020748
}
