{
  "b": 0.6346642374992371,
  "c": 1.3347113132476807,
  "d": 0.5858252644538879,
  "e": 1.2319762706756592,
  "f": 6726329,
  "g": 14010521,
  "h": 6587321,
  "i": 13699195,
  "j": 6600508,
  "k": 13880998,
  "l": 6444078,
  "m": 13551739,
  "n": 125820,
  "o": 129522,
  "p": 143243,
  "q": 147456,
  "r": 270262,
  "s": 564899,
  "t": 277046,
  "u": 578524
}
