{
  "b": 0.9775751233100891,
  "c": 2.0828793048858643,
  "d": 1.0313003063201904,
  "e": 2.1973960399627686,
  "f": 10360232,
  "g": 21863062,
  "h": 11575006,
  "i": 24411190,
  "j": 10166781,
  "k": 21661946,
  "l": 11344304,
  "m": 24171356,
  "n": 193451,
  "o": 201117,
  "p": 230702,
  "q": 239834,
  "r": 629164,
  "s": 1334361,
  "t": 747988,
  "u": 1585910
}
