{
  "b": 0.9775751233100891,
  "c": 2.0828793048858643,
  "d": 1.0313003063201904,
  "e": 2.1973960399627686,
  "f": 10400000,
  "g": 21900000,
  "h": 11600000,
  "i": 24400000,
  "j": 10200000,
  "k": 21700000,
  "l": 11300000,
  "m": 24200000,
  "n": 197000,
  "o": 197000,
  "p": 235000,
  "q": 235000,
  "r": 629000,
  "s": 1330000,
  "t": 748000,
  "u": 1590000
}
