{
  "b": 0.6346642374992371,
  "c": 1.3347113132476807,
  "d": 0.5858252644538879,
  "e": 1.2319762706756592,
  "f": 6730000,
  "g": 14000000,
  "h": 6590000,
  "i": 13700000,
  "j": 6600000,
  "k": 13900000,
  "l": 6440000,
  "m": 13600000,
  "n": 128000,
  "o": 128000,
  "p": 145000,
  "q": 145000,
  "r": 270000,
  "s": 565000,
  "t": 277000,
  "u": 579000
}
