{
  "b": 163.1758270263672,
  "c": 334.3056640625,
  "d": 213.7178497314453,
  "e": 437.86444091796875,
  "f": 1730000000,
  "g": 3510000000,
  "h": 2390000000,
  "i": 4850000000,
  "j": 1700000000,
  "k": 3480000000,
  "l": 2350000000,
  "m": 4820000000,
  "n": 31100000,
  "o": 31100000,
  "p": 36800000,
  "q": 36800000,
  "r": 81800000,
  "s": 166000000,
  "t": 122000000,
  "u": 248000000
}
