{
  "b": 634.7169189453125,
  "c": 1307.4627685546875,
  "d": 745.0508422851562,
  "e": 1534.79248046875,
  "f": 6725865472,
  "g": 13724840960,
  "h": 8339323904,
  "i": 17029251072,
  "j": 6601055744,
  "k": 13597613056,
  "l": 8195559424,
  "m": 16882717696,
  "n": 124809240,
  "o": 127227552,
  "p": 143764544,
  "q": 146534656,
  "r": 1146278400,
  "s": 2334217984,
  "t": 1492993280,
  "u": 3044078848
}
