{
  "b": 574.075927734375,
  "c": 1183.1983642578125,
  "d": 685.7598876953125,
  "e": 1413.378662109375,
  "f": 6086299136,
  "g": 12424225792,
  "h": 7677084672,
  "i": 15684449280,
  "j": 5970389504,
  "k": 12305262592,
  "l": 7543358464,
  "m": 15547164672,
  "n": 115910040,
  "o": 118963448,
  "p": 133726256,
  "q": 137283136,
  "r": 1021089856,
  "s": 2077885824,
  "t": 1349916032,
  "u": 2751201280
}
