{
  "b": 605.085205078125,
  "c": 1252.291748046875,
  "d": 738.6069946289062,
  "e": 1528.6689453125,
  "f": 6407060480,
  "g": 13140629504,
  "h": 8256401408,
  "i": 16950090752,
  "j": 6292886016,
  "k": 13023834112,
  "l": 8124676608,
  "m": 16815358976,
  "n": 114175144,
  "o": 116796408,
  "p": 131724368,
  "q": 134730928,
  "r": 858287552,
  "s": 1754923520,
  "t": 1163373952,
  "u": 2382483456
}
