{
  "b": 574.075927734375,
  "c": 1183.1983642578125,
  "d": 685.7598876953125,
  "e": 1413.378662109375,
  "f": 6090000000,
  "g": 12400000000,
  "h": 7680000000,
  "i": 15700000000,
  "j": 5970000000,
  "k": 12300000000,
  "l": 7540000000,
  "m": 15500000000,
  "n": 117000000,
  "o": 117000000,
  "p": 136000000,
  "q": 136000000,
  "r": 1020000000,
  "s": 2080000000,
  "t": 1350000000,
  "u": 2750000000
}
