{
  "b": 151.3480987548828,
  "c": 304.7966613769531,
  "d": 198.20404052734375,
  "e": 399.181640625,
  "f": 1603280768,
  "g": 3199003648,
  "h": 2215145984,
  "i": 4425721344,
  "j": 1574020224,
  "k": 3169885184,
  "l": 2180244480,
  "m": 4390998016,
  "n": 29260432,
  "o": 29118450,
  "p": 34901356,
  "q": 34723512,
  "r": 101576568,
  "s": 202553456,
  "t": 147750688,
  "u": 295137088
}
