{
  "b": 151.3480987548828,
  "c": 304.7966613769531,
  "d": 198.20404052734375,
  "e": 399.181640625,
  "f": 1600000000,
  "g": 3200000000,
  "h": 2220000000,
  "i": 4430000000,
  "j": 1570000000,
  "k": 3170000000,
  "l": 2180000000,
  "m": 4390000000,
  "n": 29200000,
  "o": 29200000,
  "p": 34800000,
  "q": 34800000,
  "r": 102000000,
  "s": 203000000,
  "t": 148000000,
  "u": 295000000
}
