{
  "b": 605.085205078125,
  "c": 1252.291748046875,
  "d": 738.6069946289062,
  "e": 1528.6689453125,
  "f": 6410000000,
  "g": 13100000000,
  "h": 8260000000,
  "i": 17000000000,
  "j": 6290000000,
  "k": 13000000000,
  "l": 8120000000,
  "m": 16800000000,
  "n": 115000000,
  "o": 115000000,
  "p": 133000000,
  "q": 133000000,
  "r": 858000000,
  "s": 1750000000,
  "t": 1160000000,
  "u": 2380000000
}
