{
  "b": 80.77710723876953,
  "c": 164.8003387451172,
  "d": 98.15213012695312,
  "e": 200.25643920898438,
  "f": 855000000,
  "g": 1730000000,
  "h": 1100000000,
  "i": 2220000000,
  "j": 840000000,
  "k": 1710000000,
  "l": 1080000000,
  "m": 2200000000,
  "n": 15300000,
  "o": 15300000,
  "p": 18100000,
  "q": 18100000,
  "r": 37900000,
  "s": 76500000,
  "t": 51500000,
  "u": 104000000
}
