{
  "b": 165.97091674804688,
  "c": 349.8932189941406,
  "d": 207.53500366210938,
  "e": 437.51995849609375,
  "f": 1756939520,
  "g": 3670989312,
  "h": 2318383616,
  "i": 4849659904,
  "j": 1726097536,
  "k": 3638889472,
  "l": 2282885120,
  "m": 4812719616,
  "n": 30841768,
  "o": 32099836,
  "p": 35498076,
  "q": 36940480,
  "r": 176621984,
  "s": 368373312,
  "t": 248504624,
  "u": 519171008
}
