{
  "b": 80.77710723876953,
  "c": 164.8003387451172,
  "d": 98.15213012695312,
  "e": 200.25643920898438,
  "f": 855313152,
  "g": 1729265664,
  "h": 1097675520,
  "i": 2220950016,
  "j": 840081920,
  "k": 1713923584,
  "l": 1079673472,
  "m": 2202820864,
  "n": 15231288,
  "o": 15342077,
  "p": 18002030,
  "q": 18129124,
  "r": 37891600,
  "s": 76541112,
  "t": 51516512,
  "u": 104185488
}
