{
  "b": 165.97091674804688,
  "c": 349.8932189941406,
  "d": 207.53500366210938,
  "e": 437.51995849609375,
  "f": 1760000000,
  "g": 3670000000,
  "h": 2320000000,
  "i": 4850000000,
  "j": 1730000000,
  "k": 3640000000,
  "l": 2280000000,
  "m": 4810000000,
  "n": 31500000,
  "o": 31500000,
  "p": 36200000,
  "q": 36200000,
  "r": 177000000,
  "s": 368000000,
  "t": 249000000,
  "u": 519000000
}
