{
  "b": 90.56136322021484,
  "c": 184.33749389648438,
  "d": 120.13973236083984,
  "e": 244.5558624267578,
  "f": 959025792,
  "g": 1934368768,
  "h": 1342735488,
  "i": 2711397120,
  "j": 941838208,
  "k": 1917109888,
  "l": 1321537024,
  "m": 2690114560,
  "n": 17187540,
  "o": 17258874,
  "p": 21198650,
  "q": 21282466,
  "r": 51073412,
  "s": 102945136,
  "t": 76471864,
  "u": 154382704
}
