{
  "b": 226.9173126220703,
  "c": 472.2900695800781,
  "d": 318.1787414550781,
  "e": 662.211181640625,
  "f": 2400202752,
  "g": 4953355264,
  "h": 3551386624,
  "i": 7337377280,
  "j": 2359940096,
  "k": 4911816704,
  "l": 3499966208,
  "m": 7284323328,
  "n": 40262712,
  "o": 41538904,
  "p": 51420884,
  "q": 53054272,
  "r": 318881600,
  "s": 657442752,
  "t": 535218816,
  "u": 1105231616
}
