{
  "b": 159.79150390625,
  "c": 326.4964294433594,
  "d": 206.34764099121094,
  "e": 421.61187744140625,
  "f": 1690470400,
  "g": 3424598272,
  "h": 2306030592,
  "i": 4674442752,
  "j": 1661831680,
  "k": 3395563008,
  "l": 2269824000,
  "m": 4637730816,
  "n": 28638854,
  "o": 29035392,
  "p": 36206720,
  "q": 36711920,
  "r": 129439632,
  "s": 262018848,
  "t": 192581440,
  "u": 390212608
}
