{
  "b": 226.9173126220703,
  "c": 472.2900695800781,
  "d": 318.1787414550781,
  "e": 662.211181640625,
  "f": 2400000000,
  "g": 4950000000,
  "h": 3550000000,
  "i": 7340000000,
  "j": 2360000000,
  "k": 4910000000,
  "l": 3500000000,
  "m": 7280000000,
  "n": 40900000,
  "o": 40900000,
  "p": 52200000,
  "q": 52200000,
  "r": 319000000,
  "s": 657000000,
  "t": 535000000,
  "u": 1110000000
}
