{
  "b": 538.9513549804688,
  "c": 1097.65576171875,
  "d": 651.112060546875,
  "e": 1326.0565185546875,
  "f": 5705305600,
  "g": 11517087744,
  "h": 7281684480,
  "i": 14707593216,
  "j": 5605094400,
  "k": 11415619584,
  "l": 7162232832,
  "m": 14586621952,
  "n": 100211456,
  "o": 101469048,
  "p": 119451352,
  "q": 120970560,
  "r": 1199078656,
  "s": 2418309376,
  "t": 1656731264,
  "u": 3344540416
}
