{
  "b": 538.9513549804688,
  "c": 1097.65576171875,
  "d": 651.112060546875,
  "e": 1326.0565185546875,
  "f": 5710000000,
  "g": 11500000000,
  "h": 7280000000,
  "i": 14700000000,
  "j": 5610000000,
  "k": 11400000000,
  "l": 7160000000,
  "m": 14600000000,
  "n": 101000000,
  "o": 101000000,
  "p": 120000000,
  "q": 120000000,
  "r": 1200000000,
  "s": 2420000000,
  "t": 1660000000,
  "u": 3340000000
}
