{
  "b": 159.79150390625,
  "c": 326.4964294433594,
  "d": 206.34764099121094,
  "e": 421.61187744140625,
  "f": 1690000000,
  "g": 3420000000,
  "h": 2310000000,
  "i": 4670000000,
  "j": 1660000000,
  "k": 3400000000,
  "l": 2270000000,
  "m": 4640000000,
  "n": 28800000,
  "o": 28800000,
  "p": 36500000,
  "q": 36500000,
  "r": 129000000,
  "s": 262000000,
  "t": 193000000,
  "u": 390000000
}
