{
  "b": 718.983154296875,
  "c": 1360.44189453125,
  "d": 804.61376953125,
  "e": 1522.4696044921875,
  "f": 7630000000,
  "g": 14300000000,
  "h": 9030000000,
  "i": 16900000000,
  "j": 7480000000,
  "k": 14100000000,
  "l": 8850000000,
  "m": 16700000000,
  "n": 149000000,
  "o": 149000000,
  "p": 178000000,
  "q": 178000000,
  "r": 1520000000,
  "s": 2850000000,
  "t": 1920000000,
  "u": 3590000000
}
