{
  "b": 64.80146789550781,
  "c": 138.61732482910156,
  "d": 80.90062713623047,
  "e": 173.04660034179688,
  "f": 685000000,
  "g": 1450000000,
  "h": 903000000,
  "i": 1920000000,
  "j": 674000000,
  "k": 1440000000,
  "l": 890000000,
  "m": 1900000000,
  "n": 11000000,
  "o": 11000000,
  "p": 13300000,
  "q": 13300000,
  "r": 204000000,
  "s": 434000000,
  "t": 267000000,
  "u": 566000000
}
