{
  "b": 64.80146789550781,
  "c": 138.61732482910156,
  "d": 80.90062713623047,
  "e": 173.04660034179688,
  "f": 684663872,
  "g": 1452856960,
  "h": 902884288,
  "i": 1917103360,
  "j": 673935232,
  "k": 1441620224,
  "l": 889906880,
  "m": 1903512576,
  "n": 10728736,
  "o": 11236732,
  "p": 12977460,
  "q": 13590882,
  "r": 204495216,
  "s": 434165696,
  "t": 266581632,
  "u": 566399936
}
