{
  "b": 7.04046630859375,
  "c": 14.786767959594727,
  "d": 8.912308692932129,
  "e": 18.7175235748291,
  "f": 74438024,
  "g": 155037792,
  "h": 99536776,
  "i": 207441056,
  "j": 73220848,
  "k": 153782384,
  "l": 98035392,
  "m": 205892768,
  "n": 1217181,
  "o": 1255416,
  "p": 1501394,
  "q": 1548282,
  "r": 1373019,
  "s": 2841454,
  "t": 1777607,
  "u": 3681729
}
