{
  "b": 150.1925048828125,
  "c": 321.36676025390625,
  "d": 201.21096801757812,
  "e": 430.5123596191406,
  "f": 1588306176,
  "g": 3369719552,
  "h": 2245105152,
  "i": 4768863744,
  "j": 1562002048,
  "k": 3342214400,
  "l": 2213320704,
  "m": 4735635968,
  "n": 26304166,
  "o": 27505184,
  "p": 31784516,
  "q": 33228152,
  "r": 381327552,
  "s": 805799360,
  "t": 549344896,
  "u": 1162637824
}
