{
  "b": 7.04046630859375,
  "c": 14.786767959594727,
  "d": 8.912308692932129,
  "e": 18.7175235748291,
  "f": 74400000,
  "g": 155000000,
  "h": 99500000,
  "i": 207000000,
  "j": 73200000,
  "k": 154000000,
  "l": 98000000,
  "m": 206000000,
  "n": 1240000,
  "o": 1240000,
  "p": 1520000,
  "q": 1520000,
  "r": 1370000,
  "s": 2840000,
  "t": 1780000,
  "u": 3680000
}
