{
  "b": 8.648298263549805,
  "c": 17.947498321533203,
  "d": 10.456835746765137,
  "e": 21.699722290039062,
  "f": 91440896,
  "g": 188180992,
  "h": 116911352,
  "i": 240618496,
  "j": 89942304,
  "k": 186653984,
  "l": 115025192,
  "m": 238696944,
  "n": 1498591,
  "o": 1527043,
  "p": 1886150,
  "q": 1921563,
  "r": 3158446,
  "s": 6485713,
  "t": 4192214,
  "u": 8611586
}
