{
  "b": 150.1925048828125,
  "c": 321.36676025390625,
  "d": 201.21096801757812,
  "e": 430.5123596191406,
  "f": 1590000000,
  "g": 3370000000,
  "h": 2250000000,
  "i": 4770000000,
  "j": 1560000000,
  "k": 3340000000,
  "l": 2210000000,
  "m": 4740000000,
  "n": 26900000,
  "o": 26900000,
  "p": 32500000,
  "q": 32500000,
  "r": 381000000,
  "s": 806000000,
  "t": 549000000,
  "u": 1160000000
}
