{
  "b": 74.56466674804688,
  "c": 156.0292205810547,
  "d": 102.55563354492188,
  "e": 214.5913543701172,
  "f": 788134208,
  "g": 1635659392,
  "h": 1143633152,
  "i": 2376382208,
  "j": 775472512,
  "k": 1622703872,
  "l": 1128112000,
  "m": 2360504832,
  "n": 12661696,
  "o": 12955589,
  "p": 15521047,
  "q": 15877224,
  "r": 94074752,
  "s": 194921952,
  "t": 138861072,
  "u": 288151296
}
