{
  "b": 8.648298263549805,
  "c": 17.947498321533203,
  "d": 10.456835746765137,
  "e": 21.699722290039062,
  "f": 91400000,
  "g": 188000000,
  "h": 117000000,
  "i": 241000000,
  "j": 89900000,
  "k": 187000000,
  "l": 115000000,
  "m": 239000000,
  "n": 1510000,
  "o": 1510000,
  "p": 1900000,
  "q": 1900000,
  "r": 3160000,
  "s": 6490000,
  "t": 4190000,
  "u": 8610000
}
