{
  "b": 74.56466674804688,
  "c": 156.0292205810547,
  "d": 102.55563354492188,
  "e": 214.5913543701172,
  "f": 788000000,
  "g": 1640000000,
  "h": 1140000000,
  "i": 2380000000,
  "j": 775000000,
  "k": 1620000000,
  "l": 1130000000,
  "m": 2360000000,
  "n": 12800000,
  "o": 12800000,
  "p": 15700000,
  "q": 15700000,
  "r": 94100000,
  "s": 195000000,
  "t": 139000000,
  "u": 288000000
}
