{
  "b": 4.590310573577881,
  "c": 9.757181167602539,
  "d": 5.685898780822754,
  "e": 12.085421562194824,
  "f": 48500000,
  "g": 102000000,
  "h": 63500000,
  "i": 134000000,
  "j": 47700000,
  "k": 101000000,
  "l": 62500000,
  "m": 133000000,
  "n": 791000,
  "o": 791000,
  "p": 944000,
  "q": 944000,
  "r": 304000,
  "s": 638000,
  "t": 418000,
  "u": 877000
}
