{
  "b": 88.58792877197266,
  "c": 186.13157653808594,
  "d": 120.49048614501953,
  "e": 253.1623077392578,
  "f": 935863360,
  "g": 1950724096,
  "h": 1344493184,
  "i": 2804410624,
  "j": 921314432,
  "k": 1935768320,
  "l": 1325395328,
  "m": 2784785408,
  "n": 14548906,
  "o": 14955863,
  "p": 19097838,
  "q": 19625278,
  "r": 318570496,
  "s": 664463296,
  "t": 491945248,
  "u": 1027049536
}
