{
  "b": 382.66461181640625,
  "c": 795.9652709960938,
  "d": 516.2205810546875,
  "e": 1073.710693359375,
  "f": 4050000000,
  "g": 8350000000,
  "h": 5770000000,
  "i": 11900000000,
  "j": 3980000000,
  "k": 8280000000,
  "l": 5680000000,
  "m": 11800000000,
  "n": 74300000,
  "o": 74300000,
  "p": 95500000,
  "q": 95500000,
  "r": 1100000000,
  "s": 2260000000,
  "t": 1590000000,
  "u": 3270000000
}
