{
  "b": 69.7769546508789,
  "c": 140.66920471191406,
  "d": 104.62596893310547,
  "e": 210.91123962402344,
  "f": 738000000,
  "g": 1480000000,
  "h": 1170000000,
  "i": 2340000000,
  "j": 726000000,
  "k": 1460000000,
  "l": 1150000000,
  "m": 2320000000,
  "n": 12500000,
  "o": 12500000,
  "p": 16600000,
  "q": 16600000,
  "r": 36100000,
  "s": 72000000,
  "t": 61900000,
  "u": 124000000
}
