{
  "b": 88.58792877197266,
  "c": 186.13157653808594,
  "d": 120.49048614501953,
  "e": 253.1623077392578,
  "f": 936000000,
  "g": 1950000000,
  "h": 1340000000,
  "i": 2800000000,
  "j": 921000000,
  "k": 1940000000,
  "l": 1330000000,
  "m": 2780000000,
  "n": 14800000,
  "o": 14800000,
  "p": 19400000,
  "q": 19400000,
  "r": 319000000,
  "s": 664000000,
  "t": 492000000,
  "u": 1030000000
}
