{
  "b": 69.7769546508789,
  "c": 140.66920471191406,
  "d": 104.62596893310547,
  "e": 210.91123962402344,
  "f": 738214080,
  "g": 1475345280,
  "h": 1167601024,
  "i": 2336538880,
  "j": 725680320,
  "k": 1462959744,
  "l": 1150885632,
  "m": 2320023552,
  "n": 12533759,
  "o": 12385475,
  "p": 16715402,
  "q": 16515084,
  "r": 36100284,
  "s": 71969616,
  "t": 61895724,
  "u": 123595128
}
