{
  "b": 48.27094268798828,
  "c": 104.56977081298828,
  "d": 75.30420684814453,
  "e": 163.1209716796875,
  "f": 510327488,
  "g": 1096258304,
  "h": 839487296,
  "i": 1806032512,
  "j": 502017792,
  "k": 1087525632,
  "l": 828346240,
  "m": 1794330752,
  "n": 8309715,
  "o": 8732609,
  "p": 11141058,
  "q": 11701820,
  "r": 49225488,
  "s": 105435888,
  "t": 86029904,
  "u": 184594112
}
