{
  "b": 20.7274169921875,
  "c": 43.45148468017578,
  "d": 28.22892189025879,
  "e": 59.175445556640625,
  "f": 219126672,
  "g": 455564928,
  "h": 314889280,
  "i": 655432832,
  "j": 215565136,
  "k": 451895424,
  "l": 310518144,
  "m": 650929920,
  "n": 3561528,
  "o": 3669469,
  "p": 4371085,
  "q": 4502944,
  "r": 10050121,
  "s": 20776244,
  "t": 14273633,
  "u": 29552330
}
