{
  "b": 5.457977294921875,
  "c": 11.732381820678711,
  "d": 6.891071319580078,
  "e": 14.812363624572754,
  "f": 57700000,
  "g": 123000000,
  "h": 76900000,
  "i": 164000000,
  "j": 56800000,
  "k": 122000000,
  "l": 75800000,
  "m": 163000000,
  "n": 944000,
  "o": 944000,
  "p": 1160000,
  "q": 1160000,
  "r": 769000,
  "s": 1630000,
  "t": 1070000,
  "u": 2270000
}
