{
  "b": 48.27094268798828,
  "c": 104.56977081298828,
  "d": 75.30420684814453,
  "e": 163.1209716796875,
  "f": 510000000,
  "g": 1100000000,
  "h": 839000000,
  "i": 1810000000,
  "j": 502000000,
  "k": 1090000000,
  "l": 828000000,
  "m": 1790000000,
  "n": 8520000,
  "o": 8520000,
  "p": 11400000,
  "q": 11400000,
  "r": 49200000,
  "s": 105000000,
  "t": 86000000,
  "u": 185000000
}
