{
  "b": 5.457977294921875,
  "c": 11.732381820678711,
  "d": 6.891071319580078,
  "e": 14.812363624572754,
  "f": 57681496,
  "g": 122986016,
  "h": 76928840,
  "i": 164125040,
  "j": 56762964,
  "k": 122016768,
  "l": 75801784,
  "m": 162936000,
  "n": 918532,
  "o": 969251,
  "p": 1127050,
  "q": 1189052,
  "r": 768655,
  "s": 1633965,
  "t": 1068786,
  "u": 2273942
}
