{
  "b": 20.7274169921875,
  "c": 43.45148468017578,
  "d": 28.22892189025879,
  "e": 59.175445556640625,
  "f": 219000000,
  "g": 456000000,
  "h": 315000000,
  "i": 655000000,
  "j": 216000000,
  "k": 452000000,
  "l": 311000000,
  "m": 651000000,
  "n": 3620000,
  "o": 3620000,
  "p": 4440000,
  "q": 4440000,
  "r": 10100000,
  "s": 20800000,
  "t": 14300000,
  "u": 29600000
}
