{
  "b": 6.254704475402832,
  "c": 13.235584259033203,
  "d": 6.981768608093262,
  "e": 14.773246765136719,
  "f": 66100000,
  "g": 139000000,
  "h": 78100000,
  "i": 164000000,
  "j": 65000000,
  "k": 138000000,
  "l": 76800000,
  "m": 163000000,
  "n": 1070000,
  "o": 1070000,
  "p": 1290000,
  "q": 1290000,
  "r": 1970000,
  "s": 4130000,
  "t": 2310000,
  "u": 4840000
}
