{
  "b": 13.417012214660645,
  "c": 27.815868377685547,
  "d": 15.474041938781738,
  "e": 32.0789909362793,
  "f": 142000000,
  "g": 292000000,
  "h": 173000000,
  "i": 356000000,
  "j": 140000000,
  "k": 289000000,
  "l": 170000000,
  "m": 353000000,
  "n": 2320000,
  "o": 2320000,
  "p": 2640000,
  "q": 2640000,
  "r": 3990000,
  "s": 8170000,
  "t": 4770000,
  "u": 9770000
}
