{
  "b": 3.5007784366607666,
  "c": 7.60545015335083,
  "d": 3.9097723960876465,
  "e": 8.493741989135742,
  "f": 36984940,
  "g": 79712904,
  "h": 43709780,
  "i": 94181328,
  "j": 36408096,
  "k": 79096680,
  "l": 43007496,
  "m": 93431160,
  "n": 576837,
  "o": 616228,
  "p": 702284,
  "q": 750177,
  "r": 1213936,
  "s": 2607704,
  "t": 1530415,
  "u": 3287600
}
