{
  "b": 170.8130645751953,
  "c": 355.52313232421875,
  "d": 200.24380493164062,
  "e": 416.75604248046875,
  "f": 1800000000,
  "g": 3730000000,
  "h": 2230000000,
  "i": 4620000000,
  "j": 1780000000,
  "k": 3700000000,
  "l": 2200000000,
  "m": 4580000000,
  "n": 28400000,
  "o": 28400000,
  "p": 32200000,
  "q": 32200000,
  "r": 878000000,
  "s": 1810000000,
  "t": 1060000000,
  "u": 2200000000
}
