{
  "b": 253.0430450439453,
  "c": 524.1002197265625,
  "d": 310.9709167480469,
  "e": 644.0718383789062,
  "f": 2677278464,
  "g": 5496944640,
  "h": 3477258752,
  "i": 7142184960,
  "j": 2631647744,
  "k": 5450642432,
  "l": 3420679936,
  "m": 7084790272,
  "n": 45630880,
  "o": 46301800,
  "p": 56578832,
  "q": 57394920,
  "r": 632551168,
  "s": 1290524288,
  "t": 870896896,
  "u": 1778920192
}
