{
  "b": 3.5007784366607666,
  "c": 7.60545015335083,
  "d": 3.9097723960876465,
  "e": 8.493741989135742,
  "f": 37000000,
  "g": 79700000,
  "h": 43700000,
  "i": 94200000,
  "j": 36400000,
  "k": 79100000,
  "l": 43000000,
  "m": 93400000,
  "n": 597000,
  "o": 597000,
  "p": 726000,
  "q": 726000,
  "r": 1210000,
  "s": 2610000,
  "t": 1530000,
  "u": 3290000
}
