{
  "b": 38.25950622558594,
  "c": 81.06366729736328,
  "d": 62.750709533691406,
  "e": 132.94686889648438,
  "f": 405000000,
  "g": 850000000,
  "h": 700000000,
  "i": 1470000000,
  "j": 398000000,
  "k": 843000000,
  "l": 690000000,
  "m": 1460000000,
  "n": 6930000,
  "o": 6930000,
  "p": 9520000,
  "q": 9520000,
  "r": 17000000,
  "s": 35500000,
  "t": 32700000,
  "u": 68500000
}
