{
  "b": 38.25950622558594,
  "c": 81.06366729736328,
  "d": 62.750709533691406,
  "e": 132.94686889648438,
  "f": 404687904,
  "g": 850139648,
  "h": 699582912,
  "i": 1472136192,
  "j": 397898880,
  "k": 843062144,
  "l": 690257792,
  "m": 1462415616,
  "n": 6789028,
  "o": 7077564,
  "p": 9325175,
  "q": 9720357,
  "r": 16977732,
  "s": 35541644,
  "t": 32683170,
  "u": 68541312
}
