{
  "b": 253.0430450439453,
  "c": 524.1002197265625,
  "d": 310.9709167480469,
  "e": 644.0718383789062,
  "f": 2680000000,
  "g": 5500000000,
  "h": 3480000000,
  "i": 7140000000,
  "j": 2630000000,
  "k": 5450000000,
  "l": 3420000000,
  "m": 7080000000,
  "n": 46000000,
  "o": 46000000,
  "p": 57000000,
  "q": 57000000,
  "r": 633000000,
  "s": 1290000000,
  "t": 871000000,
  "u": 1780000000
}
