{
  "b": 13.417012214660645,
  "c": 27.815868377685547,
  "d": 15.474041938781738,
  "e": 32.0789909362793,
  "f": 141832000,
  "g": 291624832,
  "h": 172827552,
  "i": 355532512,
  "j": 139536928,
  "k": 289285024,
  "l": 170214464,
  "m": 352868896,
  "n": 2295077,
  "o": 2339790,
  "p": 2613106,
  "q": 2663632,
  "r": 3994659,
  "s": 8173749,
  "t": 4770058,
  "u": 9768603
}
