{
  "b": 3.931820869445801,
  "c": 8.194019317626953,
  "d": 4.434159278869629,
  "e": 9.240718841552734,
  "f": 41559552,
  "g": 85902712,
  "h": 49529844,
  "i": 102420272,
  "j": 40890936,
  "k": 85217800,
  "l": 48775752,
  "m": 101647904,
  "n": 668616,
  "o": 684917,
  "p": 754096,
  "q": 772372,
  "r": 3594507,
  "s": 7429528,
  "t": 4494848,
  "u": 9297254
}
