{
  "b": 1.7961461544036865,
  "c": 3.7924134731292725,
  "d": 1.9571031332015991,
  "e": 4.131979465484619,
  "f": 18990304,
  "g": 39759608,
  "h": 21913438,
  "i": 45846960,
  "j": 18679920,
  "k": 39441100,
  "l": 21528134,
  "m": 45451776,
  "n": 310383,
  "o": 318509,
  "p": 385302,
  "q": 395185,
  "r": 539849,
  "s": 1128675,
  "t": 655798,
  "u": 1370522
}
