{
  "b": 5.7905778884887695,
  "c": 12.062685012817383,
  "d": 7.717102527618408,
  "e": 16.07526397705078,
  "f": 61200000,
  "g": 126000000,
  "h": 86100000,
  "i": 178000000,
  "j": 60200000,
  "k": 125000000,
  "l": 84900000,
  "m": 177000000,
  "n": 1000000,
  "o": 1000000,
  "p": 1270000,
  "q": 1270000,
  "r": 838000,
  "s": 1730000,
  "t": 1220000,
  "u": 2510000
}
