{
  "b": 7.413771629333496,
  "c": 16.067819595336914,
  "d": 9.015786170959473,
  "e": 19.539106369018555,
  "f": 78300000,
  "g": 168000000,
  "h": 101000000,
  "i": 216000000,
  "j": 77100000,
  "k": 167000000,
  "l": 99200000,
  "m": 215000000,
  "n": 1270000,
  "o": 1270000,
  "p": 1460000,
  "q": 1460000,
  "r": 819000,
  "s": 1750000,
  "t": 1120000,
  "u": 2400000
}
