{
  "b": 5.7905778884887695,
  "c": 12.062685012817383,
  "d": 7.717102527618408,
  "e": 16.07526397705078,
  "f": 61211732,
  "g": 126463320,
  "h": 86139560,
  "i": 178106512,
  "j": 60222012,
  "k": 125451928,
  "l": 84888128,
  "m": 176827904,
  "n": 989720,
  "o": 1011396,
  "p": 1251431,
  "q": 1278599,
  "r": 838324,
  "s": 1726207,
  "t": 1217618,
  "u": 2509868
}
