{
  "b": 3.931820869445801,
  "c": 8.194019317626953,
  "d": 4.434159278869629,
  "e": 9.240718841552734,
  "f": 41600000,
  "g": 85900000,
  "h": 49500000,
  "i": 102000000,
  "j": 40900000,
  "k": 85200000,
  "l": 48800000,
  "m": 102000000,
  "n": 677000,
  "o": 677000,
  "p": 763000,
  "q": 763000,
  "r": 3590000,
  "s": 7430000,
  "t": 4490000,
  "u": 9300000
}
