{
  "b": 429.0115966796875,
  "c": 890.9884033203125,
  "d": 557.8485107421875,
  "e": 1158.2757568359375,
  "f": 4540291072,
  "g": 9346353152,
  "h": 6237348864,
  "i": 12843968512,
  "j": 4461720576,
  "k": 9266279424,
  "l": 6136333824,
  "m": 12741033984,
  "n": 78570160,
  "o": 80073008,
  "p": 101015112,
  "q": 102935016,
  "r": 2758682112,
  "s": 5677044736,
  "t": 3793643520,
  "u": 7809996800
}
