{
  "b": 106.19329071044922,
  "c": 217.5262451171875,
  "d": 157.74710083007812,
  "e": 323.128173828125,
  "f": 1121898624,
  "g": 2279841792,
  "h": 1758935680,
  "i": 3578229248,
  "j": 1104410240,
  "k": 2262273024,
  "l": 1735218176,
  "m": 3554409984,
  "n": 17488330,
  "o": 17569000,
  "p": 23717664,
  "q": 23819444,
  "r": 66925164,
  "s": 135619584,
  "t": 112477360,
  "u": 228248736
}
