{
  "b": 7.432483673095703,
  "c": 15.552324295043945,
  "d": 8.956727027893066,
  "e": 18.74098014831543,
  "f": 78600000,
  "g": 163000000,
  "h": 100000000,
  "i": 208000000,
  "j": 77300000,
  "k": 162000000,
  "l": 98500000,
  "m": 206000000,
  "n": 1270000,
  "o": 1270000,
  "p": 1530000,
  "q": 1530000,
  "r": 834000,
  "s": 1720000,
  "t": 1080000,
  "u": 2230000
}
