{
  "b": 26.317129135131836,
  "c": 56.27815246582031,
  "d": 34.097373962402344,
  "e": 72.91224670410156,
  "f": 278188256,
  "g": 589976576,
  "h": 380978080,
  "i": 808193088,
  "j": 273698144,
  "k": 585292800,
  "l": 375071104,
  "m": 802034752,
  "n": 4490135,
  "o": 4683829,
  "p": 5906923,
  "q": 6158337,
  "r": 34699180,
  "s": 73547008,
  "t": 50149672,
  "u": 106345824
}
