{
  "b": 106.19329071044922,
  "c": 217.5262451171875,
  "d": 157.74710083007812,
  "e": 323.128173828125,
  "f": 1120000000,
  "g": 2280000000,
  "h": 1760000000,
  "i": 3580000000,
  "j": 1100000000,
  "k": 2260000000,
  "l": 1740000000,
  "m": 3550000000,
  "n": 17500000,
  "o": 17500000,
  "p": 23800000,
  "q": 23800000,
  "r": 66900000,
  "s": 136000000,
  "t": 112000000,
  "u": 228000000
}
