{
  "b": 4.985145092010498,
  "c": 10.696161270141602,
  "d": 5.731851100921631,
  "e": 12.29739761352539,
  "f": 52701000,
  "g": 112130048,
  "h": 64112384,
  "i": 136375536,
  "j": 51845508,
  "k": 111240080,
  "l": 63050364,
  "m": 135271376,
  "n": 855491,
  "o": 889969,
  "p": 1062020,
  "q": 1104161,
  "r": 3850269,
  "s": 8200144,
  "t": 4541191,
  "u": 9670555
}
