{
  "b": 26.317129135131836,
  "c": 56.27815246582031,
  "d": 34.097373962402344,
  "e": 72.91224670410156,
  "f": 278000000,
  "g": 590000000,
  "h": 381000000,
  "i": 808000000,
  "j": 274000000,
  "k": 585000000,
  "l": 375000000,
  "m": 802000000,
  "n": 4590000,
  "o": 4590000,
  "p": 6030000,
  "q": 6030000,
  "r": 34700000,
  "s": 73500000,
  "t": 50100000,
  "u": 106000000
}
