{
  "b": 7.432483673095703,
  "c": 15.552324295043945,
  "d": 8.956727027893066,
  "e": 18.74098014831543,
  "f": 78552672,
  "g": 163036480,
  "h": 100028992,
  "i": 207700640,
  "j": 77297832,
  "k": 161744176,
  "l": 98524000,
  "m": 206150784,
  "n": 1254831,
  "o": 1292302,
  "p": 1504982,
  "q": 1549822,
  "r": 834186,
  "s": 1723039,
  "t": 1080319,
  "u": 2232977
}
