{
  "b": 4.985145092010498,
  "c": 10.696161270141602,
  "d": 5.731851100921631,
  "e": 12.29739761352539,
  "f": 52700000,
  "g": 112000000,
  "h": 64100000,
  "i": 136000000,
  "j": 51800000,
  "k": 111000000,
  "l": 63100000,
  "m": 135000000,
  "n": 873000,
  "o": 873000,
  "p": 1080000,
  "q": 1080000,
  "r": 3850000,
  "s": 8200000,
  "t": 4540000,
  "u": 9670000
}
