{
  "b": 429.0115966796875,
  "c": 890.9884033203125,
  "d": 557.8485107421875,
  "e": 1158.2757568359375,
  "f": 4540000000,
  "g": 9350000000,
  "h": 6240000000,
  "i": 12800000000,
  "j": 4460000000,
  "k": 9270000000,
  "l": 6140000000,
  "m": 12700000000,
  "n": 79300000,
  "o": 79300000,
  "p": 102000000,
  "q": 102000000,
  "r": 2760000000,
  "s": 5680000000,
  "t": 3790000000,
  "u": 7810000000
}
