{
  "b": 4.667263031005859,
  "c": 9.885231018066406,
  "d": 5.789191722869873,
  "e": 12.261178016662598,
  "f": 49300000,
  "g": 104000000,
  "h": 64600000,
  "i": 136000000,
  "j": 48500000,
  "k": 103000000,
  "l": 63700000,
  "m": 135000000,
  "n": 808000,
  "o": 808000,
  "p": 974000,
  "q": 974000,
  "r": 621000,
  "s": 1300000,
  "t": 800000,
  "u": 1670000
}
