{
  "b": 28.172834396362305,
  "c": 60.165470123291016,
  "d": 32.10758972167969,
  "e": 68.5666275024414,
  "f": 298000000,
  "g": 631000000,
  "h": 359000000,
  "i": 760000000,
  "j": 293000000,
  "k": 626000000,
  "l": 353000000,
  "m": 754000000,
  "n": 4790000,
  "o": 4790000,
  "p": 5560000,
  "q": 5560000,
  "r": 20700000,
  "s": 43900000,
  "t": 24200000,
  "u": 51300000
}
