{
  "b": 153.35772705078125,
  "c": 304.9248352050781,
  "d": 211.76934814453125,
  "e": 421.07281494140625,
  "f": 1624601088,
  "g": 3200594944,
  "h": 2370796544,
  "i": 4672715264,
  "j": 1594920320,
  "k": 3171218176,
  "l": 2329462784,
  "m": 4631800832,
  "n": 29680836,
  "o": 29376930,
  "p": 41333896,
  "q": 40914768,
  "r": 112715432,
  "s": 221597088,
  "t": 169392384,
  "u": 333213312
}
