{
  "b": 34.41985321044922,
  "c": 74.98973846435547,
  "d": 48.53329849243164,
  "e": 105.72944641113281,
  "f": 363827680,
  "g": 786133056,
  "h": 541513600,
  "i": 1171160832,
  "j": 357966464,
  "k": 779893248,
  "l": 533866272,
  "m": 1163023872,
  "n": 5861210,
  "o": 6239798,
  "p": 7647361,
  "q": 8136894,
  "r": 36533860,
  "s": 78676280,
  "t": 58071880,
  "u": 125203376
}
