{
  "b": 1.5415422916412354,
  "c": 3.239551067352295,
  "d": 1.8592445850372314,
  "e": 3.9070513248443604,
  "f": 16300000,
  "g": 34000000,
  "h": 20800000,
  "i": 43300000,
  "j": 16000000,
  "k": 33700000,
  "l": 20500000,
  "m": 43000000,
  "n": 268000,
  "o": 268000,
  "p": 325000,
  "q": 325000,
  "r": 103000,
  "s": 214000,
  "t": 138000,
  "u": 286000
}
