{
  "b": 1.5415422916412354,
  "c": 3.239551067352295,
  "d": 1.8592445850372314,
  "e": 3.9070513248443604,
  "f": 16296001,
  "g": 33963744,
  "h": 20771424,
  "i": 43307492,
  "j": 16032040,
  "k": 33691332,
  "l": 20451690,
  "m": 42977564,
  "n": 263960,
  "o": 272416,
  "p": 319732,
  "q": 329930,
  "r": 102972,
  "s": 213733,
  "t": 137663,
  "u": 285926
}
