{
  "b": 153.35772705078125,
  "c": 304.9248352050781,
  "d": 211.76934814453125,
  "e": 421.07281494140625,
  "f": 1620000000,
  "g": 3200000000,
  "h": 2370000000,
  "i": 4670000000,
  "j": 1590000000,
  "k": 3170000000,
  "l": 2330000000,
  "m": 4630000000,
  "n": 29500000,
  "o": 29500000,
  "p": 41100000,
  "q": 41100000,
  "r": 113000000,
  "s": 222000000,
  "t": 169000000,
  "u": 333000000
}
