{
  "b": 34.41985321044922,
  "c": 74.98973846435547,
  "d": 48.53329849243164,
  "e": 105.72944641113281,
  "f": 364000000,
  "g": 786000000,
  "h": 542000000,
  "i": 1170000000,
  "j": 358000000,
  "k": 780000000,
  "l": 534000000,
  "m": 1160000000,
  "n": 6050000,
  "o": 6050000,
  "p": 7890000,
  "q": 7890000,
  "r": 36500000,
  "s": 78700000,
  "t": 58100000,
  "u": 125000000
}
