{
  "b": 5.643734455108643,
  "c": 12.011211395263672,
  "d": 6.781832695007324,
  "e": 14.432974815368652,
  "f": 59700000,
  "g": 126000000,
  "h": 75700000,
  "i": 160000000,
  "j": 58700000,
  "k": 125000000,
  "l": 74600000,
  "m": 159000000,
  "n": 981000,
  "o": 981000,
  "p": 1090000,
  "q": 1090000,
  "r": 1470000,
  "s": 3090000,
  "t": 1830000,
  "u": 3840000
}

