{
  "b": 141.1632080078125,
  "c": 300.09234619140625,
  "d": 193.458251953125,
  "e": 411.2402648925781,
  "f": 1491689856,
  "g": 3145139968,
  "h": 2159234816,
  "i": 4555591168,
  "j": 1468097408,
  "k": 3120960256,
  "l": 2128040832,
  "m": 4523642880,
  "n": 23592370,
  "o": 24179934,
  "p": 31194074,
  "q": 31948804,
  "r": 485572928,
  "s": 1021853824,
  "t": 726818496,
  "u": 1530847616
}
