{
  "b": 12.164644241333008,
  "c": 26.125886917114258,
  "d": 15.456338882446289,
  "e": 33.19382858276367,
  "f": 128571120,
  "g": 273876384,
  "h": 172632064,
  "i": 367881248,
  "j": 126512296,
  "k": 271709216,
  "l": 170019728,
  "m": 365132096,
  "n": 2058825,
  "o": 2167143,
  "p": 2612310,
  "q": 2749144,
  "r": 3957652,
  "s": 8399092,
  "t": 5523327,
  "u": 11729427
}
