{
  "b": 1.729966163635254,
  "c": 3.6732945442199707,
  "d": 2.344198703765869,
  "e": 4.977264881134033,
  "f": 18300000,
  "g": 38500000,
  "h": 26100000,
  "i": 55100000,
  "j": 18000000,
  "k": 38200000,
  "l": 25800000,
  "m": 54700000,
  "n": 302000,
  "o": 302000,
  "p": 370000,
  "q": 370000,
  "r": 71800,
  "s": 150000,
  "t": 102000,
  "u": 214000
}
