{
  "b": 51.35091781616211,
  "c": 107.37260437011719,
  "d": 69.0956039428711,
  "e": 144.46717834472656,
  "f": 543000000,
  "g": 1130000000,
  "h": 771000000,
  "i": 1600000000,
  "j": 534000000,
  "k": 1120000000,
  "l": 760000000,
  "m": 1590000000,
  "n": 9030000,
  "o": 9030000,
  "p": 11100000,
  "q": 11100000,
  "r": 36600000,
  "s": 75400000,
  "t": 55400000,
  "u": 114000000
}
