{
  "b": 141.1632080078125,
  "c": 300.09234619140625,
  "d": 193.458251953125,
  "e": 411.2402648925781,
  "f": 1490000000,
  "g": 3150000000,
  "h": 2160000000,
  "i": 4560000000,
  "j": 1470000000,
  "k": 3120000000,
  "l": 2130000000,
  "m": 4520000000,
  "n": 23900000,
  "o": 23900000,
  "p": 31600000,
  "q": 31600000,
  "r": 486000000,
  "s": 1020000000,
  "t": 727000000,
  "u": 1530000000
}
