{
  "b": 5.643734455108643,
  "c": 12.011211395263672,
  "d": 6.781832695007324,
  "e": 14.432974815368652,
  "f": 59653984,
  "g": 125920448,
  "h": 75668512,
  "i": 159880816,
  "j": 58694836,
  "k": 124916600,
  "l": 74600160,
  "m": 158762720,
  "n": 959143,
  "o": 1003839,
  "p": 1068351,
  "q": 1118077,
  "r": 1469890,
  "s": 3086381,
  "t": 1828209,
  "u": 3843993
}
