{
  "b": 12.164644241333008,
  "c": 26.125886917114258,
  "d": 15.456338882446289,
  "e": 33.19382858276367,
  "f": 129000000,
  "g": 274000000,
  "h": 173000000,
  "i": 368000000,
  "j": 127000000,
  "k": 272000000,
  "l": 170000000,
  "m": 365000000,
  "n": 2110000,
  "o": 2110000,
  "p": 2680000,
  "q": 2680000,
  "r": 3960000,
  "s": 8400000,
  "t": 5520000,
  "u": 11700000
}
