{
  "b": 51.35091781616211,
  "c": 107.37260437011719,
  "d": 69.0956039428711,
  "e": 144.46717834472656,
  "f": 542967168,
  "g": 1125818368,
  "h": 770977024,
  "i": 1600338560,
  "j": 534049536,
  "k": 1116675072,
  "l": 760051648,
  "m": 1589138944,
  "n": 8917588,
  "o": 9143342,
  "p": 10925452,
  "q": 11199578,
  "r": 36601092,
  "s": 75436048,
  "t": 55395284,
  "u": 114354504
}
