{
  "b": 118.39997863769531,
  "c": 252.3481903076172,
  "d": 161.75892639160156,
  "e": 344.7294921875,
  "f": 1251727360,
  "g": 2645724928,
  "h": 1805262080,
  "i": 3819125760,
  "j": 1231359744,
  "k": 2624421120,
  "l": 1779348224,
  "m": 3792024576,
  "n": 20367544,
  "o": 21303624,
  "p": 25913990,
  "q": 27101340,
  "r": 120333760,
  "s": 253004800,
  "t": 180841888,
  "u": 380637856
}
