{
  "b": 275.6304626464844,
  "c": 596.1027221679688,
  "d": 345.4113464355469,
  "e": 746.9447021484375,
  "f": 2919869696,
  "g": 6254943232,
  "h": 3865440000,
  "i": 8284933632,
  "j": 2866556928,
  "k": 6199468032,
  "l": 3799524864,
  "m": 8216391680,
  "n": 53312644,
  "o": 55475640,
  "p": 65915052,
  "q": 68542344,
  "r": 937616832,
  "s": 1998616320,
  "t": 1275979264,
  "u": 2722492160
}
