{
  "b": 10.16829776763916,
  "c": 22.001245498657227,
  "d": 11.737348556518555,
  "e": 25.39611053466797,
  "f": 108000000,
  "g": 231000000,
  "h": 131000000,
  "i": 282000000,
  "j": 106000000,
  "k": 229000000,
  "l": 129000000,
  "m": 279000000,
  "n": 1870000,
  "o": 1870000,
  "p": 2250000,
  "q": 2250000,
  "r": 18400000,
  "s": 39500000,
  "t": 23100000,
  "u": 49600000
}
