{
  "b": 275.6304626464844,
  "c": 596.1027221679688,
  "d": 345.4113464355469,
  "e": 746.9447021484375,
  "f": 2920000000,
  "g": 6250000000,
  "h": 3870000000,
  "i": 8280000000,
  "j": 2870000000,
  "k": 6200000000,
  "l": 3800000000,
  "m": 8220000000,
  "n": 54400000,
  "o": 54400000,
  "p": 67200000,
  "q": 67200000,
  "r": 938000000,
  "s": 2000000000,
  "t": 1280000000,
  "u": 2720000000
}
