{
  "b": 29.764968872070312,
  "c": 61.34950637817383,
  "d": 45.62946319580078,
  "e": 94.0477523803711,
  "f": 315000000,
  "g": 643000000,
  "h": 509000000,
  "i": 1040000000,
  "j": 310000000,
  "k": 638000000,
  "l": 502000000,
  "m": 1030000000,
  "n": 5310000,
  "o": 5310000,
  "p": 7060000,
  "q": 7060000,
  "r": 37900000,
  "s": 77500000,
  "t": 62100000,
  "u": 127000000
}
