{
  "b": 128.55458068847656,
  "c": 269.5792236328125,
  "d": 165.94784545898438,
  "e": 347.9671325683594,
  "f": 1357956096,
  "g": 2825037824,
  "h": 1853116672,
  "i": 3855877376,
  "j": 1336967680,
  "k": 2803623936,
  "l": 1825426304,
  "m": 3827638528,
  "n": 20988584,
  "o": 21413794,
  "p": 27690430,
  "q": 28239104,
  "r": 205967408,
  "s": 427707136,
  "t": 298813632,
  "u": 620744128
}
