{
  "b": 45.98228073120117,
  "c": 97.36724853515625,
  "d": 66.2006607055664,
  "e": 140.16903686523438,
  "f": 486259296,
  "g": 1020875072,
  "h": 738909632,
  "i": 1552835712,
  "j": 478215712,
  "k": 1012619392,
  "l": 728207296,
  "m": 1541859328,
  "n": 8043597,
  "o": 8255764,
  "p": 10702242,
  "q": 10976278,
  "r": 56763228,
  "s": 119053064,
  "t": 92393328,
  "u": 194043312
}
