{
  "b": 29.764968872070312,
  "c": 61.34950637817383,
  "d": 45.62946319580078,
  "e": 94.0477523803711,
  "f": 314835424,
  "g": 643376640,
  "h": 508942112,
  "i": 1041623808,
  "j": 309555680,
  "k": 638034880,
  "l": 501924096,
  "m": 1034525312,
  "n": 5279719,
  "o": 5341801,
  "p": 7018010,
  "q": 7098537,
  "r": 37866632,
  "s": 77485688,
  "t": 62137428,
  "u": 127358472
}
