{
  "b": 128.55458068847656,
  "c": 269.5792236328125,
  "d": 165.94784545898438,
  "e": 347.9671325683594,
  "f": 1360000000,
  "g": 2830000000,
  "h": 1850000000,
  "i": 3860000000,
  "j": 1340000000,
  "k": 2800000000,
  "l": 1830000000,
  "m": 3830000000,
  "n": 21200000,
  "o": 21200000,
  "p": 28000000,
  "q": 28000000,
  "r": 206000000,
  "s": 428000000,
  "t": 299000000,
  "u": 621000000
}
