{
  "b": 10.16829776763916,
  "c": 22.001245498657227,
  "d": 11.737348556518555,
  "e": 25.39611053466797,
  "f": 107589128,
  "g": 230723168,
  "h": 131323040,
  "i": 281653952,
  "j": 105750296,
  "k": 228812944,
  "l": 129110832,
  "m": 279357216,
  "n": 1838835,
  "o": 1910218,
  "p": 2212208,
  "q": 2296699,
  "r": 18438738,
  "s": 39518552,
  "t": 23140362,
  "u": 49614252
}
