{
  "b": 118.39997863769531,
  "c": 252.3481903076172,
  "d": 161.75892639160156,
  "e": 344.7294921875,
  "f": 1250000000,
  "g": 2650000000,
  "h": 1810000000,
  "i": 3820000000,
  "j": 1230000000,
  "k": 2620000000,
  "l": 1780000000,
  "m": 3790000000,
  "n": 20800000,
  "o": 20800000,
  "p": 26500000,
  "q": 26500000,
  "r": 120000000,
  "s": 253000000,
  "t": 181000000,
  "u": 381000000
}
