{
  "b": 45.98228073120117,
  "c": 97.36724853515625,
  "d": 66.2006607055664,
  "e": 140.16903686523438,
  "f": 486000000,
  "g": 1020000000,
  "h": 739000000,
  "i": 1550000000,
  "j": 478000000,
  "k": 1010000000,
  "l": 728000000,
  "m": 1540000000,
  "n": 8150000,
  "o": 8150000,
  "p": 10800000,
  "q": 10800000,
  "r": 56800000,
  "s": 119000000,
  "t": 92400000,
  "u": 194000000
}
