{
  "b": 344.8021545410156,
  "c": 728.4646606445312,
  "d": 475.6949768066406,
  "e": 1004.9302368164062,
  "f": 3650000000,
  "g": 7640000000,
  "h": 5320000000,
  "i": 11100000000,
  "j": 3590000000,
  "k": 7580000000,
  "l": 5230000000,
  "m": 11100000000,
  "n": 65700000,
  "o": 65700000,
  "p": 87400000,
  "q": 87400000,
  "r": 790000000,
  "s": 1650000000,
  "t": 1190000000,
  "u": 2480000000
}
