{
  "b": 7.101698398590088,
  "c": 15.112743377685547,
  "d": 8.22972583770752,
  "e": 17.512123107910156,
  "f": 75100000,
  "g": 158000000,
  "h": 92000000,
  "i": 194000000,
  "j": 73900000,
  "k": 157000000,
  "l": 90500000,
  "m": 193000000,
  "n": 1240000,
  "o": 1240000,
  "p": 1470000,
  "q": 1470000,
  "r": 1940000,
  "s": 4080000,
  "t": 2430000,
  "u": 5110000
}
