{
  "b": 356.45452880859375,
  "c": 696.8111572265625,
  "d": 541.8357543945312,
  "e": 1059.2325439453125,
  "f": 3781274112,
  "g": 7319190016,
  "h": 6058729984,
  "i": 11747716096,
  "j": 3707127040,
  "k": 7246836224,
  "l": 5960193536,
  "m": 11651558400,
  "n": 74146912,
  "o": 72353840,
  "p": 98536000,
  "q": 96158352,
  "r": 1024572544,
  "s": 1980697472,
  "t": 1738476544,
  "u": 3368190720
}
