{
  "b": 344.8021545410156,
  "c": 728.4646606445312,
  "d": 475.6949768066406,
  "e": 1004.9302368164062,
  "f": 3650931968,
  "g": 7642379776,
  "h": 5319188992,
  "i": 11142538240,
  "j": 3585942272,
  "k": 7576032768,
  "l": 5232644608,
  "m": 11054232576,
  "n": 64989680,
  "o": 66347000,
  "p": 86544016,
  "q": 88305456,
  "r": 789678208,
  "s": 1650575360,
  "t": 1186391296,
  "u": 2482278912
}
