{
  "b": 50.06022644042969,
  "c": 105.66141510009766,
  "d": 63.6446533203125,
  "e": 134.32630920410156,
  "f": 529000000,
  "g": 1110000000,
  "h": 710000000,
  "i": 1490000000,
  "j": 521000000,
  "k": 1100000000,
  "l": 700000000,
  "m": 1480000000,
  "n": 8710000,
  "o": 8710000,
  "p": 10200000,
  "q": 10200000,
  "r": 20000000,
  "s": 41600000,
  "t": 27300000,
  "u": 56800000
}
