{
  "b": 49.83454132080078,
  "c": 105.11763763427734,
  "d": 67.7351303100586,
  "e": 142.85243225097656,
  "f": 527167296,
  "g": 1102343808,
  "h": 757523584,
  "i": 1584132864,
  "j": 518279232,
  "k": 1093223424,
  "l": 745086464,
  "m": 1571376768,
  "n": 8888095,
  "o": 9120464,
  "p": 12437141,
  "q": 12755933,
  "r": 34152560,
  "s": 71022640,
  "t": 58048500,
  "u": 120751440
}
