{
  "b": 50.06022644042969,
  "c": 105.66141510009766,
  "d": 63.6446533203125,
  "e": 134.32630920410156,
  "f": 529186208,
  "g": 1107745024,
  "h": 710092480,
  "i": 1487948032,
  "j": 520626368,
  "k": 1098878720,
  "l": 700091200,
  "m": 1477589376,
  "n": 8559858,
  "o": 8866356,
  "p": 10001335,
  "q": 10358457,
  "r": 19991646,
  "s": 41567232,
  "t": 27265914,
  "u": 56780716
}
