{
  "b": 297.6871032714844,
  "c": 601.3637084960938,
  "d": 374.7914123535156,
  "e": 757.0271606445312,
  "f": 3147152128,
  "g": 6305162752,
  "h": 4189269760,
  "i": 8393575936,
  "j": 3095945984,
  "k": 6254182400,
  "l": 4122705408,
  "m": 8327298560,
  "n": 51205696,
  "o": 50980172,
  "p": 66564184,
  "q": 66277604,
  "r": 244134320,
  "s": 487315776,
  "t": 347065376,
  "u": 693015104
}
