{
  "b": 297.6871032714844,
  "c": 601.3637084960938,
  "d": 374.7914123535156,
  "e": 757.0271606445312,
  "f": 3150000000,
  "g": 6310000000,
  "h": 4190000000,
  "i": 8390000000,
  "j": 3100000000,
  "k": 6250000000,
  "l": 4120000000,
  "m": 8330000000,
  "n": 51100000,
  "o": 51100000,
  "p": 66400000,
  "q": 66400000,
  "r": 244000000,
  "s": 487000000,
  "t": 347000000,
  "u": 693000000
}
