{
  "b": 439.16510009765625,
  "c": 854.6331787109375,
  "d": 469.6553649902344,
  "e": 913.7659301757812,
  "f": 4650000000,
  "g": 8970000000,
  "h": 5260000000,
  "i": 10100000000,
  "j": 4570000000,
  "k": 8890000000,
  "l": 5170000000,
  "m": 10100000000,
  "n": 79400000,
  "o": 79400000,
  "p": 89600000,
  "q": 89600000,
  "r": 302000000,
  "s": 559000000,
  "t": 196000000,
  "u": 349000000
}
