{
  "b": 57.03015899658203,
  "c": 120.68106079101562,
  "d": 94.29084777832031,
  "e": 199.5102996826172,
  "f": 603000000,
  "g": 1270000000,
  "h": 1050000000,
  "i": 2210000000,
  "j": 593000000,
  "k": 1260000000,
  "l": 1040000000,
  "m": 2190000000,
  "n": 10200000,
  "o": 10200000,
  "p": 14200000,
  "q": 14200000,
  "r": 73700000,
  "s": 154000000,
  "t": 136000000,
  "u": 285000000
}
