{
  "b": 439.16510009765625,
  "c": 854.6331787109375,
  "d": 469.6553649902344,
  "e": 913.7659301757812,
  "f": 4647946752,
  "g": 8966449152,
  "h": 5257193472,
  "i": 10139730944,
  "j": 4567316992,
  "k": 8888184832,
  "l": 5166209024,
  "m": 10051425280,
  "n": 80629320,
  "o": 78263512,
  "p": 90984440,
  "q": 88306128,
  "r": 302408256,
  "s": 559297408,
  "t": 196158160,
  "u": 348889280
}
