{
  "b": 142.5624542236328,
  "c": 301.2510070800781,
  "d": 167.97586059570312,
  "e": 354.90185546875,
  "f": 1508184576,
  "g": 3159345152,
  "h": 1879486592,
  "i": 3936657152,
  "j": 1482649472,
  "k": 3133010432,
  "l": 1847734528,
  "m": 3903920384,
  "n": 25535064,
  "o": 26335012,
  "p": 31752124,
  "q": 32736708,
  "r": 371641120,
  "s": 778341056,
  "t": 436226112,
  "u": 913489280
}
