{
  "b": 26.055511474609375,
  "c": 54.781532287597656,
  "d": 29.7575626373291,
  "e": 62.55784225463867,
  "f": 275441920,
  "g": 574326272,
  "h": 332546752,
  "i": 693505856,
  "j": 270977312,
  "k": 569727936,
  "l": 327333184,
  "m": 688136256,
  "n": 4464596,
  "o": 4598338,
  "p": 5213580,
  "q": 5369589,
  "r": 55697672,
  "s": 116253456,
  "t": 61147688,
  "u": 127654544
}
