{
  "b": 142.5624542236328,
  "c": 301.2510070800781,
  "d": 167.97586059570312,
  "e": 354.90185546875,
  "f": 1510000000,
  "g": 3160000000,
  "h": 1880000000,
  "i": 3940000000,
  "j": 1480000000,
  "k": 3130000000,
  "l": 1850000000,
  "m": 3900000000,
  "n": 25900000,
  "o": 25900000,
  "p": 32200000,
  "q": 32200000,
  "r": 372000000,
  "s": 778000000,
  "t": 436000000,
  "u": 913000000
}
