{
  "b": 26.055511474609375,
  "c": 54.781532287597656,
  "d": 29.7575626373291,
  "e": 62.55784225463867,
  "f": 275000000,
  "g": 574000000,
  "h": 333000000,
  "i": 694000000,
  "j": 271000000,
  "k": 570000000,
  "l": 327000000,
  "m": 688000000,
  "n": 4530000,
  "o": 4530000,
  "p": 5290000,
  "q": 5290000,
  "r": 55700000,
  "s": 116000000,
  "t": 61100000,
  "u": 128000000
}
