{
  "b": 57.03015899658203,
  "c": 120.68106079101562,
  "d": 94.29084777832031,
  "e": 199.5102996826172,
  "f": 603127808,
  "g": 1265461888,
  "h": 1051111104,
  "i": 2209026560,
  "j": 593113664,
  "k": 1255083008,
  "l": 1037199296,
  "m": 2194613248,
  "n": 10014051,
  "o": 10378935,
  "p": 13911780,
  "q": 14413090,
  "r": 73660928,
  "s": 153952912,
  "t": 136063584,
  "u": 284971840
}
