{
  "b": 61.31892395019531,
  "c": 131.68338012695312,
  "d": 89.32368469238281,
  "e": 191.80674743652344,
  "f": 648135808,
  "g": 1380382336,
  "h": 996818368,
  "i": 2124742528,
  "j": 637716800,
  "k": 1369507200,
  "l": 982560512,
  "m": 2109874304,
  "n": 10419048,
  "o": 10874928,
  "p": 14257791,
  "q": 14868388,
  "r": 71484392,
  "s": 151750240,
  "t": 119584016,
  "u": 254124576
}
