{
  "b": 88.44882202148438,
  "c": 182.05026245117188,
  "d": 124.47953796386719,
  "e": 256.1964111328125,
  "f": 935000000,
  "g": 1910000000,
  "h": 1390000000,
  "i": 2840000000,
  "j": 920000000,
  "k": 1890000000,
  "l": 1370000000,
  "m": 2820000000,
  "n": 14700000,
  "o": 14700000,
  "p": 19300000,
  "q": 19300000,
  "r": 23100000,
  "s": 46900000,
  "t": 36400000,
  "u": 74000000
}
