{
  "b": 177.92025756835938,
  "c": 374.82489013671875,
  "d": 238.6868133544922,
  "e": 502.81109619140625,
  "f": 1879188736,
  "g": 3927700992,
  "h": 2661636608,
  "i": 5567867392,
  "j": 1850370688,
  "k": 3898178816,
  "l": 2625554944,
  "m": 5530921984,
  "n": 28818018,
  "o": 29522050,
  "p": 36081772,
  "q": 36945820,
  "r": 366960672,
  "s": 765515072,
  "t": 532066496,
  "u": 1111071104
}
