{
  "b": 88.44882202148438,
  "c": 182.05026245117188,
  "d": 124.47953796386719,
  "e": 256.1964111328125,
  "f": 934508864,
  "g": 1908067072,
  "h": 1388489856,
  "i": 2837511424,
  "j": 919867712,
  "k": 1893322752,
  "l": 1369274880,
  "m": 2818160384,
  "n": 14641195,
  "o": 14744500,
  "p": 19214936,
  "q": 19350962,
  "r": 23104412,
  "s": 46934244,
  "t": 36406960,
  "u": 74047664
}
