{
  "b": 159.29843139648438,
  "c": 312.90216064453125,
  "d": 239.53819274902344,
  "e": 470.5245666503906,
  "f": 1691291904,
  "g": 3288233728,
  "h": 2681061120,
  "i": 5221197312,
  "j": 1656703616,
  "k": 3254182400,
  "l": 2634920192,
  "m": 5175770112,
  "n": 34588208,
  "o": 34051468,
  "p": 46141180,
  "q": 45427248,
  "r": 409908640,
  "s": 795154304,
  "t": 649559040,
  "u": 1262780416
}
