{
  "b": 177.92025756835938,
  "c": 374.82489013671875,
  "d": 238.6868133544922,
  "e": 502.81109619140625,
  "f": 1880000000,
  "g": 3930000000,
  "h": 2660000000,
  "i": 5570000000,
  "j": 1850000000,
  "k": 3900000000,
  "l": 2630000000,
  "m": 5530000000,
  "n": 29200000,
  "o": 29200000,
  "p": 36500000,
  "q": 36500000,
  "r": 367000000,
  "s": 766000000,
  "t": 532000000,
  "u": 1110000000
}
