{
  "b": 52.94296646118164,
  "c": 109.86215209960938,
  "d": 105.28482055664062,
  "e": 218.45887756347656,
  "f": 560000000,
  "g": 1150000000,
  "h": 1170000000,
  "i": 2420000000,
  "j": 551000000,
  "k": 1140000000,
  "l": 1160000000,
  "m": 2400000000,
  "n": 9380000,
  "o": 9380000,
  "p": 13800000,
  "q": 13800000,
  "r": 29900000,
  "s": 61400000,
  "t": 68300000,
  "u": 140000000
}
