{
  "b": 6.17622709274292,
  "c": 12.60911750793457,
  "d": 7.240035533905029,
  "e": 14.780495643615723,
  "f": 65300000,
  "g": 132000000,
  "h": 80900000,
  "i": 164000000,
  "j": 64200000,
  "k": 131000000,
  "l": 79600000,
  "m": 163000000,
  "n": 1070000,
  "o": 1070000,
  "p": 1290000,
  "q": 1290000,
  "r": 571000,
  "s": 1150000,
  "t": 751000,
  "u": 1520000
}
