{
  "b": 175.39865112304688,
  "c": 368.34002685546875,
  "d": 213.53089904785156,
  "e": 448.3981018066406,
  "f": 1856710528,
  "g": 3864502272,
  "h": 2388176384,
  "i": 4973167616,
  "j": 1824145920,
  "k": 3830736128,
  "l": 2348839936,
  "m": 4932379136,
  "n": 32564606,
  "o": 33766280,
  "p": 39336372,
  "q": 40788180,
  "r": 296605568,
  "s": 614989504,
  "t": 381001248,
  "u": 790674944
}
