{
  "b": 8.179413795471191,
  "c": 17.369853973388672,
  "d": 10.979111671447754,
  "e": 23.31452751159668,
  "f": 86400000,
  "g": 182000000,
  "h": 123000000,
  "i": 258000000,
  "j": 85100000,
  "k": 181000000,
  "l": 121000000,
  "m": 256000000,
  "n": 1390000,
  "o": 1390000,
  "p": 1800000,
  "q": 1800000,
  "r": 1540000,
  "s": 3230000,
  "t": 2310000,
  "u": 4850000
}
