{
  "b": 6.17622709274292,
  "c": 12.60911750793457,
  "d": 7.240035533905029,
  "e": 14.780495643615723,
  "f": 65302400,
  "g": 132208400,
  "h": 80924216,
  "i": 163873792,
  "j": 64232764,
  "k": 131134824,
  "l": 79640392,
  "m": 162585456,
  "n": 1069636,
  "o": 1073559,
  "p": 1283825,
  "q": 1288335,
  "r": 570999,
  "s": 1152257,
  "t": 751026,
  "u": 1516175
}
