{
  "b": 8.179413795471191,
  "c": 17.369853973388672,
  "d": 10.979111671447754,
  "e": 23.31452751159668,
  "f": 86428496,
  "g": 182067568,
  "h": 122531504,
  "i": 258296304,
  "j": 85065904,
  "k": 180646480,
  "l": 120770232,
  "m": 256459808,
  "n": 1362605,
  "o": 1421087,
  "p": 1761271,
  "q": 1836524,
  "r": 1539024,
  "s": 3232448,
  "t": 2308971,
  "u": 4854346
}
