{
  "b": 6.872695446014404,
  "c": 14.830190658569336,
  "d": 7.747745990753174,
  "e": 16.71791648864746,
  "f": 72600000,
  "g": 155000000,
  "h": 86600000,
  "i": 185000000,
  "j": 71500000,
  "k": 154000000,
  "l": 85200000,
  "m": 184000000,
  "n": 1190000,
  "o": 1190000,
  "p": 1390000,
  "q": 1390000,
  "r": 5630000,
  "s": 12100000,
  "t": 7150000,
  "u": 15300000
}
