{
  "b": 6.872695446014404,
  "c": 14.830190658569336,
  "d": 7.747745990753174,
  "e": 16.71791648864746,
  "f": 72636184,
  "g": 155463648,
  "h": 86576336,
  "i": 185328960,
  "j": 71476032,
  "k": 154233984,
  "l": 85225208,
  "m": 183897088,
  "n": 1160145,
  "o": 1229656,
  "p": 1351128,
  "q": 1431889,
  "r": 5625939,
  "s": 12053110,
  "t": 7150287,
  "u": 15324503
}
