{
  "b": 175.39865112304688,
  "c": 368.34002685546875,
  "d": 213.53089904785156,
  "e": 448.3981018066406,
  "f": 1860000000,
  "g": 3860000000,
  "h": 2390000000,
  "i": 4970000000,
  "j": 1820000000,
  "k": 3830000000,
  "l": 2350000000,
  "m": 4930000000,
  "n": 33200000,
  "o": 33200000,
  "p": 40100000,
  "q": 40100000,
  "r": 297000000,
  "s": 615000000,
  "t": 381000000,
  "u": 791000000
}
