{
  "b": 15.801478385925293,
  "c": 32.58736801147461,
  "d": 19.916400909423828,
  "e": 41.0728759765625,
  "f": 167035504,
  "g": 341647168,
  "h": 222518320,
  "i": 455288192,
  "j": 164335376,
  "k": 338908608,
  "l": 219080416,
  "m": 451801632,
  "n": 2700128,
  "o": 2738618,
  "p": 3437908,
  "q": 3486602,
  "r": 5123427,
  "s": 10428155,
  "t": 6860176,
  "u": 13971414
}
