{
  "b": 15.801478385925293,
  "c": 32.58736801147461,
  "d": 19.916400909423828,
  "e": 41.0728759765625,
  "f": 167000000,
  "g": 342000000,
  "h": 223000000,
  "i": 455000000,
  "j": 164000000,
  "k": 339000000,
  "l": 219000000,
  "m": 452000000,
  "n": 2720000,
  "o": 2720000,
  "p": 3460000,
  "q": 3460000,
  "r": 5120000,
  "s": 10400000,
  "t": 6860000,
  "u": 14000000
}
