{
  "b": 19.507164001464844,
  "c": 41.46148681640625,
  "d": 28.842702865600586,
  "e": 61.3007926940918,
  "f": 206000000,
  "g": 435000000,
  "h": 322000000,
  "i": 679000000,
  "j": 203000000,
  "k": 431000000,
  "l": 317000000,
  "m": 674000000,
  "n": 3400000,
  "o": 3400000,
  "p": 4840000,
  "q": 4840000,
  "r": 5280000,
  "s": 11100000,
  "t": 8690000,
  "u": 18200000
}
