{
  "b": 14.946049690246582,
  "c": 31.225893020629883,
  "d": 17.250167846679688,
  "e": 36.03861999511719,
  "f": 157887600,
  "g": 327256896,
  "h": 192580960,
  "i": 399321856,
  "j": 155438912,
  "k": 324749280,
  "l": 189751840,
  "m": 396424800,
  "n": 2448695,
  "o": 2507625,
  "p": 2829108,
  "q": 2897095,
  "r": 1603518,
  "s": 3310854,
  "t": 1951848,
  "u": 4032466
}
