{
  "b": 5.148556709289551,
  "c": 10.565348625183105,
  "d": 5.553601264953613,
  "e": 11.396125793457031,
  "f": 54412888,
  "g": 110758664,
  "h": 62115096,
  "i": 126395904,
  "j": 53544992,
  "k": 109879624,
  "l": 61089612,
  "m": 125357384,
  "n": 867897,
  "o": 879039,
  "p": 1025496,
  "q": 1038510,
  "r": 1043031,
  "s": 2121382,
  "t": 1319691,
  "u": 2684214
}
