{
  "b": 2.0858166217803955,
  "c": 4.2542805671691895,
  "d": 2.3577516078948975,
  "e": 4.808761119842529,
  "f": 22045212,
  "g": 44599160,
  "h": 26343040,
  "i": 53306320,
  "j": 21692494,
  "k": 44244516,
  "l": 25935268,
  "m": 52896372,
  "n": 352720,
  "o": 354639,
  "p": 407774,
  "q": 409943,
  "r": 435844,
  "s": 881365,
  "t": 554252,
  "u": 1121386
}
