{
  "b": 6.7265944480896,
  "c": 13.93649673461914,
  "d": 7.344213962554932,
  "e": 15.215560913085938,
  "f": 71097192,
  "g": 146105792,
  "h": 82065192,
  "i": 168678544,
  "j": 69956584,
  "k": 144939568,
  "l": 80786352,
  "m": 167371168,
  "n": 1140609,
  "o": 1166215,
  "p": 1278850,
  "q": 1307391,
  "r": 1650886,
  "s": 3389257,
  "t": 2061861,
  "u": 4235187
}
