{
  "b": 22.76405143737793,
  "c": 46.391998291015625,
  "d": 23.438236236572266,
  "e": 47.764347076416016,
  "f": 240712144,
  "g": 486481728,
  "h": 262415472,
  "i": 530047616,
  "j": 236746128,
  "k": 482476800,
  "l": 257820608,
  "m": 525407808,
  "n": 3966016,
  "o": 4004931,
  "p": 4594888,
  "q": 4639877,
  "r": 5351522,
  "s": 10754738,
  "t": 6024373,
  "u": 12107101
}
