{
  "b": 2.0858166217803955,
  "c": 4.2542805671691895,
  "d": 2.3577516078948975,
  "e": 4.808761119842529,
  "f": 22000000,
  "g": 44600000,
  "h": 26300000,
  "i": 53300000,
  "j": 21700000,
  "k": 44200000,
  "l": 25900000,
  "m": 52900000,
  "n": 354000,
  "o": 354000,
  "p": 409000,
  "q": 409000,
  "r": 436000,
  "s": 881000,
  "t": 554000,
  "u": 1120000
}
