{
  "b": 5.148556709289551,
  "c": 10.565348625183105,
  "d": 5.553601264953613,
  "e": 11.396125793457031,
  "f": 54400000,
  "g": 111000000,
  "h": 62100000,
  "i": 126000000,
  "j": 53500000,
  "k": 110000000,
  "l": 61100000,
  "m": 125000000,
  "n": 873000,
  "o": 873000,
  "p": 1030000,
  "q": 1030000,
  "r": 1040000,
  "s": 2120000,
  "t": 1320000,
  "u": 2680000
}
