{
  "b": 0.3716767430305481,
  "c": 0.7621822953224182,
  "d": 0.3787405788898468,
  "e": 0.7766332626342773,
  "f": 3930000,
  "g": 7990000,
  "h": 4230000,
  "i": 8610000,
  "j": 3870000,
  "k": 7930000,
  "l": 4170000,
  "m": 8540000,
  "n": 63400,
  "o": 63400,
  "p": 67500,
  "q": 67500,
  "r": 45500,
  "s": 92600,
  "t": 54900,
  "u": 112000
}
