{
  "b": 22.76405143737793,
  "c": 46.391998291015625,
  "d": 23.438236236572266,
  "e": 47.764347076416016,
  "f": 241000000,
  "g": 486000000,
  "h": 262000000,
  "i": 530000000,
  "j": 237000000,
  "k": 482000000,
  "l": 258000000,
  "m": 525000000,
  "n": 3990000,
  "o": 3990000,
  "p": 4620000,
  "q": 4620000,
  "r": 5350000,
  "s": 10800000,
  "t": 6020000,
  "u": 12100000
}
