{
  "b": 0.3716767430305481,
  "c": 0.7621822953224182,
  "d": 0.3787405788898468,
  "e": 0.7766332626342773,
  "f": 3928607,
  "g": 7990400,
  "h": 4233357,
  "i": 8610734,
  "j": 3865438,
  "k": 7926696,
  "l": 4166147,
  "m": 8542966,
  "n": 63169,
  "o": 63703,
  "p": 67211,
  "q": 67768,
  "r": 45506,
  "s": 92631,
  "t": 54922,
  "u": 111843
}
