{
  "b": 109.5003433227539,
  "c": 214.70538330078125,
  "d": 132.47653198242188,
  "e": 259.7469482421875,
  "f": 1158272384,
  "g": 2251990528,
  "h": 1480352896,
  "i": 2879839744,
  "j": 1138803584,
  "k": 2232935936,
  "l": 1457241856,
  "m": 2857216512,
  "n": 19468800,
  "o": 19054830,
  "p": 23111190,
  "q": 22623182,
  "r": 547681984,
  "s": 1065494656,
  "t": 683862272,
  "u": 1331468160
}
