{
  "b": 8.848374366760254,
  "c": 17.864730834960938,
  "d": 9.244913101196289,
  "e": 18.664730072021484,
  "f": 93500000,
  "g": 187000000,
  "h": 103000000,
  "i": 207000000,
  "j": 92000000,
  "k": 186000000,
  "l": 102000000,
  "m": 205000000,
  "n": 1480000,
  "o": 1480000,
  "p": 1680000,
  "q": 1680000,
  "r": 1950000,
  "s": 3900000,
  "t": 2320000,
  "u": 4630000
}
