{
  "b": 12.418169021606445,
  "c": 23.528743743896484,
  "d": 14.690924644470215,
  "e": 27.834285736083984,
  "f": 131000000,
  "g": 247000000,
  "h": 164000000,
  "i": 309000000,
  "j": 129000000,
  "k": 245000000,
  "l": 162000000,
  "m": 306000000,
  "n": 2170000,
  "o": 2170000,
  "p": 2640000,
  "q": 2640000,
  "r": 2120000,
  "s": 3980000,
  "t": 2820000,
  "u": 5290000
}
