{
  "b": 12.418169021606445,
  "c": 23.528743743896484,
  "d": 14.690924644470215,
  "e": 27.834285736083984,
  "f": 131370280,
  "g": 246808720,
  "h": 164303904,
  "i": 308746304,
  "j": 129148960,
  "k": 244698928,
  "l": 161600176,
  "m": 306177152,
  "n": 2221326,
  "o": 2109784,
  "p": 2703723,
  "q": 2569122,
  "r": 2121600,
  "s": 3977532,
  "t": 2822257,
  "u": 5294551
}
