{
  "b": 7.965526103973389,
  "c": 16.44320297241211,
  "d": 8.669355392456055,
  "e": 17.895660400390625,
  "f": 84176224,
  "g": 172368224,
  "h": 96913216,
  "i": 198430528,
  "j": 82841472,
  "k": 171009312,
  "l": 95362912,
  "m": 196852272,
  "n": 1334749,
  "o": 1358898,
  "p": 1550316,
  "q": 1578244,
  "r": 2078201,
  "s": 4252491,
  "t": 2635790,
  "u": 5394785
}
