{
  "b": 43.5853271484375,
  "c": 82.21733856201172,
  "d": 58.62654113769531,
  "e": 110.58611297607422,
  "f": 462000000,
  "g": 864000000,
  "h": 657000000,
  "i": 1230000000,
  "j": 453000000,
  "k": 855000000,
  "l": 645000000,
  "m": 1220000000,
  "n": 8650000,
  "o": 8650000,
  "p": 11800000,
  "q": 11800000,
  "r": 14600000,
  "s": 27300000,
  "t": 22800000,
  "u": 42500000
}
