{
  "b": 43.5853271484375,
  "c": 82.21733856201172,
  "d": 58.62654113769531,
  "e": 110.58611297607422,
  "f": 462120800,
  "g": 863535872,
  "h": 656893120,
  "i": 1227976960,
  "j": 453287392,
  "k": 855060288,
  "l": 644891968,
  "m": 1216447232,
  "n": 8833476,
  "o": 8475622,
  "p": 12001212,
  "q": 11529925,
  "r": 14607866,
  "s": 27252068,
  "t": 22789670,
  "u": 42548456
}
