{
  "b": 7.965526103973389,
  "c": 16.44320297241211,
  "d": 8.669355392456055,
  "e": 17.895660400390625,
  "f": 84200000,
  "g": 172000000,
  "h": 96900000,
  "i": 198000000,
  "j": 82800000,
  "k": 171000000,
  "l": 95400000,
  "m": 197000000,
  "n": 1350000,
  "o": 1350000,
  "p": 1560000,
  "q": 1560000,
  "r": 2080000,
  "s": 4250000,
  "t": 2640000,
  "u": 5390000
}
