{
  "b": 109.5003433227539,
  "c": 214.70538330078125,
  "d": 132.47653198242188,
  "e": 259.7469482421875,
  "f": 1160000000,
  "g": 2250000000,
  "h": 1480000000,
  "i": 2880000000,
  "j": 1140000000,
  "k": 2230000000,
  "l": 1460000000,
  "m": 2860000000,
  "n": 19300000,
  "o": 19300000,
  "p": 22900000,
  "q": 22900000,
  "r": 548000000,
  "s": 1070000000,
  "t": 684000000,
  "u": 1330000000
}
