{
  "b": 14.152116775512695,
  "c": 29.230030059814453,
  "d": 18.754690170288086,
  "e": 38.73435974121094,
  "f": 149653824,
  "g": 306498496,
  "h": 209559008,
  "i": 429380000,
  "j": 147182016,
  "k": 303992320,
  "l": 206301600,
  "m": 426077952,
  "n": 2471800,
  "o": 2506190,
  "p": 3257424,
  "q": 3302028,
  "r": 4340935,
  "s": 8866348,
  "t": 6483361,
  "u": 13255865
}
