{
  "b": 5.193282604217529,
  "c": 10.847821235656738,
  "d": 6.274384498596191,
  "e": 13.10552978515625,
  "f": 54894764,
  "g": 113727008,
  "h": 70103432,
  "i": 145276528,
  "j": 54010140,
  "k": 112817336,
  "l": 69018232,
  "m": 144160832,
  "n": 884629,
  "o": 909675,
  "p": 1085201,
  "q": 1115690,
  "r": 1099711,
  "s": 2275080,
  "t": 1517543,
  "u": 3141696
}
