{
  "b": 5.193282604217529,
  "c": 10.847821235656738,
  "d": 6.274384498596191,
  "e": 13.10552978515625,
  "f": 54900000,
  "g": 114000000,
  "h": 70100000,
  "i": 145000000,
  "j": 54000000,
  "k": 113000000,
  "l": 69000000,
  "m": 144000000,
  "n": 897000,
  "o": 897000,
  "p": 1100000,
  "q": 1100000,
  "r": 1100000,
  "s": 2280000,
  "t": 1520000,
  "u": 3140000
}
