{
  "b": 86.88175201416016,
  "c": 173.84156799316406,
  "d": 95.00984191894531,
  "e": 190.09967041015625,
  "f": 919000000,
  "g": 1820000000,
  "h": 1060000000,
  "i": 2110000000,
  "j": 904000000,
  "k": 1810000000,
  "l": 1050000000,
  "m": 2090000000,
  "n": 15000000,
  "o": 15000000,
  "p": 16700000,
  "q": 16700000,
  "r": 90900000,
  "s": 180000000,
  "t": 105000000,
  "u": 207000000
}
