{
  "b": 7.090713024139404,
  "c": 14.162293434143066,
  "d": 8.6694917678833,
  "e": 17.315397262573242,
  "f": 74900000,
  "g": 148000000,
  "h": 96800000,
  "i": 192000000,
  "j": 73700000,
  "k": 147000000,
  "l": 95400000,
  "m": 190000000,
  "n": 1190000,
  "o": 1190000,
  "p": 1390000,
  "q": 1390000,
  "r": 1110000,
  "s": 2190000,
  "t": 1540000,
  "u": 3050000
}
