{
  "b": 6.0034260749816895,
  "c": 12.228221893310547,
  "d": 6.661284923553467,
  "e": 13.568072319030762,
  "f": 63458664,
  "g": 128200144,
  "h": 74428408,
  "i": 150406992,
  "j": 62435632,
  "k": 127173512,
  "l": 73274136,
  "m": 149248800,
  "n": 1023046,
  "o": 1026627,
  "p": 1154268,
  "q": 1158191,
  "r": 1488108,
  "s": 3004583,
  "t": 1885705,
  "u": 3810032
}
