{
  "b": 14.152116775512695,
  "c": 29.230030059814453,
  "d": 18.754690170288086,
  "e": 38.73435974121094,
  "f": 150000000,
  "g": 306000000,
  "h": 210000000,
  "i": 429000000,
  "j": 147000000,
  "k": 304000000,
  "l": 206000000,
  "m": 426000000,
  "n": 2490000,
  "o": 2490000,
  "p": 3280000,
  "q": 3280000,
  "r": 4340000,
  "s": 8870000,
  "t": 6480000,
  "u": 13300000
}
