{
  "b": 86.88175201416016,
  "c": 173.84156799316406,
  "d": 95.00984191894531,
  "e": 190.09967041015625,
  "f": 918594368,
  "g": 1822870656,
  "h": 1061880128,
  "i": 2107750400,
  "j": 903570240,
  "k": 1807952256,
  "l": 1045108288,
  "m": 2091096448,
  "n": 15024100,
  "o": 14918531,
  "p": 16771781,
  "q": 16653980,
  "r": 90856120,
  "s": 179624544,
  "t": 104733536,
  "u": 207152320
}
