{
  "b": 7.090713024139404,
  "c": 14.162293434143066,
  "d": 8.6694917678833,
  "e": 17.315397262573242,
  "f": 74943752,
  "g": 148475200,
  "h": 96758984,
  "i": 191848768,
  "j": 73743416,
  "k": 147287856,
  "l": 95364408,
  "m": 190469376,
  "n": 1200345,
  "o": 1187349,
  "p": 1394583,
  "q": 1379379,
  "r": 1108519,
  "s": 2193632,
  "t": 1541546,
  "u": 3054058
}
