{
  "b": 20.827865600585938,
  "c": 41.35890579223633,
  "d": 26.38172721862793,
  "e": 52.38618087768555,
  "f": 220409712,
  "g": 433903872,
  "h": 294776704,
  "i": 580791040,
  "j": 216609808,
  "k": 430132640,
  "l": 290199008,
  "m": 576248000,
  "n": 3799892,
  "o": 3771262,
  "p": 4577688,
  "q": 4543012,
  "r": 3255645,
  "s": 6397729,
  "t": 4511945,
  "u": 8877643
}
