{
  "b": 10.471268653869629,
  "c": 21.607240676879883,
  "d": 10.91496753692627,
  "e": 22.522151947021484,
  "f": 110704176,
  "g": 226556112,
  "h": 122064920,
  "i": 249785888,
  "j": 108901192,
  "k": 224715312,
  "l": 120064648,
  "m": 247743680,
  "n": 1802978,
  "o": 1840780,
  "p": 2000259,
  "q": 2042183,
  "r": 2053857,
  "s": 4197348,
  "t": 2477776,
  "u": 5065950
}
