{
  "b": 20.827865600585938,
  "c": 41.35890579223633,
  "d": 26.38172721862793,
  "e": 52.38618087768555,
  "f": 220000000,
  "g": 434000000,
  "h": 295000000,
  "i": 581000000,
  "j": 217000000,
  "k": 430000000,
  "l": 290000000,
  "m": 576000000,
  "n": 3790000,
  "o": 3790000,
  "p": 4560000,
  "q": 4560000,
  "r": 3260000,
  "s": 6400000,
  "t": 4510000,
  "u": 8880000
}
