{
  "b": 9.288471221923828,
  "c": 19.8741455078125,
  "d": 11.340023040771484,
  "e": 24.26255226135254,
  "f": 98200000,
  "g": 208000000,
  "h": 127000000,
  "i": 269000000,
  "j": 96600000,
  "k": 207000000,
  "l": 125000000,
  "m": 267000000,
  "n": 1640000,
  "o": 1640000,
  "p": 2130000,
  "q": 2130000,
  "r": 5540000,
  "s": 11700000,
  "t": 7580000,
  "u": 16000000
}
