{
  "b": 2.5232114791870117,
  "c": 5.243444442749023,
  "d": 2.9357521533966064,
  "e": 6.100536346435547,
  "f": 26663744,
  "g": 54964360,
  "h": 32754836,
  "i": 67578536,
  "j": 26241400,
  "k": 54531824,
  "l": 32293274,
  "m": 67105900,
  "n": 422346,
  "o": 432533,
  "p": 461563,
  "q": 472630,
  "r": 415113,
  "s": 855791,
  "t": 567789,
  "u": 1171856
}
