{
  "b": 5.2547712326049805,
  "c": 10.773432731628418,
  "d": 5.928625583648682,
  "e": 12.154755592346191,
  "f": 55551964,
  "g": 112957768,
  "h": 66286840,
  "i": 134788080,
  "j": 54649620,
  "k": 112043696,
  "l": 65214884,
  "m": 133702312,
  "n": 902341,
  "o": 914078,
  "p": 1071958,
  "q": 1085775,
  "r": 1591372,
  "s": 3228312,
  "t": 1974344,
  "u": 4007400
}
