{
  "b": 66.9724349975586,
  "c": 135.75967407226562,
  "d": 81.91499328613281,
  "e": 166.04168701171875,
  "f": 708566592,
  "g": 1424071040,
  "h": 915632320,
  "i": 1841171712,
  "j": 696513344,
  "k": 1411900672,
  "l": 901064960,
  "m": 1826458624,
  "n": 12053182,
  "o": 12170437,
  "p": 14567261,
  "q": 14713058,
  "r": 28040446,
  "s": 56113432,
  "t": 38740524,
  "u": 77613080
}
