{
  "b": 3.875044345855713,
  "c": 8.246529579162598,
  "d": 4.592190742492676,
  "e": 9.772331237792969,
  "f": 41000000,
  "g": 86500000,
  "h": 51300000,
  "i": 108000000,
  "j": 40300000,
  "k": 85800000,
  "l": 50500000,
  "m": 107000000,
  "n": 676000,
  "o": 676000,
  "p": 811000,
  "q": 811000,
  "r": 740000,
  "s": 1560000,
  "t": 1010000,
  "u": 2140000
}
