{
  "b": 35.918792724609375,
  "c": 71.81012725830078,
  "d": 43.9494514465332,
  "e": 87.86167907714844,
  "f": 379852864,
  "g": 753072576,
  "h": 491210912,
  "i": 974183936,
  "j": 373555456,
  "k": 746825344,
  "l": 483443968,
  "m": 966478464,
  "n": 6297386,
  "o": 6247266,
  "p": 7766913,
  "q": 7705523,
  "r": 16845936,
  "s": 33275552,
  "t": 23009774,
  "u": 45486200
}
