{
  "b": 3.875044345855713,
  "c": 8.246529579162598,
  "d": 4.592190742492676,
  "e": 9.772331237792969,
  "f": 40960632,
  "g": 86454808,
  "h": 51306500,
  "i": 108324776,
  "j": 40300460,
  "k": 85763904,
  "l": 50514096,
  "m": 107495648,
  "n": 660171,
  "o": 690898,
  "p": 792405,
  "q": 829124,
  "r": 739804,
  "s": 1560269,
  "t": 1014821,
  "u": 2141684
}
