{
  "b": 35.918792724609375,
  "c": 71.81012725830078,
  "d": 43.9494514465332,
  "e": 87.86167907714844,
  "f": 380000000,
  "g": 753000000,
  "h": 491000000,
  "i": 974000000,
  "j": 374000000,
  "k": 747000000,
  "l": 483000000,
  "m": 966000000,
  "n": 6270000,
  "o": 6270000,
  "p": 7740000,
  "q": 7740000,
  "r": 16800000,
  "s": 33300000,
  "t": 23000000,
  "u": 45500000
}
