{
  "b": 5.2547712326049805,
  "c": 10.773432731628418,
  "d": 5.928625583648682,
  "e": 12.154755592346191,
  "f": 55600000,
  "g": 113000000,
  "h": 66300000,
  "i": 135000000,
  "j": 54600000,
  "k": 112000000,
  "l": 65200000,
  "m": 134000000,
  "n": 908000,
  "o": 908000,
  "p": 1080000,
  "q": 1080000,
  "r": 1590000,
  "s": 3230000,
  "t": 1970000,
  "u": 4010000
}
