{
  "b": 1.9822282791137695,
  "c": 3.9565696716308594,
  "d": 1.826562523841858,
  "e": 3.645653009414673,
  "f": 20955976,
  "g": 41482500,
  "h": 20432940,
  "i": 40436228,
  "j": 20615174,
  "k": 41148324,
  "l": 20092188,
  "m": 40102184,
  "n": 340803,
  "o": 334172,
  "p": 340754,
  "q": 334046,
  "r": 228100,
  "s": 451270,
  "t": 234873,
  "u": 464727
}
