{
  "b": 89.87997436523438,
  "c": 187.87879943847656,
  "d": 99.92479705810547,
  "e": 208.8628387451172,
  "f": 951000000,
  "g": 1970000000,
  "h": 1120000000,
  "i": 2320000000,
  "j": 935000000,
  "k": 1950000000,
  "l": 1100000000,
  "m": 2300000000,
  "n": 16100000,
  "o": 16100000,
  "p": 18700000,
  "q": 18700000,
  "r": 234000000,
  "s": 485000000,
  "t": 269000000,
  "u": 557000000
}
