{
  "b": 1.9822282791137695,
  "c": 3.9565696716308594,
  "d": 1.826562523841858,
  "e": 3.645653009414673,
  "f": 21000000,
  "g": 41500000,
  "h": 20400000,
  "i": 40400000,
  "j": 20600000,
  "k": 41100000,
  "l": 20100000,
  "m": 40100000,
  "n": 337000,
  "o": 337000,
  "p": 337000,
  "q": 337000,
  "r": 228000,
  "s": 451000,
  "t": 235000,
  "u": 465000
}
