{
  "b": 114.13612365722656,
  "c": 232.4923858642578,
  "d": 170.5247344970703,
  "e": 347.3351745605469,
  "f": 1210000000,
  "g": 2440000000,
  "h": 1900000000,
  "i": 3850000000,
  "j": 1190000000,
  "k": 2420000000,
  "l": 1880000000,
  "m": 3820000000,
  "n": 21200000,
  "o": 21200000,
  "p": 28400000,
  "q": 28400000,
  "r": 92400000,
  "s": 186000000,
  "t": 160000000,
  "u": 323000000
}
