{
  "b": 29.42076873779297,
  "c": 59.721099853515625,
  "d": 30.836416244506836,
  "e": 62.592506408691406,
  "f": 311052640,
  "g": 626218880,
  "h": 344686368,
  "i": 694049792,
  "j": 305976000,
  "k": 621099456,
  "l": 339200576,
  "m": 688517568,
  "n": 5076675,
  "o": 5119406,
  "p": 5485786,
  "q": 5532259,
  "r": 5540376,
  "s": 11132150,
  "t": 6577214,
  "u": 13223440
}
