{
  "b": 43.498680114746094,
  "c": 84.05701446533203,
  "d": 54.86676788330078,
  "e": 106.0193862915039,
  "f": 460426368,
  "g": 881970496,
  "h": 613396288,
  "i": 1175758080,
  "j": 452386272,
  "k": 874192960,
  "l": 603534464,
  "m": 1166213248,
  "n": 8040146,
  "o": 7777448,
  "p": 9861785,
  "q": 9544734,
  "r": 20067274,
  "s": 38248076,
  "t": 29203028,
  "u": 55728332
}
