{
  "b": 43.498680114746094,
  "c": 84.05701446533203,
  "d": 54.86676788330078,
  "e": 106.0193862915039,
  "f": 460000000,
  "g": 882000000,
  "h": 613000000,
  "i": 1180000000,
  "j": 452000000,
  "k": 874000000,
  "l": 604000000,
  "m": 1170000000,
  "n": 7910000,
  "o": 7910000,
  "p": 9700000,
  "q": 9700000,
  "r": 20100000,
  "s": 38200000,
  "t": 29200000,
  "u": 55700000
}
