{
  "b": 89.87997436523438,
  "c": 187.87879943847656,
  "d": 99.92479705810547,
  "e": 208.8628387451172,
  "f": 950683840,
  "g": 1970278656,
  "h": 1117605120,
  "i": 2316389888,
  "j": 934751744,
  "k": 1953939456,
  "l": 1099172736,
  "m": 2297491200,
  "n": 15932009,
  "o": 16339398,
  "p": 18432282,
  "q": 18898784,
  "r": 234171552,
  "s": 484904864,
  "t": 268735040,
  "u": 556542592
}
