{
  "b": 114.13612365722656,
  "c": 232.4923858642578,
  "d": 170.5247344970703,
  "e": 347.3351745605469,
  "f": 1208084224,
  "g": 2439303168,
  "h": 1903938048,
  "i": 3849281792,
  "j": 1187015680,
  "k": 2417920768,
  "l": 1875772032,
  "m": 3820686848,
  "n": 21068600,
  "o": 21382504,
  "p": 28165878,
  "q": 28595012,
  "r": 92444800,
  "s": 185891728,
  "t": 160159424,
  "u": 322727680
}
