{
  "b": 29.42076873779297,
  "c": 59.721099853515625,
  "d": 30.836416244506836,
  "e": 62.592506408691406,
  "f": 311000000,
  "g": 626000000,
  "h": 345000000,
  "i": 694000000,
  "j": 306000000,
  "k": 621000000,
  "l": 339000000,
  "m": 689000000,
  "n": 5100000,
  "o": 5100000,
  "p": 5510000,
  "q": 5510000,
  "r": 5540000,
  "s": 11100000,
  "t": 6580000,
  "u": 13200000
}
