{
  "b": 455.3719177246094,
  "c": 882.61474609375,
  "d": 639.531005859375,
  "e": 1239.4989013671875,
  "f": 4830000000,
  "g": 9280000000,
  "h": 7160000000,
  "i": 13800000000,
  "j": 4740000000,
  "k": 9180000000,
  "l": 7030000000,
  "m": 13600000000,
  "n": 97200000,
  "o": 97200000,
  "p": 125000000,
  "q": 125000000,
  "r": 1030000000,
  "s": 1980000000,
  "t": 1570000000,
  "u": 3000000000
}
