{
  "b": 1.3126767873764038,
  "c": 2.749992847442627,
  "d": 1.4439849853515625,
  "e": 3.0249710083007812,
  "f": 13873218,
  "g": 28828608,
  "h": 16120411,
  "i": 33519038,
  "j": 13651838,
  "k": 28599926,
  "l": 15883835,
  "m": 33274680,
  "n": 221379,
  "o": 228682,
  "p": 236578,
  "q": 244356,
  "r": 258785,
  "s": 537696,
  "t": 331750,
  "u": 689940
}
