{
  "b": 1.842954397201538,
  "c": 3.8753981590270996,
  "d": 1.9702731370925903,
  "e": 4.143005847930908,
  "f": 19479652,
  "g": 40627816,
  "h": 22018970,
  "i": 45930864,
  "j": 19166726,
  "k": 40304140,
  "l": 21673004,
  "m": 45573064,
  "n": 312927,
  "o": 323685,
  "p": 345965,
  "q": 357794,
  "r": 229482,
  "s": 478508,
  "t": 288510,
  "u": 601895
}
