{
  "b": 455.3719177246094,
  "c": 882.61474609375,
  "d": 639.531005859375,
  "e": 1239.4989013671875,
  "f": 4833833984,
  "g": 9275683840,
  "h": 7160269824,
  "i": 13758119936,
  "j": 4735867904,
  "k": 9179193344,
  "l": 7034841088,
  "m": 13634487296,
  "n": 97965448,
  "o": 96489936,
  "p": 125429160,
  "q": 123632040,
  "r": 1032373248,
  "s": 1975756800,
  "t": 1565565696,
  "u": 3001586944
}
