{
  "b": 133.96961975097656,
  "c": 263.2640075683594,
  "d": 173.7401885986328,
  "e": 341.3768005371094,
  "f": 1420000000,
  "g": 2770000000,
  "h": 1940000000,
  "i": 3790000000,
  "j": 1390000000,
  "k": 2740000000,
  "l": 1910000000,
  "m": 3760000000,
  "n": 27400000,
  "o": 27400000,
  "p": 33400000,
  "q": 33400000,
  "r": 123000000,
  "s": 238000000,
  "t": 173000000,
  "u": 334000000
}
