{
  "b": 14.13218879699707,
  "c": 29.58212661743164,
  "d": 15.306804656982422,
  "e": 32.0396728515625,
  "f": 149000000,
  "g": 310000000,
  "h": 171000000,
  "i": 355000000,
  "j": 147000000,
  "k": 308000000,
  "l": 168000000,
  "m": 352000000,
  "n": 2430000,
  "o": 2430000,
  "p": 2910000,
  "q": 2910000,
  "r": 4010000,
  "s": 8300000,
  "t": 4970000,
  "u": 10300000
}
