{
  "b": 14.13218879699707,
  "c": 29.58212661743164,
  "d": 15.306804656982422,
  "e": 32.0396728515625,
  "f": 149366352,
  "g": 310122272,
  "h": 171240112,
  "i": 355393152,
  "j": 146974768,
  "k": 307654112,
  "l": 168374848,
  "m": 352436416,
  "n": 2391579,
  "o": 2468186,
  "p": 2865267,
  "q": 2956702,
  "r": 4013353,
  "s": 8304720,
  "t": 4968496,
  "u": 10282348
}
