{
  "b": 1.842954397201538,
  "c": 3.8753981590270996,
  "d": 1.9702731370925903,
  "e": 4.143005847930908,
  "f": 19500000,
  "g": 40600000,
  "h": 22000000,
  "i": 45900000,
  "j": 19200000,
  "k": 40300000,
  "l": 21700000,
  "m": 45600000,
  "n": 318000,
  "o": 318000,
  "p": 352000,
  "q": 352000,
  "r": 229000,
  "s": 479000,
  "t": 289000,
  "u": 602000
}
