{
  "b": 1.3126767873764038,
  "c": 2.749992847442627,
  "d": 1.4439849853515625,
  "e": 3.0249710083007812,
  "f": 13900000,
  "g": 28800000,
  "h": 16100000,
  "i": 33500000,
  "j": 13700000,
  "k": 28600000,
  "l": 15900000,
  "m": 33300000,
  "n": 225000,
  "o": 225000,
  "p": 240000,
  "q": 240000,
  "r": 259000,
  "s": 538000,
  "t": 332000,
  "u": 690000
}
