{
  "b": 133.96961975097656,
  "c": 263.2640075683594,
  "d": 173.7401885986328,
  "e": 341.3768005371094,
  "f": 1420848896,
  "g": 2765136384,
  "h": 1944793344,
  "i": 3788355328,
  "j": 1393283968,
  "k": 2737945600,
  "l": 1911142016,
  "m": 3755144704,
  "n": 27564970,
  "o": 27190940,
  "p": 33651264,
  "q": 33210468,
  "r": 123148032,
  "s": 237526336,
  "t": 172825424,
  "u": 333931136
}
