{
  "b": 6.416874408721924,
  "c": 13.016324996948242,
  "d": 6.923675060272217,
  "e": 14.044052124023438,
  "f": 67811632,
  "g": 136446768,
  "h": 77370704,
  "i": 155695680,
  "j": 66735492,
  "k": 135369776,
  "l": 76160424,
  "m": 154484576,
  "n": 1076141,
  "o": 1076960,
  "p": 1210287,
  "q": 1211105,
  "r": 3160949,
  "s": 6342505,
  "t": 3713804,
  "u": 7456013
}
