{
  "b": 98.26081848144531,
  "c": 202.10894775390625,
  "d": 138.21853637695312,
  "e": 284.2698974609375,
  "f": 1040000000,
  "g": 2120000000,
  "h": 1540000000,
  "i": 3150000000,
  "j": 1020000000,
  "k": 2100000000,
  "l": 1520000000,
  "m": 3130000000,
  "n": 17600000,
  "o": 17600000,
  "p": 21800000,
  "q": 21800000,
  "r": 385000000,
  "s": 786000000,
  "t": 537000000,
  "u": 1100000000
}
