{
  "b": 13.117558479309082,
  "c": 27.35609245300293,
  "d": 14.395797729492188,
  "e": 30.020828247070312,
  "f": 139000000,
  "g": 287000000,
  "h": 161000000,
  "i": 333000000,
  "j": 136000000,
  "k": 285000000,
  "l": 158000000,
  "m": 330000000,
  "n": 2240000,
  "o": 2240000,
  "p": 2560000,
  "q": 2560000,
  "r": 5390000,
  "s": 11100000,
  "t": 6720000,
  "u": 13900000
}
