{
  "b": 7.8684186935424805,
  "c": 16.084125518798828,
  "d": 10.096765518188477,
  "e": 20.63831329345703,
  "f": 83173432,
  "g": 168632640,
  "h": 112714464,
  "i": 228690960,
  "j": 81831552,
  "k": 167274912,
  "l": 111064416,
  "m": 227021456,
  "n": 1341877,
  "o": 1357723,
  "p": 1650063,
  "q": 1669503,
  "r": 913066,
  "s": 1848817,
  "t": 1358191,
  "u": 2753054
}
