{
  "b": 52.300838470458984,
  "c": 104.29412841796875,
  "d": 78.64253234863281,
  "e": 156.81773376464844,
  "f": 553000000,
  "g": 1090000000,
  "h": 877000000,
  "i": 1740000000,
  "j": 544000000,
  "k": 1080000000,
  "l": 865000000,
  "m": 1720000000,
  "n": 9160000,
  "o": 9160000,
  "p": 12000000,
  "q": 12000000,
  "r": 32000000,
  "s": 63100000,
  "t": 55600000,
  "u": 110000000
}
