{
  "b": 13.117558479309082,
  "c": 27.35609245300293,
  "d": 14.395797729492188,
  "e": 30.020828247070312,
  "f": 138631952,
  "g": 286772352,
  "h": 160880064,
  "i": 332823360,
  "j": 136422608,
  "k": 284503360,
  "l": 158353776,
  "m": 330229120,
  "n": 2209361,
  "o": 2269007,
  "p": 2526269,
  "q": 2594221,
  "r": 5392122,
  "s": 11129996,
  "t": 6723328,
  "u": 13885629
}
