{
  "b": 98.26081848144531,
  "c": 202.10894775390625,
  "d": 138.21853637695312,
  "e": 284.2698974609375,
  "f": 1039310016,
  "g": 2119696640,
  "h": 1541934592,
  "i": 3148957696,
  "j": 1021912512,
  "k": 2101933056,
  "l": 1520403968,
  "m": 3126968832,
  "n": 17397476,
  "o": 17763560,
  "p": 21530588,
  "q": 21988600,
  "r": 385281664,
  "s": 786486016,
  "t": 536758048,
  "u": 1097275392
}
