{
  "b": 6.416874408721924,
  "c": 13.016324996948242,
  "d": 6.923675060272217,
  "e": 14.044052124023438,
  "f": 67800000,
  "g": 136000000,
  "h": 77400000,
  "i": 156000000,
  "j": 66700000,
  "k": 135000000,
  "l": 76200000,
  "m": 154000000,
  "n": 1080000,
  "o": 1080000,
  "p": 1210000,
  "q": 1210000,
  "r": 3160000,
  "s": 6340000,
  "t": 3710000,
  "u": 7460000
}
