{
  "b": 15.304364204406738,
  "c": 30.45284080505371,
  "d": 17.211549758911133,
  "e": 34.247920989990234,
  "f": 161802928,
  "g": 319313920,
  "h": 192473664,
  "i": 379833984,
  "j": 159165392,
  "k": 316709536,
  "l": 189327056,
  "m": 376727136,
  "n": 2637525,
  "o": 2604371,
  "p": 3146572,
  "q": 3106841,
  "r": 4900604,
  "s": 9629038,
  "t": 5810660,
  "u": 11421950
}
