{
  "b": 18.26612091064453,
  "c": 37.05107498168945,
  "d": 23.615007400512695,
  "e": 47.89884948730469,
  "f": 193214112,
  "g": 388610272,
  "h": 264143568,
  "i": 531310944,
  "j": 189967648,
  "k": 385331168,
  "l": 259765072,
  "m": 526887360,
  "n": 3246478,
  "o": 3279102,
  "p": 4378492,
  "q": 4423623,
  "r": 4384512,
  "s": 8801119,
  "t": 6595843,
  "u": 13246367
}
