{
  "b": 473.67694091796875,
  "c": 894.2183227539062,
  "d": 604.5803833007812,
  "e": 1141.3280029296875,
  "f": 5030747648,
  "g": 9401098240,
  "h": 6773099008,
  "i": 12673573888,
  "j": 4926240256,
  "k": 9299870720,
  "l": 6650384384,
  "m": 12554607616,
  "n": 104508192,
  "o": 101226440,
  "p": 122713992,
  "q": 118968304,
  "r": 664290304,
  "s": 1236444544,
  "t": 893509696,
  "u": 1666580096
}
