{
  "b": 9.890177726745605,
  "c": 20.043392181396484,
  "d": 10.83576774597168,
  "e": 21.95913314819336,
  "f": 104524736,
  "g": 210120752,
  "h": 121090248,
  "i": 243450080,
  "j": 102857848,
  "k": 208451280,
  "l": 119193448,
  "m": 241550464,
  "n": 1666889,
  "o": 1669475,
  "p": 1896794,
  "q": 1899624,
  "r": 4805494,
  "s": 9636488,
  "t": 5889748,
  "u": 11817200
}
