{
  "b": 10.637935638427734,
  "c": 22.250736236572266,
  "d": 11.586551666259766,
  "e": 24.234041213989258,
  "f": 112000000,
  "g": 233000000,
  "h": 129000000,
  "i": 269000000,
  "j": 111000000,
  "k": 231000000,
  "l": 127000000,
  "m": 267000000,
  "n": 1820000,
  "o": 1820000,
  "p": 2070000,
  "q": 2070000,
  "r": 2490000,
  "s": 5170000,
  "t": 3130000,
  "u": 6480000
}
