{
  "b": 9.890177726745605,
  "c": 20.043392181396484,
  "d": 10.83576774597168,
  "e": 21.95913314819336,
  "f": 105000000,
  "g": 210000000,
  "h": 121000000,
  "i": 243000000,
  "j": 103000000,
  "k": 208000000,
  "l": 119000000,
  "m": 242000000,
  "n": 1670000,
  "o": 1670000,
  "p": 1900000,
  "q": 1900000,
  "r": 4810000,
  "s": 9640000,
  "t": 5890000,
  "u": 11800000
}
