{
  "b": 18.26612091064453,
  "c": 37.05107498168945,
  "d": 23.615007400512695,
  "e": 47.89884948730469,
  "f": 193000000,
  "g": 389000000,
  "h": 264000000,
  "i": 531000000,
  "j": 190000000,
  "k": 385000000,
  "l": 260000000,
  "m": 527000000,
  "n": 3260000,
  "o": 3260000,
  "p": 4400000,
  "q": 4400000,
  "r": 4380000,
  "s": 8800000,
  "t": 6600000,
  "u": 13200000
}
