{
  "b": 10.637935638427734,
  "c": 22.250736236572266,
  "d": 11.586551666259766,
  "e": 24.234041213989258,
  "f": 112430648,
  "g": 233257088,
  "h": 129488328,
  "i": 268670944,
  "j": 110634528,
  "k": 231407648,
  "l": 127452064,
  "m": 266574448,
  "n": 1796123,
  "o": 1849463,
  "p": 2036255,
  "q": 2096530,
  "r": 2494703,
  "s": 5167097,
  "t": 3128115,
  "u": 6482678
}
