{
  "b": 15.304364204406738,
  "c": 30.45284080505371,
  "d": 17.211549758911133,
  "e": 34.247920989990234,
  "f": 162000000,
  "g": 319000000,
  "h": 192000000,
  "i": 380000000,
  "j": 159000000,
  "k": 317000000,
  "l": 189000000,
  "m": 377000000,
  "n": 2620000,
  "o": 2620000,
  "p": 3130000,
  "q": 3130000,
  "r": 4900000,
  "s": 9630000,
  "t": 5810000,
  "u": 11400000
}
