{
  "b": 5.338975429534912,
  "c": 11.195428848266602,
  "d": 5.338895797729492,
  "e": 11.194883346557617,
  "f": 56417008,
  "g": 117353440,
  "h": 59680664,
  "i": 124127728,
  "j": 55525344,
  "k": 116432464,
  "l": 58727856,
  "m": 123143712,
  "n": 891658,
  "o": 920984,
  "p": 952807,
  "q": 984007,
  "r": 4979620,
  "s": 10361877,
  "t": 5568014,
  "u": 11587171
}
