{
  "b": 10.55882740020752,
  "c": 21.746753692626953,
  "d": 10.957751274108887,
  "e": 22.567779541015625,
  "f": 112000000,
  "g": 228000000,
  "h": 123000000,
  "i": 250000000,
  "j": 110000000,
  "k": 226000000,
  "l": 121000000,
  "m": 248000000,
  "n": 1800000,
  "o": 1800000,
  "p": 2030000,
  "q": 2030000,
  "r": 1980000,
  "s": 4040000,
  "t": 2350000,
  "u": 4800000
}
