{
  "b": 114.21853637695312,
  "c": 215.29722595214844,
  "d": 154.8379669189453,
  "e": 291.8572082519531,
  "f": 1210000000,
  "g": 2260000000,
  "h": 1730000000,
  "i": 3240000000,
  "j": 1190000000,
  "k": 2240000000,
  "l": 1700000000,
  "m": 3210000000,
  "n": 22800000,
  "o": 22800000,
  "p": 30000000,
  "q": 30000000,
  "r": 40800000,
  "s": 76000000,
  "t": 63600000,
  "u": 119000000
}
