{
  "b": 5.338975429534912,
  "c": 11.195428848266602,
  "d": 5.338895797729492,
  "e": 11.194883346557617,
  "f": 56400000,
  "g": 117000000,
  "h": 59700000,
  "i": 124000000,
  "j": 55500000,
  "k": 116000000,
  "l": 58700000,
  "m": 123000000,
  "n": 906000,
  "o": 906000,
  "p": 968000,
  "q": 968000,
  "r": 4980000,
  "s": 10400000,
  "t": 5570000,
  "u": 11600000
}
