{
  "b": 29.246807098388672,
  "c": 59.14921951293945,
  "d": 32.09318923950195,
  "e": 64.9040756225586,
  "f": 309000000,
  "g": 620000000,
  "h": 358000000,
  "i": 719000000,
  "j": 304000000,
  "k": 615000000,
  "l": 353000000,
  "m": 714000000,
  "n": 4930000,
  "o": 4930000,
  "p": 5450000,
  "q": 5450000,
  "r": 22600000,
  "s": 45200000,
  "t": 26800000,
  "u": 53700000
}
