{
  "b": 29.246807098388672,
  "c": 59.14921951293945,
  "d": 32.09318923950195,
  "e": 64.9040756225586,
  "f": 309101120,
  "g": 620076224,
  "h": 358478112,
  "i": 719386432,
  "j": 304166784,
  "k": 615151872,
  "l": 353025088,
  "m": 713944832,
  "n": 4934323,
  "o": 4924335,
  "p": 5453058,
  "q": 5441625,
  "r": 22580198,
  "s": 45222624,
  "t": 26801924,
  "u": 53712224
}
