{
  "b": 5.368411540985107,
  "c": 10.937283515930176,
  "d": 5.919940948486328,
  "e": 12.060588836669922,
  "f": 56740308,
  "g": 114662992,
  "h": 66147012,
  "i": 133701360,
  "j": 55831480,
  "k": 113747744,
  "l": 65119352,
  "m": 132666480,
  "n": 908829,
  "o": 915256,
  "p": 1027654,
  "q": 1034872,
  "r": 1579764,
  "s": 3188790,
  "t": 1965452,
  "u": 3969763
}
