{
  "b": 17.334985733032227,
  "c": 35.80786895751953,
  "d": 24.472105026245117,
  "e": 50.548851013183594,
  "f": 183000000,
  "g": 375000000,
  "h": 273000000,
  "i": 560000000,
  "j": 180000000,
  "k": 372000000,
  "l": 269000000,
  "m": 556000000,
  "n": 3030000,
  "o": 3030000,
  "p": 4030000,
  "q": 4030000,
  "r": 18600000,
  "s": 38100000,
  "t": 28100000,
  "u": 57600000
}
