{
  "b": 12.584986686706543,
  "c": 25.196596145629883,
  "d": 13.130839347839355,
  "e": 26.288536071777344,
  "f": 133000000,
  "g": 264000000,
  "h": 147000000,
  "i": 292000000,
  "j": 131000000,
  "k": 262000000,
  "l": 144000000,
  "m": 289000000,
  "n": 2190000,
  "o": 2190000,
  "p": 2400000,
  "q": 2400000,
  "r": 1750000,
  "s": 3460000,
  "t": 2040000,
  "u": 4040000
}
