{
  "b": 4.59376859664917,
  "c": 9.405972480773926,
  "d": 4.721419811248779,
  "e": 9.66709041595459,
  "f": 48562460,
  "g": 98617896,
  "h": 52829272,
  "i": 107241176,
  "j": 47775192,
  "k": 97822112,
  "l": 51935620,
  "m": 106337992,
  "n": 787266,
  "o": 795786,
  "p": 893649,
  "q": 903184,
  "r": 1207889,
  "s": 2449233,
  "t": 1399113,
  "u": 2837105
}
