{
  "b": 10.388286590576172,
  "c": 21.829437255859375,
  "d": 10.740558624267578,
  "e": 22.56904411315918,
  "f": 109816608,
  "g": 228872336,
  "h": 120173416,
  "i": 250363904,
  "j": 108038176,
  "k": 227026144,
  "l": 118146144,
  "m": 248259488,
  "n": 1778427,
  "o": 1846195,
  "p": 2027290,
  "q": 2104400,
  "r": 2242557,
  "s": 4663691,
  "t": 2635561,
  "u": 5481930
}
