{
  "b": 12.584986686706543,
  "c": 25.196596145629883,
  "d": 13.130839347839355,
  "e": 26.288536071777344,
  "f": 133082128,
  "g": 264233808,
  "h": 146843936,
  "i": 291569088,
  "j": 130883864,
  "k": 262044592,
  "l": 144439232,
  "m": 289173888,
  "n": 2198268,
  "o": 2189207,
  "p": 2404709,
  "q": 2395239,
  "r": 1745177,
  "s": 3456393,
  "t": 2040386,
  "u": 4043357
}
