{
  "b": 10.388286590576172,
  "c": 21.829437255859375,
  "d": 10.740558624267578,
  "e": 22.56904411315918,
  "f": 110000000,
  "g": 229000000,
  "h": 120000000,
  "i": 250000000,
  "j": 108000000,
  "k": 227000000,
  "l": 118000000,
  "m": 248000000,
  "n": 1810000,
  "o": 1810000,
  "p": 2070000,
  "q": 2070000,
  "r": 2240000,
  "s": 4660000,
  "t": 2640000,
  "u": 5480000
}
