{
  "b": 4.59376859664917,
  "c": 9.405972480773926,
  "d": 4.721419811248779,
  "e": 9.66709041595459,
  "f": 48600000,
  "g": 98600000,
  "h": 52800000,
  "i": 107000000,
  "j": 47800000,
  "k": 97800000,
  "l": 51900000,
  "m": 106000000,
  "n": 792000,
  "o": 792000,
  "p": 898000,
  "q": 898000,
  "r": 1210000,
  "s": 2450000,
  "t": 1400000,
  "u": 2840000
}
