{
  "b": 17.334985733032227,
  "c": 35.80786895751953,
  "d": 24.472105026245117,
  "e": 50.548851013183594,
  "f": 183287936,
  "g": 375457440,
  "h": 273191616,
  "i": 560103552,
  "j": 180283856,
  "k": 372401856,
  "l": 269193152,
  "m": 556037376,
  "n": 3004078,
  "o": 3055539,
  "p": 3998503,
  "q": 4066230,
  "r": 18596140,
  "s": 38122264,
  "t": 28080688,
  "u": 57620928
}
