{
  "b": 0.5401243567466736,
  "c": 1.1243789196014404,
  "d": 0.7677518129348755,
  "e": 1.59819495677948,
  "f": 5709823,
  "g": 11787978,
  "h": 8564736,
  "i": 17702050,
  "j": 5617294,
  "k": 11693541,
  "l": 8445270,
  "m": 17580144,
  "n": 92529,
  "o": 94437,
  "p": 119466,
  "q": 121905,
  "r": 71648,
  "s": 147944,
  "t": 118940,
  "u": 245950
}
