{
  "b": 0.5401243567466736,
  "c": 1.1243789196014404,
  "d": 0.7677518129348755,
  "e": 1.59819495677948,
  "f": 5710000,
  "g": 11800000,
  "h": 8560000,
  "i": 17700000,
  "j": 5620000,
  "k": 11700000,
  "l": 8450000,
  "m": 17600000,
  "n": 93500,
  "o": 93500,
  "p": 121000,
  "q": 121000,
  "r": 71600,
  "s": 148000,
  "t": 119000,
  "u": 246000
}
