{
  "b": 68.56086730957031,
  "c": 138.81674194335938,
  "d": 77.4537124633789,
  "e": 156.81640625,
  "f": 724918592,
  "g": 1455644800,
  "h": 865489216,
  "i": 1738553856,
  "j": 713033024,
  "k": 1443694080,
  "l": 851990848,
  "m": 1724980480,
  "n": 11885532,
  "o": 11950658,
  "p": 13498372,
  "q": 13573187,
  "r": 161079504,
  "s": 323470144,
  "t": 191642800,
  "u": 385050560
}
