{
  "b": 21.68665313720703,
  "c": 44.14924621582031,
  "d": 27.42890167236328,
  "e": 55.83793640136719,
  "f": 229000000,
  "g": 463000000,
  "h": 306000000,
  "i": 619000000,
  "j": 226000000,
  "k": 459000000,
  "l": 302000000,
  "m": 614000000,
  "n": 3660000,
  "o": 3660000,
  "p": 4460000,
  "q": 4460000,
  "r": 4190000,
  "s": 8460000,
  "t": 6220000,
  "u": 12600000
}
