{
  "b": 16.606050491333008,
  "c": 32.533077239990234,
  "d": 17.49824333190918,
  "e": 34.27968978881836,
  "f": 176000000,
  "g": 341000000,
  "h": 196000000,
  "i": 380000000,
  "j": 173000000,
  "k": 338000000,
  "l": 192000000,
  "m": 377000000,
  "n": 2880000,
  "o": 2880000,
  "p": 3220000,
  "q": 3220000,
  "r": 3680000,
  "s": 7120000,
  "t": 4180000,
  "u": 8100000
}
