{
  "b": 16.606050491333008,
  "c": 32.533077239990234,
  "d": 17.49824333190918,
  "e": 34.27968978881836,
  "f": 175614400,
  "g": 341189472,
  "h": 195739680,
  "i": 380262688,
  "j": 172702928,
  "k": 338344000,
  "l": 192480672,
  "m": 377076608,
  "n": 2911478,
  "o": 2845491,
  "p": 3259024,
  "q": 3186114,
  "r": 3675726,
  "s": 7117102,
  "t": 4179024,
  "u": 8095100
}
