{
  "b": 68.56086730957031,
  "c": 138.81674194335938,
  "d": 77.4537124633789,
  "e": 156.81640625,
  "f": 725000000,
  "g": 1460000000,
  "h": 865000000,
  "i": 1740000000,
  "j": 713000000,
  "k": 1440000000,
  "l": 852000000,
  "m": 1720000000,
  "n": 11900000,
  "o": 11900000,
  "p": 13500000,
  "q": 13500000,
  "r": 161000000,
  "s": 323000000,
  "t": 192000000,
  "u": 385000000
}
