{
  "b": 105.36296844482422,
  "c": 201.84268188476562,
  "d": 188.3747100830078,
  "e": 360.8505554199219,
  "f": 1117426176,
  "g": 2120177280,
  "h": 2103404032,
  "i": 3999752960,
  "j": 1095774848,
  "k": 2099163904,
  "l": 2072121856,
  "m": 3969356032,
  "n": 21651284,
  "o": 21013604,
  "p": 31282374,
  "q": 30396820,
  "r": 72990304,
  "s": 138175200,
  "t": 152553264,
  "u": 289668512
}
