{
  "b": 21.68665313720703,
  "c": 44.14924621582031,
  "d": 27.42890167236328,
  "e": 55.83793640136719,
  "f": 229188128,
  "g": 462833440,
  "h": 306160672,
  "i": 618702144,
  "j": 225541184,
  "k": 459152160,
  "l": 301717920,
  "m": 614217280,
  "n": 3646921,
  "o": 3681245,
  "p": 4442756,
  "q": 4484865,
  "r": 4193233,
  "s": 8460637,
  "t": 6217496,
  "u": 12556233
}
