{
  "b": 1.614448070526123,
  "c": 3.2817800045013428,
  "d": 1.8677258491516113,
  "e": 3.7965447902679443,
  "f": 17067562,
  "g": 34409772,
  "h": 20864992,
  "i": 42084264,
  "j": 16790260,
  "k": 34130512,
  "l": 20544984,
  "m": 41761992,
  "n": 277300,
  "o": 279255,
  "p": 320008,
  "q": 322271,
  "r": 124289,
  "s": 250652,
  "t": 170024,
  "u": 343131
}
