{
  "b": 741.523681640625,
  "c": 1397.57080078125,
  "d": 842.0387573242188,
  "e": 1586.990966796875,
  "f": 7870000000,
  "g": 14700000000,
  "h": 9450000000,
  "i": 17600000000,
  "j": 7710000000,
  "k": 14500000000,
  "l": 9260000000,
  "m": 17500000000,
  "n": 159000000,
  "o": 159000000,
  "p": 188000000,
  "q": 188000000,
  "r": 976000000,
  "s": 1810000000,
  "t": 1220000000,
  "u": 2260000000
}
