{
  "b": 21.07010841369629,
  "c": 42.87722396850586,
  "d": 25.372819900512695,
  "e": 51.63118362426758,
  "f": 223000000,
  "g": 450000000,
  "h": 283000000,
  "i": 572000000,
  "j": 219000000,
  "k": 446000000,
  "l": 279000000,
  "m": 568000000,
  "n": 3690000,
  "o": 3690000,
  "p": 4380000,
  "q": 4380000,
  "r": 3250000,
  "s": 6540000,
  "t": 4510000,
  "u": 9090000
}
