{
  "b": 28.331443786621094,
  "c": 59.56985092163086,
  "d": 35.9282341003418,
  "e": 75.54026794433594,
  "f": 300000000,
  "g": 625000000,
  "h": 401000000,
  "i": 837000000,
  "j": 295000000,
  "k": 620000000,
  "l": 395000000,
  "m": 831000000,
  "n": 4940000,
  "o": 4940000,
  "p": 6030000,
  "q": 6030000,
  "r": 37100000,
  "s": 77300000,
  "t": 51900000,
  "u": 108000000
}
