{
  "b": 1.614448070526123,
  "c": 3.2817800045013428,
  "d": 1.8677258491516113,
  "e": 3.7965447902679443,
  "f": 17100000,
  "g": 34400000,
  "h": 20900000,
  "i": 42100000,
  "j": 16800000,
  "k": 34100000,
  "l": 20500000,
  "m": 41800000,
  "n": 278000,
  "o": 278000,
  "p": 321000,
  "q": 321000,
  "r": 124000,
  "s": 251000,
  "t": 170000,
  "u": 343000
}
