{
  "b": 56.06845474243164,
  "c": 111.82769012451172,
  "d": 62.00456237792969,
  "e": 123.66283416748047,
  "f": 593000000,
  "g": 1170000000,
  "h": 693000000,
  "i": 1370000000,
  "j": 583000000,
  "k": 1160000000,
  "l": 682000000,
  "m": 1360000000,
  "n": 9900000,
  "o": 9900000,
  "p": 11100000,
  "q": 11100000,
  "r": 6840000,
  "s": 13400000,
  "t": 8570000,
  "u": 16900000
}
