{
  "b": 741.523681640625,
  "c": 1397.57080078125,
  "d": 842.0387573242188,
  "e": 1586.990966796875,
  "f": 7873619456,
  "g": 14690992128,
  "h": 9453431808,
  "i": 17641533440,
  "j": 7711846400,
  "k": 14534735872,
  "l": 9262426112,
  "m": 17456900096,
  "n": 161772704,
  "o": 156255376,
  "p": 191005312,
  "q": 184635696,
  "r": 976428160,
  "s": 1814470656,
  "t": 1215337344,
  "u": 2259970304
}
