{
  "b": 21.07010841369629,
  "c": 42.87722396850586,
  "d": 25.372819900512695,
  "e": 51.63118362426758,
  "f": 222797920,
  "g": 449631488,
  "h": 283459456,
  "i": 572348672,
  "j": 219129136,
  "k": 445923136,
  "l": 279101024,
  "m": 567943040,
  "n": 3668759,
  "o": 3708304,
  "p": 4358418,
  "q": 4405591,
  "r": 3250618,
  "s": 6543533,
  "t": 4512497,
  "u": 9092867
}
