{
  "b": 28.331443786621094,
  "c": 59.56985092163086,
  "d": 35.9282341003418,
  "e": 75.54026794433594,
  "f": 299511200,
  "g": 624544960,
  "h": 401144544,
  "i": 837063040,
  "j": 294647008,
  "k": 619526464,
  "l": 395210592,
  "m": 830942912,
  "n": 4864187,
  "o": 5018507,
  "p": 5933946,
  "q": 6120136,
  "r": 37132888,
  "s": 77324552,
  "t": 51915112,
  "u": 108204944
}
