{
  "b": 97.2908706665039,
  "c": 195.85009765625,
  "d": 123.03016662597656,
  "e": 247.65151977539062,
  "f": 1030000000,
  "g": 2050000000,
  "h": 1380000000,
  "i": 2750000000,
  "j": 1010000000,
  "k": 2040000000,
  "l": 1350000000,
  "m": 2720000000,
  "n": 17900000,
  "o": 17900000,
  "p": 22100000,
  "q": 22100000,
  "r": 69900000,
  "s": 139000000,
  "t": 99000000,
  "u": 197000000
}
