{
  "b": 25.454439163208008,
  "c": 51.18086242675781,
  "d": 26.824647903442383,
  "e": 53.93406295776367,
  "f": 269000000,
  "g": 537000000,
  "h": 300000000,
  "i": 598000000,
  "j": 265000000,
  "k": 532000000,
  "l": 295000000,
  "m": 593000000,
  "n": 4420000,
  "o": 4420000,
  "p": 4980000,
  "q": 4980000,
  "r": 6300000,
  "s": 12500000,
  "t": 7420000,
  "u": 14800000
}
