{
  "b": 459.9823303222656,
  "c": 863.7136840820312,
  "d": 638.6615600585938,
  "e": 1199.199462890625,
  "f": 4880000000,
  "g": 9080000000,
  "h": 7160000000,
  "i": 13300000000,
  "j": 4780000000,
  "k": 8980000000,
  "l": 7030000000,
  "m": 13200000000,
  "n": 99200000,
  "o": 99200000,
  "p": 136000000,
  "q": 136000000,
  "r": 568000000,
  "s": 1050000000,
  "t": 913000000,
  "u": 1690000000
}

