{
  "b": 97.2908706665039,
  "c": 195.85009765625,
  "d": 123.03016662597656,
  "e": 247.65151977539062,
  "f": 1029720704,
  "g": 2054815616,
  "h": 1375384192,
  "i": 2746324992,
  "j": 1011825024,
  "k": 2036840960,
  "l": 1353331840,
  "m": 2724166656,
  "n": 17895736,
  "o": 17974738,
  "p": 22052434,
  "q": 22158332,
  "r": 69851432,
  "s": 138713360,
  "t": 99001408,
  "u": 196855664
}
