{
  "b": 8.869987487792969,
  "c": 18.11538314819336,
  "d": 9.717544555664062,
  "e": 19.84572410583496,
  "f": 93700000,
  "g": 190000000,
  "h": 109000000,
  "i": 220000000,
  "j": 92200000,
  "k": 188000000,
  "l": 107000000,
  "m": 218000000,
  "n": 1500000,
  "o": 1500000,
  "p": 1770000,
  "q": 1770000,
  "r": 2040000,
  "s": 4130000,
  "t": 2570000,
  "u": 5200000
}
