{
  "b": 20.319435119628906,
  "c": 40.89230728149414,
  "d": 23.312620162963867,
  "e": 46.91465377807617,
  "f": 214818128,
  "g": 428778752,
  "h": 260634304,
  "i": 520260896,
  "j": 211322128,
  "k": 425280000,
  "l": 256438816,
  "m": 516061184,
  "n": 3495991,
  "o": 3498708,
  "p": 4195446,
  "q": 4199725,
  "r": 2836927,
  "s": 5646549,
  "t": 3682953,
  "u": 7334121
}
