{
  "b": 20.319435119628906,
  "c": 40.89230728149414,
  "d": 23.312620162963867,
  "e": 46.91465377807617,
  "f": 215000000,
  "g": 429000000,
  "h": 261000000,
  "i": 520000000,
  "j": 211000000,
  "k": 425000000,
  "l": 256000000,
  "m": 516000000,
  "n": 3500000,
  "o": 3500000,
  "p": 4200000,
  "q": 4200000,
  "r": 2840000,
  "s": 5650000,
  "t": 3680000,
  "u": 7330000
}
