{
  "b": 8.869987487792969,
  "c": 18.11538314819336,
  "d": 9.717544555664062,
  "e": 19.84572410583496,
  "f": 93742800,
  "g": 189904992,
  "h": 108661200,
  "i": 220082912,
  "j": 92247872,
  "k": 188399984,
  "l": 106892992,
  "m": 218302960,
  "n": 1494918,
  "o": 1505005,
  "p": 1768196,
  "q": 1779924,
  "r": 2038961,
  "s": 4125717,
  "t": 2570925,
  "u": 5203200
}
