{
  "b": 25.454439163208008,
  "c": 51.18086242675781,
  "d": 26.824647903442383,
  "e": 53.93406295776367,
  "f": 269148512,
  "g": 536700320,
  "h": 300051136,
  "i": 598252160,
  "j": 264726176,
  "k": 532280960,
  "l": 295071136,
  "m": 593274688,
  "n": 4422320,
  "o": 4419348,
  "p": 4980010,
  "q": 4977540,
  "r": 6298467,
  "s": 12520652,
  "t": 7418315,
  "u": 14752528
}
