{
  "b": 6.795716762542725,
  "c": 14.051051139831543,
  "d": 7.945315837860107,
  "e": 16.42768096923828,
  "f": 71824472,
  "g": 147306848,
  "h": 88645944,
  "i": 181981184,
  "j": 70675456,
  "k": 146130928,
  "l": 87398472,
  "m": 180704496,
  "n": 1149020,
  "o": 1175935,
  "p": 1247484,
  "q": 1276702,
  "r": 481823,
  "s": 987370,
  "t": 639054,
  "u": 1311215
}
