{
  "b": 26.908048629760742,
  "c": 53.611839294433594,
  "d": 27.997468948364258,
  "e": 55.78025817871094,
  "f": 284608928,
  "g": 562296256,
  "h": 313226304,
  "i": 618802944,
  "j": 279843712,
  "k": 557563136,
  "l": 307972160,
  "m": 613582848,
  "n": 4765219,
  "o": 4733148,
  "p": 5254181,
  "q": 5220066,
  "r": 3663078,
  "s": 7212604,
  "t": 4307687,
  "u": 8485992
}
