{
  "b": 11.177400588989258,
  "c": 22.826250076293945,
  "d": 12.984149932861328,
  "e": 26.514766693115234,
  "f": 118158400,
  "g": 239328928,
  "h": 144941456,
  "i": 293803392,
  "j": 116244968,
  "k": 237392992,
  "l": 142825648,
  "m": 291662432,
  "n": 1913433,
  "o": 1935898,
  "p": 2115838,
  "q": 2141006,
  "r": 52602888,
  "s": 106640776,
  "t": 62941312,
  "u": 127721456
}
