{
  "b": 19.539352416992188,
  "c": 36.896453857421875,
  "d": 21.302217483520508,
  "e": 40.224422454833984,
  "f": 206616096,
  "g": 386942880,
  "h": 238203280,
  "i": 446135488,
  "j": 203209264,
  "k": 383723136,
  "l": 234324384,
  "m": 442468640,
  "n": 3406837,
  "o": 3219717,
  "p": 3878872,
  "q": 3666844,
  "r": 3341886,
  "s": 6246113,
  "t": 4081913,
  "u": 7632892
}
