{
  "b": 11.177400588989258,
  "c": 22.826250076293945,
  "d": 12.984149932861328,
  "e": 26.514766693115234,
  "f": 118000000,
  "g": 239000000,
  "h": 145000000,
  "i": 294000000,
  "j": 116000000,
  "k": 237000000,
  "l": 143000000,
  "m": 292000000,
  "n": 1920000,
  "o": 1920000,
  "p": 2130000,
  "q": 2130000,
  "r": 52600000,
  "s": 107000000,
  "t": 62900000,
  "u": 128000000
}
