{
  "b": 17.972190856933594,
  "c": 37.60683059692383,
  "d": 24.30100440979004,
  "e": 50.8471794128418,
  "f": 190000000,
  "g": 394000000,
  "h": 271000000,
  "i": 563000000,
  "j": 187000000,
  "k": 391000000,
  "l": 267000000,
  "m": 559000000,
  "n": 3120000,
  "o": 3120000,
  "p": 4040000,
  "q": 4040000,
  "r": 4300000,
  "s": 8900000,
  "t": 6660000,
  "u": 13800000
}
