{
  "b": 26.908048629760742,
  "c": 53.611839294433594,
  "d": 27.997468948364258,
  "e": 55.78025817871094,
  "f": 285000000,
  "g": 562000000,
  "h": 313000000,
  "i": 619000000,
  "j": 280000000,
  "k": 558000000,
  "l": 308000000,
  "m": 614000000,
  "n": 4750000,
  "o": 4750000,
  "p": 5240000,
  "q": 5240000,
  "r": 3660000,
  "s": 7210000,
  "t": 4310000,
  "u": 8490000
}
