{
  "b": 6.795716762542725,
  "c": 14.051051139831543,
  "d": 7.945315837860107,
  "e": 16.42768096923828,
  "f": 71800000,
  "g": 147000000,
  "h": 88600000,
  "i": 182000000,
  "j": 70700000,
  "k": 146000000,
  "l": 87400000,
  "m": 181000000,
  "n": 1160000,
  "o": 1160000,
  "p": 1260000,
  "q": 1260000,
  "r": 482000,
  "s": 987000,
  "t": 639000,
  "u": 1310000
}
