{
  "b": 39.164093017578125,
  "c": 74.80754089355469,
  "d": 49.127288818359375,
  "e": 93.83534240722656,
  "f": 415000000,
  "g": 785000000,
  "h": 549000000,
  "i": 1040000000,
  "j": 407000000,
  "k": 778000000,
  "l": 540000000,
  "m": 1030000000,
  "n": 7140000,
  "o": 7140000,
  "p": 8880000,
  "q": 8880000,
  "r": 11800000,
  "s": 22200000,
  "t": 16400000,
  "u": 31000000
}
