{
  "b": 15.11811351776123,
  "c": 31.236751556396484,
  "d": 18.269115447998047,
  "e": 37.745052337646484,
  "f": 159896480,
  "g": 327600224,
  "h": 204142528,
  "i": 418461600,
  "j": 157228384,
  "k": 324862208,
  "l": 200960272,
  "m": 415195584,
  "n": 2668101,
  "o": 2738029,
  "p": 3182263,
  "q": 3266015,
  "r": 1643990,
  "s": 3363806,
  "t": 2223632,
  "u": 4553167
}
