{
  "b": 39.164093017578125,
  "c": 74.80754089355469,
  "d": 49.127288818359375,
  "e": 93.83534240722656,
  "f": 414594016,
  "g": 785000896,
  "h": 549451136,
  "i": 1040892224,
  "j": 407306560,
  "k": 777998400,
  "l": 540400192,
  "m": 1032188736,
  "n": 7287444,
  "o": 7002482,
  "p": 9050917,
  "q": 8703481,
  "r": 11757255,
  "s": 22199064,
  "t": 16421381,
  "u": 31037872
}
