{
  "b": 3.075408935546875,
  "c": 6.271596431732178,
  "d": 3.358205795288086,
  "e": 6.848050117492676,
  "f": 32501280,
  "g": 65745140,
  "h": 37522484,
  "i": 75914680,
  "j": 31984254,
  "k": 65224604,
  "l": 36940264,
  "m": 75328552,
  "n": 517028,
  "o": 520532,
  "p": 582221,
  "q": 586125,
  "r": 587883,
  "s": 1189348,
  "t": 755786,
  "u": 1529683
}
