{
  "b": 52.08048629760742,
  "c": 106.36636352539062,
  "d": 71.4521713256836,
  "e": 145.92977905273438,
  "f": 550575936,
  "g": 1115227264,
  "h": 797144640,
  "i": 1616494848,
  "j": 541637056,
  "k": 1106210176,
  "l": 785973888,
  "m": 1605227520,
  "n": 8938932,
  "o": 9017128,
  "p": 11170834,
  "q": 11267314,
  "r": 40040664,
  "s": 80851008,
  "t": 60491320,
  "u": 122328152
}
