{
  "b": 52.08048629760742,
  "c": 106.36636352539062,
  "d": 71.4521713256836,
  "e": 145.92977905273438,
  "f": 551000000,
  "g": 1120000000,
  "h": 797000000,
  "i": 1620000000,
  "j": 542000000,
  "k": 1110000000,
  "l": 786000000,
  "m": 1610000000,
  "n": 8980000,
  "o": 8980000,
  "p": 11200000,
  "q": 11200000,
  "r": 40000000,
  "s": 80900000,
  "t": 60500000,
  "u": 122000000
}
