{
  "b": 3.075408935546875,
  "c": 6.271596431732178,
  "d": 3.358205795288086,
  "e": 6.848050117492676,
  "f": 32500000,
  "g": 65700000,
  "h": 37500000,
  "i": 75900000,
  "j": 32000000,
  "k": 65200000,
  "l": 36900000,
  "m": 75300000,
  "n": 519000,
  "o": 519000,
  "p": 584000,
  "q": 584000,
  "r": 588000,
  "s": 1190000,
  "t": 756000,
  "u": 1530000
}
