{
  "b": 15.11811351776123,
  "c": 31.236751556396484,
  "d": 18.269115447998047,
  "e": 37.745052337646484,
  "f": 160000000,
  "g": 328000000,
  "h": 204000000,
  "i": 418000000,
  "j": 157000000,
  "k": 325000000,
  "l": 201000000,
  "m": 415000000,
  "n": 2700000,
  "o": 2700000,
  "p": 3220000,
  "q": 3220000,
  "r": 1640000,
  "s": 3360000,
  "t": 2220000,
  "u": 4550000
}
