{
  "b": 15.611645698547363,
  "c": 32.38707733154297,
  "d": 16.151260375976562,
  "e": 33.50593566894531,
  "f": 165000000,
  "g": 340000000,
  "h": 181000000,
  "i": 371000000,
  "j": 162000000,
  "k": 337000000,
  "l": 178000000,
  "m": 369000000,
  "n": 2660000,
  "o": 2660000,
  "p": 2880000,
  "q": 2880000,
  "r": 2520000,
  "s": 5170000,
  "t": 2960000,
  "u": 6090000
}
