{
  "b": 15.611645698547363,
  "c": 32.38707733154297,
  "d": 16.151260375976562,
  "e": 33.50593566894531,
  "f": 164985744,
  "g": 339517792,
  "h": 180508032,
  "i": 371482592,
  "j": 162361120,
  "k": 336825600,
  "l": 177663856,
  "m": 368565312,
  "n": 2624626,
  "o": 2692172,
  "p": 2844176,
  "q": 2917296,
  "r": 2517699,
  "s": 5174220,
  "t": 2961018,
  "u": 6087711
}
