{
  "b": 3.65315318107605,
  "c": 7.42252254486084,
  "d": 4.284603118896484,
  "e": 8.705353736877441,
  "f": 38600000,
  "g": 77800000,
  "h": 47800000,
  "i": 96500000,
  "j": 38000000,
  "k": 77200000,
  "l": 47100000,
  "m": 95800000,
  "n": 625000,
  "o": 625000,
  "p": 695000,
  "q": 695000,
  "r": 476000,
  "s": 960000,
  "t": 648000,
  "u": 1310000
}
