{
  "b": 6.232553005218506,
  "c": 12.690886497497559,
  "d": 6.900146961212158,
  "e": 14.049774169921875,
  "f": 65871704,
  "g": 133044584,
  "h": 77094320,
  "i": 155747104,
  "j": 64818552,
  "k": 131985216,
  "l": 75901616,
  "m": 154547520,
  "n": 1053150,
  "o": 1059354,
  "p": 1192705,
  "q": 1199601,
  "r": 857138,
  "s": 1729654,
  "t": 1105709,
  "u": 2232563
}
