{
  "b": 6.232553005218506,
  "c": 12.690886497497559,
  "d": 6.900146961212158,
  "e": 14.049774169921875,
  "f": 65900000,
  "g": 133000000,
  "h": 77100000,
  "i": 156000000,
  "j": 64800000,
  "k": 132000000,
  "l": 75900000,
  "m": 155000000,
  "n": 1060000,
  "o": 1060000,
  "p": 1200000,
  "q": 1200000,
  "r": 857000,
  "s": 1730000,
  "t": 1110000,
  "u": 2230000
}
