{
  "b": 3.65315318107605,
  "c": 7.42252254486084,
  "d": 4.284603118896484,
  "e": 8.705353736877441,
  "f": 38616560,
  "g": 77821248,
  "h": 47823416,
  "i": 96455248,
  "j": 37992792,
  "k": 77194232,
  "l": 47130632,
  "m": 95758888,
  "n": 623765,
  "o": 627016,
  "p": 692779,
  "q": 696353,
  "r": 476379,
  "s": 959682,
  "t": 648037,
  "u": 1307016
}
