{
  "b": 21.11701774597168,
  "c": 42.49462890625,
  "d": 28.54152488708496,
  "e": 57.43747329711914,
  "f": 223256416,
  "g": 445578912,
  "h": 318875776,
  "i": 636723328,
  "j": 219616976,
  "k": 441944128,
  "l": 313956768,
  "m": 631812224,
  "n": 3639471,
  "o": 3634794,
  "p": 4918958,
  "q": 4911113,
  "r": 2884839,
  "s": 5744707,
  "t": 4208882,
  "u": 8387516
}
