{
  "b": 3.7109291553497314,
  "c": 7.567415237426758,
  "d": 4.2383880615234375,
  "e": 8.642830848693848,
  "f": 39200000,
  "g": 79300000,
  "h": 47300000,
  "i": 95800000,
  "j": 38600000,
  "k": 78700000,
  "l": 46600000,
  "m": 95100000,
  "n": 637000,
  "o": 637000,
  "p": 712000,
  "q": 712000,
  "r": 432000,
  "s": 873000,
  "t": 580000,
  "u": 1170000
}
