{
  "b": 3.3657476902008057,
  "c": 6.845163822174072,
  "d": 3.7731211185455322,
  "e": 7.673560619354248,
  "f": 35600000,
  "g": 71800000,
  "h": 42200000,
  "i": 85100000,
  "j": 35000000,
  "k": 71200000,
  "l": 41500000,
  "m": 84400000,
  "n": 573000,
  "o": 573000,
  "p": 689000,
  "q": 689000,
  "r": 874000,
  "s": 1760000,
  "t": 1120000,
  "u": 2270000
}
