{
  "b": 3.3657476902008057,
  "c": 6.845163822174072,
  "d": 3.7731211185455322,
  "e": 7.673560619354248,
  "f": 35576556,
  "g": 71763368,
  "h": 42193204,
  "i": 85099000,
  "j": 35003776,
  "k": 71189704,
  "l": 41504332,
  "m": 84409168,
  "n": 572784,
  "o": 573660,
  "p": 688878,
  "q": 689835,
  "r": 873733,
  "s": 1761638,
  "t": 1124389,
  "u": 2267511
}
