{
  "b": 9.151595115661621,
  "c": 18.49843978881836,
  "d": 12.094372749328613,
  "e": 24.446170806884766,
  "f": 96720576,
  "g": 193923840,
  "h": 134990848,
  "i": 270855552,
  "j": 95176592,
  "k": 192383776,
  "l": 133038096,
  "m": 268907872,
  "n": 1543984,
  "o": 1540069,
  "p": 1952751,
  "q": 1947663,
  "r": 3087363,
  "s": 6183019,
  "t": 4686006,
  "u": 9394626
}
