{
  "b": 21.05353546142578,
  "c": 43.61074447631836,
  "d": 24.659860610961914,
  "e": 51.079593658447266,
  "f": 222542352,
  "g": 457221696,
  "h": 275432512,
  "i": 566147456,
  "j": 218956768,
  "k": 453551744,
  "l": 271258464,
  "m": 561875520,
  "n": 3585588,
  "o": 3669979,
  "p": 4174041,
  "q": 4271996,
  "r": 9485567,
  "s": 19447168,
  "t": 12118022,
  "u": 24864180
}
