{
  "b": 10.221231460571289,
  "c": 21.20922088623047,
  "d": 11.098852157592773,
  "e": 23.02923583984375,
  "f": 108000000,
  "g": 222000000,
  "h": 124000000,
  "i": 255000000,
  "j": 106000000,
  "k": 221000000,
  "l": 122000000,
  "m": 253000000,
  "n": 1820000,
  "o": 1820000,
  "p": 2110000,
  "q": 2110000,
  "r": 6090000,
  "s": 12500000,
  "t": 7250000,
  "u": 14900000
}
