{
  "b": 22.48756217956543,
  "c": 45.36378479003906,
  "d": 25.09718894958496,
  "e": 50.625709533691406,
  "f": 238000000,
  "g": 476000000,
  "h": 281000000,
  "i": 562000000,
  "j": 234000000,
  "k": 472000000,
  "l": 276000000,
  "m": 557000000,
  "n": 3920000,
  "o": 3920000,
  "p": 4660000,
  "q": 4660000,
  "r": 2240000,
  "s": 4470000,
  "t": 2830000,
  "u": 5660000
}
