{
  "b": 22.48756217956543,
  "c": 45.36378479003906,
  "d": 25.09718894958496,
  "e": 50.625709533691406,
  "f": 237783056,
  "g": 475704896,
  "h": 280727936,
  "i": 561552192,
  "j": 233870640,
  "k": 471783360,
  "l": 276069088,
  "m": 556882816,
  "n": 3912393,
  "o": 3921522,
  "p": 4658835,
  "q": 4669416,
  "r": 2239457,
  "s": 4469685,
  "t": 2832579,
  "u": 5655142
}
