{
  "b": 21.05353546142578,
  "c": 43.61074447631836,
  "d": 24.659860610961914,
  "e": 51.079593658447266,
  "f": 223000000,
  "g": 457000000,
  "h": 275000000,
  "i": 566000000,
  "j": 219000000,
  "k": 454000000,
  "l": 271000000,
  "m": 562000000,
  "n": 3630000,
  "o": 3630000,
  "p": 4220000,
  "q": 4220000,
  "r": 9490000,
  "s": 19400000,
  "t": 12100000,
  "u": 24900000
}
