{
  "b": 22.00564956665039,
  "c": 44.401187896728516,
  "d": 25.396427154541016,
  "e": 51.24079895019531,
  "f": 233000000,
  "g": 466000000,
  "h": 284000000,
  "i": 569000000,
  "j": 229000000,
  "k": 462000000,
  "l": 279000000,
  "m": 564000000,
  "n": 3890000,
  "o": 3890000,
  "p": 4940000,
  "q": 4940000,
  "r": 3280000,
  "s": 6560000,
  "t": 4480000,
  "u": 8950000
}
