{
  "b": 5.046831130981445,
  "c": 10.390972137451172,
  "d": 7.1372270584106445,
  "e": 14.694485664367676,
  "f": 53348896,
  "g": 108938296,
  "h": 79607952,
  "i": 162750768,
  "j": 52487044,
  "k": 108066112,
  "l": 78509496,
  "m": 161639344,
  "n": 861848,
  "o": 872191,
  "p": 1098461,
  "q": 1111418,
  "r": 526017,
  "s": 1073017,
  "t": 870550,
  "u": 1778546
}
