{
  "b": 5.046831130981445,
  "c": 10.390972137451172,
  "d": 7.1372270584106445,
  "e": 14.694485664367676,
  "f": 53300000,
  "g": 109000000,
  "h": 79600000,
  "i": 163000000,
  "j": 52500000,
  "k": 108000000,
  "l": 78500000,
  "m": 162000000,
  "n": 867000,
  "o": 867000,
  "p": 1100000,
  "q": 1100000,
  "r": 526000,
  "s": 1070000,
  "t": 871000,
  "u": 1780000
}
