{
  "b": 22.00564956665039,
  "c": 44.401187896728516,
  "d": 25.396427154541016,
  "e": 51.24079895019531,
  "f": 232737200,
  "g": 465665952,
  "h": 284292512,
  "i": 568600704,
  "j": 228858752,
  "k": 461772352,
  "l": 279360704,
  "m": 563648768,
  "n": 3878452,
  "o": 3893594,
  "p": 4931833,
  "q": 4951914,
  "r": 3284344,
  "s": 6558114,
  "t": 4481101,
  "u": 8947194
}
