{
  "b": 11.699956893920898,
  "c": 24.008146286010742,
  "d": 12.36926555633545,
  "e": 25.38062286376953,
  "f": 123714040,
  "g": 251754688,
  "h": 138311856,
  "i": 281476320,
  "j": 121679552,
  "k": 249684720,
  "l": 136061920,
  "m": 279186848,
  "n": 2034478,
  "o": 2069987,
  "p": 2249944,
  "q": 2289509,
  "r": 3003394,
  "s": 6091372,
  "t": 3462600,
  "u": 7026874
}
