{
  "b": 21.533348083496094,
  "c": 44.588409423828125,
  "d": 24.27232551574707,
  "e": 50.25914764404297,
  "f": 227657584,
  "g": 467491968,
  "h": 271363168,
  "i": 557290368,
  "j": 223946816,
  "k": 463719456,
  "l": 266995584,
  "m": 552850624,
  "n": 3710752,
  "o": 3772543,
  "p": 4367602,
  "q": 4439765,
  "r": 27516844,
  "s": 56335504,
  "t": 33411008,
  "u": 68434640
}
