{
  "b": 21.533348083496094,
  "c": 44.588409423828125,
  "d": 24.27232551574707,
  "e": 50.25914764404297,
  "f": 228000000,
  "g": 467000000,
  "h": 271000000,
  "i": 557000000,
  "j": 224000000,
  "k": 464000000,
  "l": 267000000,
  "m": 553000000,
  "n": 3740000,
  "o": 3740000,
  "p": 4400000,
  "q": 4400000,
  "r": 27500000,
  "s": 56300000,
  "t": 33400000,
  "u": 68400000
}
