{
  "b": 4.463558673858643,
  "c": 9.211746215820312,
  "d": 4.814247131347656,
  "e": 9.93515682220459,
  "f": 47200000,
  "g": 96600000,
  "h": 53800000,
  "i": 110000000,
  "j": 46400000,
  "k": 95800000,
  "l": 53000000,
  "m": 109000000,
  "n": 784000,
  "o": 784000,
  "p": 863000,
  "q": 863000,
  "r": 942000,
  "s": 1920000,
  "t": 1160000,
  "u": 2380000
}
