{
  "b": 4.463558673858643,
  "c": 9.211746215820312,
  "d": 4.814247131347656,
  "e": 9.93515682220459,
  "f": 47196216,
  "g": 96595144,
  "h": 53810128,
  "i": 110159768,
  "j": 46421008,
  "k": 95802160,
  "l": 52956716,
  "m": 109286720,
  "n": 775206,
  "o": 792984,
  "p": 853406,
  "q": 873038,
  "r": 941580,
  "s": 1924887,
  "t": 1162716,
  "u": 2378499
}
