{
  "b": 17.955272674560547,
  "c": 35.55146026611328,
  "d": 20.199636459350586,
  "e": 39.99385452270508,
  "f": 190000000,
  "g": 373000000,
  "h": 226000000,
  "i": 444000000,
  "j": 187000000,
  "k": 370000000,
  "l": 222000000,
  "m": 440000000,
  "n": 3150000,
  "o": 3150000,
  "p": 3660000,
  "q": 3660000,
  "r": 3650000,
  "s": 7130000,
  "t": 4600000,
  "u": 9000000
}
