{
  "b": 5.834049224853516,
  "c": 12.205418586730957,
  "d": 7.335933208465576,
  "e": 15.346915245056152,
  "f": 61700000,
  "g": 128000000,
  "h": 82000000,
  "i": 170000000,
  "j": 60700000,
  "k": 127000000,
  "l": 80700000,
  "m": 169000000,
  "n": 1020000,
  "o": 1020000,
  "p": 1290000,
  "q": 1290000,
  "r": 1980000,
  "s": 4090000,
  "t": 2750000,
  "u": 5700000
}
