{
  "b": 15.82482624053955,
  "c": 32.95927429199219,
  "d": 17.505788803100586,
  "e": 36.45798110961914,
  "f": 167000000,
  "g": 346000000,
  "h": 195000000,
  "i": 404000000,
  "j": 165000000,
  "k": 343000000,
  "l": 193000000,
  "m": 401000000,
  "n": 2780000,
  "o": 2780000,
  "p": 2940000,
  "q": 2940000,
  "r": 2030000,
  "s": 4180000,
  "t": 2560000,
  "u": 5280000
}
