{
  "b": 5.834049224853516,
  "c": 12.205418586730957,
  "d": 7.335933208465576,
  "e": 15.346915245056152,
  "f": 61682368,
  "g": 127972384,
  "h": 81966736,
  "i": 170122176,
  "j": 60674112,
  "k": 126936352,
  "l": 80695264,
  "m": 168816064,
  "n": 1008266,
  "o": 1036035,
  "p": 1271466,
  "q": 1306119,
  "r": 1977336,
  "s": 4094014,
  "t": 2751688,
  "u": 5702147
}
