{
  "b": 8.902920722961426,
  "c": 17.782901763916016,
  "d": 9.123438835144043,
  "e": 18.222888946533203,
  "f": 94091944,
  "g": 186427488,
  "h": 102013848,
  "i": 202089888,
  "j": 92590376,
  "k": 184942176,
  "l": 100357824,
  "m": 200451776,
  "n": 1501566,
  "o": 1485338,
  "p": 1656030,
  "q": 1638096,
  "r": 2742880,
  "s": 5431395,
  "t": 3121077,
  "u": 6180354
}
