{
  "b": 8.902920722961426,
  "c": 17.782901763916016,
  "d": 9.123438835144043,
  "e": 18.222888946533203,
  "f": 94100000,
  "g": 186000000,
  "h": 102000000,
  "i": 202000000,
  "j": 92600000,
  "k": 185000000,
  "l": 100000000,
  "m": 200000000,
  "n": 1490000,
  "o": 1490000,
  "p": 1650000,
  "q": 1650000,
  "r": 2740000,
  "s": 5430000,
  "t": 3120000,
  "u": 6180000
}
