{
  "b": 17.955272674560547,
  "c": 35.55146026611328,
  "d": 20.199636459350586,
  "e": 39.99385452270508,
  "f": 189906128,
  "g": 372865824,
  "h": 225876880,
  "i": 443567168,
  "j": 186734832,
  "k": 369735200,
  "l": 222196000,
  "m": 439932384,
  "n": 3171299,
  "o": 3130609,
  "p": 3680863,
  "q": 3634758,
  "r": 3648209,
  "s": 7125807,
  "t": 4603363,
  "u": 8997073
}
