{
  "b": 3.95943546295166,
  "c": 8.301739692687988,
  "d": 4.663877964019775,
  "e": 9.778424263000488,
  "f": 41900000,
  "g": 87000000,
  "h": 52100000,
  "i": 108000000,
  "j": 41200000,
  "k": 86300000,
  "l": 51300000,
  "m": 108000000,
  "n": 685000,
  "o": 685000,
  "p": 842000,
  "q": 842000,
  "r": 426000,
  "s": 884000,
  "t": 592000,
  "u": 1230000
}
