{
  "b": 2.219376564025879,
  "c": 4.573322296142578,
  "d": 2.195539712905884,
  "e": 4.52406120300293,
  "f": 23451980,
  "g": 47938528,
  "h": 24553948,
  "i": 50173608,
  "j": 23081516,
  "k": 47562552,
  "l": 24150936,
  "m": 49764672,
  "n": 370465,
  "o": 375969,
  "p": 403011,
  "q": 408937,
  "r": 429857,
  "s": 878786,
  "t": 497713,
  "u": 1017529
}
