{
  "b": 6.989797115325928,
  "c": 14.527056694030762,
  "d": 8.077441215515137,
  "e": 16.78696632385254,
  "f": 73900000,
  "g": 152000000,
  "h": 90200000,
  "i": 186000000,
  "j": 72700000,
  "k": 151000000,
  "l": 88900000,
  "m": 185000000,
  "n": 1190000,
  "o": 1190000,
  "p": 1320000,
  "q": 1320000,
  "r": 1930000,
  "s": 3970000,
  "t": 2550000,
  "u": 5260000
}
