{
  "b": 19.74872398376465,
  "c": 40.32548522949219,
  "d": 24.75859832763672,
  "e": 50.55366516113281,
  "f": 209000000,
  "g": 423000000,
  "h": 277000000,
  "i": 561000000,
  "j": 205000000,
  "k": 419000000,
  "l": 272000000,
  "m": 556000000,
  "n": 3460000,
  "o": 3460000,
  "p": 4450000,
  "q": 4450000,
  "r": 25500000,
  "s": 51600000,
  "t": 47800000,
  "u": 96800000
}
