{
  "b": 2.8359341621398926,
  "c": 5.846917152404785,
  "d": 3.1132214069366455,
  "e": 6.41840124130249,
  "f": 29976534,
  "g": 61299408,
  "h": 34801812,
  "i": 71168712,
  "j": 29493716,
  "k": 60807940,
  "l": 34245436,
  "m": 70602416,
  "n": 482817,
  "o": 491471,
  "p": 556377,
  "q": 566287,
  "r": 585141,
  "s": 1195849,
  "t": 742500,
  "u": 1518109
}
