{
  "b": 19.74872398376465,
  "c": 40.32548522949219,
  "d": 24.75859832763672,
  "e": 50.55366516113281,
  "f": 208827856,
  "g": 422871104,
  "h": 276763776,
  "i": 560566656,
  "j": 205386736,
  "k": 419385056,
  "l": 272344576,
  "m": 556090304,
  "n": 3441146,
  "o": 3486021,
  "p": 4419179,
  "q": 4476290,
  "r": 25467264,
  "s": 51578916,
  "t": 47784948,
  "u": 96847272
}
