{
  "b": 2.219376564025879,
  "c": 4.573322296142578,
  "d": 2.195539712905884,
  "e": 4.52406120300293,
  "f": 23500000,
  "g": 47900000,
  "h": 24600000,
  "i": 50200000,
  "j": 23100000,
  "k": 47600000,
  "l": 24200000,
  "m": 49800000,
  "n": 373000,
  "o": 373000,
  "p": 406000,
  "q": 406000,
  "r": 430000,
  "s": 879000,
  "t": 498000,
  "u": 1020000
}
