{
  "b": 86.67749786376953,
  "c": 175.89483642578125,
  "d": 101.6328125,
  "e": 206.234619140625,
  "f": 916000000,
  "g": 1840000000,
  "h": 1140000000,
  "i": 2290000000,
  "j": 901000000,
  "k": 1830000000,
  "l": 1120000000,
  "m": 2270000000,
  "n": 14900000,
  "o": 14900000,
  "p": 17100000,
  "q": 17100000,
  "r": 57300000,
  "s": 115000000,
  "t": 74500000,
  "u": 149000000
}
