{
  "b": 21.380786895751953,
  "c": 43.401512145996094,
  "d": 22.961137771606445,
  "e": 46.60774230957031,
  "f": 226000000,
  "g": 455000000,
  "h": 257000000,
  "i": 517000000,
  "j": 222000000,
  "k": 451000000,
  "l": 253000000,
  "m": 513000000,
  "n": 3750000,
  "o": 3750000,
  "p": 4170000,
  "q": 4170000,
  "r": 3830000,
  "s": 7680000,
  "t": 4530000,
  "u": 9090000
}
