{
  "b": 23.233360290527344,
  "c": 45.064823150634766,
  "d": 31.13750648498535,
  "e": 60.39364242553711,
  "f": 245942864,
  "g": 472879584,
  "h": 348091136,
  "i": 669768960,
  "j": 241626944,
  "k": 468674176,
  "l": 342512576,
  "m": 664330048,
  "n": 4315955,
  "o": 4205333,
  "p": 5578562,
  "q": 5438936,
  "r": 7763172,
  "s": 14900673,
  "t": 11786435,
  "u": 22650074
}
