{
  "b": 21.380786895751953,
  "c": 43.401512145996094,
  "d": 22.961137771606445,
  "e": 46.60774230957031,
  "f": 226094416,
  "g": 455135552,
  "h": 256730896,
  "i": 516872192,
  "j": 222360192,
  "k": 451375744,
  "l": 252572512,
  "m": 512685184,
  "n": 3734234,
  "o": 3759784,
  "p": 4158356,
  "q": 4186946,
  "r": 3832468,
  "s": 7678464,
  "t": 4534351,
  "u": 9091395
}
