{
  "b": 63.16127395629883,
  "c": 123.62498474121094,
  "d": 78.24262237548828,
  "e": 153.13368225097656,
  "f": 669000000,
  "g": 1300000000,
  "h": 876000000,
  "i": 1700000000,
  "j": 657000000,
  "k": 1290000000,
  "l": 861000000,
  "m": 1680000000,
  "n": 12000000,
  "o": 12000000,
  "p": 14900000,
  "q": 14900000,
  "r": 25600000,
  "s": 49400000,
  "t": 35500000,
  "u": 68800000
}
