{
  "b": 63.16127395629883,
  "c": 123.62498474121094,
  "d": 78.24262237548828,
  "e": 153.13368225097656,
  "f": 668992768,
  "g": 1297625472,
  "h": 875674688,
  "i": 1699250048,
  "j": 656877248,
  "k": 1285699840,
  "l": 860668864,
  "m": 1684470528,
  "n": 12115513,
  "o": 11925702,
  "p": 15005786,
  "q": 14779654,
  "r": 25565146,
  "s": 49447924,
  "t": 35524820,
  "u": 68777232
}
