{
  "b": 14.328852653503418,
  "c": 28.55484962463379,
  "d": 17.7653865814209,
  "e": 35.401607513427734,
  "f": 152000000,
  "g": 300000000,
  "h": 199000000,
  "i": 393000000,
  "j": 149000000,
  "k": 297000000,
  "l": 195000000,
  "m": 389000000,
  "n": 2610000,
  "o": 2610000,
  "p": 3240000,
  "q": 3240000,
  "r": 3130000,
  "s": 6170000,
  "t": 4180000,
  "u": 8240000
}
