{
  "b": 23.233360290527344,
  "c": 45.064823150634766,
  "d": 31.13750648498535,
  "e": 60.39364242553711,
  "f": 246000000,
  "g": 473000000,
  "h": 348000000,
  "i": 670000000,
  "j": 242000000,
  "k": 469000000,
  "l": 343000000,
  "m": 664000000,
  "n": 4260000,
  "o": 4260000,
  "p": 5510000,
  "q": 5510000,
  "r": 7760000,
  "s": 14900000,
  "t": 11800000,
  "u": 22700000
}
