{
  "b": 25.79187774658203,
  "c": 51.06534957885742,
  "d": 32.29391860961914,
  "e": 63.93698501586914,
  "f": 273000000,
  "g": 536000000,
  "h": 361000000,
  "i": 709000000,
  "j": 268000000,
  "k": 531000000,
  "l": 355000000,
  "m": 703000000,
  "n": 4620000,
  "o": 4620000,
  "p": 5730000,
  "q": 5730000,
  "r": 4080000,
  "s": 7990000,
  "t": 5980000,
  "u": 11700000
}
