{
  "b": 16.74091148376465,
  "c": 33.402854919433594,
  "d": 18.937801361083984,
  "e": 37.785499572753906,
  "f": 176968544,
  "g": 350220032,
  "h": 211720128,
  "i": 419005600,
  "j": 174105472,
  "k": 347389696,
  "l": 208315824,
  "m": 415640480,
  "n": 2863066,
  "o": 2830285,
  "p": 3404294,
  "q": 3365165,
  "r": 5583838,
  "s": 11012141,
  "t": 6801261,
  "u": 13420022
}
