{
  "b": 7.954253196716309,
  "c": 16.092512130737305,
  "d": 9.270692825317383,
  "e": 18.755126953125,
  "f": 84128168,
  "g": 168775200,
  "h": 103643456,
  "i": 207983488,
  "j": 82724232,
  "k": 167362128,
  "l": 101977616,
  "m": 206306400,
  "n": 1403931,
  "o": 1413075,
  "p": 1665841,
  "q": 1677056,
  "r": 966627,
  "s": 1936393,
  "t": 1288480,
  "u": 2582967
}
