{
  "b": 16.74091148376465,
  "c": 33.402854919433594,
  "d": 18.937801361083984,
  "e": 37.785499572753906,
  "f": 177000000,
  "g": 350000000,
  "h": 212000000,
  "i": 419000000,
  "j": 174000000,
  "k": 347000000,
  "l": 208000000,
  "m": 416000000,
  "n": 2850000,
  "o": 2850000,
  "p": 3380000,
  "q": 3380000,
  "r": 5580000,
  "s": 11000000,
  "t": 6800000,
  "u": 13400000
}
