{
  "b": 72.57332611083984,
  "c": 146.84877014160156,
  "d": 116.32386016845703,
  "e": 235.35821533203125,
  "f": 768038528,
  "g": 1540593664,
  "h": 1298764544,
  "i": 2608278528,
  "j": 754762624,
  "k": 1527227136,
  "l": 1279562496,
  "m": 2588940288,
  "n": 13276032,
  "o": 13366417,
  "p": 19202072,
  "q": 19338234,
  "r": 38153388,
  "s": 76219632,
  "t": 74713336,
  "u": 149509584
}
