{
  "b": 9.272507667541504,
  "c": 19.17411231994629,
  "d": 11.185745239257812,
  "e": 23.12961769104004,
  "f": 97997808,
  "g": 201004320,
  "h": 125001312,
  "i": 256420896,
  "j": 96434080,
  "k": 199410768,
  "l": 123043200,
  "m": 254425792,
  "n": 1563726,
  "o": 1593548,
  "p": 1958127,
  "q": 1995094,
  "r": 2537181,
  "s": 5199314,
  "t": 3560750,
  "u": 7299618
}
