{
  "b": 9.272507667541504,
  "c": 19.17411231994629,
  "d": 11.185745239257812,
  "e": 23.12961769104004,
  "f": 98000000,
  "g": 201000000,
  "h": 125000000,
  "i": 256000000,
  "j": 96400000,
  "k": 199000000,
  "l": 123000000,
  "m": 254000000,
  "n": 1580000,
  "o": 1580000,
  "p": 1980000,
  "q": 1980000,
  "r": 2540000,
  "s": 5200000,
  "t": 3560000,
  "u": 7300000
}
