{
  "b": 25.79187774658203,
  "c": 51.06534957885742,
  "d": 32.29391860961914,
  "e": 63.93698501586914,
  "f": 272886464,
  "g": 535677440,
  "h": 360997568,
  "i": 709007424,
  "j": 268235536,
  "k": 531079616,
  "l": 355233088,
  "m": 703306816,
  "n": 4650951,
  "o": 4597849,
  "p": 5764465,
  "q": 5700657,
  "r": 4077433,
  "s": 7991778,
  "t": 5978798,
  "u": 11729596
}
