{
  "b": 72.57332611083984,
  "c": 146.84877014160156,
  "d": 116.32386016845703,
  "e": 235.35821533203125,
  "f": 768000000,
  "g": 1540000000,
  "h": 1300000000,
  "i": 2610000000,
  "j": 755000000,
  "k": 1530000000,
  "l": 1280000000,
  "m": 2590000000,
  "n": 13300000,
  "o": 13300000,
  "p": 19300000,
  "q": 19300000,
  "r": 38200000,
  "s": 76200000,
  "t": 74700000,
  "u": 150000000
}
