{
  "b": 22.639284133911133,
  "c": 46.020233154296875,
  "d": 25.540733337402344,
  "e": 51.916751861572266,
  "f": 239000000,
  "g": 483000000,
  "h": 285000000,
  "i": 576000000,
  "j": 235000000,
  "k": 479000000,
  "l": 281000000,
  "m": 571000000,
  "n": 3910000,
  "o": 3910000,
  "p": 4540000,
  "q": 4540000,
  "r": 76300000,
  "s": 154000000,
  "t": 87200000,
  "u": 176000000
}
