{
  "b": 0.4164775609970093,
  "c": 0.8542542457580566,
  "d": 0.3355945348739624,
  "e": 0.6883249282836914,
  "f": 4401950,
  "g": 8955619,
  "h": 3768702,
  "i": 7649592,
  "j": 4331367,
  "k": 8884244,
  "l": 3691540,
  "m": 7571574,
  "n": 70583,
  "o": 71374,
  "p": 77162,
  "q": 78019,
  "r": 55416,
  "s": 112743,
  "t": 52483,
  "u": 106577
}
