{
  "b": 22.639284133911133,
  "c": 46.020233154296875,
  "d": 25.540733337402344,
  "e": 51.916751861572266,
  "f": 239336080,
  "g": 482534912,
  "h": 285467840,
  "i": 575647616,
  "j": 235448560,
  "k": 478610432,
  "l": 280948064,
  "m": 571084288,
  "n": 3887510,
  "o": 3924458,
  "p": 4519815,
  "q": 4563302,
  "r": 76331208,
  "s": 153982848,
  "t": 87246008,
  "u": 176065296
}
