{
  "b": 15.868020057678223,
  "c": 31.346040725708008,
  "d": 20.052547454833984,
  "e": 39.60989761352539,
  "f": 168000000,
  "g": 329000000,
  "h": 224000000,
  "i": 439000000,
  "j": 165000000,
  "k": 326000000,
  "l": 221000000,
  "m": 436000000,
  "n": 2750000,
  "o": 2750000,
  "p": 3350000,
  "q": 3350000,
  "r": 1670000,
  "s": 3260000,
  "t": 2530000,
  "u": 4950000
}
