{
  "b": 30.671064376831055,
  "c": 61.8256721496582,
  "d": 33.302005767822266,
  "e": 67.12602996826172,
  "f": 324454752,
  "g": 648484864,
  "h": 372504544,
  "i": 744595776,
  "j": 318979072,
  "k": 642987008,
  "l": 366322048,
  "m": 738386304,
  "n": 5475715,
  "o": 5497818,
  "p": 6182499,
  "q": 6209452,
  "r": 6110136,
  "s": 12172926,
  "t": 7449793,
  "u": 14853387
}
