{
  "b": 0.4164775609970093,
  "c": 0.8542542457580566,
  "d": 0.3355945348739624,
  "e": 0.6883249282836914,
  "f": 4400000,
  "g": 8960000,
  "h": 3770000,
  "i": 7650000,
  "j": 4330000,
  "k": 8880000,
  "l": 3690000,
  "m": 7570000,
  "n": 71000,
  "o": 71000,
  "p": 77600,
  "q": 77600,
  "r": 55400,
  "s": 113000,
  "t": 52500,
  "u": 107000
}
