{
  "b": 5.093139171600342,
  "c": 10.256342887878418,
  "d": 5.438197612762451,
  "e": 10.950982093811035,
  "f": 53800000,
  "g": 108000000,
  "h": 60800000,
  "i": 121000000,
  "j": 53000000,
  "k": 107000000,
  "l": 59800000,
  "m": 120000000,
  "n": 859000,
  "o": 859000,
  "p": 970000,
  "q": 970000,
  "r": 1610000,
  "s": 3200000,
  "t": 1970000,
  "u": 3930000
}
