{
  "b": 13.320293426513672,
  "c": 27.37189483642578,
  "d": 15.759020805358887,
  "e": 32.38224411010742,
  "f": 140750064,
  "g": 286926592,
  "h": 175917120,
  "i": 358818848,
  "j": 138531056,
  "k": 284667712,
  "l": 173349232,
  "m": 356204672,
  "n": 2219014,
  "o": 2258909,
  "p": 2567885,
  "q": 2614191,
  "r": 2970716,
  "s": 6046270,
  "t": 4015079,
  "u": 8178718
}
