{
  "b": 72.33250427246094,
  "c": 135.20799255371094,
  "d": 103.64567565917969,
  "e": 193.73756408691406,
  "f": 767679296,
  "g": 1420952448,
  "h": 1159288064,
  "i": 2149529856,
  "j": 752258048,
  "k": 1406163072,
  "l": 1140102400,
  "m": 2131113216,
  "n": 15421258,
  "o": 14789343,
  "p": 19185630,
  "q": 18416704,
  "r": 27360452,
  "s": 50536164,
  "t": 42563296,
  "u": 78791216
}
