{
  "b": 85.77117156982422,
  "c": 166.89376831054688,
  "d": 92.00373077392578,
  "e": 179.01646423339844,
  "f": 907000000,
  "g": 1750000000,
  "h": 1030000000,
  "i": 1990000000,
  "j": 892000000,
  "k": 1740000000,
  "l": 1010000000,
  "m": 1970000000,
  "n": 15000000,
  "o": 15000000,
  "p": 16700000,
  "q": 16700000,
  "r": 123000000,
  "s": 238000000,
  "t": 141000000,
  "u": 273000000
}
