{
  "b": 85.77117156982422,
  "c": 166.89376831054688,
  "d": 92.00373077392578,
  "e": 179.01646423339844,
  "f": 907217408,
  "g": 1750425472,
  "h": 1029028224,
  "i": 1985648768,
  "j": 892020160,
  "k": 1735695232,
  "l": 1012041024,
  "m": 1969181184,
  "n": 15197231,
  "o": 14730252,
  "p": 16987202,
  "q": 16467660,
  "r": 123420168,
  "s": 237818048,
  "t": 141368656,
  "u": 272507104
}
