{
  "b": 3.304077625274658,
  "c": 6.9558844566345215,
  "d": 3.60741925239563,
  "e": 7.59421968460083,
  "f": 34919116,
  "g": 72919360,
  "h": 40274000,
  "i": 84151568,
  "j": 34362408,
  "k": 72341200,
  "l": 39681612,
  "m": 83536416,
  "n": 556709,
  "o": 578157,
  "p": 592388,
  "q": 615153,
  "r": 415447,
  "s": 867521,
  "t": 535346,
  "u": 1118862
}
