{
  "b": 72.33250427246094,
  "c": 135.20799255371094,
  "d": 103.64567565917969,
  "e": 193.73756408691406,
  "f": 768000000,
  "g": 1420000000,
  "h": 1160000000,
  "i": 2150000000,
  "j": 752000000,
  "k": 1410000000,
  "l": 1140000000,
  "m": 2130000000,
  "n": 15100000,
  "o": 15100000,
  "p": 18800000,
  "q": 18800000,
  "r": 27400000,
  "s": 50500000,
  "t": 42600000,
  "u": 78800000
}
