{
  "b": 1.4551634788513184,
  "c": 2.8727047443389893,
  "d": 1.5150699615478516,
  "e": 2.9908857345581055,
  "f": 15381149,
  "g": 30117732,
  "h": 16960158,
  "i": 33187164,
  "j": 15133700,
  "k": 29876130,
  "l": 16665770,
  "m": 32899742,
  "n": 247447,
  "o": 241604,
  "p": 294390,
  "q": 287422,
  "r": 145086,
  "s": 284055,
  "t": 178086,
  "u": 348548
}
