{
  "b": 1.4551634788513184,
  "c": 2.8727047443389893,
  "d": 1.5150699615478516,
  "e": 2.9908857345581055,
  "f": 15400000,
  "g": 30100000,
  "h": 17000000,
  "i": 33200000,
  "j": 15100000,
  "k": 29900000,
  "l": 16700000,
  "m": 32900000,
  "n": 245000,
  "o": 245000,
  "p": 291000,
  "q": 291000,
  "r": 145000,
  "s": 284000,
  "t": 178000,
  "u": 349000
}
