{
  "b": 2.720048189163208,
  "c": 5.693950176239014,
  "d": 3.166206121444702,
  "e": 6.6276936531066895,
  "f": 28700000,
  "g": 59700000,
  "h": 35300000,
  "i": 73400000,
  "j": 28300000,
  "k": 59200000,
  "l": 34800000,
  "m": 72900000,
  "n": 468000,
  "o": 468000,
  "p": 529000,
  "q": 529000,
  "r": 270000,
  "s": 561000,
  "t": 370000,
  "u": 770000
}
