{
  "b": 4.358570098876953,
  "c": 9.027347564697266,
  "d": 4.80043888092041,
  "e": 9.942201614379883,
  "f": 46058268,
  "g": 94627992,
  "h": 53629392,
  "i": 110205048,
  "j": 45329128,
  "k": 93884416,
  "l": 52804828,
  "m": 109364216,
  "n": 729138,
  "o": 743575,
  "p": 824569,
  "q": 840835,
  "r": 1046127,
  "s": 2148340,
  "t": 1341060,
  "u": 2755472
}
