{
  "b": 7.134241580963135,
  "c": 14.772196769714355,
  "d": 7.722493648529053,
  "e": 15.989802360534668,
  "f": 75400000,
  "g": 155000000,
  "h": 86300000,
  "i": 177000000,
  "j": 74200000,
  "k": 154000000,
  "l": 84900000,
  "m": 176000000,
  "n": 1230000,
  "o": 1230000,
  "p": 1370000,
  "q": 1370000,
  "r": 930000,
  "s": 1910000,
  "t": 1160000,
  "u": 2390000
}
