{
  "b": 53.36239242553711,
  "c": 106.71829986572266,
  "d": 61.128326416015625,
  "e": 122.23861694335938,
  "f": 564840768,
  "g": 1119735168,
  "h": 683820352,
  "i": 1356030848,
  "j": 554968896,
  "k": 1109870336,
  "l": 672411584,
  "m": 1344624768,
  "n": 9871896,
  "o": 9864754,
  "p": 11408852,
  "q": 11406268,
  "r": 16842336,
  "s": 33264090,
  "t": 21523688,
  "u": 42549964
}
