{
  "b": 19.859521865844727,
  "c": 38.28219985961914,
  "d": 21.340967178344727,
  "e": 41.136600494384766,
  "f": 210000432,
  "g": 401466816,
  "h": 238576448,
  "i": 456186272,
  "j": 206539024,
  "k": 398134880,
  "l": 234750640,
  "m": 452502592,
  "n": 3461403,
  "o": 3331938,
  "p": 3825782,
  "q": 3683743,
  "r": 4285023,
  "s": 8168732,
  "t": 5117751,
  "u": 9762582
}
