{
  "b": 2.720048189163208,
  "c": 5.693950176239014,
  "d": 3.166206121444702,
  "e": 6.6276936531066895,
  "f": 28749378,
  "g": 59693012,
  "h": 35348540,
  "i": 73441856,
  "j": 28288500,
  "k": 59217080,
  "l": 34828268,
  "m": 72904632,
  "n": 460877,
  "o": 475932,
  "p": 520275,
  "q": 537220,
  "r": 270343,
  "s": 561453,
  "t": 370459,
  "u": 770125
}
