{
  "b": 7.134241580963135,
  "c": 14.772196769714355,
  "d": 7.722493648529053,
  "e": 15.989802360534668,
  "f": 75416608,
  "g": 154880240,
  "h": 86299048,
  "i": 177271360,
  "j": 74196112,
  "k": 153630848,
  "l": 84947432,
  "m": 175887824,
  "n": 1220492,
  "o": 1249383,
  "p": 1351616,
  "q": 1383546,
  "r": 930129,
  "s": 1908998,
  "t": 1164976,
  "u": 2392493
}
