{
  "b": 19.859521865844727,
  "c": 38.28219985961914,
  "d": 21.340967178344727,
  "e": 41.136600494384766,
  "f": 210000000,
  "g": 401000000,
  "h": 239000000,
  "i": 456000000,
  "j": 207000000,
  "k": 398000000,
  "l": 235000000,
  "m": 453000000,
  "n": 3400000,
  "o": 3400000,
  "p": 3750000,
  "q": 3750000,
  "r": 4290000,
  "s": 8170000,
  "t": 5120000,
  "u": 9760000
}
