{
  "b": 8.702119827270508,
  "c": 18.017526626586914,
  "d": 9.082317352294922,
  "e": 18.80413246154785,
  "f": 92000000,
  "g": 189000000,
  "h": 102000000,
  "i": 209000000,
  "j": 90500000,
  "k": 187000000,
  "l": 99900000,
  "m": 207000000,
  "n": 1500000,
  "o": 1500000,
  "p": 1700000,
  "q": 1700000,
  "r": 2060000,
  "s": 4230000,
  "t": 2480000,
  "u": 5080000
}
