{
  "b": 4.600863933563232,
  "c": 9.35486888885498,
  "d": 4.91841983795166,
  "e": 10.000179290771484,
  "f": 48600000,
  "g": 98100000,
  "h": 55000000,
  "i": 111000000,
  "j": 47800000,
  "k": 97300000,
  "l": 54100000,
  "m": 110000000,
  "n": 782000,
  "o": 782000,
  "p": 874000,
  "q": 874000,
  "r": 748000,
  "s": 1510000,
  "t": 924000,
  "u": 1860000
}
