{
  "b": 8.702119827270508,
  "c": 18.017526626586914,
  "d": 9.082317352294922,
  "e": 18.80413246154785,
  "f": 91986224,
  "g": 188898784,
  "h": 101585072,
  "i": 208561376,
  "j": 90502048,
  "k": 187382272,
  "l": 99905496,
  "m": 206845456,
  "n": 1484193,
  "o": 1516490,
  "p": 1679584,
  "q": 1715909,
  "r": 2062674,
  "s": 4231875,
  "t": 2476389,
  "u": 5081751
}
