{
  "b": 4.600863933563232,
  "c": 9.35486888885498,
  "d": 4.91841983795166,
  "e": 10.000179290771484,
  "f": 48628336,
  "g": 98074792,
  "h": 54973904,
  "i": 110878584,
  "j": 47848984,
  "k": 97290632,
  "l": 54102620,
  "m": 110001976,
  "n": 779356,
  "o": 784168,
  "p": 871280,
  "q": 876608,
  "r": 747890,
  "s": 1507378,
  "t": 924344,
  "u": 1863739
}
