{
  "b": 12.586807250976562,
  "c": 26.291418075561523,
  "d": 12.539241790771484,
  "e": 26.191089630126953,
  "f": 133032480,
  "g": 275626368,
  "h": 140283824,
  "i": 290526784,
  "j": 130902792,
  "k": 273430752,
  "l": 137931664,
  "m": 288101984,
  "n": 2129681,
  "o": 2195611,
  "p": 2352141,
  "q": 2424775,
  "r": 4429492,
  "s": 9155956,
  "t": 5035988,
  "u": 10409740
}
