{
  "b": 0.42127755284309387,
  "c": 0.8536831736564636,
  "d": 0.43588054180145264,
  "e": 0.8832412958145142,
  "f": 4454696,
  "g": 8952009,
  "h": 4869571,
  "i": 9790848,
  "j": 4381287,
  "k": 8878305,
  "l": 4794686,
  "m": 9715654,
  "n": 73409,
  "o": 73705,
  "p": 74885,
  "q": 75194,
  "r": 37753,
  "s": 75674,
  "t": 42902,
  "u": 86098
}
