{
  "b": 4.106957912445068,
  "c": 8.450389862060547,
  "d": 4.892601490020752,
  "e": 10.066534042358398,
  "f": 43407924,
  "g": 88592136,
  "h": 54565792,
  "i": 111492464,
  "j": 42712364,
  "k": 87884056,
  "l": 53818616,
  "m": 110731872,
  "n": 695564,
  "o": 708085,
  "p": 747175,
  "q": 760606,
  "r": 415876,
  "s": 847878,
  "t": 573826,
  "u": 1171609
}
