{
  "b": 12.586807250976562,
  "c": 26.291418075561523,
  "d": 12.539241790771484,
  "e": 26.191089630126953,
  "f": 133000000,
  "g": 276000000,
  "h": 140000000,
  "i": 291000000,
  "j": 131000000,
  "k": 273000000,
  "l": 138000000,
  "m": 288000000,
  "n": 2160000,
  "o": 2160000,
  "p": 2390000,
  "q": 2390000,
  "r": 4430000,
  "s": 9160000,
  "t": 5040000,
  "u": 10400000
}
