{
  "b": 4.106957912445068,
  "c": 8.450389862060547,
  "d": 4.892601490020752,
  "e": 10.066534042358398,
  "f": 43400000,
  "g": 88600000,
  "h": 54600000,
  "i": 111000000,
  "j": 42700000,
  "k": 87900000,
  "l": 53800000,
  "m": 111000000,
  "n": 702000,
  "o": 702000,
  "p": 754000,
  "q": 754000,
  "r": 416000,
  "s": 848000,
  "t": 574000,
  "u": 1170000
}
