{
  "b": 7.79348611831665,
  "c": 16.162824630737305,
  "d": 7.706699848175049,
  "e": 15.982338905334473,
  "f": 82400000,
  "g": 169000000,
  "h": 86200000,
  "i": 177000000,
  "j": 81100000,
  "k": 168000000,
  "l": 84800000,
  "m": 176000000,
  "n": 1330000,
  "o": 1330000,
  "p": 1490000,
  "q": 1490000,
  "r": 1280000,
  "s": 2630000,
  "t": 1480000,
  "u": 3030000
}
