{
  "b": 14.929889678955078,
  "c": 30.086193084716797,
  "d": 16.418954849243164,
  "e": 33.08613586425781,
  "f": 157767344,
  "g": 315380672,
  "h": 183561600,
  "i": 366885888,
  "j": 155270848,
  "k": 312896416,
  "l": 180608512,
  "m": 363947488,
  "n": 2496525,
  "o": 2484241,
  "p": 2953086,
  "q": 2938377,
  "r": 9307575,
  "s": 18539964,
  "t": 11169568,
  "u": 22255390
}
