{
  "b": 14.5074462890625,
  "c": 30.00584602355957,
  "d": 17.898391723632812,
  "e": 37.018314361572266,
  "f": 153325360,
  "g": 314554880,
  "h": 199714080,
  "i": 410086400,
  "j": 150877440,
  "k": 312060800,
  "l": 196882304,
  "m": 407201472,
  "n": 2447924,
  "o": 2494090,
  "p": 2831769,
  "q": 2884916,
  "r": 6669400,
  "s": 13648850,
  "t": 9278858,
  "u": 19013528
}
