{
  "b": 11.276813507080078,
  "c": 23.197059631347656,
  "d": 12.089461326599121,
  "e": 24.868057250976562,
  "f": 119196288,
  "g": 243197504,
  "h": 135227312,
  "i": 275827456,
  "j": 117278856,
  "k": 241249424,
  "l": 132984072,
  "m": 273548640,
  "n": 1917441,
  "o": 1948079,
  "p": 2243240,
  "q": 2278809,
  "r": 2566867,
  "s": 5225859,
  "t": 3126884,
  "u": 6367289
}
