{
  "b": 14.929889678955078,
  "c": 30.086193084716797,
  "d": 16.418954849243164,
  "e": 33.08613586425781,
  "f": 158000000,
  "g": 315000000,
  "h": 184000000,
  "i": 367000000,
  "j": 155000000,
  "k": 313000000,
  "l": 181000000,
  "m": 364000000,
  "n": 2490000,
  "o": 2490000,
  "p": 2950000,
  "q": 2950000,
  "r": 9310000,
  "s": 18500000,
  "t": 11200000,
  "u": 22300000
}
