{
  "b": 11.276813507080078,
  "c": 23.197059631347656,
  "d": 12.089461326599121,
  "e": 24.868057250976562,
  "f": 119000000,
  "g": 243000000,
  "h": 135000000,
  "i": 276000000,
  "j": 117000000,
  "k": 241000000,
  "l": 133000000,
  "m": 274000000,
  "n": 1930000,
  "o": 1930000,
  "p": 2260000,
  "q": 2260000,
  "r": 2570000,
  "s": 5230000,
  "t": 3130000,
  "u": 6370000
}
