{
  "b": 7.79348611831665,
  "c": 16.162824630737305,
  "d": 7.706699848175049,
  "e": 15.982338905334473,
  "f": 82367496,
  "g": 169440512,
  "h": 86244576,
  "i": 177312160,
  "j": 81052256,
  "k": 168093376,
  "l": 84773696,
  "m": 175805728,
  "n": 1315235,
  "o": 1347140,
  "p": 1470897,
  "q": 1506429,
  "r": 1280705,
  "s": 2632371,
  "t": 1475548,
  "u": 3032419
}
