{
  "b": 4.033350467681885,
  "c": 8.400469779968262,
  "d": 4.135145664215088,
  "e": 8.612202644348145,
  "f": 42626640,
  "g": 88063608,
  "h": 46212960,
  "i": 95480760,
  "j": 41946844,
  "k": 87364888,
  "l": 45486600,
  "m": 94734232,
  "n": 679790,
  "o": 698727,
  "p": 726360,
  "q": 746524,
  "r": 629153,
  "s": 1298942,
  "t": 745386,
  "u": 1539695
}
