{
  "b": 4.033350467681885,
  "c": 8.400469779968262,
  "d": 4.135145664215088,
  "e": 8.612202644348145,
  "f": 42600000,
  "g": 88100000,
  "h": 46200000,
  "i": 95500000,
  "j": 41900000,
  "k": 87400000,
  "l": 45500000,
  "m": 94700000,
  "n": 689000,
  "o": 689000,
  "p": 736000,
  "q": 736000,
  "r": 629000,
  "s": 1300000,
  "t": 745000,
  "u": 1540000
}
