{
  "b": 63.88984680175781,
  "c": 129.6849822998047,
  "d": 74.96361541748047,
  "e": 152.15501403808594,
  "f": 675370176,
  "g": 1359692032,
  "h": 837374144,
  "i": 1686542208,
  "j": 664454400,
  "k": 1348723840,
  "l": 824599744,
  "m": 1673705088,
  "n": 10915731,
  "o": 10968340,
  "p": 12774405,
  "q": 12837151,
  "r": 14718220,
  "s": 29433468,
  "t": 19236042,
  "u": 38503188
}
