{
  "b": 4.2095465660095215,
  "c": 8.634897232055664,
  "d": 4.900944232940674,
  "e": 10.053033828735352,
  "f": 44496732,
  "g": 90531416,
  "h": 54713536,
  "i": 111398808,
  "j": 43779284,
  "k": 89802936,
  "l": 53910384,
  "m": 110583376,
  "n": 717450,
  "o": 728483,
  "p": 803149,
  "q": 815420,
  "r": 893074,
  "s": 1812205,
  "t": 1104025,
  "u": 2243017
}
