{
  "b": 3.270674705505371,
  "c": 6.76570463180542,
  "d": 3.321183681488037,
  "e": 6.869997978210449,
  "f": 34600000,
  "g": 70900000,
  "h": 37100000,
  "i": 76200000,
  "j": 34000000,
  "k": 70400000,
  "l": 36500000,
  "m": 75600000,
  "n": 556000,
  "o": 556000,
  "p": 604000,
  "q": 604000,
  "r": 1020000,
  "s": 2090000,
  "t": 1150000,
  "u": 2360000
}
