{
  "b": 9.5216703414917,
  "c": 19.76809310913086,
  "d": 11.560850143432617,
  "e": 24.000768661499023,
  "f": 101000000,
  "g": 207000000,
  "h": 129000000,
  "i": 266000000,
  "j": 99000000,
  "k": 206000000,
  "l": 127000000,
  "m": 264000000,
  "n": 1660000,
  "o": 1660000,
  "p": 1920000,
  "q": 1920000,
  "r": 2170000,
  "s": 4460000,
  "t": 3000000,
  "u": 6170000
}
