{
  "b": 3.270674705505371,
  "c": 6.76570463180542,
  "d": 3.321183681488037,
  "e": 6.869997978210449,
  "f": 34565076,
  "g": 70924688,
  "h": 37131236,
  "i": 76180440,
  "j": 34015016,
  "k": 70363328,
  "l": 36533020,
  "m": 75569976,
  "n": 550060,
  "o": 561358,
  "p": 598216,
  "q": 610465,
  "r": 1019405,
  "s": 2087499,
  "t": 1152728,
  "u": 2361433
}
