{
  "b": 4.2095465660095215,
  "c": 8.634897232055664,
  "d": 4.900944232940674,
  "e": 10.053033828735352,
  "f": 44500000,
  "g": 90500000,
  "h": 54700000,
  "i": 111000000,
  "j": 43800000,
  "k": 89800000,
  "l": 53900000,
  "m": 111000000,
  "n": 723000,
  "o": 723000,
  "p": 809000,
  "q": 809000,
  "r": 893000,
  "s": 1810000,
  "t": 1100000,
  "u": 2240000
}
