{
  "b": 63.88984680175781,
  "c": 129.6849822998047,
  "d": 74.96361541748047,
  "e": 152.15501403808594,
  "f": 675000000,
  "g": 1360000000,
  "h": 837000000,
  "i": 1690000000,
  "j": 664000000,
  "k": 1350000000,
  "l": 825000000,
  "m": 1670000000,
  "n": 10900000,
  "o": 10900000,
  "p": 12800000,
  "q": 12800000,
  "r": 14700000,
  "s": 29400000,
  "t": 19200000,
  "u": 38500000
}
