{
  "b": 9.5216703414917,
  "c": 19.76809310913086,
  "d": 11.560850143432617,
  "e": 24.000768661499023,
  "f": 100657480,
  "g": 207267312,
  "h": 129062184,
  "i": 265955936,
  "j": 99025368,
  "k": 205588176,
  "l": 127169352,
  "m": 264008464,
  "n": 1632108,
  "o": 1679171,
  "p": 1892839,
  "q": 1947486,
  "r": 2170331,
  "s": 4462272,
  "t": 2999304,
  "u": 6173582
}
