{
  "b": 46.09223175048828,
  "c": 92.75175476074219,
  "d": 51.080810546875,
  "e": 102.78765106201172,
  "f": 487000000,
  "g": 973000000,
  "h": 571000000,
  "i": 1140000000,
  "j": 479000000,
  "k": 965000000,
  "l": 562000000,
  "m": 1130000000,
  "n": 7940000,
  "o": 7940000,
  "p": 8920000,
  "q": 8920000,
  "r": 8370000,
  "s": 16600000,
  "t": 10200000,
  "u": 20300000
}
