{
  "b": 61.64649200439453,
  "c": 121.33121490478516,
  "d": 81.86752319335938,
  "e": 161.1215057373047,
  "f": 653000000,
  "g": 1270000000,
  "h": 915000000,
  "i": 1790000000,
  "j": 641000000,
  "k": 1260000000,
  "l": 901000000,
  "m": 1770000000,
  "n": 11600000,
  "o": 11600000,
  "p": 14600000,
  "q": 14600000,
  "r": 16200000,
  "s": 31500000,
  "t": 24800000,
  "u": 48200000
}
