{
  "b": 21.47411346435547,
  "c": 44.610042572021484,
  "d": 29.89929962158203,
  "e": 62.11082077026367,
  "f": 227000000,
  "g": 468000000,
  "h": 334000000,
  "i": 688000000,
  "j": 223000000,
  "k": 464000000,
  "l": 329000000,
  "m": 683000000,
  "n": 3660000,
  "o": 3660000,
  "p": 4680000,
  "q": 4680000,
  "r": 3810000,
  "s": 7840000,
  "t": 6230000,
  "u": 12800000
}
