{
  "b": 32.56874084472656,
  "c": 67.44284057617188,
  "d": 33.88908004760742,
  "e": 70.17466735839844,
  "f": 344181952,
  "g": 707004288,
  "h": 378712544,
  "i": 777996864,
  "j": 338714912,
  "k": 701405568,
  "l": 372779872,
  "m": 771921344,
  "n": 5467041,
  "o": 5598769,
  "p": 5932671,
  "q": 6075504,
  "r": 3469748,
  "s": 7102322,
  "t": 3981598,
  "u": 8153629
}
