{
  "b": 61.64649200439453,
  "c": 121.33121490478516,
  "d": 81.86752319335938,
  "e": 161.1215057373047,
  "f": 652826176,
  "g": 1273426816,
  "h": 915167488,
  "i": 1786820352,
  "j": 641123520,
  "k": 1261844608,
  "l": 900542784,
  "m": 1772336512,
  "n": 11702676,
  "o": 11582164,
  "p": 14624546,
  "q": 14484024,
  "r": 16196396,
  "s": 31506514,
  "t": 24762412,
  "u": 48239860
}
