{
  "b": 10.985833168029785,
  "c": 23.147741317749023,
  "d": 12.023017883300781,
  "e": 25.332351684570312,
  "f": 116114824,
  "g": 242667824,
  "h": 134315696,
  "i": 280794528,
  "j": 114252664,
  "k": 240736512,
  "l": 132253192,
  "m": 278655872,
  "n": 1862156,
  "o": 1931305,
  "p": 2062510,
  "q": 2138696,
  "r": 2699111,
  "s": 5627676,
  "t": 3334609,
  "u": 6958457
}
