{
  "b": 46.09223175048828,
  "c": 92.75175476074219,
  "d": 51.080810546875,
  "e": 102.78765106201172,
  "f": 487305824,
  "g": 972549056,
  "h": 570817344,
  "i": 1139575168,
  "j": 479359200,
  "k": 964618240,
  "l": 561888896,
  "m": 1130664192,
  "n": 7946598,
  "o": 7930702,
  "p": 8928414,
  "q": 8910993,
  "r": 8369207,
  "s": 16642434,
  "t": 10219103,
  "u": 20336384
}
