{
  "b": 32.56874084472656,
  "c": 67.44284057617188,
  "d": 33.88908004760742,
  "e": 70.17466735839844,
  "f": 344000000,
  "g": 707000000,
  "h": 379000000,
  "i": 778000000,
  "j": 339000000,
  "k": 701000000,
  "l": 373000000,
  "m": 772000000,
  "n": 5530000,
  "o": 5530000,
  "p": 6000000,
  "q": 6000000,
  "r": 3470000,
  "s": 7100000,
  "t": 3980000,
  "u": 8150000
}
