{
  "b": 3.1315603256225586,
  "c": 6.4938507080078125,
  "d": 3.064173936843872,
  "e": 6.35393762588501,
  "f": 33100000,
  "g": 68100000,
  "h": 34300000,
  "i": 70500000,
  "j": 32600000,
  "k": 67500000,
  "l": 33700000,
  "m": 69900000,
  "n": 550000,
  "o": 550000,
  "p": 573000,
  "q": 573000,
  "r": 433000,
  "s": 888000,
  "t": 457000,
  "u": 937000
}
