{
  "b": 0.3268076777458191,
  "c": 0.6539527177810669,
  "d": 0.3496473729610443,
  "e": 0.6996262073516846,
  "f": 3450000,
  "g": 6860000,
  "h": 3910000,
  "i": 7760000,
  "j": 3400000,
  "k": 6800000,
  "l": 3850000,
  "m": 7700000,
  "n": 55600,
  "o": 55600,
  "p": 61600,
  "q": 61600,
  "r": 42300,
  "s": 83900,
  "t": 53600,
  "u": 106000
}
