{
  "b": 12.041552543640137,
  "c": 25.353757858276367,
  "d": 13.164897918701172,
  "e": 27.717885971069336,
  "f": 127000000,
  "g": 266000000,
  "h": 147000000,
  "i": 307000000,
  "j": 125000000,
  "k": 264000000,
  "l": 145000000,
  "m": 305000000,
  "n": 2090000,
  "o": 2090000,
  "p": 2460000,
  "q": 2460000,
  "r": 8420000,
  "s": 17600000,
  "t": 10200000,
  "u": 21200000
}
