{
  "b": 12.041552543640137,
  "c": 25.353757858276367,
  "d": 13.164897918701172,
  "e": 27.717885971069336,
  "f": 127282592,
  "g": 265805312,
  "h": 147232752,
  "i": 307404608,
  "j": 125232144,
  "k": 263679072,
  "l": 144813872,
  "m": 304896736,
  "n": 2050445,
  "o": 2126242,
  "p": 2418889,
  "q": 2507852,
  "r": 8420275,
  "s": 17577496,
  "t": 10163855,
  "u": 21217380
}
