{
  "b": 3.1315603256225586,
  "c": 6.4938507080078125,
  "d": 3.064173936843872,
  "e": 6.35393762588501,
  "f": 33110850,
  "g": 68093496,
  "h": 34270688,
  "i": 70473552,
  "j": 32568228,
  "k": 67536048,
  "l": 33705912,
  "m": 69893312,
  "n": 542623,
  "o": 557450,
  "p": 564778,
  "q": 580247,
  "r": 433035,
  "s": 887598,
  "t": 457094,
  "u": 937305
}
