{
  "b": 2.5545637607574463,
  "c": 5.207172870635986,
  "d": 3.1269779205322266,
  "e": 6.373801231384277,
  "f": 27000224,
  "g": 54590344,
  "h": 34923368,
  "i": 70642000,
  "j": 26567462,
  "k": 54154596,
  "l": 34396756,
  "m": 70111816,
  "n": 432761,
  "o": 435743,
  "p": 526611,
  "q": 530183,
  "r": 420518,
  "s": 850007,
  "t": 600842,
  "u": 1215362
}
