{
  "b": 0.3268076777458191,
  "c": 0.6539527177810669,
  "d": 0.3496473729610443,
  "e": 0.6996262073516846,
  "f": 3454766,
  "g": 6856308,
  "h": 3908120,
  "i": 7757030,
  "j": 3398800,
  "k": 6801109,
  "l": 3846121,
  "m": 7695889,
  "n": 55966,
  "o": 55200,
  "p": 61999,
  "q": 61142,
  "r": 42275,
  "s": 83917,
  "t": 53592,
  "u": 106431
}
