{
  "b": 17.888477325439453,
  "c": 37.038612365722656,
  "d": 19.64301300048828,
  "e": 40.67080307006836,
  "f": 189042224,
  "g": 388274816,
  "h": 219404896,
  "i": 450789376,
  "j": 186040160,
  "k": 385201568,
  "l": 216073152,
  "m": 447378848,
  "n": 3002089,
  "o": 3073254,
  "p": 3331749,
  "q": 3410580,
  "r": 2572678,
  "s": 5273600,
  "t": 3146379,
  "u": 6454058
}
