{
  "b": 2.5545637607574463,
  "c": 5.207172870635986,
  "d": 3.1269779205322266,
  "e": 6.373801231384277,
  "f": 27000000,
  "g": 54600000,
  "h": 34900000,
  "i": 70600000,
  "j": 26600000,
  "k": 54200000,
  "l": 34400000,
  "m": 70100000,
  "n": 434000,
  "o": 434000,
  "p": 528000,
  "q": 528000,
  "r": 421000,
  "s": 850000,
  "t": 601000,
  "u": 1220000
}
