{
  "b": 4.295273303985596,
  "c": 8.921548843383789,
  "d": 4.6855902671813965,
  "e": 9.73195743560791,
  "f": 45400000,
  "g": 93500000,
  "h": 52300000,
  "i": 108000000,
  "j": 44700000,
  "k": 92800000,
  "l": 51500000,
  "m": 107000000,
  "n": 733000,
  "o": 733000,
  "p": 811000,
  "q": 811000,
  "r": 762000,
  "s": 1570000,
  "t": 970000,
  "u": 2000000
}
