{
  "b": 52.25792694091797,
  "c": 102.76207733154297,
  "d": 59.209693908691406,
  "e": 116.42831420898438,
  "f": 552627776,
  "g": 1077661312,
  "h": 661885632,
  "i": 1291048576,
  "j": 543482432,
  "k": 1068725632,
  "l": 651306624,
  "m": 1280711424,
  "n": 9145335,
  "o": 8935792,
  "p": 10578991,
  "q": 10337239,
  "r": 23122460,
  "s": 44818180,
  "t": 28679564,
  "u": 55627712
}
