{
  "b": 52.25792694091797,
  "c": 102.76207733154297,
  "d": 59.209693908691406,
  "e": 116.42831420898438,
  "f": 553000000,
  "g": 1080000000,
  "h": 662000000,
  "i": 1290000000,
  "j": 543000000,
  "k": 1070000000,
  "l": 651000000,
  "m": 1280000000,
  "n": 9040000,
  "o": 9040000,
  "p": 10500000,
  "q": 10500000,
  "r": 23100000,
  "s": 44800000,
  "t": 28700000,
  "u": 55600000
}
