{
  "b": 4.295273303985596,
  "c": 8.921548843383789,
  "d": 4.6855902671813965,
  "e": 9.73195743560791,
  "f": 45394972,
  "g": 93526824,
  "h": 52342180,
  "i": 107872704,
  "j": 44670840,
  "k": 92784104,
  "l": 51541492,
  "m": 107051528,
  "n": 724135,
  "o": 742715,
  "p": 800682,
  "q": 821173,
  "r": 761632,
  "s": 1569091,
  "t": 969606,
  "u": 1998740
}
