{
  "b": 17.853439331054688,
  "c": 35.507354736328125,
  "d": 21.58599281311035,
  "e": 42.92950439453125,
  "f": 188778144,
  "g": 372345952,
  "h": 241225968,
  "i": 475965216,
  "j": 185675776,
  "k": 369276480,
  "l": 237445920,
  "m": 472224544,
  "n": 3102351,
  "o": 3069448,
  "p": 3780040,
  "q": 3740728,
  "r": 4432761,
  "s": 8727463,
  "t": 6072954,
  "u": 11966108
}
