{
  "b": 6.328173637390137,
  "c": 12.980618476867676,
  "d": 6.642697334289551,
  "e": 13.625320434570312,
  "f": 66900000,
  "g": 136000000,
  "h": 74300000,
  "i": 151000000,
  "j": 65800000,
  "k": 135000000,
  "l": 73100000,
  "m": 150000000,
  "n": 1110000,
  "o": 1110000,
  "p": 1210000,
  "q": 1210000,
  "r": 524000,
  "s": 1060000,
  "t": 641000,
  "u": 1300000
}
