{
  "b": 5.865244388580322,
  "c": 11.942567825317383,
  "d": 6.221155643463135,
  "e": 12.667131423950195,
  "f": 62000000,
  "g": 125000000,
  "h": 69500000,
  "i": 140000000,
  "j": 61000000,
  "k": 124000000,
  "l": 68400000,
  "m": 139000000,
  "n": 1000000,
  "o": 1000000,
  "p": 1120000,
  "q": 1120000,
  "r": 1110000,
  "s": 2250000,
  "t": 1350000,
  "u": 2720000
}
