{
  "b": 6.328173637390137,
  "c": 12.980618476867676,
  "d": 6.642697334289551,
  "e": 13.625320434570312,
  "f": 66911292,
  "g": 136116288,
  "h": 74268664,
  "i": 151099024,
  "j": 65813004,
  "k": 134998432,
  "l": 73069672,
  "m": 149878528,
  "n": 1098288,
  "o": 1117862,
  "p": 1198996,
  "q": 1220509,
  "r": 524028,
  "s": 1064510,
  "t": 640618,
  "u": 1302083
}
