{
  "b": 0.1224965900182724,
  "c": 0.2665286958217621,
  "d": 0.152569979429245,
  "e": 0.33197447657585144,
  "f": 1297569,
  "g": 2796814,
  "h": 1706997,
  "i": 3682046,
  "j": 1273965,
  "k": 2771899,
  "l": 1678270,
  "m": 3651719,
  "n": 23604,
  "o": 24915,
  "p": 28727,
  "q": 30327,
  "r": -11853,
  "s": -25429,
  "t": -16988,
  "u": -36459
}
