{
  "b": 0.1224965900182724,
  "c": 0.2665286958217621,
  "d": 0.152569979429245,
  "e": 0.33197447657585144,
  "f": 1300000,
  "g": 2800000,
  "h": 1710000,
  "i": 3680000,
  "j": 1270000,
  "k": 2770000,
  "l": 1680000,
  "m": 3650000,
  "n": 24300,
  "o": 24300,
  "p": 29500,
  "q": 29500,
  "r": -11900,
  "s": -25400,
  "t": -17000,
  "u": -36500
}
