{
  "b": 0.5107914209365845,
  "c": 1.1014434099197388,
  "d": 0.622806966304779,
  "e": 1.3431400060653687,
  "f": 5404025,
  "g": 11549788,
  "h": 6961521,
  "i": 14888800,
  "j": 5312231,
  "k": 11455012,
  "l": 6850877,
  "m": 14774540,
  "n": 91794,
  "o": 94774,
  "p": 110643,
  "q": 114260,
  "r": 97175,
  "s": 208421,
  "t": 111620,
  "u": 239793
}
