{
  "b": 4.821739196777344,
  "c": 10.246685981750488,
  "d": 6.458033561706543,
  "e": 13.724750518798828,
  "f": 51100000,
  "g": 108000000,
  "h": 72200000,
  "i": 152000000,
  "j": 50100000,
  "k": 107000000,
  "l": 71000000,
  "m": 151000000,
  "n": 940000,
  "o": 940000,
  "p": 1220000,
  "q": 1220000,
  "r": 431000,
  "s": 915000,
  "t": 455000,
  "u": 976000
}
