{
  "b": 0.5437906980514526,
  "c": 1.1659643650054932,
  "d": 0.6144366264343262,
  "e": 1.3174128532409668,
  "f": 5760000,
  "g": 12200000,
  "h": 6880000,
  "i": 14600000,
  "j": 5660000,
  "k": 12100000,
  "l": 6760000,
  "m": 14500000,
  "n": 106000,
  "o": 106000,
  "p": 126000,
  "q": 126000,
  "r": 57900,
  "s": 124000,
  "t": 66500,
  "u": 143000
}
