{
  "b": 13.146990776062012,
  "c": 27.754344940185547,
  "d": 20.576433181762695,
  "e": 43.445213317871094,
  "f": 139000000,
  "g": 291000000,
  "h": 230000000,
  "i": 482000000,
  "j": 137000000,
  "k": 289000000,
  "l": 226000000,
  "m": 478000000,
  "n": 2620000,
  "o": 2620000,
  "p": 3590000,
  "q": 3590000,
  "r": 45900000,
  "s": 96300000,
  "t": 77800000,
  "u": 164000000
}
