{
  "b": 0.5437906980514526,
  "c": 1.1659643650054932,
  "d": 0.6144366264343262,
  "e": 1.3174128532409668,
  "f": 5759140,
  "g": 12234322,
  "h": 6882093,
  "i": 14620272,
  "j": 5655424,
  "k": 12126029,
  "l": 6758803,
  "m": 14491542,
  "n": 103716,
  "o": 108293,
  "p": 123290,
  "q": 128731,
  "r": 57946,
  "s": 124145,
  "t": 66502,
  "u": 142638
}
