{
  "b": 13.146990776062012,
  "c": 27.754344940185547,
  "d": 20.576433181762695,
  "e": 43.445213317871094,
  "f": 139322176,
  "g": 291297504,
  "h": 229891728,
  "i": 481529280,
  "j": 136728704,
  "k": 288645184,
  "l": 226340768,
  "m": 477897344,
  "n": 2593471,
  "o": 2652338,
  "p": 3550956,
  "q": 3631885,
  "r": 45949572,
  "s": 96330632,
  "t": 77845792,
  "u": 163547552
}
