{
  "b": 0.6036545634269714,
  "c": 1.3029929399490356,
  "d": 0.8461689352989197,
  "e": 1.8264358043670654,
  "f": 6399433,
  "g": 13679050,
  "h": 9470978,
  "i": 20262666,
  "j": 6278008,
  "k": 13551126,
  "l": 9307858,
  "m": 20090794,
  "n": 121427,
  "o": 127925,
  "p": 163120,
  "q": 171870,
  "r": 161832,
  "s": 347375,
  "t": 233272,
  "u": 501673
}
