{
  "b": 2.7738285064697266,
  "c": 6.048190593719482,
  "d": 3.904125452041626,
  "e": 8.513172149658203,
  "f": 29333780,
  "g": 63409996,
  "h": 43565360,
  "i": 94294208,
  "j": 28847816,
  "k": 62901180,
  "l": 42945380,
  "m": 93644896,
  "n": 485963,
  "o": 508822,
  "p": 619983,
  "q": 649309,
  "r": 1224075,
  "s": 2651559,
  "t": 1675820,
  "u": 3637048
}
