{
  "b": 2.7738285064697266,
  "c": 6.048190593719482,
  "d": 3.904125452041626,
  "e": 8.513172149658203,
  "f": 29300000,
  "g": 63400000,
  "h": 43600000,
  "i": 94300000,
  "j": 28800000,
  "k": 62900000,
  "l": 42900000,
  "m": 93600000,
  "n": 497000,
  "o": 497000,
  "p": 635000,
  "q": 635000,
  "r": 1220000,
  "s": 2650000,
  "t": 1680000,
  "u": 3640000
}
