{
  "b": 0.2199796438217163,
  "c": 0.4770962595939636,
  "d": 0.2950761020183563,
  "e": 0.6399854421615601,
  "f": 2331106,
  "g": 5007624,
  "h": 3302223,
  "i": 7099502,
  "j": 2287788,
  "k": 4961801,
  "l": 3245837,
  "m": 7039840,
  "n": 43318,
  "o": 45823,
  "p": 56386,
  "q": 59662,
  "r": 41995,
  "s": 90436,
  "t": 56652,
  "u": 122206
}
