{
  "b": 1.696142315864563,
  "c": 3.6441280841827393,
  "d": 2.1793854236602783,
  "e": 4.682541847229004,
  "f": 18000000,
  "g": 38200000,
  "h": 24400000,
  "i": 51900000,
  "j": 17600000,
  "k": 37900000,
  "l": 24000000,
  "m": 51500000,
  "n": 342000,
  "o": 342000,
  "p": 424000,
  "q": 424000,
  "r": 135000,
  "s": 287000,
  "t": 125000,
  "u": 268000
}
