{
  "b": 1.696142315864563,
  "c": 3.6441280841827393,
  "d": 2.1793854236602783,
  "e": 4.682541847229004,
  "f": 17974314,
  "g": 38248040,
  "h": 24387992,
  "i": 51940964,
  "j": 17639880,
  "k": 37898932,
  "l": 23973240,
  "m": 51507960,
  "n": 334434,
  "o": 349106,
  "p": 414751,
  "q": 433000,
  "r": 135180,
  "s": 287359,
  "t": 125104,
  "u": 267862
}
