{
  "b": 0.6036545634269714,
  "c": 1.3029929399490356,
  "d": 0.8461689352989197,
  "e": 1.8264358043670654,
  "f": 6400000,
  "g": 13700000,
  "h": 9470000,
  "i": 20300000,
  "j": 6280000,
  "k": 13600000,
  "l": 9310000,
  "m": 20100000,
  "n": 125000,
  "o": 125000,
  "p": 167000,
  "q": 167000,
  "r": 162000,
  "s": 347000,
  "t": 233000,
  "u": 502000
}
