{
  "b": 4.454830169677734,
  "c": 9.579643249511719,
  "d": 6.292573928833008,
  "e": 13.531806945800781,
  "f": 47211136,
  "g": 100548992,
  "h": 70400072,
  "i": 150085136,
  "j": 46330232,
  "k": 99628288,
  "l": 69218312,
  "m": 148849872,
  "n": 880903,
  "o": 920706,
  "p": 1181755,
  "q": 1235258,
  "r": 892273,
  "s": 1915303,
  "t": 1300802,
  "u": 2798029
}
