{
  "b": 4.454830169677734,
  "c": 9.579643249511719,
  "d": 6.292573928833008,
  "e": 13.531806945800781,
  "f": 47200000,
  "g": 101000000,
  "h": 70400000,
  "i": 150000000,
  "j": 46300000,
  "k": 99600000,
  "l": 69200000,
  "m": 149000000,
  "n": 901000,
  "o": 901000,
  "p": 1210000,
  "q": 1210000,
  "r": 892000,
  "s": 1920000,
  "t": 1300000,
  "u": 2800000
}
