{
  "b": 0.023915747180581093,
  "c": 0.051462914794683456,
  "d": 0.032183270901441574,
  "e": 0.06925613433122635,
  "f": 254000,
  "g": 540000,
  "h": 360000,
  "i": 768000,
  "j": 249000,
  "k": 535000,
  "l": 354000,
  "m": 762000,
  "n": 4960,
  "o": 4960,
  "p": 6010,
  "q": 6010,
  "r": -61,
  "s": -88,
  "t": -162,
  "u": -287
}
