{
  "b": 6.1250786781311035,
  "c": 12.46761703491211,
  "d": 8.014364242553711,
  "e": 16.315874099731445,
  "f": 64900000,
  "g": 131000000,
  "h": 89700000,
  "i": 181000000,
  "j": 63700000,
  "k": 130000000,
  "l": 88200000,
  "m": 179000000,
  "n": 1150000,
  "o": 1150000,
  "p": 1530000,
  "q": 1530000,
  "r": 5350000,
  "s": 11000000,
  "t": 7010000,
  "u": 14400000
}
