{
  "b": 6.1250786781311035,
  "c": 12.46761703491211,
  "d": 8.014364242553711,
  "e": 16.315874099731445,
  "f": 64853792,
  "g": 130802480,
  "h": 89697672,
  "i": 180995776,
  "j": 63700816,
  "k": 129663216,
  "l": 88158008,
  "m": 179474624,
  "n": 1152990,
  "o": 1139256,
  "p": 1539657,
  "q": 1521183,
  "r": 5346450,
  "s": 10974816,
  "t": 7005609,
  "u": 14409994
}
