{
  "b": 0.023915747180581093,
  "c": 0.051462914794683456,
  "d": 0.032183270901441574,
  "e": 0.06925613433122635,
  "f": 253568,
  "g": 540297,
  "h": 359881,
  "i": 767972,
  "j": 248724,
  "k": 535214,
  "l": 354016,
  "m": 761817,
  "n": 4844,
  "o": 5082,
  "p": 5865,
  "q": 6154,
  "r": -61,
  "s": -89,
  "t": -162,
  "u": -287
}
