{
  "b": 0.07587404549121857,
  "c": 0.16524043679237366,
  "d": 0.07951031625270844,
  "e": 0.173161581158638,
  "f": 804000,
  "g": 1730000,
  "h": 893000,
  "i": 1920000,
  "j": 789000,
  "k": 1720000,
  "l": 875000,
  "m": 1900000,
  "n": 15700,
  "o": 15700,
  "p": 19100,
  "q": 19100,
  "r": 2580,
  "s": 5630,
  "t": 2700,
  "u": 5900
}
