{
  "b": 0.42641371488571167,
  "c": 0.9318185448646545,
  "d": 0.5634139776229858,
  "e": 1.2313051223754883,
  "f": 4512833,
  "g": 9772702,
  "h": 6294192,
  "i": 13645545,
  "j": 4434703,
  "k": 9690913,
  "l": 6197554,
  "m": 13544357,
  "n": 78131,
  "o": 81789,
  "p": 96638,
  "q": 101188,
  "r": 82133,
  "s": 178484,
  "t": 101579,
  "u": 221284
}
