{
  "b": 0.42641371488571167,
  "c": 0.9318185448646545,
  "d": 0.5634139776229858,
  "e": 1.2313051223754883,
  "f": 4510000,
  "g": 9770000,
  "h": 6290000,
  "i": 13600000,
  "j": 4430000,
  "k": 9690000,
  "l": 6200000,
  "m": 13500000,
  "n": 80000,
  "o": 80000,
  "p": 98900,
  "q": 98900,
  "r": 82100,
  "s": 178000,
  "t": 102000,
  "u": 221000
}

