{
  "b": 0.49956604838371277,
  "c": 1.0993123054504395,
  "d": 0.5989713668823242,
  "e": 1.3180668354034424,
  "f": 5290000,
  "g": 11500000,
  "h": 6690000,
  "i": 14600000,
  "j": 5200000,
  "k": 11400000,
  "l": 6590000,
  "m": 14500000,
  "n": 92700,
  "o": 92700,
  "p": 104000,
  "q": 104000,
  "r": 99000,
  "s": 216000,
  "t": 123000,
  "u": 269000
}
