{
  "b": 1.0637987852096558,
  "c": 2.2502057552337646,
  "d": 1.1414045095443726,
  "e": 2.414604663848877,
  "f": 11300000,
  "g": 23600000,
  "h": 12800000,
  "i": 26800000,
  "j": 11100000,
  "k": 23400000,
  "l": 12600000,
  "m": 26600000,
  "n": 189000,
  "o": 189000,
  "p": 228000,
  "q": 228000,
  "r": 131000,
  "s": 277000,
  "t": 119000,
  "u": 252000
}
