{
  "b": 0.01872231625020504,
  "c": 0.03984111174941063,
  "d": 0.02211812324821949,
  "e": 0.047070056200027466,
  "f": 199000,
  "g": 418000,
  "h": 248000,
  "i": 523000,
  "j": 195000,
  "k": 414000,
  "l": 243000,
  "m": 518000,
  "n": 3860,
  "o": 3860,
  "p": 4720,
  "q": 4720,
  "r": 10200,
  "s": 21600,
  "t": 12400,
  "u": 26100
}
