{
  "b": 1.0528031587600708,
  "c": 2.2810704708099365,
  "d": 1.2494027614593506,
  "e": 2.7070517539978027,
  "f": 11200000,
  "g": 24000000,
  "h": 14000000,
  "i": 30100000,
  "j": 10900000,
  "k": 23700000,
  "l": 13700000,
  "m": 29800000,
  "n": 224000,
  "o": 224000,
  "p": 274000,
  "q": 274000,
  "r": 43500,
  "s": 94200,
  "t": 34000,
  "u": 75000
}
