{
  "b": 1.0637987852096558,
  "c": 2.2502057552337646,
  "d": 1.1414045095443726,
  "e": 2.414604663848877,
  "f": 11250164,
  "g": 23594026,
  "h": 12779828,
  "i": 26791320,
  "j": 11063507,
  "k": 23402140,
  "l": 12555450,
  "m": 26560652,
  "n": 186658,
  "o": 191887,
  "p": 224378,
  "q": 230669,
  "r": 131326,
  "s": 276614,
  "t": 119141,
  "u": 251767
}
