{
  "b": 0.12619778513908386,
  "c": 0.2768428921699524,
  "d": 0.16783733665943146,
  "e": 0.36818286776542664,
  "f": 1337484,
  "g": 2905927,
  "h": 1877153,
  "i": 4083098,
  "j": 1312457,
  "k": 2879166,
  "l": 1846211,
  "m": 4050012,
  "n": 25027,
  "o": 26761,
  "p": 30942,
  "q": 33087,
  "r": 8262,
  "s": 18013,
  "t": 11208,
  "u": 24481
}
