{
  "b": 0.49956604838371277,
  "c": 1.0993123054504395,
  "d": 0.5989713668823242,
  "e": 1.3180668354034424,
  "f": 5285301,
  "g": 11528510,
  "h": 6689082,
  "i": 14605700,
  "j": 5195487,
  "k": 11432848,
  "l": 6588685,
  "m": 14498735,
  "n": 89813,
  "o": 95663,
  "p": 100397,
  "q": 106964,
  "r": 98990,
  "s": 216130,
  "t": 123165,
  "u": 269272
}
