{
  "b": 0.6147337555885315,
  "c": 1.328010082244873,
  "d": 0.8359730839729309,
  "e": 1.8060543537139893,
  "f": 6510000,
  "g": 13900000,
  "h": 9340000,
  "i": 20000000,
  "j": 6390000,
  "k": 13800000,
  "l": 9200000,
  "m": 19900000,
  "n": 120000,
  "o": 120000,
  "p": 148000,
  "q": 148000,
  "r": -372000,
  "s": -793000,
  "t": -563000,
  "u": -1200000
}
