{
  "b": 0.5187130570411682,
  "c": 1.068483591079712,
  "d": 0.5861155390739441,
  "e": 1.2074335813522339,
  "f": 5499190,
  "g": 11218484,
  "h": 6573526,
  "i": 13410093,
  "j": 5394616,
  "k": 11112229,
  "l": 6447271,
  "m": 13281770,
  "n": 104575,
  "o": 106255,
  "p": 126255,
  "q": 128325,
  "r": -298639,
  "s": -606804,
  "t": -397890,
  "u": -808205
}
