{
  "b": 0.5187130570411682,
  "c": 1.068483591079712,
  "d": 0.5861155390739441,
  "e": 1.2074335813522339,
  "f": 5500000,
  "g": 11200000,
  "h": 6570000,
  "i": 13400000,
  "j": 5390000,
  "k": 11100000,
  "l": 6450000,
  "m": 13300000,
  "n": 105000,
  "o": 105000,
  "p": 127000,
  "q": 127000,
  "r": -299000,
  "s": -607000,
  "t": -398000,
  "u": -808000
}
