{
  "b": 1.300611138343811,
  "c": 2.7893145084381104,
  "d": 1.6287201642990112,
  "e": 3.492983341217041,
  "f": 13781858,
  "g": 29276232,
  "h": 18246200,
  "i": 38768416,
  "j": 13526356,
  "k": 29008870,
  "l": 17915922,
  "m": 38422816,
  "n": 255502,
  "o": 267363,
  "p": 330278,
  "q": 345602,
  "r": -33459,
  "s": -68611,
  "t": -47110,
  "u": -96756
}
