{
  "b": 0.6389592289924622,
  "c": 1.4103858470916748,
  "d": 0.8631162047386169,
  "e": 1.9051814079284668,
  "f": 6768155,
  "g": 14799434,
  "h": 9643281,
  "i": 21116250,
  "j": 6645176,
  "k": 14668013,
  "l": 9494278,
  "m": 20956996,
  "n": 122979,
  "o": 131422,
  "p": 149003,
  "q": 159253,
  "r": 6707,
  "s": 14841,
  "t": 6141,
  "u": 13787
}
