{
  "b": 0.4892037510871887,
  "c": 1.059898018836975,
  "d": 0.6322548985481262,
  "e": 1.3698431253433228,
  "f": 5184183,
  "g": 11124301,
  "h": 7075336,
  "i": 15194930,
  "j": 5087719,
  "k": 11022940,
  "l": 6954804,
  "m": 15068275,
  "n": 96464,
  "o": 101362,
  "p": 120532,
  "q": 126655,
  "r": 69160,
  "s": 149354,
  "t": 89458,
  "u": 193564
}
