{
  "b": 0.6147337555885315,
  "c": 1.328010082244873,
  "d": 0.8359730839729309,
  "e": 1.8060543537139893,
  "f": 6510069,
  "g": 13934148,
  "h": 9339500,
  "i": 20017828,
  "j": 6393231,
  "k": 13811305,
  "l": 9195704,
  "m": 19866598,
  "n": 116837,
  "o": 122843,
  "p": 143797,
  "q": 151228,
  "r": -372271,
  "s": -792782,
  "t": -562673,
  "u": -1199884
}
