{
  "b": 1.300611138343811,
  "c": 2.7893145084381104,
  "d": 1.6287201642990112,
  "e": 3.492983341217041,
  "f": 13800000,
  "g": 29300000,
  "h": 18200000,
  "i": 38800000,
  "j": 13500000,
  "k": 29000000,
  "l": 17900000,
  "m": 38400000,
  "n": 261000,
  "o": 261000,
  "p": 338000,
  "q": 338000,
  "r": -33500,
  "s": -68600,
  "t": -47100,
  "u": -96800
}
