{
  "b": 0.3325185179710388,
  "c": 0.7319079041481018,
  "d": 0.4409966766834259,
  "e": 0.9706775546073914,
  "f": 3523538,
  "g": 7681929,
  "h": 4931413,
  "i": 10763742,
  "j": 3458193,
  "k": 7611843,
  "l": 4850964,
  "m": 10677453,
  "n": 65345,
  "o": 70086,
  "p": 80450,
  "q": 86289,
  "r": 1113,
  "s": 2841,
  "t": -95,
  "u": 404
}
