{
  "b": 1.4597505331039429,
  "c": 3.147993803024292,
  "d": 1.6334960460662842,
  "e": 3.5230188369750977,
  "f": 15400000,
  "g": 33000000,
  "h": 18300000,
  "i": 39100000,
  "j": 15200000,
  "k": 32700000,
  "l": 18000000,
  "m": 38800000,
  "n": 263000,
  "o": 263000,
  "p": 325000,
  "q": 325000,
  "r": 391000,
  "s": 836000,
  "t": 437000,
  "u": 935000
}
