{
  "b": 0.7263403534889221,
  "c": 1.49321448802948,
  "d": 0.8540177941322327,
  "e": 1.7558385133743286,
  "f": 7700000,
  "g": 15700000,
  "h": 9570000,
  "i": 19500000,
  "j": 7550000,
  "k": 15500000,
  "l": 9390000,
  "m": 19300000,
  "n": 148000,
  "o": 148000,
  "p": 180000,
  "q": 180000,
  "r": -170000,
  "s": -341000,
  "t": -279000,
  "u": -559000
}
