{
  "b": 0.7924207448959351,
  "c": 1.6752300262451172,
  "d": 1.0045725107192993,
  "e": 2.123918294906616,
  "f": 8401467,
  "g": 17586862,
  "h": 11260028,
  "i": 23578350,
  "j": 8241176,
  "k": 17422392,
  "l": 11050297,
  "m": 23363102,
  "n": 160291,
  "o": 164468,
  "p": 209731,
  "q": 215248,
  "r": 166909,
  "s": 346348,
  "t": 184565,
  "u": 383565
}
