{
  "b": 0.7924207448959351,
  "c": 1.6752300262451172,
  "d": 1.0045725107192993,
  "e": 2.123918294906616,
  "f": 8400000,
  "g": 17600000,
  "h": 11300000,
  "i": 23600000,
  "j": 8240000,
  "k": 17400000,
  "l": 11100000,
  "m": 23400000,
  "n": 162000,
  "o": 162000,
  "p": 212000,
  "q": 212000,
  "r": 167000,
  "s": 346000,
  "t": 185000,
  "u": 384000
}
