{
  "b": 0.3325185179710388,
  "c": 0.7319079041481018,
  "d": 0.4409966766834259,
  "e": 0.9706775546073914,
  "f": 3520000,
  "g": 7680000,
  "h": 4930000,
  "i": 10800000,
  "j": 3460000,
  "k": 7610000,
  "l": 4850000,
  "m": 10700000,
  "n": 67700,
  "o": 67700,
  "p": 83400,
  "q": 83400,
  "r": 1110,
  "s": 2840,
  "t": -95,
  "u": 404
}
