{
  "b": 1.4597505331039429,
  "c": 3.147993803024292,
  "d": 1.6334960460662842,
  "e": 3.5230188369750977,
  "f": 15440960,
  "g": 33005848,
  "h": 18289092,
  "i": 39082684,
  "j": 15181406,
  "k": 32739136,
  "l": 17968456,
  "m": 38753208,
  "n": 259554,
  "o": 266711,
  "p": 320635,
  "q": 329476,
  "r": 390847,
  "s": 836019,
  "t": 437088,
  "u": 935473
}
