{
  "b": 10.141880989074707,
  "c": 21.8072509765625,
  "d": 15.41185188293457,
  "e": 33.14407730102539,
  "f": 107000000,
  "g": 229000000,
  "h": 172000000,
  "i": 367000000,
  "j": 105000000,
  "k": 227000000,
  "l": 170000000,
  "m": 365000000,
  "n": 1800000,
  "o": 1800000,
  "p": 2460000,
  "q": 2460000,
  "r": 8100000,
  "s": 17300000,
  "t": 12500000,
  "u": 26700000
}
