{
  "b": 10.141880989074707,
  "c": 21.8072509765625,
  "d": 15.41185188293457,
  "e": 33.14407730102539,
  "f": 107260272,
  "g": 228616032,
  "h": 171970528,
  "i": 367074112,
  "j": 105475560,
  "k": 226795408,
  "l": 169530368,
  "m": 364584832,
  "n": 1784703,
  "o": 1820605,
  "p": 2440178,
  "q": 2489311,
  "r": 8098888,
  "s": 17266360,
  "t": 12487131,
  "u": 26671992
}
