{
  "b": 0.7263403534889221,
  "c": 1.49321448802948,
  "d": 0.8540177941322327,
  "e": 1.7558385133743286,
  "f": 7701466,
  "g": 15678836,
  "h": 9572625,
  "i": 19494984,
  "j": 7553940,
  "k": 15529431,
  "l": 9394196,
  "m": 19314224,
  "n": 147526,
  "o": 149405,
  "p": 178430,
  "q": 180759,
  "r": -170383,
  "s": -340975,
  "t": -278920,
  "u": -559367
}
