{
  "b": 0.8120819330215454,
  "c": 1.7251697778701782,
  "d": 1.0057097673416138,
  "e": 2.13655424118042,
  "f": 8609538,
  "g": 18112552,
  "h": 11258868,
  "i": 23706462,
  "j": 8445652,
  "k": 17941766,
  "l": 11062808,
  "m": 23502096,
  "n": 163886,
  "o": 170784,
  "p": 196060,
  "q": 204366,
  "r": 193761,
  "s": 418120,
  "t": 193751,
  "u": 422066
}
