{
  "b": 0.13391326367855072,
  "c": 0.2733616530895233,
  "d": 0.16791382431983948,
  "e": 0.3427923619747162,
  "f": 1418692,
  "g": 2869058,
  "h": 1878440,
  "i": 3802241,
  "j": 1392698,
  "k": 2842961,
  "l": 1847052,
  "m": 3770716,
  "n": 25994,
  "o": 26097,
  "p": 31387,
  "q": 31525,
  "r": -10951,
  "s": -21986,
  "t": -15907,
  "u": -31963
}
