{
  "b": 0.7987229824066162,
  "c": 1.6560837030410767,
  "d": 1.1781584024429321,
  "e": 2.442913770675659,
  "f": 8470000,
  "g": 17400000,
  "h": 13200000,
  "i": 27100000,
  "j": 8310000,
  "k": 17200000,
  "l": 13000000,
  "m": 26900000,
  "n": 164000,
  "o": 164000,
  "p": 238000,
  "q": 238000,
  "r": 86600,
  "s": 182000,
  "t": 191000,
  "u": 398000
}
