{
  "b": 0.15376605093479156,
  "c": 0.3346107304096222,
  "d": 0.16303984820842743,
  "e": 0.35480883717536926,
  "f": 1627549,
  "g": 3509694,
  "h": 1826813,
  "i": 3937881,
  "j": 1599167,
  "k": 3479952,
  "l": 1793438,
  "m": 3902897,
  "n": 28382,
  "o": 29742,
  "p": 33374,
  "q": 34984,
  "r": 37966,
  "s": 82369,
  "t": 42660,
  "u": 92570
}
