{
  "b": 2.1152143478393555,
  "c": 4.584688663482666,
  "d": 2.715038299560547,
  "e": 5.885171413421631,
  "f": 22375576,
  "g": 48073392,
  "h": 30319318,
  "i": 65209240,
  "j": 21998230,
  "k": 47680760,
  "l": 29865420,
  "m": 64736888,
  "n": 377343,
  "o": 392637,
  "p": 453899,
  "q": 472354,
  "r": 850223,
  "s": 1843041,
  "t": 1086236,
  "u": 2359481
}
