{
  "b": 0.8120819330215454,
  "c": 1.7251697778701782,
  "d": 1.0057097673416138,
  "e": 2.13655424118042,
  "f": 8610000,
  "g": 18100000,
  "h": 11300000,
  "i": 23700000,
  "j": 8450000,
  "k": 17900000,
  "l": 11100000,
  "m": 23500000,
  "n": 167000,
  "o": 167000,
  "p": 200000,
  "q": 200000,
  "r": 194000,
  "s": 418000,
  "t": 194000,
  "u": 422000
}
