{
  "b": 0.15376605093479156,
  "c": 0.3346107304096222,
  "d": 0.16303984820842743,
  "e": 0.35480883717536926,
  "f": 1630000,
  "g": 3510000,
  "h": 1830000,
  "i": 3940000,
  "j": 1600000,
  "k": 3480000,
  "l": 1790000,
  "m": 3900000,
  "n": 29100,
  "o": 29100,
  "p": 34200,
  "q": 34200,
  "r": 38000,
  "s": 82400,
  "t": 42700,
  "u": 92600
}
