{
  "b": 2.1152143478393555,
  "c": 4.584688663482666,
  "d": 2.715038299560547,
  "e": 5.885171413421631,
  "f": 22400000,
  "g": 48100000,
  "h": 30300000,
  "i": 65200000,
  "j": 22000000,
  "k": 47700000,
  "l": 29900000,
  "m": 64700000,
  "n": 385000,
  "o": 385000,
  "p": 463000,
  "q": 463000,
  "r": 850000,
  "s": 1840000,
  "t": 1090000,
  "u": 2360000
}
