{
  "b": 0.13391326367855072,
  "c": 0.2733616530895233,
  "d": 0.16791382431983948,
  "e": 0.3427923619747162,
  "f": 1420000,
  "g": 2870000,
  "h": 1880000,
  "i": 3800000,
  "j": 1390000,
  "k": 2840000,
  "l": 1850000,
  "m": 3770000,
  "n": 26000,
  "o": 26000,
  "p": 31500,
  "q": 31500,
  "r": -11000,
  "s": -22000,
  "t": -15900,
  "u": -32000
}
