{
  "b": 0.2531077563762665,
  "c": 0.5426292419433594,
  "d": 0.2898242771625519,
  "e": 0.6213752627372742,
  "f": 2684720,
  "g": 5698310,
  "h": 3253342,
  "i": 6903612,
  "j": 2632321,
  "k": 5643344,
  "l": 3188067,
  "m": 6835128,
  "n": 52399,
  "o": 54966,
  "p": 65275,
  "q": 68485,
  "r": -33,
  "s": -241,
  "t": -4785,
  "u": -10254
}
