{
  "b": 0.7344000935554504,
  "c": 1.5624147653579712,
  "d": 0.8404385447502136,
  "e": 1.7882287502288818,
  "f": 7776890,
  "g": 16393012,
  "h": 9413625,
  "i": 19845156,
  "j": 7637761,
  "k": 16249114,
  "l": 9244824,
  "m": 19670516,
  "n": 139130,
  "o": 143897,
  "p": 168802,
  "q": 174639,
  "r": 16569,
  "s": 39186,
  "t": -81430,
  "u": -164645
}
