{
  "b": 0.7344000935554504,
  "c": 1.5624147653579712,
  "d": 0.8404385447502136,
  "e": 1.7882287502288818,
  "f": 7780000,
  "g": 16400000,
  "h": 9410000,
  "i": 19800000,
  "j": 7640000,
  "k": 16200000,
  "l": 9240000,
  "m": 19700000,
  "n": 142000,
  "o": 142000,
  "p": 172000,
  "q": 172000,
  "r": 16600,
  "s": 39200,
  "t": -81400,
  "u": -165000
}
