{
  "b": 0.33345991373062134,
  "c": 0.7076533436775208,
  "d": 0.37543490529060364,
  "e": 0.7967952489852905,
  "f": 3540000,
  "g": 7430000,
  "h": 4210000,
  "i": 8850000,
  "j": 3470000,
  "k": 7360000,
  "l": 4130000,
  "m": 8760000,
  "n": 69300,
  "o": 69300,
  "p": 82200,
  "q": 82200,
  "r": 327000,
  "s": 692000,
  "t": 385000,
  "u": 815000
}
