{
  "b": 0.735579788684845,
  "c": 1.6012022495269775,
  "d": 0.8747824430465698,
  "e": 1.9043534994125366,
  "f": 7780000,
  "g": 16800000,
  "h": 9770000,
  "i": 21100000,
  "j": 7650000,
  "k": 16700000,
  "l": 9620000,
  "m": 20900000,
  "n": 137000,
  "o": 137000,
  "p": 154000,
  "q": 154000,
  "r": 59900,
  "s": 129000,
  "t": 75700,
  "u": 163000
}
