{
  "b": 0.33345991373062134,
  "c": 0.7076533436775208,
  "d": 0.37543490529060364,
  "e": 0.7967952489852905,
  "f": 3535969,
  "g": 7430110,
  "h": 4210468,
  "i": 8848459,
  "j": 3467983,
  "k": 7359595,
  "l": 4129784,
  "m": 8764748,
  "n": 67986,
  "o": 70516,
  "p": 80684,
  "q": 83711,
  "r": 327496,
  "s": 692476,
  "t": 385178,
  "u": 814928
}
