{
  "b": 0.27336981892585754,
  "c": 0.5950500965118408,
  "d": 0.31355005502700806,
  "e": 0.6825348138809204,
  "f": 2900000,
  "g": 6250000,
  "h": 3510000,
  "i": 7580000,
  "j": 2840000,
  "k": 6190000,
  "l": 3450000,
  "m": 7510000,
  "n": 55600,
  "o": 55600,
  "p": 67300,
  "q": 67300,
  "r": -6460,
  "s": -13900,
  "t": -9220,
  "u": -19800
}
