{
  "b": 0.735579788684845,
  "c": 1.6012022495269775,
  "d": 0.8747824430465698,
  "e": 1.9043534994125366,
  "f": 7783741,
  "g": 16792276,
  "h": 9773012,
  "i": 21105140,
  "j": 7650030,
  "k": 16652504,
  "l": 9622607,
  "m": 20947888,
  "n": 133712,
  "o": 139774,
  "p": 150405,
  "q": 157252,
  "r": 59890,
  "s": 128963,
  "t": 75667,
  "u": 163373
}
