{
  "b": 0.3998551070690155,
  "c": 0.8674807548522949,
  "d": 0.4625748097896576,
  "e": 1.0036370754241943,
  "f": 4236838,
  "g": 9104148,
  "h": 5181714,
  "i": 11138189,
  "j": 4158493,
  "k": 9021800,
  "l": 5088323,
  "m": 11040008,
  "n": 78344,
  "o": 82348,
  "p": 93390,
  "q": 98181,
  "r": -17239,
  "s": -35683,
  "t": -26292,
  "u": -54674
}
