{
  "b": 0.37076783180236816,
  "c": 0.790113627910614,
  "d": 0.4857008159160614,
  "e": 1.0350558757781982,
  "f": 3930000,
  "g": 8290000,
  "h": 5440000,
  "i": 11500000,
  "j": 3860000,
  "k": 8220000,
  "l": 5340000,
  "m": 11400000,
  "n": 74900,
  "o": 74900,
  "p": 98600,
  "q": 98600,
  "r": 194000,
  "s": 411000,
  "t": 267000,
  "u": 567000
}

