{
  "b": 0.384227454662323,
  "c": 0.8409693241119385,
  "d": 0.5645384788513184,
  "e": 1.2356159687042236,
  "f": 4070000,
  "g": 8820000,
  "h": 6300000,
  "i": 13700000,
  "j": 4000000,
  "k": 8750000,
  "l": 6210000,
  "m": 13600000,
  "n": 73400,
  "o": 73400,
  "p": 96700,
  "q": 96700,
  "r": 76400,
  "s": 166000,
  "t": 114000,
  "u": 247000
}
