{
  "b": 0.37076783180236816,
  "c": 0.790113627910614,
  "d": 0.4857008159160614,
  "e": 1.0350558757781982,
  "f": 3929545,
  "g": 8293326,
  "h": 5439644,
  "i": 11485955,
  "j": 3855986,
  "k": 8217182,
  "l": 5342709,
  "m": 11385614,
  "n": 73560,
  "o": 76144,
  "p": 96934,
  "q": 100343,
  "r": 194229,
  "s": 411454,
  "t": 267455,
  "u": 566992
}
