{
  "b": 2.500253677368164,
  "c": 5.190494537353516,
  "d": 3.2164313793182373,
  "e": 6.677691459655762,
  "f": 26500000,
  "g": 54500000,
  "h": 36000000,
  "i": 74100000,
  "j": 26000000,
  "k": 54000000,
  "l": 35400000,
  "m": 73500000,
  "n": 508000,
  "o": 508000,
  "p": 665000,
  "q": 665000,
  "r": 775000,
  "s": 1630000,
  "t": 985000,
  "u": 2070000
}
