{
  "b": 0.384227454662323,
  "c": 0.8409693241119385,
  "d": 0.5645384788513184,
  "e": 1.2356159687042236,
  "f": 4067066,
  "g": 8821711,
  "h": 6303619,
  "i": 13691461,
  "j": 3995966,
  "k": 8746081,
  "l": 6209923,
  "m": 13591776,
  "n": 71101,
  "o": 75630,
  "p": 93695,
  "q": 99684,
  "r": 76418,
  "s": 165981,
  "t": 113644,
  "u": 247300
}
