{
  "b": 5.827754497528076,
  "c": 11.757758140563965,
  "d": 5.766775608062744,
  "e": 11.63451862335205,
  "f": 61592172,
  "g": 123264736,
  "h": 64477728,
  "i": 129023424,
  "j": 60608648,
  "k": 122280680,
  "l": 63434532,
  "m": 127979704,
  "n": 983519,
  "o": 984048,
  "p": 1043190,
  "q": 1043738,
  "r": 2071505,
  "s": 4142451,
  "t": 2296172,
  "u": 4591827
}
