{
  "b": 1.705431580543518,
  "c": 3.4898781776428223,
  "d": 1.8617972135543823,
  "e": 3.8098158836364746,
  "f": 18031254,
  "g": 36593372,
  "h": 20816442,
  "i": 42249088,
  "j": 17736488,
  "k": 36294732,
  "l": 20479770,
  "m": 41907976,
  "n": 294766,
  "o": 298642,
  "p": 336673,
  "q": 341108,
  "r": 309537,
  "s": 627812,
  "t": 383230,
  "u": 777577
}
