{
  "b": 33.61503982543945,
  "c": 67.67969512939453,
  "d": 43.78825378417969,
  "e": 88.16285705566406,
  "f": 356000000,
  "g": 710000000,
  "h": 489000000,
  "i": 978000000,
  "j": 350000000,
  "k": 704000000,
  "l": 482000000,
  "m": 970000000,
  "n": 6190000,
  "o": 6190000,
  "p": 7800000,
  "q": 7800000,
  "r": 13500000,
  "s": 26800000,
  "t": 19100000,
  "u": 38200000
}
