{
  "b": 22.56844711303711,
  "c": 46.88641357421875,
  "d": 24.72957420349121,
  "e": 51.375465393066406,
  "f": 238608608,
  "g": 491624288,
  "h": 276379744,
  "i": 569606272,
  "j": 234711856,
  "k": 487618688,
  "l": 272025312,
  "m": 565130112,
  "n": 3896728,
  "o": 4005641,
  "p": 4354435,
  "q": 4476213,
  "r": 16009739,
  "s": 32961374,
  "t": 19356676,
  "u": 39873352
}
