{
  "b": 12.911649703979492,
  "c": 26.0491886138916,
  "d": 14.104369163513184,
  "e": 28.454946517944336,
  "f": 136469056,
  "g": 273104032,
  "h": 157571616,
  "i": 315433120,
  "j": 134281152,
  "k": 270911552,
  "l": 155148064,
  "m": 313004416,
  "n": 2187895,
  "o": 2192456,
  "p": 2423557,
  "q": 2428721,
  "r": 1878695,
  "s": 3752365,
  "t": 2334934,
  "u": 4666839
}
