{
  "b": 5.827754497528076,
  "c": 11.757758140563965,
  "d": 5.766775608062744,
  "e": 11.63451862335205,
  "f": 61600000,
  "g": 123000000,
  "h": 64500000,
  "i": 129000000,
  "j": 60600000,
  "k": 122000000,
  "l": 63400000,
  "m": 128000000,
  "n": 984000,
  "o": 984000,
  "p": 1040000,
  "q": 1040000,
  "r": 2070000,
  "s": 4140000,
  "t": 2300000,
  "u": 4590000
}
