{
  "b": 12.911649703979492,
  "c": 26.0491886138916,
  "d": 14.104369163513184,
  "e": 28.454946517944336,
  "f": 136000000,
  "g": 273000000,
  "h": 158000000,
  "i": 315000000,
  "j": 134000000,
  "k": 271000000,
  "l": 155000000,
  "m": 313000000,
  "n": 2190000,
  "o": 2190000,
  "p": 2430000,
  "q": 2430000,
  "r": 1880000,
  "s": 3750000,
  "t": 2330000,
  "u": 4670000
}
