{
  "b": 1.705431580543518,
  "c": 3.4898781776428223,
  "d": 1.8617972135543823,
  "e": 3.8098158836364746,
  "f": 18000000,
  "g": 36600000,
  "h": 20800000,
  "i": 42200000,
  "j": 17700000,
  "k": 36300000,
  "l": 20500000,
  "m": 41900000,
  "n": 297000,
  "o": 297000,
  "p": 339000,
  "q": 339000,
  "r": 310000,
  "s": 628000,
  "t": 383000,
  "u": 778000
}
