{
  "b": 22.56844711303711,
  "c": 46.88641357421875,
  "d": 24.72957420349121,
  "e": 51.375465393066406,
  "f": 239000000,
  "g": 492000000,
  "h": 276000000,
  "i": 570000000,
  "j": 235000000,
  "k": 488000000,
  "l": 272000000,
  "m": 565000000,
  "n": 3950000,
  "o": 3950000,
  "p": 4420000,
  "q": 4420000,
  "r": 16000000,
  "s": 33000000,
  "t": 19400000,
  "u": 39900000
}
