{
  "b": 2.1361582279205322,
  "c": 4.350535869598389,
  "d": 2.1967036724090576,
  "e": 4.473793983459473,
  "f": 22589380,
  "g": 45622996,
  "h": 24574184,
  "i": 49626696,
  "j": 22216046,
  "k": 45245572,
  "l": 24163740,
  "m": 49211732,
  "n": 373335,
  "o": 377419,
  "p": 410442,
  "q": 414963,
  "r": 486704,
  "s": 981686,
  "t": 567390,
  "u": 1144590
}
