{
  "b": 30.973403930664062,
  "c": 63.73847961425781,
  "d": 33.624881744384766,
  "e": 69.19534301757812,
  "f": 327493600,
  "g": 668384320,
  "h": 375810656,
  "i": 767234752,
  "j": 322123392,
  "k": 662880192,
  "l": 369873696,
  "m": 761148800,
  "n": 5370250,
  "o": 5504173,
  "p": 5936929,
  "q": 6085987,
  "r": 9946900,
  "s": 20277546,
  "t": 11723906,
  "u": 23913028
}
