{
  "b": 5.7651448249816895,
  "c": 11.88802719116211,
  "d": 6.248414516448975,
  "e": 12.884486198425293,
  "f": 60948716,
  "g": 124648000,
  "h": 69810752,
  "i": 142830768,
  "j": 59957508,
  "k": 123635480,
  "l": 68732560,
  "m": 141729344,
  "n": 991214,
  "o": 1012522,
  "p": 1078192,
  "q": 1101436,
  "r": 1297899,
  "s": 2652032,
  "t": 1618249,
  "u": 3308826
}
