{
  "b": 110.6920394897461,
  "c": 224.86683654785156,
  "d": 136.60269165039062,
  "e": 277.50103759765625,
  "f": 1170300672,
  "g": 2357893120,
  "h": 1524846080,
  "i": 3074933248,
  "j": 1151197184,
  "k": 2338615040,
  "l": 1502629632,
  "m": 3052511488,
  "n": 19103378,
  "o": 19277982,
  "p": 22216370,
  "q": 22421654,
  "r": 45691996,
  "s": 91858000,
  "t": 62438676,
  "u": 125683800
}
