{
  "b": 6.940450668334961,
  "c": 14.309121131896973,
  "d": 7.769976615905762,
  "e": 16.01924705505371,
  "f": 73392272,
  "g": 150055920,
  "h": 86782536,
  "i": 177556672,
  "j": 72180688,
  "k": 148814864,
  "l": 85469744,
  "m": 176211728,
  "n": 1211577,
  "o": 1241070,
  "p": 1312779,
  "q": 1344948,
  "r": 3162343,
  "s": 6456599,
  "t": 3944590,
  "u": 8061844
}
