{
  "b": 5.7651448249816895,
  "c": 11.88802719116211,
  "d": 6.248414516448975,
  "e": 12.884486198425293,
  "f": 60900000,
  "g": 125000000,
  "h": 69800000,
  "i": 143000000,
  "j": 60000000,
  "k": 124000000,
  "l": 68700000,
  "m": 142000000,
  "n": 1000000,
  "o": 1000000,
  "p": 1090000,
  "q": 1090000,
  "r": 1300000,
  "s": 2650000,
  "t": 1620000,
  "u": 3310000
}
