{
  "b": 110.6920394897461,
  "c": 224.86683654785156,
  "d": 136.60269165039062,
  "e": 277.50103759765625,
  "f": 1170000000,
  "g": 2360000000,
  "h": 1520000000,
  "i": 3070000000,
  "j": 1150000000,
  "k": 2340000000,
  "l": 1500000000,
  "m": 3050000000,
  "n": 19200000,
  "o": 19200000,
  "p": 22300000,
  "q": 22300000,
  "r": 45700000,
  "s": 91900000,
  "t": 62400000,
  "u": 126000000
}
