{
  "b": 6.940450668334961,
  "c": 14.309121131896973,
  "d": 7.769976615905762,
  "e": 16.01924705505371,
  "f": 73400000,
  "g": 150000000,
  "h": 86800000,
  "i": 178000000,
  "j": 72200000,
  "k": 149000000,
  "l": 85500000,
  "m": 176000000,
  "n": 1230000,
  "o": 1230000,
  "p": 1330000,
  "q": 1330000,
  "r": 3160000,
  "s": 6460000,
  "t": 3940000,
  "u": 8060000
}
