{
  "b": 2.1361582279205322,
  "c": 4.350535869598389,
  "d": 2.1967036724090576,
  "e": 4.473793983459473,
  "f": 22600000,
  "g": 45600000,
  "h": 24600000,
  "i": 49600000,
  "j": 22200000,
  "k": 45200000,
  "l": 24200000,
  "m": 49200000,
  "n": 375000,
  "o": 375000,
  "p": 413000,
  "q": 413000,
  "r": 487000,
  "s": 982000,
  "t": 567000,
  "u": 1140000
}
