{
  "b": 30.973403930664062,
  "c": 63.73847961425781,
  "d": 33.624881744384766,
  "e": 69.19534301757812,
  "f": 327000000,
  "g": 668000000,
  "h": 376000000,
  "i": 767000000,
  "j": 322000000,
  "k": 663000000,
  "l": 370000000,
  "m": 761000000,
  "n": 5440000,
  "o": 5440000,
  "p": 6010000,
  "q": 6010000,
  "r": 9950000,
  "s": 20300000,
  "t": 11700000,
  "u": 23900000
}
