{
  "b": 30.533994674682617,
  "c": 61.6793098449707,
  "d": 34.01694869995117,
  "e": 68.71330261230469,
  "f": 323000000,
  "g": 647000000,
  "h": 380000000,
  "i": 761000000,
  "j": 318000000,
  "k": 641000000,
  "l": 374000000,
  "m": 756000000,
  "n": 5180000,
  "o": 5180000,
  "p": 5560000,
  "q": 5560000,
  "r": 61200000,
  "s": 123000000,
  "t": 69700000,
  "u": 140000000
}
