{
  "b": 30.533994674682617,
  "c": 61.6793098449707,
  "d": 34.01694869995117,
  "e": 68.71330261230469,
  "f": 322729344,
  "g": 646646400,
  "h": 379744096,
  "i": 761410624,
  "j": 317553536,
  "k": 641464832,
  "l": 374186432,
  "m": 755846336,
  "n": 5175790,
  "o": 5181617,
  "p": 5557697,
  "q": 5564435,
  "r": 61167516,
  "s": 122594320,
  "t": 69655232,
  "u": 139724896
}
