{
  "b": 12.58090591430664,
  "c": 25.981151580810547,
  "d": 13.648245811462402,
  "e": 28.184913635253906,
  "f": 132979792,
  "g": 272393792,
  "h": 152498272,
  "i": 312458688,
  "j": 130841424,
  "k": 270203968,
  "l": 150130704,
  "m": 310034048,
  "n": 2138386,
  "o": 2189816,
  "p": 2367565,
  "q": 2424636,
  "r": 2232425,
  "s": 4564724,
  "t": 2756399,
  "u": 5639493
}
