{
  "b": 12.58090591430664,
  "c": 25.981151580810547,
  "d": 13.648245811462402,
  "e": 28.184913635253906,
  "f": 133000000,
  "g": 272000000,
  "h": 152000000,
  "i": 312000000,
  "j": 131000000,
  "k": 270000000,
  "l": 150000000,
  "m": 310000000,
  "n": 2160000,
  "o": 2160000,
  "p": 2400000,
  "q": 2400000,
  "r": 2230000,
  "s": 4560000,
  "t": 2760000,
  "u": 5640000
}
