{
  "b": 47.277610778808594,
  "c": 95.99345397949219,
  "d": 47.05043029785156,
  "e": 95.5315170288086,
  "f": 500000000,
  "g": 1010000000,
  "h": 527000000,
  "i": 1060000000,
  "j": 492000000,
  "k": 998000000,
  "l": 518000000,
  "m": 1050000000,
  "n": 8030000,
  "o": 8030000,
  "p": 9000000,
  "q": 9000000,
  "r": 10100000,
  "s": 20300000,
  "t": 11200000,
  "u": 22500000
}
