{
  "b": 9.473368644714355,
  "c": 19.41373634338379,
  "d": 10.257857322692871,
  "e": 21.02098846435547,
  "f": 100000000,
  "g": 204000000,
  "h": 115000000,
  "i": 233000000,
  "j": 98500000,
  "k": 202000000,
  "l": 113000000,
  "m": 231000000,
  "n": 1610000,
  "o": 1610000,
  "p": 1770000,
  "q": 1770000,
  "r": 1600000,
  "s": 3240000,
  "t": 2000000,
  "u": 4070000
}
