{
  "b": 9.473368644714355,
  "c": 19.41373634338379,
  "d": 10.257857322692871,
  "e": 21.02098846435547,
  "f": 100124712,
  "g": 203529872,
  "h": 114595736,
  "i": 233018096,
  "j": 98523032,
  "k": 201902864,
  "l": 112836432,
  "m": 231230880,
  "n": 1601683,
  "o": 1627022,
  "p": 1759291,
  "q": 1787171,
  "r": 1595856,
  "s": 3238446,
  "t": 2004415,
  "u": 4069718
}
