{
  "b": 47.277610778808594,
  "c": 95.99345397949219,
  "d": 47.05043029785156,
  "e": 95.5315170288086,
  "f": 499682688,
  "g": 1006388288,
  "h": 526519776,
  "i": 1059880192,
  "j": 491687136,
  "k": 998331904,
  "l": 517554720,
  "m": 1050846720,
  "n": 7995514,
  "o": 8056339,
  "p": 8965041,
  "q": 9033439,
  "r": 10112026,
  "s": 20331426,
  "t": 11177105,
  "u": 22465650
}
