{
  "b": 6.796113967895508,
  "c": 13.90121078491211,
  "d": 8.323176383972168,
  "e": 17.02454376220703,
  "f": 71836272,
  "g": 145745888,
  "h": 92858520,
  "i": 188592288,
  "j": 70679584,
  "k": 144572592,
  "l": 91554936,
  "m": 187269984,
  "n": 1156695,
  "o": 1173285,
  "p": 1303583,
  "q": 1322302,
  "r": 1203897,
  "s": 2438671,
  "t": 1655656,
  "u": 3358481
}
