{
  "b": 52.281002044677734,
  "c": 105.60902404785156,
  "d": 63.14366149902344,
  "e": 127.55306243896484,
  "f": 553502528,
  "g": 1108318080,
  "h": 706420288,
  "i": 1415180928,
  "j": 543722432,
  "k": 1098333824,
  "l": 694580288,
  "m": 1403083648,
  "n": 9780067,
  "o": 9984345,
  "p": 11840012,
  "q": 12097286,
  "r": 18651032,
  "s": 37289576,
  "t": 24678210,
  "u": 49382076
}
