{
  "b": 18.85072898864746,
  "c": 37.783451080322266,
  "d": 20.49174690246582,
  "e": 41.072662353515625,
  "f": 199265920,
  "g": 396153632,
  "h": 228969952,
  "i": 455346240,
  "j": 196047584,
  "k": 392947904,
  "l": 225409216,
  "m": 451799296,
  "n": 3218348,
  "o": 3205752,
  "p": 3560719,
  "q": 3546960,
  "r": 2801480,
  "s": 5563269,
  "t": 3425811,
  "u": 6806753
}
