{
  "b": 17.253782272338867,
  "c": 34.81507873535156,
  "d": 19.086721420288086,
  "e": 38.51285934448242,
  "f": 182349840,
  "g": 364989312,
  "h": 213196992,
  "i": 426886784,
  "j": 179439344,
  "k": 362076832,
  "l": 209953936,
  "m": 423641440,
  "n": 2910526,
  "o": 2912455,
  "p": 3243038,
  "q": 3245319,
  "r": 27468244,
  "s": 55019496,
  "t": 30916364,
  "u": 61953720
}
