{
  "b": 17.253782272338867,
  "c": 34.81507873535156,
  "d": 19.086721420288086,
  "e": 38.51285934448242,
  "f": 182000000,
  "g": 365000000,
  "h": 213000000,
  "i": 427000000,
  "j": 179000000,
  "k": 362000000,
  "l": 210000000,
  "m": 424000000,
  "n": 2910000,
  "o": 2910000,
  "p": 3240000,
  "q": 3240000,
  "r": 27500000,
  "s": 55000000,
  "t": 30900000,
  "u": 62000000
}
