{
  "b": 2252.144775390625,
  "c": 4095.37109375,
  "d": 2607.506103515625,
  "e": 4741.9755859375,
  "f": 24000000000,
  "g": 43100000000,
  "h": 29300000000,
  "i": 52800000000,
  "j": 23400000000,
  "k": 42600000000,
  "l": 28700000000,
  "m": 52200000000,
  "n": 530000000,
  "o": 530000000,
  "p": 603000000,
  "q": 603000000,
  "r": 10800000000,
  "s": 19400000000,
  "t": 12900000000,
  "u": 23100000000
}
