{
  "b": 2252.144775390625,
  "c": 4095.37109375,
  "d": 2607.506103515625,
  "e": 4741.9755859375,
  "f": 23958704128,
  "g": 43115003904,
  "h": 29292906496,
  "i": 52756934656,
  "j": 23422306304,
  "k": 42591858688,
  "l": 28682567680,
  "m": 52161732608,
  "n": 536396672,
  "o": 523142912,
  "p": 610338432,
  "q": 595198592,
  "r": 10793272320,
  "s": 19392825344,
  "t": 12870277120,
  "u": 23149842432
}
