{
  "b": 37.086483001708984,
  "c": 76.09842681884766,
  "d": 39.669227600097656,
  "e": 81.39730834960938,
  "f": 392000000,
  "g": 798000000,
  "h": 443000000,
  "i": 903000000,
  "j": 386000000,
  "k": 791000000,
  "l": 436000000,
  "m": 895000000,
  "n": 6300000,
  "o": 6300000,
  "p": 7080000,
  "q": 7080000,
  "r": 10600000,
  "s": 21500000,
  "t": 12300000,
  "u": 25100000
}
