{
  "b": 24.426563262939453,
  "c": 50.60727310180664,
  "d": 25.524930953979492,
  "e": 52.88255310058594,
  "f": 258000000,
  "g": 531000000,
  "h": 285000000,
  "i": 586000000,
  "j": 254000000,
  "k": 526000000,
  "l": 281000000,
  "m": 582000000,
  "n": 4190000,
  "o": 4190000,
  "p": 4500000,
  "q": 4500000,
  "r": 3550000,
  "s": 7280000,
  "t": 4240000,
  "u": 8710000
}
