{
  "b": 10.65896987915039,
  "c": 21.571550369262695,
  "d": 12.066964149475098,
  "e": 24.420799255371094,
  "f": 112687608,
  "g": 226186496,
  "h": 134792720,
  "i": 270694144,
  "j": 110853288,
  "k": 224344128,
  "l": 132736608,
  "m": 268628800,
  "n": 1834328,
  "o": 1842399,
  "p": 2056119,
  "q": 2065361,
  "r": 2693835,
  "s": 5406326,
  "t": 3387856,
  "u": 6804060
}
