{
  "b": 9.629118919372559,
  "c": 19.453405380249023,
  "d": 9.96561336517334,
  "e": 20.132768630981445,
  "f": 102000000,
  "g": 204000000,
  "h": 111000000,
  "i": 223000000,
  "j": 100000000,
  "k": 202000000,
  "l": 110000000,
  "m": 221000000,
  "n": 1600000,
  "o": 1600000,
  "p": 1700000,
  "q": 1700000,
  "r": 626000,
  "s": 1250000,
  "t": 769000,
  "u": 1540000
}
