{
  "b": 10.65896987915039,
  "c": 21.571550369262695,
  "d": 12.066964149475098,
  "e": 24.420799255371094,
  "f": 113000000,
  "g": 226000000,
  "h": 135000000,
  "i": 271000000,
  "j": 111000000,
  "k": 224000000,
  "l": 133000000,
  "m": 269000000,
  "n": 1840000,
  "o": 1840000,
  "p": 2060000,
  "q": 2060000,
  "r": 2690000,
  "s": 5410000,
  "t": 3390000,
  "u": 6800000
}
