{
  "b": 9.629118919372559,
  "c": 19.453405380249023,
  "d": 9.96561336517334,
  "e": 20.132768630981445,
  "f": 101741016,
  "g": 203912896,
  "h": 111320584,
  "i": 223158624,
  "j": 100142840,
  "k": 202315424,
  "l": 109621752,
  "m": 221460464,
  "n": 1598187,
  "o": 1597491,
  "p": 1698815,
  "q": 1698166,
  "r": 625857,
  "s": 1252155,
  "t": 769169,
  "u": 1539644
}
