{
  "b": 37.086483001708984,
  "c": 76.09842681884766,
  "d": 39.669227600097656,
  "e": 81.39730834960938,
  "f": 391943168,
  "g": 797780160,
  "h": 443380672,
  "i": 902516352,
  "j": 385699424,
  "k": 791423616,
  "l": 436361504,
  "m": 895370432,
  "n": 6243776,
  "o": 6356651,
  "p": 7019074,
  "q": 7145884,
  "r": 10570785,
  "s": 21482526,
  "t": 12342369,
  "u": 25089476
}
