{
  "b": 1019.9654541015625,
  "c": 1857.1295166015625,
  "d": 1413.432373046875,
  "e": 2573.627685546875,
  "f": 10800000000,
  "g": 19500000000,
  "h": 15800000000,
  "i": 28600000000,
  "j": 10600000000,
  "k": 19300000000,
  "l": 15500000000,
  "m": 28300000000,
  "n": 211000000,
  "o": 211000000,
  "p": 258000000,
  "q": 258000000,
  "r": 1070000000,
  "s": 1930000000,
  "t": 1570000000,
  "u": 2830000000
}
