{
  "b": 1019.9654541015625,
  "c": 1857.1295166015625,
  "d": 1413.432373046875,
  "e": 2573.627685546875,
  "f": 10822729728,
  "g": 19520178176,
  "h": 15810854912,
  "i": 28561942528,
  "j": 10607640576,
  "k": 19314147328,
  "l": 15547756544,
  "m": 28309903360,
  "n": 215088256,
  "o": 206032256,
  "p": 263098112,
  "q": 252040896,
  "r": 1072041152,
  "s": 1930424576,
  "t": 1570180480,
  "u": 2832973568
}
