{
  "b": 16.587438583374023,
  "c": 34.493988037109375,
  "d": 17.394983291625977,
  "e": 36.17340087890625,
  "f": 175000000,
  "g": 362000000,
  "h": 194000000,
  "i": 401000000,
  "j": 173000000,
  "k": 359000000,
  "l": 191000000,
  "m": 398000000,
  "n": 2910000,
  "o": 2910000,
  "p": 3180000,
  "q": 3180000,
  "r": 4080000,
  "s": 8400000,
  "t": 5670000,
  "u": 11700000
}
