{
  "b": 4.6498541831970215,
  "c": 9.62535572052002,
  "d": 4.255279064178467,
  "e": 8.808349609375,
  "f": 49140676,
  "g": 100904848,
  "h": 47622876,
  "i": 97726432,
  "j": 48358484,
  "k": 100103704,
  "l": 46808068,
  "m": 96891848,
  "n": 782193,
  "o": 801145,
  "p": 814807,
  "q": 834568,
  "r": 612480,
  "s": 1256315,
  "t": 650764,
  "u": 1334353
}
