{
  "b": 4.6498541831970215,
  "c": 9.62535572052002,
  "d": 4.255279064178467,
  "e": 8.808349609375,
  "f": 49100000,
  "g": 101000000,
  "h": 47600000,
  "i": 97700000,
  "j": 48400000,
  "k": 100000000,
  "l": 46800000,
  "m": 96900000,
  "n": 792000,
  "o": 792000,
  "p": 825000,
  "q": 825000,
  "r": 612000,
  "s": 1260000,
  "t": 651000,
  "u": 1330000
}
