{
  "b": 18.309741973876953,
  "c": 37.76423263549805,
  "d": 18.419469833374023,
  "e": 37.99025344848633,
  "f": 193507088,
  "g": 395906080,
  "h": 206058160,
  "i": 421417344,
  "j": 190421312,
  "k": 392748032,
  "l": 202614176,
  "m": 417892800,
  "n": 3085771,
  "o": 3158061,
  "p": 3443991,
  "q": 3524569,
  "r": 3558006,
  "s": 7268739,
  "t": 3989473,
  "u": 8148435
}
