{
  "b": 16.587438583374023,
  "c": 34.493988037109375,
  "d": 17.394983291625977,
  "e": 36.17340087890625,
  "f": 175372656,
  "g": 361688000,
  "h": 194472416,
  "i": 401130432,
  "j": 172509360,
  "k": 358737472,
  "l": 191344816,
  "m": 397907392,
  "n": 2863299,
  "o": 2950505,
  "p": 3127609,
  "q": 3223044,
  "r": 4083695,
  "s": 8396183,
  "t": 5673235,
  "u": 11680002
}
