{
  "b": 18.309741973876953,
  "c": 37.76423263549805,
  "d": 18.419469833374023,
  "e": 37.99025344848633,
  "f": 194000000,
  "g": 396000000,
  "h": 206000000,
  "i": 421000000,
  "j": 190000000,
  "k": 393000000,
  "l": 203000000,
  "m": 418000000,
  "n": 3120000,
  "o": 3120000,
  "p": 3480000,
  "q": 3480000,
  "r": 3560000,
  "s": 7270000,
  "t": 3990000,
  "u": 8150000
}
