{
  "b": 17.900840759277344,
  "c": 36.48255157470703,
  "d": 19.894386291503906,
  "e": 40.54556655883789,
  "f": 189000000,
  "g": 383000000,
  "h": 222000000,
  "i": 450000000,
  "j": 186000000,
  "k": 379000000,
  "l": 219000000,
  "m": 446000000,
  "n": 3160000,
  "o": 3160000,
  "p": 3470000,
  "q": 3470000,
  "r": 2920000,
  "s": 5900000,
  "t": 3660000,
  "u": 7400000
}
