{
  "b": 30.64086151123047,
  "c": 63.20762634277344,
  "d": 31.332014083862305,
  "e": 64.63196563720703,
  "f": 323879200,
  "g": 662687232,
  "h": 350451104,
  "i": 716876928,
  "j": 318664960,
  "k": 657359296,
  "l": 344652160,
  "m": 710951616,
  "n": 5214285,
  "o": 5327962,
  "p": 5798951,
  "q": 5925354,
  "r": 6110529,
  "s": 12465312,
  "t": 7106011,
  "u": 14498017
}
