{
  "b": 17.900840759277344,
  "c": 36.48255157470703,
  "d": 19.894386291503906,
  "e": 40.54556655883789,
  "f": 189298736,
  "g": 382605856,
  "h": 222279536,
  "i": 449506432,
  "j": 186168736,
  "k": 379418528,
  "l": 218838256,
  "m": 446001216,
  "n": 3130005,
  "o": 3187350,
  "p": 3441285,
  "q": 3505276,
  "r": 2923795,
  "s": 5903204,
  "t": 3661829,
  "u": 7398949
}
