{
  "b": 30.64086151123047,
  "c": 63.20762634277344,
  "d": 31.332014083862305,
  "e": 64.63196563720703,
  "f": 324000000,
  "g": 663000000,
  "h": 350000000,
  "i": 717000000,
  "j": 319000000,
  "k": 657000000,
  "l": 345000000,
  "m": 711000000,
  "n": 5270000,
  "o": 5270000,
  "p": 5860000,
  "q": 5860000,
  "r": 6110000,
  "s": 12500000,
  "t": 7110000,
  "u": 14500000
}
