{
  "b": 3.4975550174713135,
  "c": 7.314751625061035,
  "d": 3.7769978046417236,
  "e": 7.898961544036865,
  "f": 36964000,
  "g": 76683008,
  "h": 42190884,
  "i": 87554520,
  "j": 36374572,
  "k": 76073416,
  "l": 41546976,
  "m": 86888576,
  "n": 589428,
  "o": 609599,
  "p": 643905,
  "q": 665942,
  "r": 434773,
  "s": 900049,
  "t": 538778,
  "u": 1115928
}
