{
  "b": 35.223045349121094,
  "c": 70.97087097167969,
  "d": 45.400657653808594,
  "e": 91.47856903076172,
  "f": 372672096,
  "g": 744533184,
  "h": 507434272,
  "i": 1014399616,
  "j": 366319680,
  "k": 738097024,
  "l": 499407232,
  "m": 1006264256,
  "n": 6352400,
  "o": 6436142,
  "p": 8027031,
  "q": 8135310,
  "r": 13026537,
  "s": 25992872,
  "t": 18087544,
  "u": 36122140
}
