{
  "b": 6.883346080780029,
  "c": 14.241090774536133,
  "d": 7.193996429443359,
  "e": 14.883506774902344,
  "f": 72800000,
  "g": 149000000,
  "h": 80400000,
  "i": 165000000,
  "j": 71600000,
  "k": 148000000,
  "l": 79100000,
  "m": 164000000,
  "n": 1200000,
  "o": 1200000,
  "p": 1290000,
  "q": 1290000,
  "r": 2390000,
  "s": 4910000,
  "t": 2840000,
  "u": 5840000
}
