{
  "b": 6.883346080780029,
  "c": 14.241090774536133,
  "d": 7.193996429443359,
  "e": 14.883506774902344,
  "f": 72774928,
  "g": 149324320,
  "h": 80410504,
  "i": 165026208,
  "j": 71586800,
  "k": 148107344,
  "l": 79133960,
  "m": 163718576,
  "n": 1188123,
  "o": 1216989,
  "p": 1276545,
  "q": 1307646,
  "r": 2392405,
  "s": 4906299,
  "t": 2844017,
  "u": 5835149
}
