{
  "b": 5.3639631271362305,
  "c": 11.013984680175781,
  "d": 5.738419055938721,
  "e": 11.782694816589355,
  "f": 56710276,
  "g": 115487360,
  "h": 64102100,
  "i": 130607064,
  "j": 55785216,
  "k": 114545440,
  "l": 63122608,
  "m": 129609640,
  "n": 925066,
  "o": 941923,
  "p": 979486,
  "q": 997416,
  "r": 1227767,
  "s": 2498659,
  "t": 1507155,
  "u": 3069642
}
