{
  "b": 35.223045349121094,
  "c": 70.97087097167969,
  "d": 45.400657653808594,
  "e": 91.47856903076172,
  "f": 373000000,
  "g": 745000000,
  "h": 507000000,
  "i": 1010000000,
  "j": 366000000,
  "k": 738000000,
  "l": 499000000,
  "m": 1010000000,
  "n": 6390000,
  "o": 6390000,
  "p": 8080000,
  "q": 8080000,
  "r": 13000000,
  "s": 26000000,
  "t": 18100000,
  "u": 36100000
}
