{
  "b": 3.4975550174713135,
  "c": 7.314751625061035,
  "d": 3.7769978046417236,
  "e": 7.898961544036865,
  "f": 37000000,
  "g": 76700000,
  "h": 42200000,
  "i": 87600000,
  "j": 36400000,
  "k": 76100000,
  "l": 41500000,
  "m": 86900000,
  "n": 600000,
  "o": 600000,
  "p": 655000,
  "q": 655000,
  "r": 435000,
  "s": 900000,
  "t": 539000,
  "u": 1120000
}
