{
  "b": 5.3639631271362305,
  "c": 11.013984680175781,
  "d": 5.738419055938721,
  "e": 11.782694816589355,
  "f": 56700000,
  "g": 115000000,
  "h": 64100000,
  "i": 131000000,
  "j": 55800000,
  "k": 115000000,
  "l": 63100000,
  "m": 130000000,
  "n": 933000,
  "o": 933000,
  "p": 988000,
  "q": 988000,
  "r": 1230000,
  "s": 2500000,
  "t": 1510000,
  "u": 3070000
}
