{
  "b": 10.304913520812988,
  "c": 21.235088348388672,
  "d": 10.600516319274902,
  "e": 21.843994140625,
  "f": 109000000,
  "g": 223000000,
  "h": 119000000,
  "i": 242000000,
  "j": 107000000,
  "k": 221000000,
  "l": 117000000,
  "m": 240000000,
  "n": 1740000,
  "o": 1740000,
  "p": 1920000,
  "q": 1920000,
  "r": 965000,
  "s": 1970000,
  "t": 1150000,
  "u": 2360000
}
