{
  "b": 34.269527435302734,
  "c": 70.25968170166016,
  "d": 36.71419906616211,
  "e": 75.27184295654297,
  "f": 362000000,
  "g": 737000000,
  "h": 410000000,
  "i": 835000000,
  "j": 356000000,
  "k": 731000000,
  "l": 404000000,
  "m": 828000000,
  "n": 6030000,
  "o": 6030000,
  "p": 6580000,
  "q": 6580000,
  "r": 8070000,
  "s": 16400000,
  "t": 9560000,
  "u": 19400000
}
