{
  "b": 30.524578094482422,
  "c": 63.67031478881836,
  "d": 31.739900588989258,
  "e": 66.20443725585938,
  "f": 323000000,
  "g": 667000000,
  "h": 355000000,
  "i": 734000000,
  "j": 317000000,
  "k": 662000000,
  "l": 349000000,
  "m": 728000000,
  "n": 5220000,
  "o": 5220000,
  "p": 5850000,
  "q": 5850000,
  "r": 9800000,
  "s": 20200000,
  "t": 11400000,
  "u": 23700000
}
