{
  "b": 9.811153411865234,
  "c": 20.370201110839844,
  "d": 10.964781761169434,
  "e": 22.76519203186035,
  "f": 103688728,
  "g": 213551888,
  "h": 122427136,
  "i": 252285520,
  "j": 102035992,
  "k": 211850096,
  "l": 120612600,
  "m": 250417104,
  "n": 1652731,
  "o": 1701807,
  "p": 1814549,
  "q": 1868417,
  "r": -373457,
  "s": -774566,
  "t": 461878,
  "u": 945612
}
