{
  "b": 2.9578888416290283,
  "c": 6.067866802215576,
  "d": 3.2509775161743164,
  "e": 6.669003009796143,
  "f": 31300000,
  "g": 63600000,
  "h": 36300000,
  "i": 73900000,
  "j": 30800000,
  "k": 63100000,
  "l": 35800000,
  "m": 73400000,
  "n": 514000,
  "o": 514000,
  "p": 556000,
  "q": 556000,
  "r": 868000,
  "s": 1760000,
  "t": 1080000,
  "u": 2200000
}
