{
  "b": 2.9578888416290283,
  "c": 6.067866802215576,
  "d": 3.2509775161743164,
  "e": 6.669003009796143,
  "f": 31272048,
  "g": 63624280,
  "h": 36311672,
  "i": 73919120,
  "j": 30762044,
  "k": 63105816,
  "l": 35760752,
  "m": 73359032,
  "n": 510005,
  "o": 518459,
  "p": 550920,
  "q": 560092,
  "r": 867912,
  "s": 1764876,
  "t": 1081938,
  "u": 2201806
}
