{
  "b": 34.269527435302734,
  "c": 70.25968170166016,
  "d": 36.71419906616211,
  "e": 75.27184295654297,
  "f": 362358944,
  "g": 736806528,
  "h": 410350912,
  "i": 834650560,
  "j": 356403104,
  "k": 730700672,
  "l": 403856192,
  "m": 827990272,
  "n": 5955853,
  "o": 6105864,
  "p": 6494749,
  "q": 6660321,
  "r": 8069506,
  "s": 16388246,
  "t": 9555831,
  "u": 19417306
}
