{
  "b": 30.524578094482422,
  "c": 63.67031478881836,
  "d": 31.739900588989258,
  "e": 66.20443725585938,
  "f": 322592352,
  "g": 667482240,
  "h": 354889600,
  "i": 734194176,
  "j": 317455616,
  "k": 662171264,
  "l": 349138912,
  "m": 728248768,
  "n": 5136769,
  "o": 5310895,
  "p": 5750689,
  "q": 5945340,
  "r": 9800762,
  "s": 20247126,
  "t": 11448868,
  "u": 23653402
}
