{
  "b": 19.734643936157227,
  "c": 40.61839294433594,
  "d": 21.794679641723633,
  "e": 44.85847091674805,
  "f": 209000000,
  "g": 426000000,
  "h": 244000000,
  "i": 497000000,
  "j": 205000000,
  "k": 422000000,
  "l": 240000000,
  "m": 493000000,
  "n": 3470000,
  "o": 3470000,
  "p": 3930000,
  "q": 3930000,
  "r": 7580000,
  "s": 15500000,
  "t": 9290000,
  "u": 19000000
}
