{
  "b": 9.680706024169922,
  "c": 20.126140594482422,
  "d": 11.06114673614502,
  "e": 22.99579429626465,
  "f": 102298488,
  "g": 210977120,
  "h": 123503728,
  "i": 254836960,
  "j": 100679344,
  "k": 209311872,
  "l": 121672616,
  "m": 252953728,
  "n": 1619141,
  "o": 1665262,
  "p": 1831114,
  "q": 1883248,
  "r": 1410000,
  "s": 2901314,
  "t": 1727523,
  "u": 3557532
}
