{
  "b": 513.2154541015625,
  "c": 922.9866333007812,
  "d": 686.404541015625,
  "e": 1234.4874267578125,
  "f": 5450000000,
  "g": 9700000000,
  "h": 7690000000,
  "i": 13700000000,
  "j": 5340000000,
  "k": 9600000000,
  "l": 7550000000,
  "m": 13600000000,
  "n": 108000000,
  "o": 108000000,
  "p": 136000000,
  "q": 136000000,
  "r": 218000000,
  "s": 388000000,
  "t": 342000000,
  "u": 610000000
}
