{
  "b": 22.747892379760742,
  "c": 46.55224609375,
  "d": 26.070499420166016,
  "e": 53.35152816772461,
  "f": 240462000,
  "g": 488096192,
  "h": 291275712,
  "i": 591446592,
  "j": 236578080,
  "k": 484143360,
  "l": 286775488,
  "m": 586866816,
  "n": 3883949,
  "o": 3952826,
  "p": 4500205,
  "q": 4579781,
  "r": 5637149,
  "s": 11432262,
  "t": 7177282,
  "u": 14563429
}
