{
  "b": 38.45972442626953,
  "c": 80.14672088623047,
  "d": 39.62993621826172,
  "e": 82.58464813232422,
  "f": 406000000,
  "g": 840000000,
  "h": 443000000,
  "i": 916000000,
  "j": 400000000,
  "k": 834000000,
  "l": 436000000,
  "m": 908000000,
  "n": 6560000,
  "o": 6560000,
  "p": 7280000,
  "q": 7280000,
  "r": 11200000,
  "s": 23200000,
  "t": 12400000,
  "u": 25600000
}
