{
  "b": 9.680706024169922,
  "c": 20.126140594482422,
  "d": 11.06114673614502,
  "e": 22.99579429626465,
  "f": 102000000,
  "g": 211000000,
  "h": 124000000,
  "i": 255000000,
  "j": 101000000,
  "k": 209000000,
  "l": 122000000,
  "m": 253000000,
  "n": 1640000,
  "o": 1640000,
  "p": 1860000,
  "q": 1860000,
  "r": 1410000,
  "s": 2900000,
  "t": 1730000,
  "u": 3560000
}
