{
  "b": 9.24405574798584,
  "c": 18.927013397216797,
  "d": 11.262532234191895,
  "e": 23.059560775756836,
  "f": 97739744,
  "g": 198468320,
  "h": 125713856,
  "i": 255510848,
  "j": 96138176,
  "k": 196840944,
  "l": 123887856,
  "m": 253655168,
  "n": 1601562,
  "o": 1627397,
  "p": 1825999,
  "q": 1855687,
  "r": 3479398,
  "s": 7053704,
  "t": 4645393,
  "u": 9428876
}
