{
  "b": 38.45972442626953,
  "c": 80.14672088623047,
  "d": 39.62993621826172,
  "e": 82.58464813232422,
  "f": 406431520,
  "g": 840192128,
  "h": 443087776,
  "i": 915828992,
  "j": 399981152,
  "k": 833525888,
  "l": 435929280,
  "m": 908431168,
  "n": 6450395,
  "o": 6666280,
  "p": 7158474,
  "q": 7397757,
  "r": 11248780,
  "s": 23211520,
  "t": 12416142,
  "u": 25621152
}
