{
  "b": 513.2154541015625,
  "c": 922.9866333007812,
  "d": 686.404541015625,
  "e": 1234.4874267578125,
  "f": 5448034304,
  "g": 9703896064,
  "h": 7689665536,
  "i": 13711319040,
  "j": 5337440768,
  "k": 9599060992,
  "l": 7550449664,
  "m": 13579362304,
  "n": 110593456,
  "o": 104834512,
  "p": 139215104,
  "q": 131955848,
  "r": 218183424,
  "s": 388382080,
  "t": 342189312,
  "u": 609947456
}
