{
  "b": 58.5445556640625,
  "c": 117.87699890136719,
  "d": 85.61013793945312,
  "e": 172.374267578125,
  "f": 620000000,
  "g": 1240000000,
  "h": 957000000,
  "i": 1910000000,
  "j": 609000000,
  "k": 1230000000,
  "l": 942000000,
  "m": 1900000000,
  "n": 10900000,
  "o": 10900000,
  "p": 15800000,
  "q": 15800000,
  "r": 19100000,
  "s": 38000000,
  "t": 33500000,
  "u": 66700000
}
