{
  "b": 468.0148620605469,
  "c": 927.9542846679688,
  "d": 654.8768310546875,
  "e": 1298.4852294921875,
  "f": 4960000000,
  "g": 9740000000,
  "h": 7320000000,
  "i": 14400000000,
  "j": 4870000000,
  "k": 9650000000,
  "l": 7200000000,
  "m": 14300000000,
  "n": 93700000,
  "o": 93700000,
  "p": 116000000,
  "q": 116000000,
  "r": 781000000,
  "s": 1530000000,
  "t": 1210000000,
  "u": 2370000000
}
