{
  "b": 23.083616256713867,
  "c": 47.951358795166016,
  "d": 23.756698608398438,
  "e": 49.34911346435547,
  "f": 244000000,
  "g": 503000000,
  "h": 266000000,
  "i": 547000000,
  "j": 240000000,
  "k": 499000000,
  "l": 261000000,
  "m": 543000000,
  "n": 4050000,
  "o": 4050000,
  "p": 4370000,
  "q": 4370000,
  "r": 8890000,
  "s": 18300000,
  "t": 10100000,
  "u": 20800000
}
