{
  "b": 96.04548645019531,
  "c": 196.5923309326172,
  "d": 110.38292694091797,
  "e": 225.94125366210938,
  "f": 1020000000,
  "g": 2060000000,
  "h": 1230000000,
  "i": 2500000000,
  "j": 999000000,
  "k": 2040000000,
  "l": 1210000000,
  "m": 2490000000,
  "n": 17100000,
  "o": 17100000,
  "p": 19300000,
  "q": 19300000,
  "r": 71400000,
  "s": 145000000,
  "t": 89700000,
  "u": 182000000
}
