{
  "b": 122.21954345703125,
  "c": 242.91506958007812,
  "d": 148.91659545898438,
  "e": 295.9798278808594,
  "f": 1290000000,
  "g": 2550000000,
  "h": 1670000000,
  "i": 3280000000,
  "j": 1270000000,
  "k": 2530000000,
  "l": 1640000000,
  "m": 3260000000,
  "n": 22900000,
  "o": 22900000,
  "p": 27200000,
  "q": 27200000,
  "r": 30800000,
  "s": 60600000,
  "t": 39500000,
  "u": 77800000
}
