{
  "b": 468.0148620605469,
  "c": 927.9542846679688,
  "d": 654.8768310546875,
  "e": 1298.4852294921875,
  "f": 4960857600,
  "g": 9744719872,
  "h": 7318900736,
  "i": 14399206400,
  "j": 4867354624,
  "k": 9650724864,
  "l": 7203645440,
  "m": 14283337728,
  "n": 93503128,
  "o": 93994488,
  "p": 115254728,
  "q": 115868392,
  "r": 780927680,
  "s": 1530375936,
  "t": 1207504512,
  "u": 2371426304
}
