{
  "b": 58.5445556640625,
  "c": 117.87699890136719,
  "d": 85.61013793945312,
  "e": 172.374267578125,
  "f": 619719168,
  "g": 1236948608,
  "h": 957341312,
  "i": 1912002304,
  "j": 608863360,
  "k": 1225920768,
  "l": 941711488,
  "m": 1896116864,
  "n": 10855834,
  "o": 11027898,
  "p": 15629821,
  "q": 15885204,
  "r": 19055516,
  "s": 37957084,
  "t": 33457482,
  "u": 66700584
}
