{
  "b": 12.70056438446045,
  "c": 25.63605308532715,
  "d": 13.570112228393555,
  "e": 27.39045524597168,
  "f": 134000000,
  "g": 269000000,
  "h": 152000000,
  "i": 304000000,
  "j": 132000000,
  "k": 267000000,
  "l": 149000000,
  "m": 301000000,
  "n": 2140000,
  "o": 2140000,
  "p": 2370000,
  "q": 2370000,
  "r": 1630000,
  "s": 3260000,
  "t": 2080000,
  "u": 4150000
}
