{
  "b": 16.44481086730957,
  "c": 33.531211853027344,
  "d": 18.4177303314209,
  "e": 37.55459213256836,
  "f": 173954912,
  "g": 351705024,
  "h": 205890016,
  "i": 416454400,
  "j": 171026032,
  "k": 348724608,
  "l": 202595040,
  "m": 413100512,
  "n": 2928909,
  "o": 2980448,
  "p": 3294969,
  "q": 3353865,
  "r": 7086037,
  "s": 14311826,
  "t": 8723320,
  "u": 17632606
}
