{
  "b": 36.61069107055664,
  "c": 74.24295806884766,
  "d": 37.443931579589844,
  "e": 75.93330383300781,
  "f": 387154240,
  "g": 778610944,
  "h": 418973760,
  "i": 842448384,
  "j": 380751200,
  "k": 772126784,
  "l": 411883264,
  "m": 835266304,
  "n": 6403032,
  "o": 6484066,
  "p": 7090507,
  "q": 7182106,
  "r": 8748992,
  "s": 17577658,
  "t": 9893603,
  "u": 19877960
}
