{
  "b": 12.70056438446045,
  "c": 25.63605308532715,
  "d": 13.570112228393555,
  "e": 27.39045524597168,
  "f": 134220768,
  "g": 268750208,
  "h": 151635984,
  "i": 303660288,
  "j": 132085872,
  "k": 266614944,
  "l": 149271232,
  "m": 301295008,
  "n": 2134898,
  "o": 2135222,
  "p": 2364763,
  "q": 2365301,
  "r": 1630608,
  "s": 3259552,
  "t": 2075784,
  "u": 4150578
}
