{
  "b": 36.61069107055664,
  "c": 74.24295806884766,
  "d": 37.443931579589844,
  "e": 75.93330383300781,
  "f": 387000000,
  "g": 779000000,
  "h": 419000000,
  "i": 842000000,
  "j": 381000000,
  "k": 772000000,
  "l": 412000000,
  "m": 835000000,
  "n": 6440000,
  "o": 6440000,
  "p": 7140000,
  "q": 7140000,
  "r": 8750000,
  "s": 17600000,
  "t": 9890000,
  "u": 19900000
}
