{
  "b": 38.266357421875,
  "c": 79.37244415283203,
  "d": 41.820735931396484,
  "e": 86.74463653564453,
  "f": 404000000,
  "g": 832000000,
  "h": 467000000,
  "i": 962000000,
  "j": 398000000,
  "k": 825000000,
  "l": 460000000,
  "m": 954000000,
  "n": 6590000,
  "o": 6590000,
  "p": 7270000,
  "q": 7270000,
  "r": 8320000,
  "s": 17100000,
  "t": 9960000,
  "u": 20500000
}
