{
  "b": 87.75811767578125,
  "c": 179.34095764160156,
  "d": 110.52256774902344,
  "e": 225.86163330078125,
  "f": 927837248,
  "g": 1880530176,
  "h": 1233902336,
  "i": 2502911232,
  "j": 912684416,
  "k": 1865145984,
  "l": 1215748224,
  "m": 2484477952,
  "n": 15152863,
  "o": 15384232,
  "p": 18154132,
  "q": 18433152,
  "r": 42045164,
  "s": 85033256,
  "t": 57982636,
  "u": 117398736
}
