{
  "b": 38.266357421875,
  "c": 79.37244415283203,
  "d": 41.820735931396484,
  "e": 86.74463653564453,
  "f": 404459168,
  "g": 832157248,
  "h": 467190816,
  "i": 961568576,
  "j": 397970112,
  "k": 825473408,
  "l": 460028096,
  "m": 954191040,
  "n": 6489036,
  "o": 6683834,
  "p": 7162730,
  "q": 7377565,
  "r": 8320616,
  "s": 17094074,
  "t": 9961929,
  "u": 20478154
}
