{
  "b": 87.75811767578125,
  "c": 179.34095764160156,
  "d": 110.52256774902344,
  "e": 225.86163330078125,
  "f": 928000000,
  "g": 1880000000,
  "h": 1230000000,
  "i": 2500000000,
  "j": 913000000,
  "k": 1870000000,
  "l": 1220000000,
  "m": 2480000000,
  "n": 15300000,
  "o": 15300000,
  "p": 18300000,
  "q": 18300000,
  "r": 42000000,
  "s": 85000000,
  "t": 58000000,
  "u": 117000000
}
