{
  "b": 175.91481018066406,
  "c": 359.9791564941406,
  "d": 263.9263610839844,
  "e": 540.0843505859375,
  "f": 1860000000,
  "g": 3780000000,
  "h": 2950000000,
  "i": 5980000000,
  "j": 1830000000,
  "k": 3740000000,
  "l": 2900000000,
  "m": 5940000000,
  "n": 32900000,
  "o": 32900000,
  "p": 42700000,
  "q": 42700000,
  "r": 115000000,
  "s": 232000000,
  "t": 199000000,
  "u": 403000000
}
