{
  "b": 253.92123413085938,
  "c": 515.6519165039062,
  "d": 291.24591064453125,
  "e": 591.4515380859375,
  "f": 2684001280,
  "g": 5406562304,
  "h": 3252630784,
  "i": 6555526144,
  "j": 2640780800,
  "k": 5362780160,
  "l": 3203705088,
  "m": 6505967104,
  "n": 43220368,
  "o": 43782040,
  "p": 48925696,
  "q": 49559404,
  "r": 681801728,
  "s": 1373650944,
  "t": 838035968,
  "u": 1689609216
}
