{
  "b": 175.91481018066406,
  "c": 359.9791564941406,
  "d": 263.9263610839844,
  "e": 540.0843505859375,
  "f": 1861953280,
  "g": 3777123584,
  "h": 2945283584,
  "i": 5984204800,
  "j": 1829513984,
  "k": 3743783168,
  "l": 2903190016,
  "m": 5940928000,
  "n": 32439334,
  "o": 33340532,
  "p": 42093896,
  "q": 43276432,
  "r": 114843840,
  "s": 232473616,
  "t": 198502112,
  "u": 402697504
}
