{
  "b": 7.298281669616699,
  "c": 14.541080474853516,
  "d": 8.265487670898438,
  "e": 16.468517303466797,
  "f": 77200000,
  "g": 152000000,
  "h": 92300000,
  "i": 183000000,
  "j": 75900000,
  "k": 151000000,
  "l": 90900000,
  "m": 181000000,
  "n": 1280000,
  "o": 1280000,
  "p": 1410000,
  "q": 1410000,
  "r": 5600000,
  "s": 11100000,
  "t": 6990000,
  "u": 13800000
}
