{
  "b": 16.95599365234375,
  "c": 35.16691207885742,
  "d": 18.071008682250977,
  "e": 37.478694915771484,
  "f": 179188896,
  "g": 368651904,
  "h": 201986416,
  "i": 415549152,
  "j": 176342336,
  "k": 365735904,
  "l": 198781104,
  "m": 412265664,
  "n": 2846552,
  "o": 2916046,
  "p": 3205336,
  "q": 3283436,
  "r": 48395320,
  "s": 99689688,
  "t": 52989220,
  "u": 109164952
}
