{
  "b": 7.78426456451416,
  "c": 15.788454055786133,
  "d": 9.551004409790039,
  "e": 19.371685028076172,
  "f": 82296328,
  "g": 165548192,
  "h": 106586784,
  "i": 214623840,
  "j": 80956352,
  "k": 164199920,
  "l": 105061048,
  "m": 213088544,
  "n": 1339975,
  "o": 1348261,
  "p": 1525745,
  "q": 1535293,
  "r": 1201184,
  "s": 2414792,
  "t": 1701724,
  "u": 3425434
}
