{
  "b": 7.78426456451416,
  "c": 15.788454055786133,
  "d": 9.551004409790039,
  "e": 19.371685028076172,
  "f": 82300000,
  "g": 166000000,
  "h": 107000000,
  "i": 215000000,
  "j": 81000000,
  "k": 164000000,
  "l": 105000000,
  "m": 213000000,
  "n": 1340000,
  "o": 1340000,
  "p": 1530000,
  "q": 1530000,
  "r": 1200000,
  "s": 2410000,
  "t": 1700000,
  "u": 3430000
}
