{
  "b": 11.514570236206055,
  "c": 23.89028549194336,
  "d": 13.606267929077148,
  "e": 28.230117797851562,
  "f": 121713480,
  "g": 250478144,
  "h": 151808576,
  "i": 312733312,
  "j": 119751528,
  "k": 248458976,
  "l": 149668944,
  "m": 310531296,
  "n": 1961960,
  "o": 2019172,
  "p": 2139662,
  "q": 2202024,
  "r": 5923034,
  "s": 12188050,
  "t": 7603440,
  "u": 15664460
}
