{
  "b": 11.514570236206055,
  "c": 23.89028549194336,
  "d": 13.606267929077148,
  "e": 28.230117797851562,
  "f": 122000000,
  "g": 250000000,
  "h": 152000000,
  "i": 313000000,
  "j": 120000000,
  "k": 248000000,
  "l": 150000000,
  "m": 311000000,
  "n": 1990000,
  "o": 1990000,
  "p": 2170000,
  "q": 2170000,
  "r": 5920000,
  "s": 12200000,
  "t": 7600000,
  "u": 15700000
}
