{
  "b": 6.433907985687256,
  "c": 13.44876766204834,
  "d": 7.394664764404297,
  "e": 15.456754684448242,
  "f": 68025208,
  "g": 141018976,
  "h": 82587424,
  "i": 171314512,
  "j": 66912644,
  "k": 139867184,
  "l": 81341312,
  "m": 170024304,
  "n": 1112568,
  "o": 1151793,
  "p": 1246117,
  "q": 1290192,
  "r": 2238673,
  "s": 4638483,
  "t": 2920272,
  "u": 6056127
}
