{
  "b": 44.70864486694336,
  "c": 87.56697082519531,
  "d": 61.99897766113281,
  "e": 121.43194580078125,
  "f": 472455968,
  "g": 918048448,
  "h": 691099200,
  "i": 1344696192,
  "j": 464969888,
  "k": 910696512,
  "l": 681988736,
  "m": 1335751424,
  "n": 7486102,
  "o": 7351827,
  "p": 9110508,
  "q": 8944853,
  "r": 7185656,
  "s": 13944634,
  "t": 11328441,
  "u": 22018804
}
