{
  "b": 42.487308502197266,
  "c": 86.97724914550781,
  "d": 44.38602066040039,
  "e": 90.86299133300781,
  "f": 449007840,
  "g": 911810752,
  "h": 495974688,
  "i": 1007338240,
  "j": 441868000,
  "k": 904563392,
  "l": 488246208,
  "m": 999492928,
  "n": 7139805,
  "o": 7247520,
  "p": 7728476,
  "q": 7845404,
  "r": 82218112,
  "s": 167020000,
  "t": 86886576,
  "u": 176556016
}
