{
  "b": 16.038394927978516,
  "c": 32.529998779296875,
  "d": 17.5629940032959,
  "e": 35.62213897705078,
  "f": 170000000,
  "g": 341000000,
  "h": 196000000,
  "i": 395000000,
  "j": 167000000,
  "k": 338000000,
  "l": 193000000,
  "m": 392000000,
  "n": 2720000,
  "o": 2720000,
  "p": 3040000,
  "q": 3040000,
  "r": 1940000,
  "s": 3890000,
  "t": 2420000,
  "u": 4860000
}
