{
  "b": 6.433907985687256,
  "c": 13.44876766204834,
  "d": 7.394664764404297,
  "e": 15.456754684448242,
  "f": 68000000,
  "g": 141000000,
  "h": 82600000,
  "i": 171000000,
  "j": 66900000,
  "k": 140000000,
  "l": 81300000,
  "m": 170000000,
  "n": 1130000,
  "o": 1130000,
  "p": 1270000,
  "q": 1270000,
  "r": 2240000,
  "s": 4640000,
  "t": 2920000,
  "u": 6060000
}
