{
  "b": 16.038394927978516,
  "c": 32.529998779296875,
  "d": 17.5629940032959,
  "e": 35.62213897705078,
  "f": 169508512,
  "g": 341038816,
  "h": 196219424,
  "i": 394889664,
  "j": 166799312,
  "k": 338312000,
  "l": 193192944,
  "m": 391843520,
  "n": 2709195,
  "o": 2726817,
  "p": 3026471,
  "q": 3046174,
  "r": 1937995,
  "s": 3894429,
  "t": 2416420,
  "u": 4858275
}
