{
  "b": 44.70864486694336,
  "c": 87.56697082519531,
  "d": 61.99897766113281,
  "e": 121.43194580078125,
  "f": 472000000,
  "g": 918000000,
  "h": 691000000,
  "i": 1340000000,
  "j": 465000000,
  "k": 911000000,
  "l": 682000000,
  "m": 1340000000,
  "n": 7420000,
  "o": 7420000,
  "p": 9030000,
  "q": 9030000,
  "r": 7190000,
  "s": 13900000,
  "t": 11300000,
  "u": 22000000
}
