{
  "b": 29.23531150817871,
  "c": 60.66087341308594,
  "d": 30.194812774658203,
  "e": 62.65143966674805,
  "f": 309000000,
  "g": 636000000,
  "h": 338000000,
  "i": 695000000,
  "j": 304000000,
  "k": 631000000,
  "l": 332000000,
  "m": 689000000,
  "n": 5030000,
  "o": 5030000,
  "p": 5550000,
  "q": 5550000,
  "r": 36800000,
  "s": 75700000,
  "t": 37800000,
  "u": 77900000
}
