{
  "b": 29.23531150817871,
  "c": 60.66087341308594,
  "d": 30.194812774658203,
  "e": 62.65143966674805,
  "f": 309007712,
  "g": 635977152,
  "h": 337612544,
  "i": 694793792,
  "j": 304047232,
  "k": 630873088,
  "l": 332142944,
  "m": 689165824,
  "n": 4960469,
  "o": 5104158,
  "p": 5469586,
  "q": 5627979,
  "r": 36760836,
  "s": 75676720,
  "t": 37834552,
  "u": 77896096
}
