{
  "b": 42.487308502197266,
  "c": 86.97724914550781,
  "d": 44.38602066040039,
  "e": 90.86299133300781,
  "f": 449000000,
  "g": 912000000,
  "h": 496000000,
  "i": 1010000000,
  "j": 442000000,
  "k": 905000000,
  "l": 488000000,
  "m": 999000000,
  "n": 7190000,
  "o": 7190000,
  "p": 7790000,
  "q": 7790000,
  "r": 82200000,
  "s": 167000000,
  "t": 86900000,
  "u": 177000000
}
