{
  "b": 21.18764305114746,
  "c": 43.50597381591797,
  "d": 22.069406509399414,
  "e": 45.31616973876953,
  "f": 224000000,
  "g": 456000000,
  "h": 247000000,
  "i": 502000000,
  "j": 220000000,
  "k": 452000000,
  "l": 243000000,
  "m": 498000000,
  "n": 3590000,
  "o": 3590000,
  "p": 3930000,
  "q": 3930000,
  "r": 3250000,
  "s": 6600000,
  "t": 3800000,
  "u": 7740000
}
