{
  "b": 21.18764305114746,
  "c": 43.50597381591797,
  "d": 22.069406509399414,
  "e": 45.31616973876953,
  "f": 223901280,
  "g": 456085312,
  "h": 246655056,
  "i": 502449664,
  "j": 220351488,
  "k": 452462144,
  "l": 242763472,
  "m": 498477856,
  "n": 3549790,
  "o": 3623202,
  "p": 3891575,
  "q": 3971786,
  "r": 3245674,
  "s": 6603759,
  "t": 3801307,
  "u": 7736228
}
