{
  "b": 20.236438751220703,
  "c": 40.99974060058594,
  "d": 23.604162216186523,
  "e": 47.82353973388672,
  "f": 214128400,
  "g": 430105408,
  "h": 263849088,
  "i": 530307456,
  "j": 210458960,
  "k": 426397312,
  "l": 259645792,
  "m": 526058944,
  "n": 3669436,
  "o": 3708099,
  "p": 4203313,
  "q": 4248542,
  "r": 7854976,
  "s": 15752934,
  "t": 10026862,
  "u": 20128322
}
