{
  "b": 8.544757843017578,
  "c": 17.629131317138672,
  "d": 8.434136390686035,
  "e": 17.400672912597656,
  "f": 90300000,
  "g": 185000000,
  "h": 94400000,
  "i": 193000000,
  "j": 88900000,
  "k": 183000000,
  "l": 92800000,
  "m": 191000000,
  "n": 1490000,
  "o": 1490000,
  "p": 1610000,
  "q": 1610000,
  "r": 2860000,
  "s": 5840000,
  "t": 3340000,
  "u": 6840000
}
