{
  "b": 8.544757843017578,
  "c": 17.629131317138672,
  "d": 8.434136390686035,
  "e": 17.400672912597656,
  "f": 90339896,
  "g": 184850480,
  "h": 94369448,
  "i": 193037184,
  "j": 88865480,
  "k": 183342960,
  "l": 92775504,
  "m": 191407392,
  "n": 1474417,
  "o": 1507529,
  "p": 1593940,
  "q": 1629791,
  "r": 2857609,
  "s": 5841526,
  "t": 3343423,
  "u": 6835615
}
