{
  "b": 16.79790687561035,
  "c": 33.47568130493164,
  "d": 20.45416831970215,
  "e": 40.76210021972656,
  "f": 178000000,
  "g": 351000000,
  "h": 228000000,
  "i": 452000000,
  "j": 175000000,
  "k": 348000000,
  "l": 225000000,
  "m": 448000000,
  "n": 2860000,
  "o": 2860000,
  "p": 3230000,
  "q": 3230000,
  "r": 2440000,
  "s": 4820000,
  "t": 3310000,
  "u": 6550000
}
