{
  "b": 127.61992645263672,
  "c": 259.663330078125,
  "d": 140.158447265625,
  "e": 285.1815490722656,
  "f": 1349264768,
  "g": 2722730240,
  "h": 1566316544,
  "i": 3161809408,
  "j": 1327247232,
  "k": 2700498688,
  "l": 1541742976,
  "m": 3136997120,
  "n": 22017522,
  "o": 22231498,
  "p": 24573434,
  "q": 24812290,
  "r": 120670848,
  "s": 243359936,
  "t": 148927712,
  "u": 300517120
}
