{
  "b": 4.062625885009766,
  "c": 8.364529609680176,
  "d": 4.139575481414795,
  "e": 8.522714614868164,
  "f": 42944112,
  "g": 87697248,
  "h": 46270700,
  "i": 94499376,
  "j": 42251308,
  "k": 86991104,
  "l": 45535332,
  "m": 93749864,
  "n": 692810,
  "o": 706135,
  "p": 735369,
  "q": 749511,
  "r": 1033258,
  "s": 2107080,
  "t": 1179281,
  "u": 2405846
}
