{
  "b": 4.062625885009766,
  "c": 8.364529609680176,
  "d": 4.139575481414795,
  "e": 8.522714614868164,
  "f": 42900000,
  "g": 87700000,
  "h": 46300000,
  "i": 94500000,
  "j": 42300000,
  "k": 87000000,
  "l": 45500000,
  "m": 93700000,
  "n": 699000,
  "o": 699000,
  "p": 742000,
  "q": 742000,
  "r": 1030000,
  "s": 2110000,
  "t": 1180000,
  "u": 2410000
}
