{
  "b": 3.4179766178131104,
  "c": 7.097299098968506,
  "d": 4.049914360046387,
  "e": 8.409209251403809,
  "f": 36100000,
  "g": 74400000,
  "h": 45200000,
  "i": 93200000,
  "j": 35500000,
  "k": 73800000,
  "l": 44500000,
  "m": 92500000,
  "n": 576000,
  "o": 576000,
  "p": 645000,
  "q": 645000,
  "r": 219000,
  "s": 450000,
  "t": 300000,
  "u": 616000
}
