{
  "b": 5.086635589599609,
  "c": 10.264135360717773,
  "d": 6.23740816116333,
  "e": 12.586342811584473,
  "f": 53788852,
  "g": 107639656,
  "h": 69616912,
  "i": 139460800,
  "j": 52901012,
  "k": 106747008,
  "l": 68611488,
  "m": 138449776,
  "n": 887838,
  "o": 892643,
  "p": 1005428,
  "q": 1011018,
  "r": 3306916,
  "s": 6620510,
  "t": 4306169,
  "u": 8631046
}
