{
  "b": 47.86626052856445,
  "c": 93.14200592041016,
  "d": 53.823795318603516,
  "e": 104.73458099365234,
  "f": 505772736,
  "g": 976457984,
  "h": 600823936,
  "i": 1160640384,
  "j": 497809120,
  "k": 968676864,
  "l": 592061760,
  "m": 1152080384,
  "n": 7963628,
  "o": 7781189,
  "p": 8762216,
  "q": 8559964,
  "r": 164960512,
  "s": 318693088,
  "t": 181970576,
  "u": 351800160
}
