{
  "b": 13.19802188873291,
  "c": 26.784513473510742,
  "d": 14.432659149169922,
  "e": 29.289579391479492,
  "f": 139000000,
  "g": 281000000,
  "h": 161000000,
  "i": 325000000,
  "j": 137000000,
  "k": 279000000,
  "l": 159000000,
  "m": 322000000,
  "n": 2230000,
  "o": 2230000,
  "p": 2480000,
  "q": 2480000,
  "r": 2170000,
  "s": 4360000,
  "t": 2750000,
  "u": 5540000
}
