{
  "b": 13.19802188873291,
  "c": 26.784513473510742,
  "d": 14.432659149169922,
  "e": 29.289579391479492,
  "f": 139486384,
  "g": 280799392,
  "h": 161230240,
  "i": 324671520,
  "j": 137259424,
  "k": 278558944,
  "l": 158759248,
  "m": 322185376,
  "n": 2226948,
  "o": 2240457,
  "p": 2471008,
  "q": 2486092,
  "r": 2170346,
  "s": 4363290,
  "t": 2753054,
  "u": 5537735
}
