{
  "b": 5.086635589599609,
  "c": 10.264135360717773,
  "d": 6.23740816116333,
  "e": 12.586342811584473,
  "f": 53800000,
  "g": 108000000,
  "h": 69600000,
  "i": 139000000,
  "j": 52900000,
  "k": 107000000,
  "l": 68600000,
  "m": 138000000,
  "n": 890000,
  "o": 890000,
  "p": 1010000,
  "q": 1010000,
  "r": 3310000,
  "s": 6620000,
  "t": 4310000,
  "u": 8630000
}
