{
  "b": 194.20654296875,
  "c": 392.8162841796875,
  "d": 216.63734436035156,
  "e": 438.1871032714844,
  "f": 2052967680,
  "g": 4118815232,
  "h": 2419962880,
  "i": 4857347072,
  "j": 2019747968,
  "k": 4085289216,
  "l": 2383010816,
  "m": 4820058112,
  "n": 33219718,
  "o": 33525188,
  "p": 36952380,
  "q": 37289048,
  "r": 154333744,
  "s": 309056608,
  "t": 182888112,
  "u": 366506912
}
