{
  "b": 191.7202606201172,
  "c": 393.2459716796875,
  "d": 217.8856658935547,
  "e": 446.9100341796875,
  "f": 2030000000,
  "g": 4120000000,
  "h": 2430000000,
  "i": 4950000000,
  "j": 1990000000,
  "k": 4090000000,
  "l": 2400000000,
  "m": 4920000000,
  "n": 32700000,
  "o": 32700000,
  "p": 36300000,
  "q": 36300000,
  "r": 250000000,
  "s": 510000000,
  "t": 293000000,
  "u": 596000000
}
