{
  "b": 2.836639165878296,
  "c": 5.821725845336914,
  "d": 2.9033384323120117,
  "e": 5.9585676193237305,
  "f": 29991426,
  "g": 61044832,
  "h": 32476558,
  "i": 66093472,
  "j": 29501048,
  "k": 60545948,
  "l": 31936724,
  "m": 65544244,
  "n": 490377,
  "o": 498879,
  "p": 539837,
  "q": 549229,
  "r": 489520,
  "s": 995787,
  "t": 573145,
  "u": 1165989
}
