{
  "b": 28.857440948486328,
  "c": 60.67955780029297,
  "d": 28.07231330871582,
  "e": 59.02780532836914,
  "f": 304927488,
  "g": 636071360,
  "h": 314093664,
  "i": 654817536,
  "j": 300117376,
  "k": 631067392,
  "l": 308795456,
  "m": 649305856,
  "n": 4810093,
  "o": 5003965,
  "p": 5298209,
  "q": 5511732,
  "r": 4428527,
  "s": 9222158,
  "t": 4922287,
  "u": 10247280
}
