{
  "b": 194.20654296875,
  "c": 392.8162841796875,
  "d": 216.63734436035156,
  "e": 438.1871032714844,
  "f": 2050000000,
  "g": 4120000000,
  "h": 2420000000,
  "i": 4860000000,
  "j": 2020000000,
  "k": 4090000000,
  "l": 2380000000,
  "m": 4820000000,
  "n": 33400000,
  "o": 33400000,
  "p": 37100000,
  "q": 37100000,
  "r": 154000000,
  "s": 309000000,
  "t": 183000000,
  "u": 367000000
}
