{
  "b": 62.450313568115234,
  "c": 122.73995971679688,
  "d": 71.2978515625,
  "e": 140.12835693359375,
  "f": 660000000,
  "g": 1290000000,
  "h": 796000000,
  "i": 1550000000,
  "j": 649000000,
  "k": 1280000000,
  "l": 784000000,
  "m": 1540000000,
  "n": 10700000,
  "o": 10700000,
  "p": 12000000,
  "q": 12000000,
  "r": 50500000,
  "s": 98300000,
  "t": 62300000,
  "u": 121000000
}
