{
  "b": 191.7202606201172,
  "c": 393.2459716796875,
  "d": 217.8856658935547,
  "e": 446.9100341796875,
  "f": 2026309888,
  "g": 4122698240,
  "h": 2432742400,
  "i": 4952590336,
  "j": 1993890688,
  "k": 4089758208,
  "l": 2396742400,
  "m": 4916010496,
  "n": 32419200,
  "o": 32939902,
  "p": 36000160,
  "q": 36580116,
  "r": 250490720,
  "s": 509507552,
  "t": 292797024,
  "u": 595997760
}
