{
  "b": 28.857440948486328,
  "c": 60.67955780029297,
  "d": 28.07231330871582,
  "e": 59.02780532836914,
  "f": 305000000,
  "g": 636000000,
  "h": 314000000,
  "i": 655000000,
  "j": 300000000,
  "k": 631000000,
  "l": 309000000,
  "m": 649000000,
  "n": 4910000,
  "o": 4910000,
  "p": 5400000,
  "q": 5400000,
  "r": 4430000,
  "s": 9220000,
  "t": 4920000,
  "u": 10200000
}
