{
  "b": 2.836639165878296,
  "c": 5.821725845336914,
  "d": 2.9033384323120117,
  "e": 5.9585676193237305,
  "f": 30000000,
  "g": 61000000,
  "h": 32500000,
  "i": 66100000,
  "j": 29500000,
  "k": 60500000,
  "l": 31900000,
  "m": 65500000,
  "n": 495000,
  "o": 495000,
  "p": 545000,
  "q": 545000,
  "r": 490000,
  "s": 996000,
  "t": 573000,
  "u": 1170000
}
