{
  "b": 62.450313568115234,
  "c": 122.73995971679688,
  "d": 71.2978515625,
  "e": 140.12835693359375,
  "f": 660319936,
  "g": 1287101056,
  "h": 796442240,
  "i": 1553320064,
  "j": 649483264,
  "k": 1276495616,
  "l": 784276352,
  "m": 1541411968,
  "n": 10836707,
  "o": 10605547,
  "p": 12165930,
  "q": 11908210,
  "r": 50502936,
  "s": 98305192,
  "t": 62321164,
  "u": 121410576
}
