{
  "b": 107.32120513916016,
  "c": 218.13812255859375,
  "d": 131.8737030029297,
  "e": 268.0483703613281,
  "f": 1134631040,
  "g": 2287287552,
  "h": 1471830528,
  "i": 2969936640,
  "j": 1116140544,
  "k": 2268636416,
  "l": 1450610688,
  "m": 2948532224,
  "n": 18490404,
  "o": 18650992,
  "p": 21219892,
  "q": 21404226,
  "r": 191921152,
  "s": 386776640,
  "t": 247862272,
  "u": 500159872
}
