{
  "b": 14.8068265914917,
  "c": 30.59532928466797,
  "d": 17.017728805541992,
  "e": 35.16309356689453,
  "f": 156509136,
  "g": 320770688,
  "h": 189977824,
  "i": 389644544,
  "j": 153990992,
  "k": 318191424,
  "l": 187195008,
  "m": 386794048,
  "n": 2518145,
  "o": 2579260,
  "p": 2782809,
  "q": 2850495,
  "r": 2807427,
  "s": 5740434,
  "t": 3714378,
  "u": 7602483
}
