{
  "b": 2.388664722442627,
  "c": 4.9147467613220215,
  "d": 2.667389154434204,
  "e": 5.488202095031738,
  "f": 25252548,
  "g": 51531828,
  "h": 29780660,
  "i": 60818216,
  "j": 24842114,
  "k": 51113368,
  "l": 29341280,
  "m": 60370224,
  "n": 410435,
  "o": 418464,
  "p": 439381,
  "q": 447993,
  "r": 737316,
  "s": 1503067,
  "t": 942376,
  "u": 1923097
}
