{
  "b": 14.8068265914917,
  "c": 30.59532928466797,
  "d": 17.017728805541992,
  "e": 35.16309356689453,
  "f": 157000000,
  "g": 321000000,
  "h": 190000000,
  "i": 390000000,
  "j": 154000000,
  "k": 318000000,
  "l": 187000000,
  "m": 387000000,
  "n": 2550000,
  "o": 2550000,
  "p": 2820000,
  "q": 2820000,
  "r": 2810000,
  "s": 5740000,
  "t": 3710000,
  "u": 7600000
}
