{
  "b": 3.009831428527832,
  "c": 6.095911979675293,
  "d": 3.0224006175994873,
  "e": 6.121417999267578,
  "f": 31800000,
  "g": 63900000,
  "h": 33800000,
  "i": 67900000,
  "j": 31300000,
  "k": 63400000,
  "l": 33200000,
  "m": 67300000,
  "n": 526000,
  "o": 526000,
  "p": 562000,
  "q": 562000,
  "r": 706000,
  "s": 1420000,
  "t": 810000,
  "u": 1630000
}
