{
  "b": 19.45709228515625,
  "c": 39.51986312866211,
  "d": 21.92853355407715,
  "e": 44.53974533081055,
  "f": 205770464,
  "g": 414457248,
  "h": 245034688,
  "i": 493796512,
  "j": 202353760,
  "k": 411006592,
  "l": 241213872,
  "m": 489937184,
  "n": 3416719,
  "o": 3450569,
  "p": 3820806,
  "q": 3859323,
  "r": 7540227,
  "s": 15167414,
  "t": 9431616,
  "u": 18987932
}
