{
  "b": 107.32120513916016,
  "c": 218.13812255859375,
  "d": 131.8737030029297,
  "e": 268.0483703613281,
  "f": 1130000000,
  "g": 2290000000,
  "h": 1470000000,
  "i": 2970000000,
  "j": 1120000000,
  "k": 2270000000,
  "l": 1450000000,
  "m": 2950000000,
  "n": 18600000,
  "o": 18600000,
  "p": 21300000,
  "q": 21300000,
  "r": 192000000,
  "s": 387000000,
  "t": 248000000,
  "u": 500000000
}
