{
  "b": 3.009831428527832,
  "c": 6.095911979675293,
  "d": 3.0224006175994873,
  "e": 6.121417999267578,
  "f": 31826150,
  "g": 63924976,
  "h": 33806700,
  "i": 67899832,
  "j": 31302246,
  "k": 63397484,
  "l": 33246406,
  "m": 67335600,
  "n": 523907,
  "o": 527499,
  "p": 560295,
  "q": 564233,
  "r": 705657,
  "s": 1417340,
  "t": 809629,
  "u": 1626462
}
