{
  "b": 6.446179389953613,
  "c": 13.359787940979004,
  "d": 6.784618377685547,
  "e": 14.06104850769043,
  "f": 68200000,
  "g": 140000000,
  "h": 75800000,
  "i": 156000000,
  "j": 67000000,
  "k": 139000000,
  "l": 74600000,
  "m": 155000000,
  "n": 1130000,
  "o": 1130000,
  "p": 1230000,
  "q": 1230000,
  "r": 1850000,
  "s": 3800000,
  "t": 2220000,
  "u": 4560000
}
