{
  "b": 13.876581192016602,
  "c": 28.60958480834961,
  "d": 14.279135704040527,
  "e": 29.43897819519043,
  "f": 146660528,
  "g": 299933952,
  "h": 159656784,
  "i": 326470464,
  "j": 144316448,
  "k": 297539680,
  "l": 157070496,
  "m": 323828768,
  "n": 2344076,
  "o": 2394262,
  "p": 2586288,
  "q": 2641695,
  "r": 3532622,
  "s": 7213443,
  "t": 4091590,
  "u": 8355720
}
