{
  "b": 53.01602554321289,
  "c": 108.89757537841797,
  "d": 56.4310417175293,
  "e": 115.91119384765625,
  "f": 561000000,
  "g": 1140000000,
  "h": 631000000,
  "i": 1290000000,
  "j": 551000000,
  "k": 1130000000,
  "l": 621000000,
  "m": 1280000000,
  "n": 9270000,
  "o": 9270000,
  "p": 10300000,
  "q": 10300000,
  "r": 43600000,
  "s": 88900000,
  "t": 47700000,
  "u": 97200000
}
