{
  "b": 9.01133918762207,
  "c": 18.360206604003906,
  "d": 10.227025032043457,
  "e": 20.8369197845459,
  "f": 95246128,
  "g": 192494688,
  "h": 114181624,
  "i": 230912784,
  "j": 93717928,
  "k": 190946144,
  "l": 112497272,
  "m": 229206112,
  "n": 1528201,
  "o": 1548554,
  "p": 1684341,
  "q": 1706667,
  "r": 2345946,
  "s": 4737480,
  "t": 2904507,
  "u": 5870373
}
