{
  "b": 9.01133918762207,
  "c": 18.360206604003906,
  "d": 10.227025032043457,
  "e": 20.8369197845459,
  "f": 95200000,
  "g": 192000000,
  "h": 114000000,
  "i": 231000000,
  "j": 93700000,
  "k": 191000000,
  "l": 112000000,
  "m": 229000000,
  "n": 1540000,
  "o": 1540000,
  "p": 1700000,
  "q": 1700000,
  "r": 2350000,
  "s": 4740000,
  "t": 2900000,
  "u": 5870000
}
