{
  "b": 13.579723358154297,
  "c": 27.69028663635254,
  "d": 15.693538665771484,
  "e": 31.999778747558594,
  "f": 143493792,
  "g": 290264192,
  "h": 175041504,
  "i": 354432160,
  "j": 141229120,
  "k": 287978976,
  "l": 172628928,
  "m": 351997568,
  "n": 2264703,
  "o": 2285232,
  "p": 2412577,
  "q": 2434580,
  "r": 1298106,
  "s": 2620870,
  "t": 1785068,
  "u": 3608516
}
