{
  "b": 13.579723358154297,
  "c": 27.69028663635254,
  "d": 15.693538665771484,
  "e": 31.999778747558594,
  "f": 143000000,
  "g": 290000000,
  "h": 175000000,
  "i": 354000000,
  "j": 141000000,
  "k": 288000000,
  "l": 173000000,
  "m": 352000000,
  "n": 2270000,
  "o": 2270000,
  "p": 2420000,
  "q": 2420000,
  "r": 1300000,
  "s": 2620000,
  "t": 1790000,
  "u": 3610000
}
