{
  "b": 13.876581192016602,
  "c": 28.60958480834961,
  "d": 14.279135704040527,
  "e": 29.43897819519043,
  "f": 147000000,
  "g": 300000000,
  "h": 160000000,
  "i": 326000000,
  "j": 144000000,
  "k": 298000000,
  "l": 157000000,
  "m": 324000000,
  "n": 2370000,
  "o": 2370000,
  "p": 2610000,
  "q": 2610000,
  "r": 3530000,
  "s": 7210000,
  "t": 4090000,
  "u": 8360000
}
