{
  "b": 53.01602554321289,
  "c": 108.89757537841797,
  "d": 56.4310417175293,
  "e": 115.91119384765625,
  "f": 560544192,
  "g": 1141904768,
  "h": 630915264,
  "i": 1285411840,
  "j": 551366656,
  "k": 1132534784,
  "l": 620741440,
  "m": 1275023104,
  "n": 9177561,
  "o": 9369813,
  "p": 10173776,
  "q": 10388714,
  "r": 43642380,
  "s": 88900496,
  "t": 47727688,
  "u": 97243240
}
