{
  "b": 841.5801391601562,
  "c": 1544.304443359375,
  "d": 1351.5633544921875,
  "e": 2480.190673828125,
  "f": 8928563200,
  "g": 16230120448,
  "h": 15111445504,
  "i": 27516952576,
  "j": 8752433152,
  "k": 16060766208,
  "l": 14867196928,
  "m": 27282096128,
  "n": 176130080,
  "o": 169354176,
  "p": 244248416,
  "q": 234854880,
  "r": 1510960384,
  "s": 2749173760,
  "t": 2785270528,
  "u": 5076764672
}
