{
  "b": 58.8586540222168,
  "c": 122.15330505371094,
  "d": 64.29434204101562,
  "e": 133.4322052001953,
  "f": 622014144,
  "g": 1280549248,
  "h": 718695232,
  "i": 1479525120,
  "j": 612129984,
  "k": 1270394368,
  "l": 707237760,
  "m": 1467754240,
  "n": 9884202,
  "o": 10154922,
  "p": 11457449,
  "q": 11770948,
  "r": 55772540,
  "s": 114782320,
  "t": 62342312,
  "u": 128316208
}
