{
  "b": 22.083740234375,
  "c": 45.38413619995117,
  "d": 25.48107147216797,
  "e": 52.36590576171875,
  "f": 233536000,
  "g": 475942528,
  "h": 284655552,
  "i": 580482624,
  "j": 229670896,
  "k": 471995008,
  "l": 280291776,
  "m": 576024960,
  "n": 3865106,
  "o": 3947530,
  "p": 4363775,
  "q": 4457623,
  "r": 9797335,
  "s": 19929524,
  "t": 12533058,
  "u": 25518892
}
