{
  "b": 13.139784812927246,
  "c": 27.520137786865234,
  "d": 13.532998085021973,
  "e": 28.34308624267578,
  "f": 138868432,
  "g": 288505376,
  "h": 151294448,
  "i": 314294720,
  "j": 136653760,
  "k": 286209440,
  "l": 148862976,
  "m": 311773952,
  "n": 2214693,
  "o": 2295923,
  "p": 2431473,
  "q": 2520738,
  "r": 2394152,
  "s": 4965811,
  "t": 2831630,
  "u": 5874518
}
