{
  "b": 58.8586540222168,
  "c": 122.15330505371094,
  "d": 64.29434204101562,
  "e": 133.4322052001953,
  "f": 622000000,
  "g": 1280000000,
  "h": 719000000,
  "i": 1480000000,
  "j": 612000000,
  "k": 1270000000,
  "l": 707000000,
  "m": 1470000000,
  "n": 10000000,
  "o": 10000000,
  "p": 11600000,
  "q": 11600000,
  "r": 55800000,
  "s": 115000000,
  "t": 62300000,
  "u": 128000000
}
