{
  "b": 841.5801391601562,
  "c": 1544.304443359375,
  "d": 1351.5633544921875,
  "e": 2480.190673828125,
  "f": 8930000000,
  "g": 16200000000,
  "h": 15100000000,
  "i": 27500000000,
  "j": 8750000000,
  "k": 16100000000,
  "l": 14900000000,
  "m": 27300000000,
  "n": 173000000,
  "o": 173000000,
  "p": 240000000,
  "q": 240000000,
  "r": 1510000000,
  "s": 2750000000,
  "t": 2790000000,
  "u": 5080000000
}
