{
  "b": 22.083740234375,
  "c": 45.38413619995117,
  "d": 25.48107147216797,
  "e": 52.36590576171875,
  "f": 234000000,
  "g": 476000000,
  "h": 285000000,
  "i": 580000000,
  "j": 230000000,
  "k": 472000000,
  "l": 280000000,
  "m": 576000000,
  "n": 3910000,
  "o": 3910000,
  "p": 4410000,
  "q": 4410000,
  "r": 9800000,
  "s": 19900000,
  "t": 12500000,
  "u": 25500000
}
