{
  "b": 16.59191131591797,
  "c": 33.96403503417969,
  "d": 17.019790649414062,
  "e": 34.83937072753906,
  "f": 175000000,
  "g": 356000000,
  "h": 190000000,
  "i": 386000000,
  "j": 173000000,
  "k": 353000000,
  "l": 187000000,
  "m": 383000000,
  "n": 2800000,
  "o": 2800000,
  "p": 3030000,
  "q": 3030000,
  "r": 2080000,
  "s": 4220000,
  "t": 2460000,
  "u": 4980000
}
