{
  "b": 13.139784812927246,
  "c": 27.520137786865234,
  "d": 13.532998085021973,
  "e": 28.34308624267578,
  "f": 139000000,
  "g": 289000000,
  "h": 151000000,
  "i": 314000000,
  "j": 137000000,
  "k": 286000000,
  "l": 149000000,
  "m": 312000000,
  "n": 2260000,
  "o": 2260000,
  "p": 2480000,
  "q": 2480000,
  "r": 2390000,
  "s": 4970000,
  "t": 2830000,
  "u": 5870000
}
