{
  "b": 35.405792236328125,
  "c": 71.44449615478516,
  "d": 42.14195251464844,
  "e": 85.03912353515625,
  "f": 374403200,
  "g": 749228864,
  "h": 470841024,
  "i": 942737472,
  "j": 368220256,
  "k": 743022784,
  "l": 463561472,
  "m": 935430336,
  "n": 6182916,
  "o": 6206141,
  "p": 7279554,
  "q": 7307072,
  "r": 9663033,
  "s": 19309986,
  "t": 12664929,
  "u": 25329024
}
