{
  "b": 35.405792236328125,
  "c": 71.44449615478516,
  "d": 42.14195251464844,
  "e": 85.03912353515625,
  "f": 374000000,
  "g": 749000000,
  "h": 471000000,
  "i": 943000000,
  "j": 368000000,
  "k": 743000000,
  "l": 464000000,
  "m": 935000000,
  "n": 6190000,
  "o": 6190000,
  "p": 7290000,
  "q": 7290000,
  "r": 9660000,
  "s": 19300000,
  "t": 12700000,
  "u": 25300000
}
