{
  "b": 117.4744873046875,
  "c": 236.7906951904297,
  "d": 139.24790954589844,
  "e": 280.6838073730469,
  "f": 1240000000,
  "g": 2480000000,
  "h": 1560000000,
  "i": 3110000000,
  "j": 1220000000,
  "k": 2460000000,
  "l": 1530000000,
  "m": 3090000000,
  "n": 21400000,
  "o": 21400000,
  "p": 25000000,
  "q": 25000000,
  "r": 131000000,
  "s": 260000000,
  "t": 167000000,
  "u": 333000000
}
