{
  "b": 117.4744873046875,
  "c": 236.7906951904297,
  "d": 139.24790954589844,
  "e": 280.6838073730469,
  "f": 1243098112,
  "g": 2484094464,
  "h": 1556666752,
  "i": 3112593152,
  "j": 1221734656,
  "k": 2462623232,
  "l": 1531726976,
  "m": 3087522048,
  "n": 21363362,
  "o": 21471576,
  "p": 24939784,
  "q": 25071162,
  "r": 130840984,
  "s": 260470160,
  "t": 167200704,
  "u": 333179328
}
