{
  "b": 81.30426788330078,
  "c": 163.52703857421875,
  "d": 90.4001693725586,
  "e": 181.82081604003906,
  "f": 859000000,
  "g": 1710000000,
  "h": 1010000000,
  "i": 2020000000,
  "j": 846000000,
  "k": 1700000000,
  "l": 994000000,
  "m": 2000000000,
  "n": 13900000,
  "o": 13900000,
  "p": 15700000,
  "q": 15700000,
  "r": 39700000,
  "s": 79100000,
  "t": 49800000,
  "u": 99200000
}
