{
  "b": 27.117815017700195,
  "c": 52.073543548583984,
  "d": 32.43088150024414,
  "e": 62.275794982910156,
  "f": 287000000,
  "g": 546000000,
  "h": 362000000,
  "i": 690000000,
  "j": 282000000,
  "k": 542000000,
  "l": 357000000,
  "m": 685000000,
  "n": 4620000,
  "o": 4620000,
  "p": 5420000,
  "q": 5420000,
  "r": 12700000,
  "s": 24100000,
  "t": 16900000,
  "u": 32200000
}
