{
  "b": 215.20692443847656,
  "c": 433.40667724609375,
  "d": 256.3883972167969,
  "e": 516.3387451171875,
  "f": 2280000000,
  "g": 4550000000,
  "h": 2860000000,
  "i": 5720000000,
  "j": 2240000000,
  "k": 4510000000,
  "l": 2820000000,
  "m": 5680000000,
  "n": 37600000,
  "o": 37600000,
  "p": 44100000,
  "q": 44100000,
  "r": 388000000,
  "s": 773000000,
  "t": 512000000,
  "u": 1020000000
}
