{
  "b": 215.20692443847656,
  "c": 433.40667724609375,
  "d": 256.3883972167969,
  "e": 516.3387451171875,
  "f": 2275743744,
  "g": 4545071616,
  "h": 2864325632,
  "i": 5723845632,
  "j": 2238151936,
  "k": 4507429376,
  "l": 2820272384,
  "m": 5679726080,
  "n": 37591852,
  "o": 37642096,
  "p": 44053140,
  "q": 44120512,
  "r": 387840672,
  "s": 772781504,
  "t": 512432448,
  "u": 1021990912
}
