{
  "b": 12.766390800476074,
  "c": 24.196704864501953,
  "d": 13.957355499267578,
  "e": 26.453969955444336,
  "f": 134975728,
  "g": 253739136,
  "h": 155929968,
  "i": 293271712,
  "j": 132770464,
  "k": 251645728,
  "l": 153530912,
  "m": 290993664,
  "n": 2205263,
  "o": 2093411,
  "p": 2399062,
  "q": 2278036,
  "r": 2799482,
  "s": 5257571,
  "t": 3431502,
  "u": 6449135
}
