{
  "b": 4.7697601318359375,
  "c": 9.764547348022461,
  "d": 5.016592502593994,
  "e": 10.269843101501465,
  "f": 50438456,
  "g": 102401824,
  "h": 56076252,
  "i": 113881168,
  "j": 49605504,
  "k": 101551296,
  "l": 55182516,
  "m": 112968272,
  "n": 832952,
  "o": 850527,
  "p": 893735,
  "q": 912901,
  "r": 973256,
  "s": 1974687,
  "t": 1173435,
  "u": 2382229
}
