{
  "b": 4.7697601318359375,
  "c": 9.764547348022461,
  "d": 5.016592502593994,
  "e": 10.269843101501465,
  "f": 50400000,
  "g": 102000000,
  "h": 56100000,
  "i": 114000000,
  "j": 49600000,
  "k": 102000000,
  "l": 55200000,
  "m": 113000000,
  "n": 842000,
  "o": 842000,
  "p": 903000,
  "q": 903000,
  "r": 973000,
  "s": 1970000,
  "t": 1170000,
  "u": 2380000
}
