{
  "b": 27.117815017700195,
  "c": 52.073543548583984,
  "d": 32.43088150024414,
  "e": 62.275794982910156,
  "f": 286739008,
  "g": 546083584,
  "h": 362277056,
  "i": 690343296,
  "j": 282025280,
  "k": 541564864,
  "l": 356739680,
  "m": 685033728,
  "n": 4713720,
  "o": 4518724,
  "p": 5537374,
  "q": 5309579,
  "r": 12680683,
  "s": 24130414,
  "t": 16917194,
  "u": 32217784
}
