{
  "b": 12.766390800476074,
  "c": 24.196704864501953,
  "d": 13.957355499267578,
  "e": 26.453969955444336,
  "f": 135000000,
  "g": 254000000,
  "h": 156000000,
  "i": 293000000,
  "j": 133000000,
  "k": 252000000,
  "l": 154000000,
  "m": 291000000,
  "n": 2150000,
  "o": 2150000,
  "p": 2340000,
  "q": 2340000,
  "r": 2800000,
  "s": 5260000,
  "t": 3430000,
  "u": 6450000
}
