{
  "b": 15.9476957321167,
  "c": 31.563777923583984,
  "d": 23.125591278076172,
  "e": 45.77018356323242,
  "f": 168639712,
  "g": 331005504,
  "h": 257761536,
  "i": 506802336,
  "j": 165856032,
  "k": 328263296,
  "l": 254381504,
  "m": 503472032,
  "n": 2783658,
  "o": 2742221,
  "p": 3380048,
  "q": 3330251,
  "r": 1814019,
  "s": 3550722,
  "t": 2922517,
  "u": 5734194
}
