{
  "b": 17.177583694458008,
  "c": 32.2983283996582,
  "d": 19.216354370117188,
  "e": 36.13200759887695,
  "f": 181665600,
  "g": 338748512,
  "h": 214871232,
  "i": 400744512,
  "j": 178646864,
  "k": 335902624,
  "l": 211379888,
  "m": 397452064,
  "n": 3018727,
  "o": 2845918,
  "p": 3491362,
  "q": 3292415,
  "r": 5251553,
  "s": 9783207,
  "t": 6613399,
  "u": 12325605
}
