{
  "b": 17.177583694458008,
  "c": 32.2983283996582,
  "d": 19.216354370117188,
  "e": 36.13200759887695,
  "f": 182000000,
  "g": 339000000,
  "h": 215000000,
  "i": 401000000,
  "j": 179000000,
  "k": 336000000,
  "l": 211000000,
  "m": 397000000,
  "n": 2930000,
  "o": 2930000,
  "p": 3390000,
  "q": 3390000,
  "r": 5250000,
  "s": 9780000,
  "t": 6610000,
  "u": 12300000
}
