{
  "b": 49.41326904296875,
  "c": 94.88734436035156,
  "d": 68.6934814453125,
  "e": 131.91018676757812,
  "f": 523000000,
  "g": 995000000,
  "h": 768000000,
  "i": 1460000000,
  "j": 514000000,
  "k": 987000000,
  "l": 756000000,
  "m": 1450000000,
  "n": 8640000,
  "o": 8640000,
  "p": 11800000,
  "q": 11800000,
  "r": 19200000,
  "s": 36600000,
  "t": 30300000,
  "u": 57600000
}
