{
  "b": 221.05953979492188,
  "c": 430.8804016113281,
  "d": 256.201904296875,
  "e": 499.3663635253906,
  "f": 2337576448,
  "g": 4518844928,
  "h": 2863717888,
  "i": 5537514496,
  "j": 2299019264,
  "k": 4481156096,
  "l": 2818220800,
  "m": 5493029888,
  "n": 38557264,
  "o": 37688680,
  "p": 45497048,
  "q": 44484148,
  "r": 125644976,
  "s": 242695328,
  "t": 162870304,
  "u": 314761920
}
