{
  "b": 221.05953979492188,
  "c": 430.8804016113281,
  "d": 256.201904296875,
  "e": 499.3663635253906,
  "f": 2340000000,
  "g": 4520000000,
  "h": 2860000000,
  "i": 5540000000,
  "j": 2300000000,
  "k": 4480000000,
  "l": 2820000000,
  "m": 5490000000,
  "n": 38100000,
  "o": 38100000,
  "p": 45000000,
  "q": 45000000,
  "r": 126000000,
  "s": 243000000,
  "t": 163000000,
  "u": 315000000
}
