{
  "b": 26.40814208984375,
  "c": 52.40005111694336,
  "d": 28.381155014038086,
  "e": 56.31477355957031,
  "f": 279285120,
  "g": 549558400,
  "h": 317439200,
  "i": 624662528,
  "j": 274644672,
  "k": 544960512,
  "l": 312192704,
  "m": 619462528,
  "n": 4640472,
  "o": 4597945,
  "p": 5246467,
  "q": 5199982,
  "r": 10616421,
  "s": 20861948,
  "t": 12786642,
  "u": 25135742
}
