{
  "b": 10.54001522064209,
  "c": 21.465713500976562,
  "d": 12.891651153564453,
  "e": 26.25434684753418,
  "f": 111409624,
  "g": 225054896,
  "h": 143900032,
  "i": 290910848,
  "j": 109616160,
  "k": 223243424,
  "l": 141808160,
  "m": 288797824,
  "n": 1793465,
  "o": 1811466,
  "p": 2091879,
  "q": 2113046,
  "r": 2968590,
  "s": 5982629,
  "t": 4098725,
  "u": 8268868
}
