{
  "b": 26.40814208984375,
  "c": 52.40005111694336,
  "d": 28.381155014038086,
  "e": 56.31477355957031,
  "f": 279000000,
  "g": 550000000,
  "h": 317000000,
  "i": 625000000,
  "j": 275000000,
  "k": 545000000,
  "l": 312000000,
  "m": 619000000,
  "n": 4620000,
  "o": 4620000,
  "p": 5220000,
  "q": 5220000,
  "r": 10600000,
  "s": 20900000,
  "t": 12800000,
  "u": 25100000
}
