{
  "b": 10.54001522064209,
  "c": 21.465713500976562,
  "d": 12.891651153564453,
  "e": 26.25434684753418,
  "f": 111000000,
  "g": 225000000,
  "h": 144000000,
  "i": 291000000,
  "j": 110000000,
  "k": 223000000,
  "l": 142000000,
  "m": 289000000,
  "n": 1800000,
  "o": 1800000,
  "p": 2100000,
  "q": 2100000,
  "r": 2970000,
  "s": 5980000,
  "t": 4100000,
  "u": 8270000
}
