{
  "b": 67.17792510986328,
  "c": 135.8627166748047,
  "d": 87.50970458984375,
  "e": 176.9830322265625,
  "f": 710000000,
  "g": 1420000000,
  "h": 977000000,
  "i": 1960000000,
  "j": 699000000,
  "k": 1410000000,
  "l": 963000000,
  "m": 1950000000,
  "n": 11600000,
  "o": 11600000,
  "p": 14000000,
  "q": 14000000,
  "r": 92100000,
  "s": 185000000,
  "t": 128000000,
  "u": 257000000
}
