{
  "b": 32.715274810791016,
  "c": 66.34090423583984,
  "d": 34.79343795776367,
  "e": 70.5535888671875,
  "f": 346000000,
  "g": 695000000,
  "h": 389000000,
  "i": 782000000,
  "j": 340000000,
  "k": 690000000,
  "l": 383000000,
  "m": 776000000,
  "n": 5520000,
  "o": 5520000,
  "p": 6300000,
  "q": 6300000,
  "r": 5840000,
  "s": 11700000,
  "t": 7220000,
  "u": 14500000
}
