{
  "b": 32.715274810791016,
  "c": 66.34090423583984,
  "d": 34.79343795776367,
  "e": 70.5535888671875,
  "f": 345743264,
  "g": 695474368,
  "h": 389011136,
  "i": 782401344,
  "j": 340238848,
  "k": 689945408,
  "l": 382727808,
  "m": 776089472,
  "n": 5504451,
  "o": 5529014,
  "p": 6283317,
  "q": 6311808,
  "r": 5839777,
  "s": 11724019,
  "t": 7215126,
  "u": 14487286
}
