{
  "b": 27.07805824279785,
  "c": 55.20592498779297,
  "d": 27.759424209594727,
  "e": 56.59446716308594,
  "f": 286217472,
  "g": 578799104,
  "h": 310526432,
  "i": 627770368,
  "j": 281611808,
  "k": 574141632,
  "l": 305353664,
  "m": 622539136,
  "n": 4605648,
  "o": 4657502,
  "p": 5172744,
  "q": 5231304,
  "r": 4611537,
  "s": 9308892,
  "t": 5349344,
  "u": 10798545
}
