{
  "b": 67.17792510986328,
  "c": 135.8627166748047,
  "d": 87.50970458984375,
  "e": 176.9830322265625,
  "f": 710225152,
  "g": 1424627712,
  "h": 976534400,
  "i": 1960839552,
  "j": 698650432,
  "k": 1412972288,
  "l": 962606720,
  "m": 1946813312,
  "n": 11574635,
  "o": 11655453,
  "p": 13927643,
  "q": 14026576,
  "r": 92096952,
  "s": 184626080,
  "t": 127924176,
  "u": 256815520
}
