{
  "b": 27.07805824279785,
  "c": 55.20592498779297,
  "d": 27.759424209594727,
  "e": 56.59446716308594,
  "f": 286000000,
  "g": 579000000,
  "h": 311000000,
  "i": 628000000,
  "j": 282000000,
  "k": 574000000,
  "l": 305000000,
  "m": 623000000,
  "n": 4630000,
  "o": 4630000,
  "p": 5200000,
  "q": 5200000,
  "r": 4610000,
  "s": 9310000,
  "t": 5350000,
  "u": 10800000
}
