{
  "b": 35.58002471923828,
  "c": 70.52226257324219,
  "d": 42.17842483520508,
  "e": 83.60064697265625,
  "f": 376000000,
  "g": 740000000,
  "h": 471000000,
  "i": 927000000,
  "j": 370000000,
  "k": 733000000,
  "l": 464000000,
  "m": 920000000,
  "n": 6160000,
  "o": 6160000,
  "p": 7250000,
  "q": 7250000,
  "r": 23000000,
  "s": 45100000,
  "t": 30200000,
  "u": 59400000
}
