{
  "b": 93.27837371826172,
  "c": 182.53521728515625,
  "d": 98.31884002685547,
  "e": 192.39903259277344,
  "f": 986000000,
  "g": 1910000000,
  "h": 1100000000,
  "i": 2130000000,
  "j": 970000000,
  "k": 1900000000,
  "l": 1080000000,
  "m": 2120000000,
  "n": 16100000,
  "o": 16100000,
  "p": 17800000,
  "q": 17800000,
  "r": 71300000,
  "s": 138000000,
  "t": 83100000,
  "u": 161000000
}
