{
  "b": 27.49089813232422,
  "c": 55.24873733520508,
  "d": 30.66607093811035,
  "e": 61.6296272277832,
  "f": 291000000,
  "g": 579000000,
  "h": 343000000,
  "i": 683000000,
  "j": 286000000,
  "k": 575000000,
  "l": 337000000,
  "m": 678000000,
  "n": 4680000,
  "o": 4680000,
  "p": 5290000,
  "q": 5290000,
  "r": 8420000,
  "s": 16800000,
  "t": 10700000,
  "u": 21300000
}
