{
  "b": 110.01121520996094,
  "c": 224.4750213623047,
  "d": 131.01686096191406,
  "e": 267.3377685546875,
  "f": 1163894784,
  "g": 2354574336,
  "h": 1464571136,
  "i": 2964406272,
  "j": 1144116608,
  "k": 2334540288,
  "l": 1441185536,
  "m": 2940715520,
  "n": 19778190,
  "o": 20034246,
  "p": 23385674,
  "q": 23691236,
  "r": 179612704,
  "s": 362838208,
  "t": 238206368,
  "u": 481623232
}
