{
  "b": 37.30805206298828,
  "c": 76.45581817626953,
  "d": 42.3194694519043,
  "e": 86.7234878540039,
  "f": 394308256,
  "g": 801540096,
  "h": 472734208,
  "i": 961287552,
  "j": 388003744,
  "k": 795140544,
  "l": 465514176,
  "m": 953958400,
  "n": 6304510,
  "o": 6399473,
  "p": 7219989,
  "q": 7329004,
  "r": 16010640,
  "s": 32475320,
  "t": 20976806,
  "u": 42576080
}
