{
  "b": 27.49089813232422,
  "c": 55.24873733520508,
  "d": 30.66607093811035,
  "e": 61.6296272277832,
  "f": 290584704,
  "g": 579263424,
  "h": 342619744,
  "i": 683216448,
  "j": 285905344,
  "k": 574586880,
  "l": 337326784,
  "m": 677925888,
  "n": 4679384,
  "o": 4676466,
  "p": 5292961,
  "q": 5290533,
  "r": 8422568,
  "s": 16760167,
  "t": 10702227,
  "u": 21310460
}
