{
  "b": 37.30805206298828,
  "c": 76.45581817626953,
  "d": 42.3194694519043,
  "e": 86.7234878540039,
  "f": 394000000,
  "g": 802000000,
  "h": 473000000,
  "i": 961000000,
  "j": 388000000,
  "k": 795000000,
  "l": 466000000,
  "m": 954000000,
  "n": 6350000,
  "o": 6350000,
  "p": 7270000,
  "q": 7270000,
  "r": 16000000,
  "s": 32500000,
  "t": 21000000,
  "u": 42600000
}
