{
  "b": 110.01121520996094,
  "c": 224.4750213623047,
  "d": 131.01686096191406,
  "e": 267.3377685546875,
  "f": 1160000000,
  "g": 2350000000,
  "h": 1460000000,
  "i": 2960000000,
  "j": 1140000000,
  "k": 2330000000,
  "l": 1440000000,
  "m": 2940000000,
  "n": 19900000,
  "o": 19900000,
  "p": 23500000,
  "q": 23500000,
  "r": 180000000,
  "s": 363000000,
  "t": 238000000,
  "u": 482000000
}
