{
  "b": 93.27837371826172,
  "c": 182.53521728515625,
  "d": 98.31884002685547,
  "e": 192.39903259277344,
  "f": 986420864,
  "g": 1914336256,
  "h": 1099470464,
  "i": 2133966336,
  "j": 970095104,
  "k": 1898366208,
  "l": 1081507200,
  "m": 2116389376,
  "n": 16325820,
  "o": 15970044,
  "p": 17963162,
  "q": 17577056,
  "r": 71259224,
  "s": 137998624,
  "t": 83131664,
  "u": 161058544
}
