{
  "b": 16.544979095458984,
  "c": 32.3950309753418,
  "d": 18.90188217163086,
  "e": 37.00996017456055,
  "f": 175000000,
  "g": 340000000,
  "h": 211000000,
  "i": 410000000,
  "j": 172000000,
  "k": 337000000,
  "l": 208000000,
  "m": 407000000,
  "n": 2840000,
  "o": 2840000,
  "p": 3240000,
  "q": 3240000,
  "r": 5140000,
  "s": 9970000,
  "t": 6550000,
  "u": 12700000
}
