{
  "b": 35.740543365478516,
  "c": 70.51939392089844,
  "d": 39.35235595703125,
  "e": 77.64568328857422,
  "f": 377781152,
  "g": 739383552,
  "h": 439533280,
  "i": 860654336,
  "j": 371701664,
  "k": 733401664,
  "l": 432875936,
  "m": 854102528,
  "n": 6079527,
  "o": 5981998,
  "p": 6657317,
  "q": 6551777,
  "r": 7237843,
  "s": 14145053,
  "t": 9078063,
  "u": 17754754
}
