{
  "b": 13.985235214233398,
  "c": 27.992788314819336,
  "d": 14.456416130065918,
  "e": 28.935632705688477,
  "f": 148000000,
  "g": 294000000,
  "h": 162000000,
  "i": 321000000,
  "j": 145000000,
  "k": 291000000,
  "l": 159000000,
  "m": 318000000,
  "n": 2420000,
  "o": 2420000,
  "p": 2650000,
  "q": 2650000,
  "r": 3020000,
  "s": 5990000,
  "t": 3550000,
  "u": 7030000
}
