{
  "b": 13.985235214233398,
  "c": 27.992788314819336,
  "d": 14.456416130065918,
  "e": 28.935632705688477,
  "f": 147870592,
  "g": 293541472,
  "h": 161671504,
  "i": 320935008,
  "j": 145446448,
  "k": 291124992,
  "l": 159020576,
  "m": 318291968,
  "n": 2424132,
  "o": 2416488,
  "p": 2650929,
  "q": 2643071,
  "r": 3023454,
  "s": 5993949,
  "t": 3545818,
  "u": 7031571
}
