{
  "b": 34.13048553466797,
  "c": 69.94544982910156,
  "d": 40.90462112426758,
  "e": 83.82745361328125,
  "f": 361000000,
  "g": 733000000,
  "h": 457000000,
  "i": 929000000,
  "j": 355000000,
  "k": 727000000,
  "l": 450000000,
  "m": 922000000,
  "n": 5840000,
  "o": 5840000,
  "p": 6670000,
  "q": 6670000,
  "r": 4520000,
  "s": 9160000,
  "t": 6040000,
  "u": 12300000
}
