{
  "b": 117.61490631103516,
  "c": 221.8914031982422,
  "d": 139.00146484375,
  "e": 262.231689453125,
  "f": 1240000000,
  "g": 2330000000,
  "h": 1550000000,
  "i": 2910000000,
  "j": 1220000000,
  "k": 2310000000,
  "l": 1530000000,
  "m": 2880000000,
  "n": 20600000,
  "o": 20600000,
  "p": 24500000,
  "q": 24500000,
  "r": 167000000,
  "s": 313000000,
  "t": 214000000,
  "u": 400000000
}
