{
  "b": 16.544979095458984,
  "c": 32.3950309753418,
  "d": 18.90188217163086,
  "e": 37.00996017456055,
  "f": 174943392,
  "g": 339720512,
  "h": 211192672,
  "i": 410310144,
  "j": 172067792,
  "k": 336908320,
  "l": 207920704,
  "m": 407109568,
  "n": 2875619,
  "o": 2812165,
  "p": 3271997,
  "q": 3200575,
  "r": 5142575,
  "s": 9974265,
  "t": 6551072,
  "u": 12715719
}
