{
  "b": 52.12507629394531,
  "c": 105.70318603515625,
  "d": 53.23130798339844,
  "e": 107.946044921875,
  "f": 551000000,
  "g": 1110000000,
  "h": 595000000,
  "i": 1200000000,
  "j": 542000000,
  "k": 1100000000,
  "l": 586000000,
  "m": 1190000000,
  "n": 9080000,
  "o": 9080000,
  "p": 9920000,
  "q": 9920000,
  "r": 32500000,
  "s": 65200000,
  "t": 37000000,
  "u": 74300000
}
