{
  "b": 96.52442169189453,
  "c": 187.13803100585938,
  "d": 125.19686126708984,
  "e": 242.72752380371094,
  "f": 1021187776,
  "g": 1963086080,
  "h": 1399078912,
  "i": 2691310080,
  "j": 1003854016,
  "k": 1946235520,
  "l": 1377165440,
  "m": 2670002688,
  "n": 17333818,
  "o": 16850430,
  "p": 21913678,
  "q": 21307772,
  "r": 24006442,
  "s": 46056796,
  "t": 35000656,
  "u": 67214312
}
