{
  "b": 174.88563537597656,
  "c": 341.01123046875,
  "d": 282.6498107910156,
  "e": 551.1354370117188,
  "f": 1851607936,
  "g": 3578529024,
  "h": 3154024192,
  "i": 6106307584,
  "j": 1818810624,
  "k": 3546516736,
  "l": 3109147904,
  "m": 6062489600,
  "n": 32797412,
  "o": 32012556,
  "p": 44876304,
  "q": 43817964,
  "r": 147907856,
  "s": 284735520,
  "t": 273762752,
  "u": 528194624
}
