{
  "b": 96.52442169189453,
  "c": 187.13803100585938,
  "d": 125.19686126708984,
  "e": 242.72752380371094,
  "f": 1020000000,
  "g": 1960000000,
  "h": 1400000000,
  "i": 2690000000,
  "j": 1000000000,
  "k": 1950000000,
  "l": 1380000000,
  "m": 2670000000,
  "n": 17100000,
  "o": 17100000,
  "p": 21600000,
  "q": 21600000,
  "r": 24000000,
  "s": 46100000,
  "t": 35000000,
  "u": 67200000
}
