{
  "b": 174.88563537597656,
  "c": 341.01123046875,
  "d": 282.6498107910156,
  "e": 551.1354370117188,
  "f": 1850000000,
  "g": 3580000000,
  "h": 3150000000,
  "i": 6110000000,
  "j": 1820000000,
  "k": 3550000000,
  "l": 3110000000,
  "m": 6060000000,
  "n": 32400000,
  "o": 32400000,
  "p": 44300000,
  "q": 44300000,
  "r": 148000000,
  "s": 285000000,
  "t": 274000000,
  "u": 528000000
}
