{
  "b": 36.730159759521484,
  "c": 75.44509887695312,
  "d": 38.93798828125,
  "e": 79.97813415527344,
  "f": 388000000,
  "g": 791000000,
  "h": 435000000,
  "i": 887000000,
  "j": 382000000,
  "k": 785000000,
  "l": 428000000,
  "m": 880000000,
  "n": 6180000,
  "o": 6180000,
  "p": 6860000,
  "q": 6860000,
  "r": 161000000,
  "s": 328000000,
  "t": 174000000,
  "u": 356000000
}
