{
  "b": 36.730159759521484,
  "c": 75.44509887695312,
  "d": 38.93798828125,
  "e": 79.97813415527344,
  "f": 388124352,
  "g": 790858560,
  "h": 435120800,
  "i": 886672384,
  "j": 381993664,
  "k": 784628992,
  "l": 428317888,
  "m": 879759488,
  "n": 6130667,
  "o": 6229602,
  "p": 6802839,
  "q": 6912934,
  "r": 160767376,
  "s": 327716672,
  "t": 174470576,
  "u": 355728736
}
