{
  "b": 111.1310806274414,
  "c": 217.38308715820312,
  "d": 158.39984130859375,
  "e": 309.8443603515625,
  "f": 1180000000,
  "g": 2280000000,
  "h": 1770000000,
  "i": 3430000000,
  "j": 1160000000,
  "k": 2260000000,
  "l": 1740000000,
  "m": 3410000000,
  "n": 19500000,
  "o": 19500000,
  "p": 25700000,
  "q": 25700000,
  "r": 65000000,
  "s": 126000000,
  "t": 104000000,
  "u": 202000000
}
