{
  "b": 70.99507904052734,
  "c": 141.7144775390625,
  "d": 78.54606628417969,
  "e": 156.7874298095703,
  "f": 751000000,
  "g": 1490000000,
  "h": 878000000,
  "i": 1740000000,
  "j": 738000000,
  "k": 1470000000,
  "l": 864000000,
  "m": 1720000000,
  "n": 12300000,
  "o": 12300000,
  "p": 13800000,
  "q": 13800000,
  "r": 64500000,
  "s": 128000000,
  "t": 79600000,
  "u": 157000000
}
