{
  "b": 48.64738082885742,
  "c": 99.03975677490234,
  "d": 53.74897384643555,
  "e": 109.42560577392578,
  "f": 514349984,
  "g": 1038550016,
  "h": 600570880,
  "i": 1213148288,
  "j": 505932768,
  "k": 1030013440,
  "l": 591238720,
  "m": 1203681664,
  "n": 8417277,
  "o": 8536701,
  "p": 9332139,
  "q": 9466668,
  "r": 19737384,
  "s": 39762724,
  "t": 24324646,
  "u": 49042464
}
