{
  "b": 30.081157684326172,
  "c": 59.0610466003418,
  "d": 33.11684799194336,
  "e": 65.0211181640625,
  "f": 318000000,
  "g": 619000000,
  "h": 370000000,
  "i": 721000000,
  "j": 313000000,
  "k": 614000000,
  "l": 364000000,
  "m": 715000000,
  "n": 5110000,
  "o": 5110000,
  "p": 5790000,
  "q": 5790000,
  "r": 14600000,
  "s": 28300000,
  "t": 17800000,
  "u": 34600000
}
