{
  "b": 33.72100830078125,
  "c": 69.47529602050781,
  "d": 45.245914459228516,
  "e": 93.216796875,
  "f": 356485696,
  "g": 728460224,
  "h": 504722432,
  "i": 1032560384,
  "j": 350698496,
  "k": 722543040,
  "l": 497705056,
  "m": 1025384768,
  "n": 5787194,
  "o": 5917168,
  "p": 7017408,
  "q": 7175688,
  "r": 9297190,
  "s": 18959808,
  "t": 14200822,
  "u": 29002794
}
