{
  "b": 23.341684341430664,
  "c": 47.45523452758789,
  "d": 28.953859329223633,
  "e": 58.86616516113281,
  "f": 247000000,
  "g": 498000000,
  "h": 323000000,
  "i": 653000000,
  "j": 243000000,
  "k": 494000000,
  "l": 318000000,
  "m": 648000000,
  "n": 4140000,
  "o": 4140000,
  "p": 4940000,
  "q": 4940000,
  "r": 21300000,
  "s": 42800000,
  "t": 30900000,
  "u": 62300000
}
