{
  "b": 48.42822265625,
  "c": 98.7088851928711,
  "d": 52.72932052612305,
  "e": 107.4745101928711,
  "f": 511908864,
  "g": 1034931648,
  "h": 589361536,
  "i": 1191677440,
  "j": 503653504,
  "k": 1026572416,
  "l": 580022528,
  "m": 1182219648,
  "n": 8255359,
  "o": 8359308,
  "p": 9339038,
  "q": 9457698,
  "r": 16255117,
  "s": 32785284,
  "t": 19985270,
  "u": 40327724
}
