{
  "b": 36.417335510253906,
  "c": 72.94902801513672,
  "d": 38.070098876953125,
  "e": 76.25949096679688,
  "f": 385000000,
  "g": 765000000,
  "h": 426000000,
  "i": 846000000,
  "j": 379000000,
  "k": 759000000,
  "l": 419000000,
  "m": 839000000,
  "n": 6200000,
  "o": 6200000,
  "p": 7050000,
  "q": 7050000,
  "r": 26100000,
  "s": 51900000,
  "t": 30900000,
  "u": 61400000
}
