{
  "b": 48.42822265625,
  "c": 98.7088851928711,
  "d": 52.72932052612305,
  "e": 107.4745101928711,
  "f": 512000000,
  "g": 1030000000,
  "h": 589000000,
  "i": 1190000000,
  "j": 504000000,
  "k": 1030000000,
  "l": 580000000,
  "m": 1180000000,
  "n": 8310000,
  "o": 8310000,
  "p": 9400000,
  "q": 9400000,
  "r": 16300000,
  "s": 32800000,
  "t": 20000000,
  "u": 40300000
}
