{
  "b": 17.687732696533203,
  "c": 34.89734649658203,
  "d": 18.94824981689453,
  "e": 37.383888244628906,
  "f": 187000000,
  "g": 366000000,
  "h": 212000000,
  "i": 414000000,
  "j": 184000000,
  "k": 363000000,
  "l": 208000000,
  "m": 411000000,
  "n": 3000000,
  "o": 3000000,
  "p": 3300000,
  "q": 3300000,
  "r": 5850000,
  "s": 11400000,
  "t": 7140000,
  "u": 14000000
}
