{
  "b": 98.47931671142578,
  "c": 204.32334899902344,
  "d": 112.1745834350586,
  "e": 232.7369384765625,
  "f": 1040000000,
  "g": 2140000000,
  "h": 1250000000,
  "i": 2580000000,
  "j": 1020000000,
  "k": 2120000000,
  "l": 1230000000,
  "m": 2560000000,
  "n": 16700000,
  "o": 16700000,
  "p": 19100000,
  "q": 19100000,
  "r": 512000000,
  "s": 1050000000,
  "t": 612000000,
  "u": 1260000000
}
