{
  "b": 23.341684341430664,
  "c": 47.45523452758789,
  "d": 28.953859329223633,
  "e": 58.86616516113281,
  "f": 246857680,
  "g": 497708864,
  "h": 323386848,
  "i": 652507328,
  "j": 242753520,
  "k": 493534432,
  "l": 318492448,
  "m": 647527808,
  "n": 4104194,
  "o": 4174438,
  "p": 4894379,
  "q": 4979527,
  "r": 21250520,
  "s": 42821740,
  "t": 30883856,
  "u": 62308816
}
