{
  "b": 22.131324768066406,
  "c": 44.126075744628906,
  "d": 23.925291061401367,
  "e": 47.70254135131836,
  "f": 234000000,
  "g": 463000000,
  "h": 268000000,
  "i": 529000000,
  "j": 230000000,
  "k": 459000000,
  "l": 263000000,
  "m": 525000000,
  "n": 3820000,
  "o": 3820000,
  "p": 4490000,
  "q": 4490000,
  "r": 9050000,
  "s": 17900000,
  "t": 10900000,
  "u": 21500000
}
