{
  "b": 141.3423614501953,
  "c": 279.4470520019531,
  "d": 195.59019470214844,
  "e": 386.69842529296875,
  "f": 1494829312,
  "g": 2930759168,
  "h": 2184352256,
  "i": 4286075904,
  "j": 1469960576,
  "k": 2906249472,
  "l": 2151492096,
  "m": 4253682688,
  "n": 24868750,
  "o": 24509362,
  "p": 32859950,
  "q": 32392436,
  "r": 78012600,
  "s": 152435792,
  "t": 122538328,
  "u": 239715760
}
