{
  "b": 30.9990177154541,
  "c": 62.47441101074219,
  "d": 32.31798553466797,
  "e": 65.13105010986328,
  "f": 328000000,
  "g": 655000000,
  "h": 361000000,
  "i": 722000000,
  "j": 322000000,
  "k": 650000000,
  "l": 355000000,
  "m": 716000000,
  "n": 5210000,
  "o": 5210000,
  "p": 5630000,
  "q": 5630000,
  "r": 21100000,
  "s": 42200000,
  "t": 23100000,
  "u": 46200000
}
