{
  "b": 46.603607177734375,
  "c": 94.22383117675781,
  "d": 53.99882507324219,
  "e": 109.17523956298828,
  "f": 492737056,
  "g": 988032704,
  "h": 603510656,
  "i": 1210506496,
  "j": 484677504,
  "k": 979927872,
  "l": 593987072,
  "m": 1200927616,
  "n": 8059564,
  "o": 8104770,
  "p": 9523597,
  "q": 9578942,
  "r": 42304216,
  "s": 84697896,
  "t": 54687068,
  "u": 109551608
}
