{
  "b": 22.131324768066406,
  "c": 44.126075744628906,
  "d": 23.925291061401367,
  "e": 47.70254135131836,
  "f": 234006208,
  "g": 462716352,
  "h": 267685056,
  "i": 529194176,
  "j": 230165776,
  "k": 458911168,
  "l": 263178192,
  "m": 524727968,
  "n": 3840441,
  "o": 3805191,
  "p": 4506916,
  "q": 4466190,
  "r": 9046347,
  "s": 17858872,
  "t": 10876014,
  "u": 21472926
}
