{
  "b": 527.618408203125,
  "c": 1008.4330444335938,
  "d": 659.8368530273438,
  "e": 1261.1513671875,
  "f": 5590000000,
  "g": 10600000000,
  "h": 7380000000,
  "i": 14000000000,
  "j": 5490000000,
  "k": 10500000000,
  "l": 7260000000,
  "m": 13900000000,
  "n": 99600000,
  "o": 99600000,
  "p": 117000000,
  "q": 117000000,
  "r": 1290000000,
  "s": 2430000000,
  "t": 1770000000,
  "u": 3360000000
}

