{
  "b": 527.618408203125,
  "c": 1008.4330444335938,
  "d": 659.8368530273438,
  "e": 1261.1513671875,
  "f": 5587888128,
  "g": 10586195968,
  "h": 7376194048,
  "i": 13988202496,
  "j": 5487231488,
  "k": 10487703552,
  "l": 7258205696,
  "m": 13872664576,
  "n": 100656944,
  "o": 98493232,
  "p": 117988136,
  "q": 115538016,
  "r": 1285616896,
  "s": 2434642944,
  "t": 1771824896,
  "u": 3359409664
}
