{
  "b": 46.603607177734375,
  "c": 94.22383117675781,
  "d": 53.99882507324219,
  "e": 109.17523956298828,
  "f": 493000000,
  "g": 988000000,
  "h": 604000000,
  "i": 1210000000,
  "j": 485000000,
  "k": 980000000,
  "l": 594000000,
  "m": 1200000000,
  "n": 8080000,
  "o": 8080000,
  "p": 9550000,
  "q": 9550000,
  "r": 42300000,
  "s": 84700000,
  "t": 54700000,
  "u": 110000000
}
