{
  "b": 141.3423614501953,
  "c": 279.4470520019531,
  "d": 195.59019470214844,
  "e": 386.69842529296875,
  "f": 1490000000,
  "g": 2930000000,
  "h": 2180000000,
  "i": 4290000000,
  "j": 1470000000,
  "k": 2910000000,
  "l": 2150000000,
  "m": 4250000000,
  "n": 24700000,
  "o": 24700000,
  "p": 32600000,
  "q": 32600000,
  "r": 78000000,
  "s": 152000000,
  "t": 123000000,
  "u": 240000000
}
