{
  "b": 74.5198974609375,
  "c": 153.49813842773438,
  "d": 83.1624526977539,
  "e": 171.2987823486328,
  "f": 788000000,
  "g": 1610000000,
  "h": 929000000,
  "i": 1900000000,
  "j": 775000000,
  "k": 1600000000,
  "l": 915000000,
  "m": 1880000000,
  "n": 12700000,
  "o": 12700000,
  "p": 14400000,
  "q": 14400000,
  "r": 52000000,
  "s": 106000000,
  "t": 65100000,
  "u": 133000000
}
