{
  "b": 74.5198974609375,
  "c": 153.49813842773438,
  "d": 83.1624526977539,
  "e": 171.2987823486328,
  "f": 787575616,
  "g": 1609224576,
  "h": 929035392,
  "i": 1898847872,
  "j": 775006912,
  "k": 1596380672,
  "l": 914786944,
  "m": 1884286592,
  "n": 12568636,
  "o": 12843981,
  "p": 14248403,
  "q": 14561076,
  "r": 52026224,
  "s": 106233056,
  "t": 65078056,
  "u": 132950288
}
