{
  "b": 90.30909729003906,
  "c": 178.8719482421875,
  "d": 108.20703125,
  "e": 214.32394409179688,
  "f": 956000000,
  "g": 1880000000,
  "h": 1210000000,
  "i": 2380000000,
  "j": 939000000,
  "k": 1860000000,
  "l": 1190000000,
  "m": 2360000000,
  "n": 16300000,
  "o": 16300000,
  "p": 18500000,
  "q": 18500000,
  "r": 59000000,
  "s": 116000000,
  "t": 78100000,
  "u": 153000000
}
