{
  "b": 134.7275848388672,
  "c": 262.2652587890625,
  "d": 149.29531860351562,
  "e": 290.6223449707031,
  "f": 1425196544,
  "g": 2751002624,
  "h": 1669129856,
  "i": 3223082496,
  "j": 1401166848,
  "k": 2727558656,
  "l": 1642248576,
  "m": 3196845824,
  "n": 24029758,
  "o": 23444030,
  "p": 26881496,
  "q": 26236854,
  "r": 82179776,
  "s": 158349344,
  "t": 99876792,
  "u": 192601360
}
