{
  "b": 36.04130935668945,
  "c": 70.88236236572266,
  "d": 42.15633010864258,
  "e": 82.90943908691406,
  "f": 381000000,
  "g": 743000000,
  "h": 471000000,
  "i": 919000000,
  "j": 375000000,
  "k": 737000000,
  "l": 464000000,
  "m": 912000000,
  "n": 6250000,
  "o": 6250000,
  "p": 7310000,
  "q": 7310000,
  "r": 18700000,
  "s": 36400000,
  "t": 24200000,
  "u": 47200000
}
