{
  "b": 1307.6917724609375,
  "c": 2573.25146484375,
  "d": 1403.8555908203125,
  "e": 2762.487548828125,
  "f": 13800000000,
  "g": 27000000000,
  "h": 15700000000,
  "i": 30700000000,
  "j": 13600000000,
  "k": 26800000000,
  "l": 15400000000,
  "m": 30400000000,
  "n": 233000000,
  "o": 233000000,
  "p": 266000000,
  "q": 266000000,
  "r": 6330000000,
  "s": 12400000000,
  "t": 7250000000,
  "u": 14100000000
}
