{
  "b": 25.913848876953125,
  "c": 53.109519958496094,
  "d": 28.494915008544922,
  "e": 58.398860931396484,
  "f": 273983552,
  "g": 556901888,
  "h": 318466624,
  "i": 647504448,
  "j": 269504032,
  "k": 552339008,
  "l": 313444064,
  "m": 642387456,
  "n": 4479499,
  "o": 4562909,
  "p": 5022565,
  "q": 5117024,
  "r": 14160744,
  "s": 28734042,
  "t": 16691294,
  "u": 33886216
}
