{
  "b": 85.86861419677734,
  "c": 173.29090881347656,
  "d": 100.62761688232422,
  "e": 203.07472229003906,
  "f": 907886016,
  "g": 1817136256,
  "h": 1124203904,
  "i": 2251193344,
  "j": 893033600,
  "k": 1802225408,
  "l": 1106903808,
  "m": 2233821952,
  "n": 14852284,
  "o": 14910941,
  "p": 17300180,
  "q": 17371466,
  "r": 105171344,
  "s": 210488448,
  "t": 131547680,
  "u": 263465408
}
