{
  "b": 28.6162052154541,
  "c": 55.94855880737305,
  "d": 32.256431579589844,
  "e": 63.06618118286133,
  "f": 302552128,
  "g": 586693504,
  "h": 360319936,
  "i": 699100544,
  "j": 297608544,
  "k": 581865024,
  "l": 354820768,
  "m": 693728000,
  "n": 4943609,
  "o": 4828577,
  "p": 5499142,
  "q": 5372557,
  "r": 11016176,
  "s": 21331090,
  "t": 15116785,
  "u": 29302040
}
