{
  "b": 8.477060317993164,
  "c": 17.013572692871094,
  "d": 10.059934616088867,
  "e": 20.190019607543945,
  "f": 89600000,
  "g": 178000000,
  "h": 112000000,
  "i": 224000000,
  "j": 88200000,
  "k": 177000000,
  "l": 111000000,
  "m": 222000000,
  "n": 1440000,
  "o": 1440000,
  "p": 1570000,
  "q": 1570000,
  "r": 537000,
  "s": 1070000,
  "t": 725000,
  "u": 1440000
}
