{
  "b": 25.913848876953125,
  "c": 53.109519958496094,
  "d": 28.494915008544922,
  "e": 58.398860931396484,
  "f": 274000000,
  "g": 557000000,
  "h": 318000000,
  "i": 648000000,
  "j": 270000000,
  "k": 552000000,
  "l": 313000000,
  "m": 642000000,
  "n": 4520000,
  "o": 4520000,
  "p": 5070000,
  "q": 5070000,
  "r": 14200000,
  "s": 28700000,
  "t": 16700000,
  "u": 33900000
}
