{
  "b": 99.79669952392578,
  "c": 203.86082458496094,
  "d": 108.63854217529297,
  "e": 221.92062377929688,
  "f": 1060000000,
  "g": 2140000000,
  "h": 1220000000,
  "i": 2460000000,
  "j": 1040000000,
  "k": 2120000000,
  "l": 1200000000,
  "m": 2440000000,
  "n": 17200000,
  "o": 17200000,
  "p": 20400000,
  "q": 20400000,
  "r": 82700000,
  "s": 167000000,
  "t": 101000000,
  "u": 203000000
}
