{
  "b": 28.6162052154541,
  "c": 55.94855880737305,
  "d": 32.256431579589844,
  "e": 63.06618118286133,
  "f": 303000000,
  "g": 587000000,
  "h": 360000000,
  "i": 699000000,
  "j": 298000000,
  "k": 582000000,
  "l": 355000000,
  "m": 694000000,
  "n": 4890000,
  "o": 4890000,
  "p": 5440000,
  "q": 5440000,
  "r": 11000000,
  "s": 21300000,
  "t": 15100000,
  "u": 29300000
}
