{
  "b": 99.79669952392578,
  "c": 203.86082458496094,
  "d": 108.63854217529297,
  "e": 221.92062377929688,
  "f": 1055016640,
  "g": 2137492864,
  "h": 1215255040,
  "i": 2461606656,
  "j": 1037885696,
  "k": 2120152576,
  "l": 1195024000,
  "m": 2441126912,
  "n": 17131036,
  "o": 17340400,
  "p": 20231044,
  "q": 20479796,
  "r": 82666464,
  "s": 167226624,
  "t": 100550216,
  "u": 203401920
}
