{
  "b": 85.86861419677734,
  "c": 173.29090881347656,
  "d": 100.62761688232422,
  "e": 203.07472229003906,
  "f": 908000000,
  "g": 1820000000,
  "h": 1120000000,
  "i": 2250000000,
  "j": 893000000,
  "k": 1800000000,
  "l": 1110000000,
  "m": 2230000000,
  "n": 14900000,
  "o": 14900000,
  "p": 17300000,
  "q": 17300000,
  "r": 105000000,
  "s": 210000000,
  "t": 132000000,
  "u": 263000000
}
