{
  "b": 11.037287712097168,
  "c": 22.260345458984375,
  "d": 13.206628799438477,
  "e": 26.6361083984375,
  "f": 116765616,
  "g": 233508368,
  "h": 147554272,
  "i": 295305792,
  "j": 114787792,
  "k": 231507584,
  "l": 145272912,
  "m": 292997184,
  "n": 1977829,
  "o": 2000821,
  "p": 2281367,
  "q": 2308589,
  "r": 2297950,
  "s": 4588480,
  "t": 3048912,
  "u": 6094705
}
