{
  "b": 13.637999534606934,
  "c": 27.37505531311035,
  "d": 16.508047103881836,
  "e": 33.13578796386719,
  "f": 144179264,
  "g": 287045664,
  "h": 184312640,
  "i": 367219360,
  "j": 141835200,
  "k": 284700576,
  "l": 181588528,
  "m": 364493664,
  "n": 2344047,
  "o": 2345080,
  "p": 2724118,
  "q": 2725699,
  "r": 929176,
  "s": 1846977,
  "t": 1293199,
  "u": 2573058
}
