{
  "b": 18.74285316467285,
  "c": 38.262290954589844,
  "d": 22.151033401489258,
  "e": 45.21931838989258,
  "f": 198000000,
  "g": 401000000,
  "h": 247000000,
  "i": 501000000,
  "j": 195000000,
  "k": 398000000,
  "l": 244000000,
  "m": 497000000,
  "n": 3230000,
  "o": 3230000,
  "p": 3710000,
  "q": 3710000,
  "r": 3570000,
  "s": 7200000,
  "t": 4740000,
  "u": 9590000
}
