{
  "b": 22.141294479370117,
  "c": 45.56828308105469,
  "d": 24.701818466186523,
  "e": 50.83705139160156,
  "f": 234023008,
  "g": 477739520,
  "h": 275970560,
  "i": 563544256,
  "j": 230269456,
  "k": 473910144,
  "l": 271720000,
  "m": 559207552,
  "n": 3753516,
  "o": 3829392,
  "p": 4250559,
  "q": 4336714,
  "r": 3685428,
  "s": 7503063,
  "t": 4684488,
  "u": 9543000
}
