{
  "b": 13.637999534606934,
  "c": 27.37505531311035,
  "d": 16.508047103881836,
  "e": 33.13578796386719,
  "f": 144000000,
  "g": 287000000,
  "h": 184000000,
  "i": 367000000,
  "j": 142000000,
  "k": 285000000,
  "l": 182000000,
  "m": 364000000,
  "n": 2340000,
  "o": 2340000,
  "p": 2720000,
  "q": 2720000,
  "r": 929000,
  "s": 1850000,
  "t": 1290000,
  "u": 2570000
}
