{
  "b": 33.635032653808594,
  "c": 66.59099578857422,
  "d": 38.025413513183594,
  "e": 75.2828369140625,
  "f": 355625184,
  "g": 698284480,
  "h": 424959616,
  "i": 834697472,
  "j": 349804352,
  "k": 692546368,
  "l": 418279552,
  "m": 828111168,
  "n": 5820816,
  "o": 5738142,
  "p": 6680048,
  "q": 6586412,
  "r": 21148462,
  "s": 41478132,
  "t": 26720836,
  "u": 52438612
}
