{
  "b": 11.037287712097168,
  "c": 22.260345458984375,
  "d": 13.206628799438477,
  "e": 26.6361083984375,
  "f": 117000000,
  "g": 234000000,
  "h": 148000000,
  "i": 295000000,
  "j": 115000000,
  "k": 232000000,
  "l": 145000000,
  "m": 293000000,
  "n": 1990000,
  "o": 1990000,
  "p": 2290000,
  "q": 2290000,
  "r": 2300000,
  "s": 4590000,
  "t": 3050000,
  "u": 6090000
}
