{
  "b": 18.74285316467285,
  "c": 38.262290954589844,
  "d": 22.151033401489258,
  "e": 45.21931838989258,
  "f": 198131536,
  "g": 401175104,
  "h": 247344112,
  "i": 501143200,
  "j": 194925664,
  "k": 397927808,
  "l": 243661360,
  "m": 497412512,
  "n": 3205891,
  "o": 3247266,
  "p": 3682763,
  "q": 3730644,
  "r": 3565134,
  "s": 7202582,
  "t": 4742579,
  "u": 9591096
}
