{
  "b": 20.491716384887695,
  "c": 41.6490592956543,
  "d": 22.04159927368164,
  "e": 44.797908782958984,
  "f": 217000000,
  "g": 437000000,
  "h": 246000000,
  "i": 496000000,
  "j": 213000000,
  "k": 433000000,
  "l": 242000000,
  "m": 493000000,
  "n": 3430000,
  "o": 3430000,
  "p": 3690000,
  "q": 3690000,
  "r": 32100000,
  "s": 64800000,
  "t": 36400000,
  "u": 73500000
}
