{
  "b": 17.022075653076172,
  "c": 35.20490646362305,
  "d": 17.7696475982666,
  "e": 36.7506217956543,
  "f": 180000000,
  "g": 369000000,
  "h": 199000000,
  "i": 408000000,
  "j": 177000000,
  "k": 366000000,
  "l": 195000000,
  "m": 404000000,
  "n": 2930000,
  "o": 2930000,
  "p": 3340000,
  "q": 3340000,
  "r": 1820000,
  "s": 3730000,
  "t": 2190000,
  "u": 4480000
}
