{
  "b": 152.7049560546875,
  "c": 295.5007629394531,
  "d": 225.5775146484375,
  "e": 436.52392578125,
  "f": 1620000000,
  "g": 3100000000,
  "h": 2520000000,
  "i": 4840000000,
  "j": 1590000000,
  "k": 3070000000,
  "l": 2480000000,
  "m": 4800000000,
  "n": 28000000,
  "o": 28000000,
  "p": 35900000,
  "q": 35900000,
  "r": 333000000,
  "s": 640000000,
  "t": 502000000,
  "u": 966000000
}
