{
  "b": 152.7049560546875,
  "c": 295.5007629394531,
  "d": 225.5775146484375,
  "e": 436.52392578125,
  "f": 1616388608,
  "g": 3100883712,
  "h": 2517609216,
  "i": 4837288960,
  "j": 1588131584,
  "k": 3073207808,
  "l": 2481352704,
  "m": 4801763328,
  "n": 28257088,
  "o": 27676060,
  "p": 36256416,
  "q": 35526140,
  "r": 333263680,
  "s": 639800320,
  "t": 502178176,
  "u": 965621632
}
