{
  "b": 17.777769088745117,
  "c": 36.907386779785156,
  "d": 20.237394332885742,
  "e": 42.0123405456543,
  "f": 187905088,
  "g": 386937568,
  "h": 225933888,
  "i": 465551360,
  "j": 184888800,
  "k": 383836832,
  "l": 222611344,
  "m": 462135744,
  "n": 3016284,
  "o": 3100712,
  "p": 3322536,
  "q": 3415638,
  "r": 4056890,
  "s": 8334248,
  "t": 5247449,
  "u": 10790481
}
