{
  "b": 17.022075653076172,
  "c": 35.20490646362305,
  "d": 17.7696475982666,
  "e": 36.7506217956543,
  "f": 179920720,
  "g": 369097664,
  "h": 198766736,
  "i": 407643808,
  "j": 177029584,
  "k": 366131008,
  "l": 195466128,
  "m": 404256832,
  "n": 2891161,
  "o": 2966651,
  "p": 3300611,
  "q": 3386945,
  "r": 1822835,
  "s": 3731616,
  "t": 2189981,
  "u": 4483201
}
