{
  "b": 17.777769088745117,
  "c": 36.907386779785156,
  "d": 20.237394332885742,
  "e": 42.0123405456543,
  "f": 188000000,
  "g": 387000000,
  "h": 226000000,
  "i": 466000000,
  "j": 185000000,
  "k": 384000000,
  "l": 223000000,
  "m": 462000000,
  "n": 3060000,
  "o": 3060000,
  "p": 3370000,
  "q": 3370000,
  "r": 4060000,
  "s": 8330000,
  "t": 5250000,
  "u": 10800000
}
