{
  "b": 20.627338409423828,
  "c": 42.40122985839844,
  "d": 24.316110610961914,
  "e": 49.98275375366211,
  "f": 217996416,
  "g": 444505472,
  "h": 271440768,
  "i": 553843136,
  "j": 214524320,
  "k": 440972800,
  "l": 267477216,
  "m": 549810304,
  "n": 3472087,
  "o": 3532688,
  "p": 3963546,
  "q": 4032896,
  "r": 22008140,
  "s": 44861576,
  "t": 30083604,
  "u": 61376548
}
