{
  "b": 20.627338409423828,
  "c": 42.40122985839844,
  "d": 24.316110610961914,
  "e": 49.98275375366211,
  "f": 218000000,
  "g": 445000000,
  "h": 271000000,
  "i": 554000000,
  "j": 215000000,
  "k": 441000000,
  "l": 267000000,
  "m": 550000000,
  "n": 3500000,
  "o": 3500000,
  "p": 4000000,
  "q": 4000000,
  "r": 22000000,
  "s": 44900000,
  "t": 30100000,
  "u": 61400000
}
