{
  "b": 20.491716384887695,
  "c": 41.6490592956543,
  "d": 22.04159927368164,
  "e": 44.797908782958984,
  "f": 216534672,
  "g": 436590624,
  "h": 246140864,
  "i": 496481632,
  "j": 213113856,
  "k": 433150208,
  "l": 242457600,
  "m": 492776992,
  "n": 3420794,
  "o": 3440426,
  "p": 3683286,
  "q": 3704613,
  "r": 32117184,
  "s": 64782496,
  "t": 36416928,
  "u": 73494312
}
