{
  "b": 20.573596954345703,
  "c": 41.337276458740234,
  "d": 22.901533126831055,
  "e": 46.01443862915039,
  "f": 217506640,
  "g": 433452864,
  "h": 255719184,
  "i": 509966240,
  "j": 213965408,
  "k": 429907680,
  "l": 251916864,
  "m": 506158816,
  "n": 3541227,
  "o": 3545187,
  "p": 3802367,
  "q": 3807426,
  "r": 3844031,
  "s": 7650004,
  "t": 4906122,
  "u": 9773529
}
