{
  "b": 20.573596954345703,
  "c": 41.337276458740234,
  "d": 22.901533126831055,
  "e": 46.01443862915039,
  "f": 218000000,
  "g": 433000000,
  "h": 256000000,
  "i": 510000000,
  "j": 214000000,
  "k": 430000000,
  "l": 252000000,
  "m": 506000000,
  "n": 3540000,
  "o": 3540000,
  "p": 3800000,
  "q": 3800000,
  "r": 3840000,
  "s": 7650000,
  "t": 4910000,
  "u": 9770000
}
