{
  "b": 31.2520809173584,
  "c": 63.52846908569336,
  "d": 32.78605270385742,
  "e": 66.6458969116211,
  "f": 330000000,
  "g": 666000000,
  "h": 367000000,
  "i": 739000000,
  "j": 325000000,
  "k": 661000000,
  "l": 361000000,
  "m": 733000000,
  "n": 5480000,
  "o": 5480000,
  "p": 6290000,
  "q": 6290000,
  "r": 10500000,
  "s": 21000000,
  "t": 12200000,
  "u": 24500000
}
