{
  "b": 50.55927276611328,
  "c": 101.23360443115234,
  "d": 58.596248626708984,
  "e": 117.32754516601562,
  "f": 534000000,
  "g": 1060000000,
  "h": 654000000,
  "i": 1300000000,
  "j": 526000000,
  "k": 1050000000,
  "l": 645000000,
  "m": 1290000000,
  "n": 8600000,
  "o": 8600000,
  "p": 9640000,
  "q": 9640000,
  "r": 9010000,
  "s": 17900000,
  "t": 11900000,
  "u": 23500000
}
