{
  "b": 50.55927276611328,
  "c": 101.23360443115234,
  "d": 58.596248626708984,
  "e": 117.32754516601562,
  "f": 534427744,
  "g": 1061419072,
  "h": 654208768,
  "i": 1300229504,
  "j": 525816448,
  "k": 1052829504,
  "l": 644558720,
  "m": 1290603008,
  "n": 8611283,
  "o": 8589590,
  "p": 9650096,
  "q": 9626600,
  "r": 9012426,
  "s": 17853630,
  "t": 11860396,
  "u": 23519004
}
