{
  "b": 24.051803588867188,
  "c": 45.685768127441406,
  "d": 25.6204776763916,
  "e": 48.66489791870117,
  "f": 254267360,
  "g": 479054112,
  "h": 286294688,
  "i": 539561280,
  "j": 250138752,
  "k": 475132000,
  "l": 281825248,
  "m": 535313888,
  "n": 4128539,
  "o": 3922112,
  "p": 4469446,
  "q": 4247425,
  "r": 7832406,
  "s": 14736691,
  "t": 9462661,
  "u": 17813960
}
