{
  "b": 11.19993782043457,
  "c": 22.36189842224121,
  "d": 13.698699951171875,
  "e": 27.351499557495117,
  "f": 118000000,
  "g": 235000000,
  "h": 153000000,
  "i": 303000000,
  "j": 116000000,
  "k": 233000000,
  "l": 151000000,
  "m": 301000000,
  "n": 1950000,
  "o": 1950000,
  "p": 2210000,
  "q": 2210000,
  "r": 1630000,
  "s": 3220000,
  "t": 2200000,
  "u": 4360000
}
