{
  "b": 19.833526611328125,
  "c": 40.10604476928711,
  "d": 21.63306999206543,
  "e": 43.74542236328125,
  "f": 210000000,
  "g": 421000000,
  "h": 242000000,
  "i": 485000000,
  "j": 206000000,
  "k": 417000000,
  "l": 238000000,
  "m": 481000000,
  "n": 3500000,
  "o": 3500000,
  "p": 4090000,
  "q": 4090000,
  "r": 4310000,
  "s": 8630000,
  "t": 5220000,
  "u": 10500000
}
