{
  "b": 59.28120040893555,
  "c": 118.59871673583984,
  "d": 67.86539459228516,
  "e": 135.77154541015625,
  "f": 626476800,
  "g": 1243329024,
  "h": 758256960,
  "i": 1505166848,
  "j": 616524480,
  "k": 1233426688,
  "l": 746519360,
  "m": 1493486976,
  "n": 9952333,
  "o": 9902142,
  "p": 11737558,
  "q": 11679974,
  "r": 6630188,
  "s": 13124722,
  "t": 8637373,
  "u": 17106760
}
