{
  "b": 44.04768371582031,
  "c": 86.84025573730469,
  "d": 51.93704605102539,
  "e": 102.39341735839844,
  "f": 466000000,
  "g": 911000000,
  "h": 580000000,
  "i": 1130000000,
  "j": 458000000,
  "k": 903000000,
  "l": 571000000,
  "m": 1130000000,
  "n": 7580000,
  "o": 7580000,
  "p": 8700000,
  "q": 8700000,
  "r": 16100000,
  "s": 31500000,
  "t": 21300000,
  "u": 41600000
}
