{
  "b": 19.833526611328125,
  "c": 40.10604476928711,
  "d": 21.63306999206543,
  "e": 43.74542236328125,
  "f": 209745072,
  "g": 420618432,
  "h": 242026400,
  "i": 485309408,
  "j": 206268672,
  "k": 417102848,
  "l": 237963760,
  "m": 481199648,
  "n": 3476394,
  "o": 3515594,
  "p": 4062667,
  "q": 4109752,
  "r": 4313821,
  "s": 8632785,
  "t": 5224619,
  "u": 10457343
}
