{
  "b": 25.990827560424805,
  "c": 52.57305908203125,
  "d": 28.136873245239258,
  "e": 56.91154098510742,
  "f": 274679296,
  "g": 551141632,
  "h": 314404544,
  "i": 630933952,
  "j": 270304608,
  "k": 546759808,
  "l": 309505600,
  "m": 626026944,
  "n": 4374677,
  "o": 4381700,
  "p": 4898918,
  "q": 4906970,
  "r": 28564774,
  "s": 57329944,
  "t": 33348892,
  "u": 66940800
}
