{
  "b": 59.28120040893555,
  "c": 118.59871673583984,
  "d": 67.86539459228516,
  "e": 135.77154541015625,
  "f": 626000000,
  "g": 1240000000,
  "h": 758000000,
  "i": 1510000000,
  "j": 617000000,
  "k": 1230000000,
  "l": 747000000,
  "m": 1490000000,
  "n": 9930000,
  "o": 9930000,
  "p": 11700000,
  "q": 11700000,
  "r": 6630000,
  "s": 13100000,
  "t": 8640000,
  "u": 17100000
}
