{
  "b": 44.04768371582031,
  "c": 86.84025573730469,
  "d": 51.93704605102539,
  "e": 102.39341735839844,
  "f": 465745344,
  "g": 910656768,
  "h": 580083584,
  "i": 1134955392,
  "j": 458095904,
  "k": 903138688,
  "l": 571307520,
  "m": 1126327552,
  "n": 7649409,
  "o": 7518184,
  "p": 8776128,
  "q": 8627770,
  "r": 16143490,
  "s": 31507576,
  "t": 21288292,
  "u": 41589896
}
