{
  "b": 170.80992126464844,
  "c": 340.8013916015625,
  "d": 202.65325927734375,
  "e": 404.3497314453125,
  "f": 1810000000,
  "g": 3580000000,
  "h": 2260000000,
  "i": 4480000000,
  "j": 1780000000,
  "k": 3540000000,
  "l": 2230000000,
  "m": 4450000000,
  "n": 30900000,
  "o": 30900000,
  "p": 35500000,
  "q": 35500000,
  "r": 206000000,
  "s": 407000000,
  "t": 266000000,
  "u": 526000000
}
