{
  "b": 170.80992126464844,
  "c": 340.8013916015625,
  "d": 202.65325927734375,
  "e": 404.3497314453125,
  "f": 1807409536,
  "g": 3575211520,
  "h": 2264775936,
  "i": 4483318784,
  "j": 1776423168,
  "k": 3544334592,
  "l": 2229185792,
  "m": 4447846912,
  "n": 30986274,
  "o": 30876956,
  "p": 35590120,
  "q": 35471784,
  "r": 206176880,
  "s": 407275360,
  "t": 266121312,
  "u": 526238336
}
