{
  "b": 73.94404602050781,
  "c": 150.55238342285156,
  "d": 86.95305633544922,
  "e": 177.03836059570312,
  "f": 782000000,
  "g": 1580000000,
  "h": 972000000,
  "i": 1960000000,
  "j": 769000000,
  "k": 1570000000,
  "l": 956000000,
  "m": 1950000000,
  "n": 13100000,
  "o": 13100000,
  "p": 15500000,
  "q": 15500000,
  "r": 79100000,
  "s": 159000000,
  "t": 103000000,
  "u": 207000000
}
