{
  "b": 73.94404602050781,
  "c": 150.55238342285156,
  "d": 86.95305633544922,
  "e": 177.03836059570312,
  "f": 782003776,
  "g": 1578889344,
  "h": 971892480,
  "i": 1963022336,
  "j": 769018048,
  "k": 1565744768,
  "l": 956483648,
  "m": 1947421952,
  "n": 12985808,
  "o": 13144576,
  "p": 15408820,
  "q": 15600366,
  "r": 79052464,
  "s": 159417408,
  "t": 102751336,
  "u": 207340448
}
