{
  "b": 27.35930061340332,
  "c": 55.18238830566406,
  "d": 33.49046325683594,
  "e": 67.5481185913086,
  "f": 289000000,
  "g": 579000000,
  "h": 374000000,
  "i": 749000000,
  "j": 285000000,
  "k": 574000000,
  "l": 368000000,
  "m": 743000000,
  "n": 4740000,
  "o": 4740000,
  "p": 5680000,
  "q": 5680000,
  "r": 11900000,
  "s": 23800000,
  "t": 16100000,
  "u": 32200000
}
