{
  "b": 20.02195167541504,
  "c": 41.42545700073242,
  "d": 23.484756469726562,
  "e": 48.5891227722168,
  "f": 212000000,
  "g": 434000000,
  "h": 262000000,
  "i": 539000000,
  "j": 208000000,
  "k": 431000000,
  "l": 258000000,
  "m": 534000000,
  "n": 3440000,
  "o": 3440000,
  "p": 4120000,
  "q": 4120000,
  "r": 2400000,
  "s": 4920000,
  "t": 3270000,
  "u": 6700000
}
