{
  "b": 27.35930061340332,
  "c": 55.18238830566406,
  "d": 33.49046325683594,
  "e": 67.5481185913086,
  "f": 289267712,
  "g": 578638592,
  "h": 374069824,
  "i": 748717696,
  "j": 284536736,
  "k": 573896832,
  "l": 368395104,
  "m": 743029312,
  "n": 4730921,
  "o": 4741671,
  "p": 5674717,
  "q": 5688404,
  "r": 11941938,
  "s": 23846872,
  "t": 16131919,
  "u": 32244254
}
