{
  "b": 18.225597381591797,
  "c": 37.382938385009766,
  "d": 18.602468490600586,
  "e": 38.15503692626953,
  "f": 193000000,
  "g": 392000000,
  "h": 208000000,
  "i": 423000000,
  "j": 190000000,
  "k": 389000000,
  "l": 205000000,
  "m": 420000000,
  "n": 3090000,
  "o": 3090000,
  "p": 3410000,
  "q": 3410000,
  "r": 10900000,
  "s": 22200000,
  "t": 12500000,
  "u": 25400000
}
