{
  "b": 18.025217056274414,
  "c": 34.487056732177734,
  "d": 22.700471878051758,
  "e": 43.4321403503418,
  "f": 191000000,
  "g": 362000000,
  "h": 253000000,
  "i": 481000000,
  "j": 187000000,
  "k": 359000000,
  "l": 250000000,
  "m": 478000000,
  "n": 3150000,
  "o": 3150000,
  "p": 3530000,
  "q": 3530000,
  "r": 3350000,
  "s": 6350000,
  "t": 4760000,
  "u": 9040000
}
