{
  "b": 18.225597381591797,
  "c": 37.382938385009766,
  "d": 18.602468490600586,
  "e": 38.15503692626953,
  "f": 192611840,
  "g": 391898016,
  "h": 208012976,
  "i": 423146464,
  "j": 189546208,
  "k": 388782560,
  "l": 204627152,
  "m": 419705408,
  "n": 3065658,
  "o": 3115500,
  "p": 3385811,
  "q": 3441063,
  "r": 10932697,
  "s": 22237548,
  "t": 12472832,
  "u": 25370464
}
