{
  "b": 190.29193115234375,
  "c": 375.7900695800781,
  "d": 208.23422241210938,
  "e": 411.2122802734375,
  "f": 2010000000,
  "g": 3940000000,
  "h": 2330000000,
  "i": 4560000000,
  "j": 1980000000,
  "k": 3910000000,
  "l": 2290000000,
  "m": 4520000000,
  "n": 31800000,
  "o": 31800000,
  "p": 35800000,
  "q": 35800000,
  "r": 183000000,
  "s": 357000000,
  "t": 222000000,
  "u": 434000000
}
