{
  "b": 8.873819351196289,
  "c": 17.240633010864258,
  "d": 10.719292640686035,
  "e": 20.826032638549805,
  "f": 93800000,
  "g": 181000000,
  "h": 120000000,
  "i": 231000000,
  "j": 92300000,
  "k": 179000000,
  "l": 118000000,
  "m": 229000000,
  "n": 1490000,
  "o": 1490000,
  "p": 1660000,
  "q": 1660000,
  "r": 961000,
  "s": 1850000,
  "t": 1330000,
  "u": 2570000
}
