{
  "b": 190.29193115234375,
  "c": 375.7900695800781,
  "d": 208.23422241210938,
  "e": 411.2122802734375,
  "f": 2011114368,
  "g": 3939642880,
  "h": 2326786304,
  "i": 4558811648,
  "j": 1979036032,
  "k": 3908216576,
  "l": 2290576384,
  "m": 4523335168,
  "n": 32078402,
  "o": 31426112,
  "p": 36209944,
  "q": 35476516,
  "r": 182602688,
  "s": 356943584,
  "t": 221742016,
  "u": 433641888
}
