{
  "b": 30.186723709106445,
  "c": 59.28340148925781,
  "d": 34.37553024291992,
  "e": 67.50992584228516,
  "f": 319000000,
  "g": 622000000,
  "h": 384000000,
  "i": 748000000,
  "j": 314000000,
  "k": 617000000,
  "l": 378000000,
  "m": 743000000,
  "n": 5150000,
  "o": 5150000,
  "p": 5750000,
  "q": 5750000,
  "r": 15300000,
  "s": 29900000,
  "t": 19500000,
  "u": 38000000
}
