{
  "b": 8.873819351196289,
  "c": 17.240633010864258,
  "d": 10.719292640686035,
  "e": 20.826032638549805,
  "f": 93804192,
  "g": 180774912,
  "h": 119597600,
  "i": 230723008,
  "j": 92287720,
  "k": 179302576,
  "l": 117912216,
  "m": 229086368,
  "n": 1516489,
  "o": 1472341,
  "p": 1685373,
  "q": 1636656,
  "r": 961230,
  "s": 1849562,
  "t": 1331834,
  "u": 2566113
}
