{
  "b": 17.225439071655273,
  "c": 35.07123565673828,
  "d": 19.757823944091797,
  "e": 40.22677993774414,
  "f": 182072960,
  "g": 367700896,
  "h": 220624832,
  "i": 445819136,
  "j": 179144560,
  "k": 364740864,
  "l": 217336064,
  "m": 442494560,
  "n": 2928407,
  "o": 2960073,
  "p": 3288788,
  "q": 3324581,
  "r": 46664364,
  "s": 94295784,
  "t": 56818620,
  "u": 114898912
}
