{
  "b": 75.44955444335938,
  "c": 153.68792724609375,
  "d": 79.64338684082031,
  "e": 162.22821044921875,
  "f": 798000000,
  "g": 1610000000,
  "h": 890000000,
  "i": 1800000000,
  "j": 785000000,
  "k": 1600000000,
  "l": 876000000,
  "m": 1780000000,
  "n": 12900000,
  "o": 12900000,
  "p": 14300000,
  "q": 14300000,
  "r": 143000000,
  "s": 288000000,
  "t": 160000000,
  "u": 324000000
}
