{
  "b": 77.0020523071289,
  "c": 153.5263214111328,
  "d": 78.77152252197266,
  "e": 157.05259704589844,
  "f": 814000000,
  "g": 1610000000,
  "h": 881000000,
  "i": 1740000000,
  "j": 801000000,
  "k": 1600000000,
  "l": 866000000,
  "m": 1730000000,
  "n": 13100000,
  "o": 13100000,
  "p": 14100000,
  "q": 14100000,
  "r": 95600000,
  "s": 189000000,
  "t": 104000000,
  "u": 205000000
}
