{
  "b": 6.033853054046631,
  "c": 12.302824974060059,
  "d": 6.275039196014404,
  "e": 12.794477462768555,
  "f": 63795120,
  "g": 129007608,
  "h": 70184632,
  "i": 141915584,
  "j": 62752072,
  "k": 127949376,
  "l": 69025432,
  "m": 140739248,
  "n": 1043047,
  "o": 1058225,
  "p": 1159209,
  "q": 1176320,
  "r": 898045,
  "s": 1814638,
  "t": 1077683,
  "u": 2178022
}
