{
  "b": 24.527599334716797,
  "c": 47.68537902832031,
  "d": 27.27725601196289,
  "e": 53.03083801269531,
  "f": 259298944,
  "g": 500014752,
  "h": 304827936,
  "i": 587976576,
  "j": 255087040,
  "k": 495927936,
  "l": 300049824,
  "m": 583339200,
  "n": 4211917,
  "o": 4086857,
  "p": 4778111,
  "q": 4637452,
  "r": 7935893,
  "s": 15286992,
  "t": 10084381,
  "u": 19436480
}
