{
  "b": 65.15210723876953,
  "c": 133.44268798828125,
  "d": 81.97882080078125,
  "e": 167.89944458007812,
  "f": 688521344,
  "g": 1398892544,
  "h": 915214208,
  "i": 1860524928,
  "j": 677581888,
  "k": 1387804032,
  "l": 901767040,
  "m": 1846893952,
  "n": 10939469,
  "o": 11088831,
  "p": 13447075,
  "q": 13630947,
  "r": 117731456,
  "s": 239265184,
  "t": 151818144,
  "u": 308752032
}
