{
  "b": 29.92942237854004,
  "c": 60.8468132019043,
  "d": 33.85591125488281,
  "e": 68.82821655273438,
  "f": 316371808,
  "g": 637964800,
  "h": 378362048,
  "i": 763118784,
  "j": 311265984,
  "k": 632806848,
  "l": 372415040,
  "m": 757110400,
  "n": 5105830,
  "o": 5157998,
  "p": 5946970,
  "q": 6008300,
  "r": 5218139,
  "s": 10498498,
  "t": 6774547,
  "u": 13636556
}
