{
  "b": 29.92942237854004,
  "c": 60.8468132019043,
  "d": 33.85591125488281,
  "e": 68.82821655273438,
  "f": 316000000,
  "g": 638000000,
  "h": 378000000,
  "i": 763000000,
  "j": 311000000,
  "k": 633000000,
  "l": 372000000,
  "m": 757000000,
  "n": 5130000,
  "o": 5130000,
  "p": 5980000,
  "q": 5980000,
  "r": 5220000,
  "s": 10500000,
  "t": 6770000,
  "u": 13600000
}
