{
  "b": 6.033853054046631,
  "c": 12.302824974060059,
  "d": 6.275039196014404,
  "e": 12.794477462768555,
  "f": 63800000,
  "g": 129000000,
  "h": 70200000,
  "i": 142000000,
  "j": 62800000,
  "k": 128000000,
  "l": 69000000,
  "m": 141000000,
  "n": 1050000,
  "o": 1050000,
  "p": 1170000,
  "q": 1170000,
  "r": 898000,
  "s": 1810000,
  "t": 1080000,
  "u": 2180000
}
