{
  "b": 77.0020523071289,
  "c": 153.5263214111328,
  "d": 78.77152252197266,
  "e": 157.05259704589844,
  "f": 813973184,
  "g": 1609752320,
  "h": 880576128,
  "i": 1741592576,
  "j": 800821312,
  "k": 1596673664,
  "l": 866486784,
  "m": 1727578624,
  "n": 13151870,
  "o": 13078754,
  "p": 14089393,
  "q": 14014173,
  "r": 95588168,
  "s": 189042112,
  "t": 103589568,
  "u": 204913056
}
