{
  "b": 65.15210723876953,
  "c": 133.44268798828125,
  "d": 81.97882080078125,
  "e": 167.89944458007812,
  "f": 689000000,
  "g": 1400000000,
  "h": 915000000,
  "i": 1860000000,
  "j": 678000000,
  "k": 1390000000,
  "l": 902000000,
  "m": 1850000000,
  "n": 11000000,
  "o": 11000000,
  "p": 13500000,
  "q": 13500000,
  "r": 118000000,
  "s": 239000000,
  "t": 152000000,
  "u": 309000000
}
