{
  "b": 24.527599334716797,
  "c": 47.68537902832031,
  "d": 27.27725601196289,
  "e": 53.03083801269531,
  "f": 259000000,
  "g": 500000000,
  "h": 305000000,
  "i": 588000000,
  "j": 255000000,
  "k": 496000000,
  "l": 300000000,
  "m": 583000000,
  "n": 4150000,
  "o": 4150000,
  "p": 4710000,
  "q": 4710000,
  "r": 7940000,
  "s": 15300000,
  "t": 10100000,
  "u": 19400000
}
