{
  "b": 18.373945236206055,
  "c": 36.1721305847168,
  "d": 21.124433517456055,
  "e": 41.587589263916016,
  "f": 194294368,
  "g": 379345792,
  "h": 236022144,
  "i": 461060832,
  "j": 191089024,
  "k": 376190176,
  "l": 232368768,
  "m": 457463488,
  "n": 3205350,
  "o": 3155579,
  "p": 3653359,
  "q": 3597359,
  "r": 4682006,
  "s": 9130742,
  "t": 5981283,
  "u": 11674019
}
