{
  "b": 29.48273468017578,
  "c": 56.262271881103516,
  "d": 33.8765983581543,
  "e": 64.64746856689453,
  "f": 311767008,
  "g": 590037632,
  "h": 378654624,
  "i": 716859008,
  "j": 306620448,
  "k": 585127616,
  "l": 372642592,
  "m": 711122176,
  "n": 5146561,
  "o": 4909987,
  "p": 6012049,
  "q": 5736738,
  "r": 9259515,
  "s": 17504812,
  "t": 11809737,
  "u": 22338744
}
