{
  "b": 29.48273468017578,
  "c": 56.262271881103516,
  "d": 33.8765983581543,
  "e": 64.64746856689453,
  "f": 312000000,
  "g": 590000000,
  "h": 379000000,
  "i": 717000000,
  "j": 307000000,
  "k": 585000000,
  "l": 373000000,
  "m": 711000000,
  "n": 5030000,
  "o": 5030000,
  "p": 5870000,
  "q": 5870000,
  "r": 9260000,
  "s": 17500000,
  "t": 11800000,
  "u": 22300000
}
