{
  "b": 18.373945236206055,
  "c": 36.1721305847168,
  "d": 21.124433517456055,
  "e": 41.587589263916016,
  "f": 194000000,
  "g": 379000000,
  "h": 236000000,
  "i": 461000000,
  "j": 191000000,
  "k": 376000000,
  "l": 232000000,
  "m": 457000000,
  "n": 3180000,
  "o": 3180000,
  "p": 3630000,
  "q": 3630000,
  "r": 4680000,
  "s": 9130000,
  "t": 5980000,
  "u": 11700000
}
