{
  "b": 3.823711633682251,
  "c": 7.849621772766113,
  "d": 4.357203960418701,
  "e": 8.944684982299805,
  "f": 40429536,
  "g": 82310608,
  "h": 48675244,
  "i": 99150704,
  "j": 39766600,
  "k": 81636064,
  "l": 47929244,
  "m": 98391536,
  "n": 662936,
  "o": 674557,
  "p": 746001,
  "q": 759179,
  "r": 1730515,
  "s": 3521712,
  "t": 2216464,
  "u": 4515065
}
