{
  "b": 1.9059176445007324,
  "c": 3.9990170001983643,
  "d": 1.9136171340942383,
  "e": 4.014987945556641,
  "f": 20200000,
  "g": 41900000,
  "h": 21400000,
  "i": 44600000,
  "j": 19800000,
  "k": 41600000,
  "l": 21000000,
  "m": 44200000,
  "n": 344000,
  "o": 344000,
  "p": 380000,
  "q": 380000,
  "r": 323000,
  "s": 672000,
  "t": 357000,
  "u": 741000
}
