{
  "b": 3.0948939323425293,
  "c": 6.513836860656738,
  "d": 3.407132387161255,
  "e": 7.17065954208374,
  "f": 32700000,
  "g": 68300000,
  "h": 38100000,
  "i": 79500000,
  "j": 32200000,
  "k": 67700000,
  "l": 37500000,
  "m": 78900000,
  "n": 551000,
  "o": 551000,
  "p": 604000,
  "q": 604000,
  "r": 621000,
  "s": 1290000,
  "t": 756000,
  "u": 1580000
}
