{
  "b": 1.9059176445007324,
  "c": 3.9990170001983643,
  "d": 1.9136171340942383,
  "e": 4.014987945556641,
  "f": 20159038,
  "g": 41939424,
  "h": 21423122,
  "i": 44551672,
  "j": 19821544,
  "k": 41589776,
  "l": 21049788,
  "m": 44164868,
  "n": 337496,
  "o": 349647,
  "p": 373336,
  "q": 386802,
  "r": 323435,
  "s": 671958,
  "t": 356586,
  "u": 740899
}
