{
  "b": 1.287881851196289,
  "c": 2.6964008808135986,
  "d": 1.205920696258545,
  "e": 2.524685859680176,
  "f": 13600000,
  "g": 28300000,
  "h": 13500000,
  "i": 28000000,
  "j": 13400000,
  "k": 28000000,
  "l": 13300000,
  "m": 27800000,
  "n": 232000,
  "o": 232000,
  "p": 248000,
  "q": 248000,
  "r": 189000,
  "s": 392000,
  "t": 199000,
  "u": 413000
}
