{
  "b": 0.7005053758621216,
  "c": 1.4809746742248535,
  "d": 0.7158879637718201,
  "e": 1.513414740562439,
  "f": 7410000,
  "g": 15500000,
  "h": 8010000,
  "i": 16800000,
  "j": 7290000,
  "k": 15400000,
  "l": 7870000,
  "m": 16600000,
  "n": 127000,
  "o": 127000,
  "p": 137000,
  "q": 137000,
  "r": 88400,
  "s": 185000,
  "t": 101000,
  "u": 212000
}
