{
  "b": 0.7005053758621216,
  "c": 1.4809746742248535,
  "d": 0.7158879637718201,
  "e": 1.513414740562439,
  "f": 7409771,
  "g": 15531917,
  "h": 8008893,
  "i": 16787360,
  "j": 7285256,
  "k": 15402136,
  "l": 7874768,
  "m": 16647562,
  "n": 124514,
  "o": 129780,
  "p": 134124,
  "q": 139802,
  "r": 88413,
  "s": 185062,
  "t": 101155,
  "u": 211804
}
