{
  "b": 3.0948939323425293,
  "c": 6.513836860656738,
  "d": 3.407132387161255,
  "e": 7.17065954208374,
  "f": 32727548,
  "g": 68305744,
  "h": 38070756,
  "i": 79492808,
  "j": 32186898,
  "k": 67743904,
  "l": 37478456,
  "m": 78877256,
  "n": 540647,
  "o": 561844,
  "p": 592303,
  "q": 615552,
  "r": 620719,
  "s": 1293067,
  "t": 755857,
  "u": 1575857
}
