{
  "b": 3.823711633682251,
  "c": 7.849621772766113,
  "d": 4.357203960418701,
  "e": 8.944684982299805,
  "f": 40400000,
  "g": 82300000,
  "h": 48700000,
  "i": 99200000,
  "j": 39800000,
  "k": 81600000,
  "l": 47900000,
  "m": 98400000,
  "n": 669000,
  "o": 669000,
  "p": 753000,
  "q": 753000,
  "r": 1730000,
  "s": 3520000,
  "t": 2220000,
  "u": 4520000
}
