{
  "b": 5.67695426940918,
  "c": 11.041839599609375,
  "d": 6.543562412261963,
  "e": 12.727187156677246,
  "f": 60000000,
  "g": 116000000,
  "h": 73100000,
  "i": 141000000,
  "j": 59000000,
  "k": 115000000,
  "l": 72000000,
  "m": 140000000,
  "n": 974000,
  "o": 974000,
  "p": 1130000,
  "q": 1130000,
  "r": 1600000,
  "s": 3070000,
  "t": 2030000,
  "u": 3900000
}
