{
  "b": 4.965516090393066,
  "c": 9.915619850158691,
  "d": 5.805520534515381,
  "e": 11.5927734375,
  "f": 52510504,
  "g": 103984072,
  "h": 64851880,
  "i": 128503216,
  "j": 51641368,
  "k": 103122448,
  "l": 63860728,
  "m": 127520504,
  "n": 869139,
  "o": 861614,
  "p": 991145,
  "q": 982716,
  "r": 1179857,
  "s": 2331995,
  "t": 1511293,
  "u": 2989979
}
