{
  "b": 4.965516090393066,
  "c": 9.915619850158691,
  "d": 5.805520534515381,
  "e": 11.5927734375,
  "f": 52500000,
  "g": 104000000,
  "h": 64900000,
  "i": 129000000,
  "j": 51600000,
  "k": 103000000,
  "l": 63900000,
  "m": 128000000,
  "n": 865000,
  "o": 865000,
  "p": 987000,
  "q": 987000,
  "r": 1180000,
  "s": 2330000,
  "t": 1510000,
  "u": 2990000
}
