{
  "b": 6.820745468139648,
  "c": 13.762401580810547,
  "d": 8.375260353088379,
  "e": 16.89912223815918,
  "f": 72135000,
  "g": 144328704,
  "h": 93536472,
  "i": 187299648,
  "j": 70935752,
  "k": 143128976,
  "l": 92127864,
  "m": 185890352,
  "n": 1199239,
  "o": 1199734,
  "p": 1408618,
  "q": 1409305,
  "r": 1554652,
  "s": 3103753,
  "t": 2054962,
  "u": 4107232
}
