{
  "b": 27.8168888092041,
  "c": 56.877315521240234,
  "d": 31.77432632446289,
  "e": 64.96717834472656,
  "f": 294152352,
  "g": 596437696,
  "h": 355050048,
  "i": 720236864,
  "j": 289295648,
  "k": 591524096,
  "l": 349517600,
  "m": 714638976,
  "n": 4856686,
  "o": 4913682,
  "p": 5532445,
  "q": 5597914,
  "r": 44524728,
  "s": 90249088,
  "t": 53735896,
  "u": 108990832
}
