{
  "b": 4.984737396240234,
  "c": 10.505175590515137,
  "d": 5.560740947723389,
  "e": 11.718490600585938,
  "f": 52728580,
  "g": 110176472,
  "h": 62174348,
  "i": 129949712,
  "j": 51841268,
  "k": 109253824,
  "l": 61168148,
  "m": 128903400,
  "n": 887313,
  "o": 922657,
  "p": 1006197,
  "q": 1046307,
  "r": 1243126,
  "s": 2594802,
  "t": 1543643,
  "u": 3224262
}
