{
  "b": 27.8168888092041,
  "c": 56.877315521240234,
  "d": 31.77432632446289,
  "e": 64.96717834472656,
  "f": 294000000,
  "g": 596000000,
  "h": 355000000,
  "i": 720000000,
  "j": 289000000,
  "k": 592000000,
  "l": 350000000,
  "m": 715000000,
  "n": 4890000,
  "o": 4890000,
  "p": 5570000,
  "q": 5570000,
  "r": 44500000,
  "s": 90200000,
  "t": 53700000,
  "u": 109000000
}
