{
  "b": 2.9497218132019043,
  "c": 6.01101016998291,
  "d": 3.3352465629577637,
  "e": 6.796286582946777,
  "f": 31198324,
  "g": 63039208,
  "h": 37281092,
  "i": 75356544,
  "j": 30677106,
  "k": 62514508,
  "l": 36687712,
  "m": 74759152,
  "n": 521218,
  "o": 524701,
  "p": 593381,
  "q": 597389,
  "r": 709055,
  "s": 1431093,
  "t": 895165,
  "u": 1807977
}
