{
  "b": 1.9032812118530273,
  "c": 3.930140495300293,
  "d": 2.100303888320923,
  "e": 4.336780071258545,
  "f": 20100000,
  "g": 41200000,
  "h": 23500000,
  "i": 48100000,
  "j": 19800000,
  "k": 40900000,
  "l": 23100000,
  "m": 47700000,
  "n": 338000,
  "o": 338000,
  "p": 363000,
  "q": 363000,
  "r": 385000,
  "s": 789000,
  "t": 475000,
  "u": 973000
}
