{
  "b": 3.868084669113159,
  "c": 7.9330291748046875,
  "d": 4.675815582275391,
  "e": 9.589398384094238,
  "f": 40900000,
  "g": 83200000,
  "h": 52200000,
  "i": 106000000,
  "j": 40200000,
  "k": 82500000,
  "l": 51400000,
  "m": 105000000,
  "n": 673000,
  "o": 673000,
  "p": 759000,
  "q": 759000,
  "r": 611000,
  "s": 1240000,
  "t": 816000,
  "u": 1660000
}
