{
  "b": 1.9032812118530273,
  "c": 3.930140495300293,
  "d": 2.100303888320923,
  "e": 4.336780071258545,
  "f": 20128894,
  "g": 41215192,
  "h": 23462904,
  "i": 48071644,
  "j": 19794124,
  "k": 40873460,
  "l": 23103344,
  "m": 47704580,
  "n": 334770,
  "o": 341734,
  "p": 359558,
  "q": 367062,
  "r": 385356,
  "s": 788626,
  "t": 475148,
  "u": 973302
}
