{
  "b": 3.75671648979187,
  "c": 7.855375289916992,
  "d": 4.343506336212158,
  "e": 9.081894874572754,
  "f": 39700000,
  "g": 82400000,
  "h": 48500000,
  "i": 101000000,
  "j": 39100000,
  "k": 81700000,
  "l": 47800000,
  "m": 99900000,
  "n": 675000,
  "o": 675000,
  "p": 755000,
  "q": 755000,
  "r": 1030000,
  "s": 2140000,
  "t": 1320000,
  "u": 2740000
}
