{
  "b": 3.868084669113159,
  "c": 7.9330291748046875,
  "d": 4.675815582275391,
  "e": 9.589398384094238,
  "f": 40895848,
  "g": 83181888,
  "h": 52187160,
  "i": 106248624,
  "j": 40228080,
  "k": 82503504,
  "l": 51433972,
  "m": 105483384,
  "n": 667763,
  "o": 678392,
  "p": 753184,
  "q": 765248,
  "r": 610519,
  "s": 1239816,
  "t": 816146,
  "u": 1659448
}
