{
  "b": 2.9497218132019043,
  "c": 6.01101016998291,
  "d": 3.3352465629577637,
  "e": 6.796286582946777,
  "f": 31200000,
  "g": 63000000,
  "h": 37300000,
  "i": 75400000,
  "j": 30700000,
  "k": 62500000,
  "l": 36700000,
  "m": 74800000,
  "n": 523000,
  "o": 523000,
  "p": 595000,
  "q": 595000,
  "r": 709000,
  "s": 1430000,
  "t": 895000,
  "u": 1810000
}
