{
  "b": 2.6915252208709717,
  "c": 5.7251081466674805,
  "d": 3.028254508972168,
  "e": 6.441019535064697,
  "f": 28470782,
  "g": 60043244,
  "h": 33835128,
  "i": 71400960,
  "j": 27991862,
  "k": 59541124,
  "l": 33310800,
  "m": 70851216,
  "n": 478922,
  "o": 502117,
  "p": 524331,
  "q": 549741,
  "r": 592762,
  "s": 1248128,
  "t": 726590,
  "u": 1531589
}
