{
  "b": 2.6915252208709717,
  "c": 5.7251081466674805,
  "d": 3.028254508972168,
  "e": 6.441019535064697,
  "f": 28500000,
  "g": 60000000,
  "h": 33800000,
  "i": 71400000,
  "j": 28000000,
  "k": 59500000,
  "l": 33300000,
  "m": 70900000,
  "n": 491000,
  "o": 491000,
  "p": 537000,
  "q": 537000,
  "r": 593000,
  "s": 1250000,
  "t": 727000,
  "u": 1530000
}
