{
  "b": 3.94419002532959,
  "c": 7.815078258514404,
  "d": 4.430647850036621,
  "e": 8.778756141662598,
  "f": 41700000,
  "g": 81900000,
  "h": 49500000,
  "i": 97300000,
  "j": 41000000,
  "k": 81300000,
  "l": 48700000,
  "m": 96600000,
  "n": 677000,
  "o": 677000,
  "p": 748000,
  "q": 748000,
  "r": 1260000,
  "s": 2480000,
  "t": 1560000,
  "u": 3070000
}
