{
  "b": 12.6516752243042,
  "c": 25.428577423095703,
  "d": 14.207427978515625,
  "e": 28.555341720581055,
  "f": 134000000,
  "g": 267000000,
  "h": 159000000,
  "i": 316000000,
  "j": 132000000,
  "k": 264000000,
  "l": 156000000,
  "m": 314000000,
  "n": 2120000,
  "o": 2120000,
  "p": 2380000,
  "q": 2380000,
  "r": 40400000,
  "s": 80700000,
  "t": 49400000,
  "u": 98700000
}
