{
  "b": 5.435821533203125,
  "c": 11.108949661254883,
  "d": 6.530429840087891,
  "e": 13.345836639404297,
  "f": 57500000,
  "g": 116000000,
  "h": 72900000,
  "i": 148000000,
  "j": 56500000,
  "k": 116000000,
  "l": 71800000,
  "m": 147000000,
  "n": 949000,
  "o": 949000,
  "p": 1080000,
  "q": 1080000,
  "r": 1150000,
  "s": 2320000,
  "t": 1480000,
  "u": 3000000
}
