{
  "b": 5.435821533203125,
  "c": 11.108949661254883,
  "d": 6.530429840087891,
  "e": 13.345836639404297,
  "f": 57475704,
  "g": 116488456,
  "h": 72909456,
  "i": 147892960,
  "j": 56532544,
  "k": 115533080,
  "l": 71834728,
  "m": 146804208,
  "n": 943165,
  "o": 955384,
  "p": 1074736,
  "q": 1088752,
  "r": 1148410,
  "s": 2320634,
  "t": 1484949,
  "u": 3004274
}
