{
  "b": 12.6516752243042,
  "c": 25.428577423095703,
  "d": 14.207427978515625,
  "e": 28.555341720581055,
  "f": 133704728,
  "g": 266577408,
  "h": 158665648,
  "i": 316484992,
  "j": 131577424,
  "k": 264457200,
  "l": 156281712,
  "m": 314108768,
  "n": 2127309,
  "o": 2120204,
  "p": 2383940,
  "q": 2376244,
  "r": 40401256,
  "s": 80651888,
  "t": 49419208,
  "u": 98711792
}
