{
  "b": 2.406595468521118,
  "c": 5.110187530517578,
  "d": 2.540653705596924,
  "e": 5.394591331481934,
  "f": 25500000,
  "g": 53600000,
  "h": 28400000,
  "i": 59800000,
  "j": 25000000,
  "k": 53100000,
  "l": 27900000,
  "m": 59300000,
  "n": 435000,
  "o": 435000,
  "p": 497000,
  "q": 497000,
  "r": 355000,
  "s": 745000,
  "t": 408000,
  "u": 856000
}
