{
  "b": 2.463637351989746,
  "c": 5.039427280426025,
  "d": 2.7549655437469482,
  "e": 5.635061264038086,
  "f": 26100000,
  "g": 52900000,
  "h": 30800000,
  "i": 62500000,
  "j": 25600000,
  "k": 52400000,
  "l": 30300000,
  "m": 62000000,
  "n": 438000,
  "o": 438000,
  "p": 475000,
  "q": 475000,
  "r": 495000,
  "s": 1000000,
  "t": 618000,
  "u": 1250000
}
