{
  "b": 2.406595468521118,
  "c": 5.110187530517578,
  "d": 2.540653705596924,
  "e": 5.394591331481934,
  "f": 25453838,
  "g": 53591444,
  "h": 28432880,
  "i": 59849340,
  "j": 25028594,
  "k": 53145948,
  "l": 27947192,
  "m": 59340504,
  "n": 425240,
  "o": 445495,
  "p": 485685,
  "q": 508842,
  "r": 354980,
  "s": 745040,
  "t": 407552,
  "u": 855508
}
