{
  "b": 2.463637351989746,
  "c": 5.039427280426025,
  "d": 2.7549655437469482,
  "e": 5.635061264038086,
  "f": 26057188,
  "g": 52850440,
  "h": 30777368,
  "i": 62463928,
  "j": 25621828,
  "k": 52410044,
  "l": 30304620,
  "m": 61985672,
  "n": 435363,
  "o": 440392,
  "p": 472747,
  "q": 478251,
  "r": 495001,
  "s": 1003568,
  "t": 617728,
  "u": 1253551
}
