{
  "b": 8.71591854095459,
  "c": 18.23889923095703,
  "d": 11.05135440826416,
  "e": 23.124427795410156,
  "f": 92225448,
  "g": 191310272,
  "h": 123653688,
  "i": 256517952,
  "j": 90645552,
  "k": 189684544,
  "l": 121564896,
  "m": 254368704,
  "n": 1579898,
  "o": 1625746,
  "p": 2088796,
  "q": 2149264,
  "r": 3592379,
  "s": 7428576,
  "t": 5159706,
  "u": 10673933
}
