{
  "b": 2.160480499267578,
  "c": 4.569107532501221,
  "d": 2.4332189559936523,
  "e": 5.145570755004883,
  "f": 22855468,
  "g": 47920840,
  "h": 27205930,
  "i": 57059632,
  "j": 22468996,
  "k": 47518720,
  "l": 26765408,
  "m": 56601280,
  "n": 386473,
  "o": 402122,
  "p": 440525,
  "q": 458355,
  "r": 498282,
  "s": 1043757,
  "t": 630518,
  "u": 1321624
}
