{
  "b": 5.22616720199585,
  "c": 10.738303184509277,
  "d": 6.290403842926025,
  "e": 12.924957275390625,
  "f": 55300000,
  "g": 113000000,
  "h": 70200000,
  "i": 143000000,
  "j": 54400000,
  "k": 112000000,
  "l": 69200000,
  "m": 142000000,
  "n": 914000,
  "o": 914000,
  "p": 1030000,
  "q": 1030000,
  "r": 1160000,
  "s": 2350000,
  "t": 1510000,
  "u": 3080000
}
