{
  "b": 5.22616720199585,
  "c": 10.738303184509277,
  "d": 6.290403842926025,
  "e": 12.924957275390625,
  "f": 55257888,
  "g": 112600728,
  "h": 70214048,
  "i": 143212992,
  "j": 54352140,
  "k": 111678352,
  "l": 69194440,
  "m": 142174528,
  "n": 905746,
  "o": 922389,
  "p": 1019605,
  "q": 1038446,
  "r": 1157895,
  "s": 2352956,
  "t": 1513263,
  "u": 3078816
}
