{
  "b": 19.08018684387207,
  "c": 38.51091003417969,
  "d": 21.691036224365234,
  "e": 43.779903411865234,
  "f": 202000000,
  "g": 404000000,
  "h": 242000000,
  "i": 485000000,
  "j": 198000000,
  "k": 401000000,
  "l": 239000000,
  "m": 482000000,
  "n": 3300000,
  "o": 3300000,
  "p": 3670000,
  "q": 3670000,
  "r": 24100000,
  "s": 48400000,
  "t": 27500000,
  "u": 55200000
}
