{
  "b": 2.160480499267578,
  "c": 4.569107532501221,
  "d": 2.4332189559936523,
  "e": 5.145570755004883,
  "f": 22900000,
  "g": 47900000,
  "h": 27200000,
  "i": 57100000,
  "j": 22500000,
  "k": 47500000,
  "l": 26800000,
  "m": 56600000,
  "n": 394000,
  "o": 394000,
  "p": 449000,
  "q": 449000,
  "r": 498000,
  "s": 1040000,
  "t": 631000,
  "u": 1320000
}
