{
  "b": 2.6526296138763428,
  "c": 5.425390243530273,
  "d": 3.1753621101379395,
  "e": 6.494203567504883,
  "f": 28100000,
  "g": 56900000,
  "h": 35500000,
  "i": 72000000,
  "j": 27600000,
  "k": 56400000,
  "l": 34900000,
  "m": 71400000,
  "n": 469000,
  "o": 469000,
  "p": 524000,
  "q": 524000,
  "r": 1390000,
  "s": 2820000,
  "t": 1740000,
  "u": 3540000
}
