{
  "b": 8.71591854095459,
  "c": 18.23889923095703,
  "d": 11.05135440826416,
  "e": 23.124427795410156,
  "f": 92200000,
  "g": 191000000,
  "h": 124000000,
  "i": 257000000,
  "j": 90600000,
  "k": 190000000,
  "l": 122000000,
  "m": 254000000,
  "n": 1600000,
  "o": 1600000,
  "p": 2120000,
  "q": 2120000,
  "r": 3590000,
  "s": 7430000,
  "t": 5160000,
  "u": 10700000
}
