{
  "b": 19.08018684387207,
  "c": 38.51091003417969,
  "d": 21.691036224365234,
  "e": 43.779903411865234,
  "f": 201729856,
  "g": 403818624,
  "h": 242267840,
  "i": 485256192,
  "j": 198433952,
  "k": 400513472,
  "l": 238601408,
  "m": 481578944,
  "n": 3295894,
  "o": 3305146,
  "p": 3666464,
  "q": 3677252,
  "r": 24127566,
  "s": 48385640,
  "t": 27481272,
  "u": 55152656
}
