{
  "b": 13.98271656036377,
  "c": 28.645009994506836,
  "d": 14.916973114013672,
  "e": 30.55817222595215,
  "f": 148000000,
  "g": 300000000,
  "h": 167000000,
  "i": 339000000,
  "j": 145000000,
  "k": 298000000,
  "l": 164000000,
  "m": 336000000,
  "n": 2430000,
  "o": 2430000,
  "p": 2650000,
  "q": 2650000,
  "r": 11200000,
  "s": 22700000,
  "t": 12600000,
  "u": 25600000
}
