{
  "b": 1.9948852062225342,
  "c": 4.2359113693237305,
  "d": 2.049489736557007,
  "e": 4.351648807525635,
  "f": 21099604,
  "g": 44422964,
  "h": 22933848,
  "i": 48276048,
  "j": 20746806,
  "k": 44053476,
  "l": 22544388,
  "m": 47868136,
  "n": 352798,
  "o": 369489,
  "p": 389462,
  "q": 407911,
  "r": 234979,
  "s": 493471,
  "t": 261226,
  "u": 548780
}
