{
  "b": 4.365743160247803,
  "c": 8.885149002075195,
  "d": 5.234683990478516,
  "e": 10.653399467468262,
  "f": 46200000,
  "g": 93200000,
  "h": 58400000,
  "i": 118000000,
  "j": 45400000,
  "k": 92400000,
  "l": 57600000,
  "m": 117000000,
  "n": 765000,
  "o": 765000,
  "p": 859000,
  "q": 859000,
  "r": 934000,
  "s": 1880000,
  "t": 1230000,
  "u": 2490000
}
