{
  "b": 4.365743160247803,
  "c": 8.885149002075195,
  "d": 5.234683990478516,
  "e": 10.653399467468262,
  "f": 46164968,
  "g": 93173744,
  "h": 58436088,
  "i": 118049888,
  "j": 45403728,
  "k": 92405552,
  "l": 57581524,
  "m": 117187392,
  "n": 761241,
  "o": 768198,
  "p": 854568,
  "q": 862480,
  "r": 933825,
  "s": 1881377,
  "t": 1232544,
  "u": 2486327
}
