{
  "b": 3.084538698196411,
  "c": 6.303054332733154,
  "d": 4.121877193450928,
  "e": 8.422442436218262,
  "f": 32600000,
  "g": 66100000,
  "h": 46000000,
  "i": 93300000,
  "j": 32100000,
  "k": 65600000,
  "l": 45300000,
  "m": 92600000,
  "n": 544000,
  "o": 544000,
  "p": 631000,
  "q": 631000,
  "r": 1230000,
  "s": 2500000,
  "t": 1820000,
  "u": 3700000
}
