{
  "b": 3.084538698196411,
  "c": 6.303054332733154,
  "d": 4.121877193450928,
  "e": 8.422442436218262,
  "f": 32620418,
  "g": 66098760,
  "h": 45967800,
  "i": 93280768,
  "j": 32079202,
  "k": 65551764,
  "l": 45340648,
  "m": 92646872,
  "n": 541217,
  "o": 546990,
  "p": 627148,
  "q": 633890,
  "r": 1233637,
  "s": 2497943,
  "t": 1823005,
  "u": 3697718
}
