{
  "b": 13.98271656036377,
  "c": 28.645009994506836,
  "d": 14.916973114013672,
  "e": 30.55817222595215,
  "f": 147833728,
  "g": 300356992,
  "h": 166715472,
  "i": 338807488,
  "j": 145420256,
  "k": 297908096,
  "l": 164086704,
  "m": 336139904,
  "n": 2413458,
  "o": 2448927,
  "p": 2628754,
  "q": 2667592,
  "r": 11180335,
  "s": 22708500,
  "t": 12623338,
  "u": 25649384
}
