{
  "b": 1.9948852062225342,
  "c": 4.2359113693237305,
  "d": 2.049489736557007,
  "e": 4.351648807525635,
  "f": 21100000,
  "g": 44400000,
  "h": 22900000,
  "i": 48300000,
  "j": 20700000,
  "k": 44100000,
  "l": 22500000,
  "m": 47900000,
  "n": 361000,
  "o": 361000,
  "p": 399000,
  "q": 399000,
  "r": 235000,
  "s": 493000,
  "t": 261000,
  "u": 549000
}
