{
  "b": 2.3487837314605713,
  "c": 4.931447982788086,
  "d": 2.220893383026123,
  "e": 4.662701606750488,
  "f": 24800000,
  "g": 51700000,
  "h": 24900000,
  "i": 51800000,
  "j": 24400000,
  "k": 51300000,
  "l": 24400000,
  "m": 51300000,
  "n": 415000,
  "o": 415000,
  "p": 469000,
  "q": 469000,
  "r": 252000,
  "s": 524000,
  "t": 268000,
  "u": 558000
}
