{
  "b": 2.3487837314605713,
  "c": 4.931447982788086,
  "d": 2.220893383026123,
  "e": 4.662701606750488,
  "f": 24834728,
  "g": 51709292,
  "h": 24890444,
  "i": 51767152,
  "j": 24427352,
  "k": 51287060,
  "l": 24429826,
  "m": 51289716,
  "n": 407378,
  "o": 422234,
  "p": 460618,
  "q": 477432,
  "r": 251994,
  "s": 523998,
  "t": 268463,
  "u": 557832
}
