{
  "b": 3.041517734527588,
  "c": 6.192832946777344,
  "d": 3.276808023452759,
  "e": 6.671739101409912,
  "f": 32158144,
  "g": 64936656,
  "h": 36627496,
  "i": 73977168,
  "j": 31631784,
  "k": 64405464,
  "l": 36044888,
  "m": 73389128,
  "n": 526356,
  "o": 531193,
  "p": 582608,
  "q": 588034,
  "r": 585209,
  "s": 1179419,
  "t": 695278,
  "u": 1402001
}
