{
  "b": 27.003639221191406,
  "c": 54.609703063964844,
  "d": 31.592884063720703,
  "e": 63.88972854614258,
  "f": 286000000,
  "g": 573000000,
  "h": 353000000,
  "i": 708000000,
  "j": 281000000,
  "k": 568000000,
  "l": 348000000,
  "m": 703000000,
  "n": 4680000,
  "o": 4680000,
  "p": 5400000,
  "q": 5400000,
  "r": 29400000,
  "s": 59000000,
  "t": 35200000,
  "u": 70500000
}
