{
  "b": 6.381606101989746,
  "c": 13.182461738586426,
  "d": 6.81569242477417,
  "e": 14.078840255737305,
  "f": 67500000,
  "g": 138000000,
  "h": 76200000,
  "i": 156000000,
  "j": 66400000,
  "k": 137000000,
  "l": 75000000,
  "m": 155000000,
  "n": 1120000,
  "o": 1120000,
  "p": 1230000,
  "q": 1230000,
  "r": 1390000,
  "s": 2850000,
  "t": 1640000,
  "u": 3360000
}
