{
  "b": 27.003639221191406,
  "c": 54.609703063964844,
  "d": 31.592884063720703,
  "e": 63.88972854614258,
  "f": 285514944,
  "g": 572630592,
  "h": 352915968,
  "i": 708196224,
  "j": 280837856,
  "k": 567940928,
  "l": 347521728,
  "m": 702787008,
  "n": 4677074,
  "o": 4689650,
  "p": 5394249,
  "q": 5409285,
  "r": 29434190,
  "s": 59007672,
  "t": 35159528,
  "u": 70528272
}
