{
  "b": 7.182837009429932,
  "c": 14.000118255615234,
  "d": 7.659851551055908,
  "e": 14.929800987243652,
  "f": 75905456,
  "g": 146769056,
  "h": 85611408,
  "i": 165540416,
  "j": 74701504,
  "k": 145601232,
  "l": 84258368,
  "m": 164227808,
  "n": 1203953,
  "o": 1167843,
  "p": 1353043,
  "q": 1312614,
  "r": 2877401,
  "s": 5551606,
  "t": 3355308,
  "u": 6475126
}
