{
  "b": 6.381606101989746,
  "c": 13.182461738586426,
  "d": 6.81569242477417,
  "e": 14.078840255737305,
  "f": 67476440,
  "g": 138232016,
  "h": 76192440,
  "i": 156116640,
  "j": 66368704,
  "k": 137097600,
  "l": 74972616,
  "m": 154867248,
  "n": 1107742,
  "o": 1134408,
  "p": 1219823,
  "q": 1249379,
  "r": 1392715,
  "s": 2848972,
  "t": 1640835,
  "u": 3358243
}
