{
  "b": 2.2809154987335205,
  "c": 4.483166217803955,
  "d": 2.5066628456115723,
  "e": 4.926708221435547,
  "f": 24100000,
  "g": 47000000,
  "h": 28000000,
  "i": 54600000,
  "j": 23700000,
  "k": 46600000,
  "l": 27600000,
  "m": 54200000,
  "n": 393000,
  "o": 393000,
  "p": 424000,
  "q": 424000,
  "r": 1260000,
  "s": 2450000,
  "t": 1540000,
  "u": 2990000
}
