{
  "b": 2.2809154987335205,
  "c": 4.483166217803955,
  "d": 2.5066628456115723,
  "e": 4.926708221435547,
  "f": 24118838,
  "g": 47013292,
  "h": 28001702,
  "i": 54612620,
  "j": 23721520,
  "k": 46624928,
  "l": 27573292,
  "m": 54193788,
  "n": 397318,
  "o": 388364,
  "p": 428412,
  "q": 418833,
  "r": 1257771,
  "s": 2449725,
  "t": 1535002,
  "u": 2992057
}
