{
  "b": 2.309601068496704,
  "c": 4.829220294952393,
  "d": 2.4174554347991943,
  "e": 5.054482936859131,
  "f": 24427972,
  "g": 50645512,
  "h": 27033162,
  "i": 56055084,
  "j": 24019850,
  "k": 50223892,
  "l": 26592010,
  "m": 55599312,
  "n": 408122,
  "o": 421624,
  "p": 441154,
  "q": 455778,
  "r": 460946,
  "s": 954528,
  "t": 543529,
  "u": 1126048
}
