{
  "b": 3.9743664264678955,
  "c": 8.255437850952148,
  "d": 4.451426029205322,
  "e": 9.246065139770508,
  "f": 42026688,
  "g": 86569336,
  "h": 49757332,
  "i": 102520720,
  "j": 41333412,
  "k": 85856552,
  "l": 48965688,
  "m": 101706720,
  "n": 693276,
  "o": 712783,
  "p": 791644,
  "q": 814001,
  "r": 792033,
  "s": 1628575,
  "t": 994391,
  "u": 2045857
}
