{
  "b": 2.9893929958343506,
  "c": 6.206667900085449,
  "d": 3.5989062786102295,
  "e": 7.471823215484619,
  "f": 31600000,
  "g": 65100000,
  "h": 40200000,
  "i": 82800000,
  "j": 31100000,
  "k": 64500000,
  "l": 39600000,
  "m": 82200000,
  "n": 533000,
  "o": 533000,
  "p": 583000,
  "q": 583000,
  "r": 667000,
  "s": 1370000,
  "t": 882000,
  "u": 1810000
}
