{
  "b": 2.9893929958343506,
  "c": 6.206667900085449,
  "d": 3.5989062786102295,
  "e": 7.471823215484619,
  "f": 31616182,
  "g": 65089552,
  "h": 40163104,
  "i": 82780216,
  "j": 31089686,
  "k": 64549348,
  "l": 39587968,
  "m": 82190056,
  "n": 526494,
  "o": 540201,
  "p": 575139,
  "q": 590153,
  "r": 667126,
  "s": 1370291,
  "t": 882057,
  "u": 1814632
}
