{
  "b": 1.5910849571228027,
  "c": 3.3811464309692383,
  "d": 1.6487280130386353,
  "e": 3.5034444332122803,
  "f": 16832256,
  "g": 35462056,
  "h": 18447414,
  "i": 38863688,
  "j": 16547283,
  "k": 35163924,
  "l": 18136008,
  "m": 38537888,
  "n": 284975,
  "o": 298134,
  "p": 311407,
  "q": 325796,
  "r": 358114,
  "s": 753887,
  "t": 404249,
  "u": 851410
}
