{
  "b": 2.309601068496704,
  "c": 4.829220294952393,
  "d": 2.4174554347991943,
  "e": 5.054482936859131,
  "f": 24400000,
  "g": 50600000,
  "h": 27000000,
  "i": 56100000,
  "j": 24000000,
  "k": 50200000,
  "l": 26600000,
  "m": 55600000,
  "n": 415000,
  "o": 415000,
  "p": 448000,
  "q": 448000,
  "r": 461000,
  "s": 955000,
  "t": 544000,
  "u": 1130000
}
