{
  "b": 3.9743664264678955,
  "c": 8.255437850952148,
  "d": 4.451426029205322,
  "e": 9.246065139770508,
  "f": 42000000,
  "g": 86600000,
  "h": 49800000,
  "i": 103000000,
  "j": 41300000,
  "k": 85900000,
  "l": 49000000,
  "m": 102000000,
  "n": 703000,
  "o": 703000,
  "p": 803000,
  "q": 803000,
  "r": 792000,
  "s": 1630000,
  "t": 994000,
  "u": 2050000
}
