{
  "b": 2.817568302154541,
  "c": 5.444295883178711,
  "d": 2.938723564147949,
  "e": 5.678304195404053,
  "f": 29800000,
  "g": 57100000,
  "h": 32900000,
  "i": 63000000,
  "j": 29300000,
  "k": 56600000,
  "l": 32300000,
  "m": 62500000,
  "n": 483000,
  "o": 483000,
  "p": 529000,
  "q": 529000,
  "r": 743000,
  "s": 1420000,
  "t": 856000,
  "u": 1640000
}
