{
  "b": 3.8409299850463867,
  "c": 7.791418552398682,
  "d": 4.514196872711182,
  "e": 9.157095909118652,
  "f": 40600000,
  "g": 81700000,
  "h": 50400000,
  "i": 101000000,
  "j": 39900000,
  "k": 81000000,
  "l": 49700000,
  "m": 101000000,
  "n": 645000,
  "o": 645000,
  "p": 719000,
  "q": 719000,
  "r": 562000,
  "s": 1130000,
  "t": 727000,
  "u": 1460000
}
