{
  "b": 3.9010276794433594,
  "c": 8.006514549255371,
  "d": 4.400903224945068,
  "e": 9.03213882446289,
  "f": 41300000,
  "g": 84000000,
  "h": 49200000,
  "i": 100000000,
  "j": 40600000,
  "k": 83300000,
  "l": 48400000,
  "m": 99400000,
  "n": 690000,
  "o": 690000,
  "p": 753000,
  "q": 753000,
  "r": 735000,
  "s": 1490000,
  "t": 919000,
  "u": 1870000
}
