{
  "b": 6.068722248077393,
  "c": 12.516164779663086,
  "d": 6.70197868347168,
  "e": 13.82176685333252,
  "f": 64164944,
  "g": 131240128,
  "h": 74900352,
  "i": 153242560,
  "j": 63114712,
  "k": 130168112,
  "l": 73721768,
  "m": 152039440,
  "n": 1050238,
  "o": 1072027,
  "p": 1178578,
  "q": 1203130,
  "r": 1442831,
  "s": 2942823,
  "t": 1763213,
  "u": 3598274
}
