{
  "b": 2.500009536743164,
  "c": 5.230772495269775,
  "d": 2.98349666595459,
  "e": 6.242144584655762,
  "f": 26500000,
  "g": 54900000,
  "h": 33300000,
  "i": 69200000,
  "j": 26000000,
  "k": 54400000,
  "l": 32800000,
  "m": 68700000,
  "n": 461000,
  "o": 461000,
  "p": 516000,
  "q": 516000,
  "r": 700000,
  "s": 1450000,
  "t": 905000,
  "u": 1880000
}
