{
  "b": 3.9010276794433594,
  "c": 8.006514549255371,
  "d": 4.400903224945068,
  "e": 9.03213882446289,
  "f": 41255364,
  "g": 83963328,
  "h": 49157384,
  "i": 100112960,
  "j": 40570688,
  "k": 83267752,
  "l": 48409936,
  "m": 99353528,
  "n": 684672,
  "o": 695585,
  "p": 747451,
  "q": 759439,
  "r": 734908,
  "s": 1493822,
  "t": 918916,
  "u": 1869698
}
