{
  "b": 2.500009536743164,
  "c": 5.230772495269775,
  "d": 2.98349666595459,
  "e": 6.242144584655762,
  "f": 26453860,
  "g": 54867960,
  "h": 33326174,
  "i": 69187168,
  "j": 26000100,
  "k": 54400036,
  "l": 32818464,
  "m": 68663592,
  "n": 453762,
  "o": 467925,
  "p": 507711,
  "q": 523580,
  "r": 700465,
  "s": 1450586,
  "t": 905475,
  "u": 1877693
}
