{
  "b": 6.068722248077393,
  "c": 12.516164779663086,
  "d": 6.70197868347168,
  "e": 13.82176685333252,
  "f": 64200000,
  "g": 131000000,
  "h": 74900000,
  "i": 153000000,
  "j": 63100000,
  "k": 130000000,
  "l": 73700000,
  "m": 152000000,
  "n": 1060000,
  "o": 1060000,
  "p": 1190000,
  "q": 1190000,
  "r": 1440000,
  "s": 2940000,
  "t": 1760000,
  "u": 3600000
}
