{
  "b": 2.817568302154541,
  "c": 5.444295883178711,
  "d": 2.938723564147949,
  "e": 5.678304195404053,
  "f": 29794102,
  "g": 57094712,
  "h": 32864536,
  "i": 62981048,
  "j": 29302710,
  "k": 56620676,
  "l": 32325960,
  "m": 62461344,
  "n": 491388,
  "o": 474037,
  "p": 538572,
  "q": 519700,
  "r": 743067,
  "s": 1422758,
  "t": 856195,
  "u": 1639868
}
