{
  "b": 3.8409299850463867,
  "c": 7.791418552398682,
  "d": 4.514196872711182,
  "e": 9.157095909118652,
  "f": 40589204,
  "g": 81677704,
  "h": 50373120,
  "i": 101448880,
  "j": 39945672,
  "k": 81030752,
  "l": 49656168,
  "m": 100728056,
  "n": 643539,
  "o": 646955,
  "p": 716952,
  "q": 720830,
  "r": 561920,
  "s": 1128835,
  "t": 727353,
  "u": 1462692
}
