{
  "b": 4.371823310852051,
  "c": 8.957991600036621,
  "d": 5.2666916847229,
  "e": 10.791304588317871,
  "f": 46200000,
  "g": 94000000,
  "h": 58800000,
  "i": 120000000,
  "j": 45500000,
  "k": 93200000,
  "l": 57900000,
  "m": 119000000,
  "n": 785000,
  "o": 785000,
  "p": 894000,
  "q": 894000,
  "r": 1840000,
  "s": 3720000,
  "t": 2420000,
  "u": 4910000
}
