{
  "b": 7.83308219909668,
  "c": 15.714252471923828,
  "d": 9.692580223083496,
  "e": 19.444217681884766,
  "f": 82813184,
  "g": 164772480,
  "h": 108124704,
  "i": 215387488,
  "j": 81464056,
  "k": 163428224,
  "l": 106618384,
  "m": 213886400,
  "n": 1349123,
  "o": 1344258,
  "p": 1506312,
  "q": 1501077,
  "r": 1323296,
  "s": 2626172,
  "t": 1817371,
  "u": 3611965
}
