{
  "b": 1.191195011138916,
  "c": 2.4410672187805176,
  "d": 1.199341893196106,
  "e": 2.4575817584991455,
  "f": 12600000,
  "g": 25600000,
  "h": 13400000,
  "i": 27300000,
  "j": 12400000,
  "k": 25400000,
  "l": 13200000,
  "m": 27000000,
  "n": 212000,
  "o": 212000,
  "p": 232000,
  "q": 232000,
  "r": 212000,
  "s": 431000,
  "t": 241000,
  "u": 491000
}
