{
  "b": 2.3016695976257324,
  "c": 4.756997108459473,
  "d": 2.4912705421447754,
  "e": 5.148633003234863,
  "f": 24300000,
  "g": 49900000,
  "h": 27800000,
  "i": 57100000,
  "j": 23900000,
  "k": 49500000,
  "l": 27400000,
  "m": 56600000,
  "n": 407000,
  "o": 407000,
  "p": 443000,
  "q": 443000,
  "r": 482000,
  "s": 987000,
  "t": 584000,
  "u": 1200000
}
