{
  "b": 4.371823310852051,
  "c": 8.957991600036621,
  "d": 5.2666916847229,
  "e": 10.791304588317871,
  "f": 46245784,
  "g": 93953896,
  "h": 58821040,
  "i": 119605512,
  "j": 45466964,
  "k": 93163112,
  "l": 57933608,
  "m": 118704352,
  "n": 778823,
  "o": 790780,
  "p": 887433,
  "q": 901162,
  "r": 1838422,
  "s": 3721711,
  "t": 2420169,
  "u": 4905788
}
