{
  "b": 2.3016695976257324,
  "c": 4.756997108459473,
  "d": 2.4912705421447754,
  "e": 5.148633003234863,
  "f": 24340052,
  "g": 49884488,
  "h": 27841688,
  "i": 57082532,
  "j": 23937364,
  "k": 49472768,
  "l": 27403976,
  "m": 56634964,
  "n": 402688,
  "o": 411719,
  "p": 437712,
  "q": 447567,
  "r": 481924,
  "s": 987075,
  "t": 583563,
  "u": 1196072
}
