{
  "b": 19.559139251708984,
  "c": 39.218997955322266,
  "d": 24.4040584564209,
  "e": 48.93218231201172,
  "f": 207000000,
  "g": 411000000,
  "h": 273000000,
  "i": 543000000,
  "j": 203000000,
  "k": 408000000,
  "l": 268000000,
  "m": 538000000,
  "n": 3510000,
  "o": 3510000,
  "p": 4420000,
  "q": 4420000,
  "r": 17500000,
  "s": 34700000,
  "t": 23800000,
  "u": 47300000
}
