{
  "b": 3.557626247406006,
  "c": 7.405736923217773,
  "d": 4.946510314941406,
  "e": 10.29654312133789,
  "f": 37619580,
  "g": 77658168,
  "h": 55117144,
  "i": 113988312,
  "j": 36999312,
  "k": 77019664,
  "l": 54411612,
  "m": 113261976,
  "n": 620265,
  "o": 638503,
  "p": 705532,
  "q": 726335,
  "r": 627071,
  "s": 1291539,
  "t": 962870,
  "u": 1987445
}
