{
  "b": 19.559139251708984,
  "c": 39.218997955322266,
  "d": 24.4040584564209,
  "e": 48.93218231201172,
  "f": 206938560,
  "g": 411372128,
  "h": 272878752,
  "i": 542651968,
  "j": 203415040,
  "k": 407877568,
  "l": 268444640,
  "m": 538254016,
  "n": 3523510,
  "o": 3494550,
  "p": 4434105,
  "q": 4397975,
  "r": 17486040,
  "s": 34668572,
  "t": 23823180,
  "u": 47261780
}
