{
  "b": 6.846118450164795,
  "c": 13.963264465332031,
  "d": 8.287283897399902,
  "e": 16.902814865112305,
  "f": 72400000,
  "g": 146000000,
  "h": 92500000,
  "i": 187000000,
  "j": 71200000,
  "k": 145000000,
  "l": 91200000,
  "m": 186000000,
  "n": 1200000,
  "o": 1200000,
  "p": 1380000,
  "q": 1380000,
  "r": 1220000,
  "s": 2460000,
  "t": 1590000,
  "u": 3210000
}
