{
  "b": 2.4418232440948486,
  "c": 5.095061302185059,
  "d": 2.725393772125244,
  "e": 5.6865715980529785,
  "f": 25800000,
  "g": 53400000,
  "h": 30400000,
  "i": 63000000,
  "j": 25400000,
  "k": 53000000,
  "l": 30000000,
  "m": 62600000,
  "n": 433000,
  "o": 433000,
  "p": 467000,
  "q": 467000,
  "r": 411000,
  "s": 850000,
  "t": 509000,
  "u": 1050000
}
