{
  "b": 3.7241029739379883,
  "c": 7.783390045166016,
  "d": 4.060852527618408,
  "e": 8.486845016479492,
  "f": 39380764,
  "g": 81619360,
  "h": 45364564,
  "i": 94074096,
  "j": 38730672,
  "k": 80947256,
  "l": 44669376,
  "m": 93355296,
  "n": 650098,
  "o": 672113,
  "p": 695187,
  "q": 718803,
  "r": 857318,
  "s": 1775293,
  "t": 1048324,
  "u": 2172646
}
