{
  "b": 3.2182421684265137,
  "c": 6.608314514160156,
  "d": 3.708374500274658,
  "e": 7.614696502685547,
  "f": 34000000,
  "g": 69300000,
  "h": 41400000,
  "i": 84400000,
  "j": 33500000,
  "k": 68700000,
  "l": 40800000,
  "m": 83800000,
  "n": 561000,
  "o": 561000,
  "p": 641000,
  "q": 641000,
  "r": 728000,
  "s": 1480000,
  "t": 1260000,
  "u": 2560000
}
