{
  "b": 3.2182421684265137,
  "c": 6.608314514160156,
  "d": 3.708374500274658,
  "e": 7.614696502685547,
  "f": 34025744,
  "g": 69291904,
  "h": 41428104,
  "i": 84408440,
  "j": 33469718,
  "k": 68726472,
  "l": 40792120,
  "m": 83761664,
  "n": 556025,
  "o": 565425,
  "p": 635982,
  "q": 646774,
  "r": 728197,
  "s": 1481149,
  "t": 1257948,
  "u": 2562242
}
