{
  "b": 46.81006622314453,
  "c": 95.03178405761719,
  "d": 57.63678741455078,
  "e": 117.01145935058594,
  "f": 495069664,
  "g": 996620224,
  "h": 643921408,
  "i": 1297097088,
  "j": 486824672,
  "k": 988330560,
  "l": 634004672,
  "m": 1287126016,
  "n": 8244975,
  "o": 8289619,
  "p": 9916710,
  "q": 9971267,
  "r": 79734000,
  "s": 160431248,
  "t": 111916288,
  "u": 225413328
}
