{
  "b": 2.5111355781555176,
  "c": 5.335235595703125,
  "d": 2.600010395050049,
  "e": 5.523826599121094,
  "f": 26600000,
  "g": 55900000,
  "h": 29100000,
  "i": 61300000,
  "j": 26100000,
  "k": 55500000,
  "l": 28600000,
  "m": 60800000,
  "n": 452000,
  "o": 452000,
  "p": 500000,
  "q": 500000,
  "r": 301000,
  "s": 632000,
  "t": 350000,
  "u": 735000
}
