{
  "b": 1.7176674604415894,
  "c": 3.445823907852173,
  "d": 2.0073599815368652,
  "e": 4.026766777038574,
  "f": 18171968,
  "g": 36142320,
  "h": 22425270,
  "i": 44635996,
  "j": 17863742,
  "k": 35836568,
  "l": 22080960,
  "m": 44294432,
  "n": 308226,
  "o": 305751,
  "p": 344310,
  "q": 341563,
  "r": 435883,
  "s": 866602,
  "t": 564023,
  "u": 1122650
}
