{
  "b": 2.5111355781555176,
  "c": 5.335235595703125,
  "d": 2.600010395050049,
  "e": 5.523826599121094,
  "f": 26556674,
  "g": 55948876,
  "h": 29088234,
  "i": 61274096,
  "j": 26115810,
  "k": 55486452,
  "l": 28600114,
  "m": 60762092,
  "n": 440865,
  "o": 462428,
  "p": 488121,
  "q": 512009,
  "r": 300967,
  "s": 632321,
  "t": 349588,
  "u": 734593
}
