{
  "b": 10.239187240600586,
  "c": 20.959001541137695,
  "d": 11.169243812561035,
  "e": 22.86200523376465,
  "f": 108297040,
  "g": 219805888,
  "h": 124913704,
  "i": 253560016,
  "j": 106487544,
  "k": 217973616,
  "l": 122861680,
  "m": 251482048,
  "n": 1809498,
  "o": 1832280,
  "p": 2052014,
  "q": 2077943,
  "r": 2476411,
  "s": 5014668,
  "t": 2952835,
  "u": 5981528
}
