{
  "b": 7.006507873535156,
  "c": 14.57459831237793,
  "d": 8.164148330688477,
  "e": 16.98200225830078,
  "f": 74100000,
  "g": 153000000,
  "h": 91300000,
  "i": 188000000,
  "j": 72900000,
  "k": 152000000,
  "l": 89800000,
  "m": 187000000,
  "n": 1260000,
  "o": 1260000,
  "p": 1470000,
  "q": 1470000,
  "r": 1390000,
  "s": 2870000,
  "t": 1870000,
  "u": 3860000
}
