{
  "b": 3.9467856884002686,
  "c": 8.199667930603027,
  "d": 4.522493362426758,
  "e": 9.395292282104492,
  "f": 41800000,
  "g": 86000000,
  "h": 50600000,
  "i": 104000000,
  "j": 41000000,
  "k": 85300000,
  "l": 49700000,
  "m": 103000000,
  "n": 714000,
  "o": 714000,
  "p": 855000,
  "q": 855000,
  "r": 538000,
  "s": 1110000,
  "t": 688000,
  "u": 1420000
}
