{
  "b": 7.006507873535156,
  "c": 14.57459831237793,
  "d": 8.164148330688477,
  "e": 16.98200225830078,
  "f": 74106944,
  "g": 152848768,
  "h": 91255904,
  "i": 188291792,
  "j": 72867680,
  "k": 151575824,
  "l": 89805632,
  "m": 186802016,
  "n": 1239256,
  "o": 1272953,
  "p": 1450266,
  "q": 1489768,
  "r": 1394231,
  "s": 2867814,
  "t": 1873105,
  "u": 3856347
}
