{
  "b": 2.4450340270996094,
  "c": 5.136966705322266,
  "d": 3.01528000831604,
  "e": 6.3347601890563965,
  "f": 25900000,
  "g": 53900000,
  "h": 33700000,
  "i": 70200000,
  "j": 25400000,
  "k": 53400000,
  "l": 33200000,
  "m": 69700000,
  "n": 453000,
  "o": 453000,
  "p": 526000,
  "q": 526000,
  "r": 577000,
  "s": 1200000,
  "t": 772000,
  "u": 1610000
}
