{
  "b": 2.4450340270996094,
  "c": 5.136966705322266,
  "d": 3.01528000831604,
  "e": 6.3347601890563965,
  "f": 25873910,
  "g": 53885228,
  "h": 33685464,
  "i": 70217440,
  "j": 25428354,
  "k": 53424456,
  "l": 33168080,
  "m": 69682360,
  "n": 445555,
  "o": 460778,
  "p": 517385,
  "q": 535077,
  "r": 576606,
  "s": 1200320,
  "t": 771785,
  "u": 1608738
}
