{
  "b": 4.749975681304932,
  "c": 9.80093765258789,
  "d": 5.557027816772461,
  "e": 11.4657621383667,
  "f": 50200000,
  "g": 103000000,
  "h": 62100000,
  "i": 127000000,
  "j": 49400000,
  "k": 102000000,
  "l": 61100000,
  "m": 126000000,
  "n": 840000,
  "o": 840000,
  "p": 949000,
  "q": 949000,
  "r": 1140000,
  "s": 2320000,
  "t": 1470000,
  "u": 3010000
}
