{
  "b": 3.9467856884002686,
  "c": 8.199667930603027,
  "d": 4.522493362426758,
  "e": 9.395292282104492,
  "f": 41751408,
  "g": 85999856,
  "h": 50591168,
  "i": 104214104,
  "j": 41046572,
  "k": 85276544,
  "l": 49747428,
  "m": 103348216,
  "n": 704834,
  "o": 723302,
  "p": 843739,
  "q": 865885,
  "r": 538132,
  "s": 1107367,
  "t": 688359,
  "u": 1417104
}
