{
  "b": 2.2581136226654053,
  "c": 4.708085536956787,
  "d": 2.6521852016448975,
  "e": 5.529491424560547,
  "f": 23888692,
  "g": 49380080,
  "h": 29619430,
  "i": 61282688,
  "j": 23484382,
  "k": 48964088,
  "l": 29174036,
  "m": 60824408,
  "n": 404312,
  "o": 415999,
  "p": 445393,
  "q": 458289,
  "r": 444806,
  "s": 918491,
  "t": 579194,
  "u": 1197379
}
