{
  "b": 2.2581136226654053,
  "c": 4.708085536956787,
  "d": 2.6521852016448975,
  "e": 5.529491424560547,
  "f": 23900000,
  "g": 49400000,
  "h": 29600000,
  "i": 61300000,
  "j": 23500000,
  "k": 49000000,
  "l": 29200000,
  "m": 60800000,
  "n": 410000,
  "o": 410000,
  "p": 452000,
  "q": 452000,
  "r": 445000,
  "s": 918000,
  "t": 579000,
  "u": 1200000
}
