{
  "b": 1.990509033203125,
  "c": 4.1377081871032715,
  "d": 2.004053831100464,
  "e": 4.165623188018799,
  "f": 21055700,
  "g": 43395540,
  "h": 22426728,
  "i": 46213688,
  "j": 20701294,
  "k": 43032164,
  "l": 22044592,
  "m": 45821856,
  "n": 354404,
  "o": 363373,
  "p": 382137,
  "q": 391835,
  "r": 463568,
  "s": 954686,
  "t": 513913,
  "u": 1058707
}
