{
  "b": 1.990509033203125,
  "c": 4.1377081871032715,
  "d": 2.004053831100464,
  "e": 4.165623188018799,
  "f": 21100000,
  "g": 43400000,
  "h": 22400000,
  "i": 46200000,
  "j": 20700000,
  "k": 43000000,
  "l": 22000000,
  "m": 45800000,
  "n": 359000,
  "o": 359000,
  "p": 387000,
  "q": 387000,
  "r": 464000,
  "s": 955000,
  "t": 514000,
  "u": 1060000
}
