{
  "b": 3.473978042602539,
  "c": 6.797975540161133,
  "d": 3.759230613708496,
  "e": 7.356041431427002,
  "f": 36700000,
  "g": 71300000,
  "h": 42000000,
  "i": 81600000,
  "j": 36100000,
  "k": 70700000,
  "l": 41400000,
  "m": 80900000,
  "n": 595000,
  "o": 595000,
  "p": 656000,
  "q": 656000,
  "r": 1240000,
  "s": 2400000,
  "t": 1490000,
  "u": 2880000
}
