{
  "b": 3.473978042602539,
  "c": 6.797975540161133,
  "d": 3.759230613708496,
  "e": 7.356041431427002,
  "f": 36731024,
  "g": 71286464,
  "h": 42015548,
  "i": 81565056,
  "j": 36129372,
  "k": 70698944,
  "l": 41351536,
  "m": 80916456,
  "n": 601652,
  "o": 587525,
  "p": 664009,
  "q": 648594,
  "r": 1239379,
  "s": 2402983,
  "t": 1485109,
  "u": 2880777
}
