{
  "b": 2.1097800731658936,
  "c": 4.338405132293701,
  "d": 2.19380521774292,
  "e": 4.510983467102051,
  "f": 22300000,
  "g": 45500000,
  "h": 24500000,
  "i": 50000000,
  "j": 21900000,
  "k": 45100000,
  "l": 24100000,
  "m": 49600000,
  "n": 372000,
  "o": 372000,
  "p": 401000,
  "q": 401000,
  "r": 523000,
  "s": 1070000,
  "t": 612000,
  "u": 1250000
}
