{
  "b": 3.0400989055633545,
  "c": 6.2382330894470215,
  "d": 3.2519330978393555,
  "e": 6.672588348388672,
  "f": 32100000,
  "g": 65400000,
  "h": 36300000,
  "i": 74000000,
  "j": 31600000,
  "k": 64900000,
  "l": 35800000,
  "m": 73400000,
  "n": 537000,
  "o": 537000,
  "p": 582000,
  "q": 582000,
  "r": 847000,
  "s": 1720000,
  "t": 1010000,
  "u": 2050000
}
