{
  "b": 3.1817710399627686,
  "c": 6.693541526794434,
  "d": 3.679105520248413,
  "e": 7.739384651184082,
  "f": 33657860,
  "g": 70201544,
  "h": 41111236,
  "i": 85798352,
  "j": 33090420,
  "k": 69612832,
  "l": 40470160,
  "m": 85133232,
  "n": 567440,
  "o": 588700,
  "p": 641077,
  "q": 665129,
  "r": 638099,
  "s": 1329422,
  "t": 817426,
  "u": 1704617
}
