{
  "b": 1.0249089002609253,
  "c": 2.092296838760376,
  "d": 0.9856066107749939,
  "e": 2.0119593143463135,
  "f": 10839990,
  "g": 21942388,
  "h": 11037244,
  "i": 22328824,
  "j": 10659052,
  "k": 21759888,
  "l": 10841673,
  "m": 22131552,
  "n": 180938,
  "o": 182498,
  "p": 195571,
  "q": 197270,
  "r": 248991,
  "s": 503893,
  "t": 268161,
  "u": 542584
}
