{
  "b": 3.8443245887756348,
  "c": 7.723217010498047,
  "d": 4.583080291748047,
  "e": 9.20681381225586,
  "f": 40662660,
  "g": 80998392,
  "h": 51184452,
  "i": 102040232,
  "j": 39980976,
  "k": 80321456,
  "l": 50413884,
  "m": 101274952,
  "n": 681687,
  "o": 676941,
  "p": 770568,
  "q": 765287,
  "r": 1021513,
  "s": 2033163,
  "t": 1359912,
  "u": 2709828
}
