{
  "b": 3.8443245887756348,
  "c": 7.723217010498047,
  "d": 4.583080291748047,
  "e": 9.20681381225586,
  "f": 40700000,
  "g": 81000000,
  "h": 51200000,
  "i": 102000000,
  "j": 40000000,
  "k": 80300000,
  "l": 50400000,
  "m": 101000000,
  "n": 679000,
  "o": 679000,
  "p": 768000,
  "q": 768000,
  "r": 1020000,
  "s": 2030000,
  "t": 1360000,
  "u": 2710000
}
