{
  "b": 1.0249089002609253,
  "c": 2.092296838760376,
  "d": 0.9856066107749939,
  "e": 2.0119593143463135,
  "f": 10800000,
  "g": 21900000,
  "h": 11000000,
  "i": 22300000,
  "j": 10700000,
  "k": 21800000,
  "l": 10800000,
  "m": 22100000,
  "n": 182000,
  "o": 182000,
  "p": 196000,
  "q": 196000,
  "r": 249000,
  "s": 504000,
  "t": 268000,
  "u": 543000
}
