{
  "b": 2.1097800731658936,
  "c": 4.338405132293701,
  "d": 2.19380521774292,
  "e": 4.510983467102051,
  "f": 22310078,
  "g": 45494176,
  "h": 24529430,
  "i": 50025344,
  "j": 21941714,
  "k": 45119412,
  "l": 24131858,
  "m": 49620816,
  "n": 368362,
  "o": 374767,
  "p": 397571,
  "q": 404530,
  "r": 523454,
  "s": 1066942,
  "t": 611762,
  "u": 1247441
}
