{
  "b": 3.1817710399627686,
  "c": 6.693541526794434,
  "d": 3.679105520248413,
  "e": 7.739384651184082,
  "f": 33700000,
  "g": 70200000,
  "h": 41100000,
  "i": 85800000,
  "j": 33100000,
  "k": 69600000,
  "l": 40500000,
  "m": 85100000,
  "n": 578000,
  "o": 578000,
  "p": 653000,
  "q": 653000,
  "r": 638000,
  "s": 1330000,
  "t": 817000,
  "u": 1700000
}
