{
  "b": 72.54869079589844,
  "c": 147.99256896972656,
  "d": 87.86805725097656,
  "e": 179.23562622070312,
  "f": 768000000,
  "g": 1550000000,
  "h": 983000000,
  "i": 1990000000,
  "j": 755000000,
  "k": 1540000000,
  "l": 967000000,
  "m": 1970000000,
  "n": 13500000,
  "o": 13500000,
  "p": 16600000,
  "q": 16600000,
  "r": 129000000,
  "s": 260000000,
  "t": 171000000,
  "u": 344000000
}
