{
  "b": 4.760107040405273,
  "c": 9.849241256713867,
  "d": 5.577640056610107,
  "e": 11.540462493896484,
  "f": 50339716,
  "g": 103286520,
  "h": 62292928,
  "i": 127906336,
  "j": 49505112,
  "k": 102432112,
  "l": 61354040,
  "m": 126945088,
  "n": 834606,
  "o": 854404,
  "p": 938888,
  "q": 961251,
  "r": 1231980,
  "s": 2522008,
  "t": 1566683,
  "u": 3210770
}
