{
  "b": 1.526130199432373,
  "c": 3.1772329807281494,
  "d": 1.445459246635437,
  "e": 3.0091371536254883,
  "f": 16140367,
  "g": 33319602,
  "h": 16184306,
  "i": 33393002,
  "j": 15871754,
  "k": 33043224,
  "l": 15900052,
  "m": 33100508,
  "n": 268614,
  "o": 276379,
  "p": 284253,
  "q": 292490,
  "r": 340708,
  "s": 702833,
  "t": 363221,
  "u": 749164
}
