{
  "b": 13.106549263000488,
  "c": 27.663330078125,
  "d": 15.055736541748047,
  "e": 31.775720596313477,
  "f": 138692704,
  "g": 290173760,
  "h": 168366512,
  "i": 352390912,
  "j": 136308112,
  "k": 287698624,
  "l": 165613104,
  "m": 349532928,
  "n": 2384596,
  "o": 2475158,
  "p": 2753396,
  "q": 2857977,
  "r": 10463725,
  "s": 21845822,
  "t": 13179455,
  "u": 27540292
}
