{
  "b": 13.106549263000488,
  "c": 27.663330078125,
  "d": 15.055736541748047,
  "e": 31.775720596313477,
  "f": 139000000,
  "g": 290000000,
  "h": 168000000,
  "i": 352000000,
  "j": 136000000,
  "k": 288000000,
  "l": 166000000,
  "m": 350000000,
  "n": 2430000,
  "o": 2430000,
  "p": 2810000,
  "q": 2810000,
  "r": 10500000,
  "s": 21800000,
  "t": 13200000,
  "u": 27500000
}
