{
  "b": 4.760107040405273,
  "c": 9.849241256713867,
  "d": 5.577640056610107,
  "e": 11.540462493896484,
  "f": 50300000,
  "g": 103000000,
  "h": 62300000,
  "i": 128000000,
  "j": 49500000,
  "k": 102000000,
  "l": 61400000,
  "m": 127000000,
  "n": 845000,
  "o": 845000,
  "p": 950000,
  "q": 950000,
  "r": 1230000,
  "s": 2520000,
  "t": 1570000,
  "u": 3210000
}
