{
  "b": 0.9946488738059998,
  "c": 2.117990016937256,
  "d": 1.0195561647415161,
  "e": 2.1709043979644775,
  "f": 10500000,
  "g": 22200000,
  "h": 11400000,
  "i": 24100000,
  "j": 10300000,
  "k": 22000000,
  "l": 11200000,
  "m": 23900000,
  "n": 181000,
  "o": 181000,
  "p": 198000,
  "q": 198000,
  "r": 98000,
  "s": 207000,
  "t": 114000,
  "u": 240000
}
