{
  "b": 1.526130199432373,
  "c": 3.1772329807281494,
  "d": 1.445459246635437,
  "e": 3.0091371536254883,
  "f": 16100000,
  "g": 33300000,
  "h": 16200000,
  "i": 33400000,
  "j": 15900000,
  "k": 33000000,
  "l": 15900000,
  "m": 33100000,
  "n": 272000,
  "o": 272000,
  "p": 288000,
  "q": 288000,
  "r": 341000,
  "s": 703000,
  "t": 363000,
  "u": 749000
}
