{
  "b": 0.9946488738059998,
  "c": 2.117990016937256,
  "d": 1.0195561647415161,
  "e": 2.1709043979644775,
  "f": 10520857,
  "g": 22212338,
  "h": 11408692,
  "i": 24083104,
  "j": 10344348,
  "k": 22027096,
  "l": 11215118,
  "m": 23879948,
  "n": 176510,
  "o": 185241,
  "p": 193574,
  "q": 203157,
  "r": 97968,
  "s": 206829,
  "t": 113714,
  "u": 240121
}
