{
  "b": 72.54869079589844,
  "c": 147.99256896972656,
  "d": 87.86805725097656,
  "e": 179.23562622070312,
  "f": 767983936,
  "g": 1552676864,
  "h": 983060032,
  "i": 1988196480,
  "j": 754506368,
  "k": 1539122688,
  "l": 966548608,
  "m": 1971591808,
  "n": 13477555,
  "o": 13554094,
  "p": 16511499,
  "q": 16604737,
  "r": 129342544,
  "s": 260469168,
  "t": 170655200,
  "u": 343934720
}
