{
  "b": 11.140843391418457,
  "c": 23.112163543701172,
  "d": 11.436805725097656,
  "e": 23.72480010986328,
  "f": 118000000,
  "g": 242000000,
  "h": 128000000,
  "i": 263000000,
  "j": 116000000,
  "k": 240000000,
  "l": 126000000,
  "m": 261000000,
  "n": 2030000,
  "o": 2030000,
  "p": 2420000,
  "q": 2420000,
  "r": 7320000,
  "s": 15000000,
  "t": 8150000,
  "u": 16700000
}
