{
  "b": 2.2834646701812744,
  "c": 4.7660932540893555,
  "d": 2.395960569381714,
  "e": 5.000643730163574,
  "f": 24151444,
  "g": 49983256,
  "h": 26785692,
  "i": 55450536,
  "j": 23748032,
  "k": 49567368,
  "l": 26355566,
  "m": 55007080,
  "n": 403413,
  "o": 415881,
  "p": 430127,
  "q": 443456,
  "r": 507467,
  "s": 1049847,
  "t": 594866,
  "u": 1231442
}
