{
  "b": 2.72892165184021,
  "c": 5.667373180389404,
  "d": 2.895653486251831,
  "e": 6.013396739959717,
  "f": 28900000,
  "g": 59400000,
  "h": 32400000,
  "i": 66700000,
  "j": 28400000,
  "k": 58900000,
  "l": 31900000,
  "m": 66100000,
  "n": 494000,
  "o": 494000,
  "p": 549000,
  "q": 549000,
  "r": 500000,
  "s": 1030000,
  "t": 592000,
  "u": 1220000
}
