{
  "b": 3.6793103218078613,
  "c": 7.384912490844727,
  "d": 4.301079273223877,
  "e": 8.632429122924805,
  "f": 38925980,
  "g": 77458360,
  "h": 48082832,
  "i": 95720864,
  "j": 38264828,
  "k": 76803088,
  "l": 47311872,
  "m": 94956720,
  "n": 661149,
  "o": 655276,
  "p": 770954,
  "q": 764143,
  "r": 1534897,
  "s": 3048491,
  "t": 1985144,
  "u": 3945872
}
