{
  "b": 56.84271240234375,
  "c": 114.17546081542969,
  "d": 70.1561508178711,
  "e": 140.91575622558594,
  "f": 601000000,
  "g": 1200000000,
  "h": 783000000,
  "i": 1560000000,
  "j": 591000000,
  "k": 1190000000,
  "l": 772000000,
  "m": 1550000000,
  "n": 9860000,
  "o": 9860000,
  "p": 11400000,
  "q": 11400000,
  "r": 74100000,
  "s": 147000000,
  "t": 99000000,
  "u": 197000000
}
