{
  "b": 2.72892165184021,
  "c": 5.667373180389404,
  "d": 2.895653486251831,
  "e": 6.013396739959717,
  "f": 28868384,
  "g": 59440772,
  "h": 32394152,
  "i": 66703256,
  "j": 28380784,
  "k": 58940680,
  "l": 31852188,
  "m": 66147364,
  "n": 487600,
  "o": 500094,
  "p": 541964,
  "q": 555889,
  "r": 500141,
  "s": 1029705,
  "t": 592000,
  "u": 1219312
}
