{
  "b": 11.140843391418457,
  "c": 23.112163543701172,
  "d": 11.436805725097656,
  "e": 23.72480010986328,
  "f": 117872984,
  "g": 242415888,
  "h": 128202536,
  "i": 263419488,
  "j": 115864768,
  "k": 240366496,
  "l": 125804864,
  "m": 260972800,
  "n": 2008219,
  "o": 2049382,
  "p": 2397668,
  "q": 2446683,
  "r": 7318769,
  "s": 15017908,
  "t": 8152272,
  "u": 16715800
}
