{
  "b": 2.2834646701812744,
  "c": 4.7660932540893555,
  "d": 2.395960569381714,
  "e": 5.000643730163574,
  "f": 24200000,
  "g": 50000000,
  "h": 26800000,
  "i": 55500000,
  "j": 23700000,
  "k": 49600000,
  "l": 26400000,
  "m": 55000000,
  "n": 410000,
  "o": 410000,
  "p": 437000,
  "q": 437000,
  "r": 507000,
  "s": 1050000,
  "t": 595000,
  "u": 1230000
}
