{
  "b": 3.6793103218078613,
  "c": 7.384912490844727,
  "d": 4.301079273223877,
  "e": 8.632429122924805,
  "f": 38900000,
  "g": 77500000,
  "h": 48100000,
  "i": 95700000,
  "j": 38300000,
  "k": 76800000,
  "l": 47300000,
  "m": 95000000,
  "n": 658000,
  "o": 658000,
  "p": 768000,
  "q": 768000,
  "r": 1530000,
  "s": 3050000,
  "t": 1990000,
  "u": 3950000
}
