{
  "b": 2.5572633743286133,
  "c": 5.358578681945801,
  "d": 2.457441568374634,
  "e": 5.1492438316345215,
  "f": 27000000,
  "g": 56200000,
  "h": 27500000,
  "i": 57100000,
  "j": 26600000,
  "k": 55700000,
  "l": 27000000,
  "m": 56600000,
  "n": 453000,
  "o": 453000,
  "p": 493000,
  "q": 493000,
  "r": 291000,
  "s": 603000,
  "t": 312000,
  "u": 648000
}
