{
  "b": 2.2554826736450195,
  "c": 4.739993572235107,
  "d": 2.500948190689087,
  "e": 5.2555694580078125,
  "f": 23857368,
  "g": 49710936,
  "h": 27958508,
  "i": 58275764,
  "j": 23457020,
  "k": 49295932,
  "l": 27510430,
  "m": 57811264,
  "n": 400346,
  "o": 415003,
  "p": 448076,
  "q": 464499,
  "r": 234624,
  "s": 487970,
  "t": 289043,
  "u": 601547
}
