{
  "b": 4.067329406738281,
  "c": 8.394246101379395,
  "d": 4.5997467041015625,
  "e": 9.492738723754883,
  "f": 43013944,
  "g": 88029120,
  "h": 51389988,
  "i": 105229920,
  "j": 42300224,
  "k": 87300160,
  "l": 50597216,
  "m": 104420128,
  "n": 713716,
  "o": 728956,
  "p": 792772,
  "q": 809780,
  "r": 938891,
  "s": 1918194,
  "t": 1174675,
  "u": 2401946
}
