{
  "b": 4.067329406738281,
  "c": 8.394246101379395,
  "d": 4.5997467041015625,
  "e": 9.492738723754883,
  "f": 43000000,
  "g": 88000000,
  "h": 51400000,
  "i": 105000000,
  "j": 42300000,
  "k": 87300000,
  "l": 50600000,
  "m": 104000000,
  "n": 721000,
  "o": 721000,
  "p": 801000,
  "q": 801000,
  "r": 939000,
  "s": 1920000,
  "t": 1170000,
  "u": 2400000
}
