{
  "b": 2.2554826736450195,
  "c": 4.739993572235107,
  "d": 2.500948190689087,
  "e": 5.2555694580078125,
  "f": 23900000,
  "g": 49700000,
  "h": 28000000,
  "i": 58300000,
  "j": 23500000,
  "k": 49300000,
  "l": 27500000,
  "m": 57800000,
  "n": 408000,
  "o": 408000,
  "p": 456000,
  "q": 456000,
  "r": 235000,
  "s": 488000,
  "t": 289000,
  "u": 602000
}
