{
  "b": 9.667795181274414,
  "c": 20.24555015563965,
  "d": 10.050260543823242,
  "e": 21.045520782470703,
  "f": 102000000,
  "g": 212000000,
  "h": 112000000,
  "i": 233000000,
  "j": 101000000,
  "k": 211000000,
  "l": 111000000,
  "m": 232000000,
  "n": 1700000,
  "o": 1700000,
  "p": 1870000,
  "q": 1870000,
  "r": 11000000,
  "s": 22800000,
  "t": 11500000,
  "u": 24000000
}
