{
  "b": 9.667795181274414,
  "c": 20.24555015563965,
  "d": 10.050260543823242,
  "e": 21.045520782470703,
  "f": 102220768,
  "g": 212287344,
  "h": 112389704,
  "i": 233401184,
  "j": 100545072,
  "k": 210553712,
  "l": 110552864,
  "m": 231500736,
  "n": 1675691,
  "o": 1733615,
  "p": 1836849,
  "q": 1900453,
  "r": 10952479,
  "s": 22758160,
  "t": 11534488,
  "u": 23969756
}
