{
  "b": 2.5572633743286133,
  "c": 5.358578681945801,
  "d": 2.457441568374634,
  "e": 5.1492438316345215,
  "f": 27040090,
  "g": 56189940,
  "h": 27516142,
  "i": 57143624,
  "j": 26595540,
  "k": 55729216,
  "l": 27031856,
  "m": 56641680,
  "n": 444549,
  "o": 460723,
  "p": 484284,
  "q": 501942,
  "r": 290628,
  "s": 603191,
  "t": 312334,
  "u": 648051
}
