{
  "b": 2.778820037841797,
  "c": 5.500247478485107,
  "d": 2.993393659591675,
  "e": 5.92482852935791,
  "f": 29400000,
  "g": 57700000,
  "h": 33500000,
  "i": 65700000,
  "j": 28900000,
  "k": 57200000,
  "l": 32900000,
  "m": 65200000,
  "n": 479000,
  "o": 479000,
  "p": 528000,
  "q": 528000,
  "r": 1070000,
  "s": 2100000,
  "t": 1280000,
  "u": 2510000
}
