{
  "b": 7.018489360809326,
  "c": 14.810646057128906,
  "d": 7.294612407684326,
  "e": 15.392537117004395,
  "f": 74228392,
  "g": 155317824,
  "h": 81592288,
  "i": 170725280,
  "j": 72992288,
  "k": 154030720,
  "l": 80240736,
  "m": 169317904,
  "n": 1236107,
  "o": 1287116,
  "p": 1351536,
  "q": 1407368,
  "r": 2930554,
  "s": 6121831,
  "t": 3304990,
  "u": 6905557
}
