{
  "b": 6.014223098754883,
  "c": 12.137231826782227,
  "d": 7.229608535766602,
  "e": 14.589615821838379,
  "f": 63600000,
  "g": 127000000,
  "h": 80800000,
  "i": 162000000,
  "j": 62500000,
  "k": 126000000,
  "l": 79500000,
  "m": 160000000,
  "n": 1060000,
  "o": 1060000,
  "p": 1240000,
  "q": 1240000,
  "r": 1360000,
  "s": 2720000,
  "t": 1810000,
  "u": 3610000
}
