{
  "b": 8.818743705749512,
  "c": 18.389352798461914,
  "d": 12.250954627990723,
  "e": 25.545419692993164,
  "f": 93325072,
  "g": 192902704,
  "h": 136782496,
  "i": 283075872,
  "j": 91714936,
  "k": 191249264,
  "l": 134760496,
  "m": 280999616,
  "n": 1610148,
  "o": 1653438,
  "p": 2021998,
  "q": 2076275,
  "r": 2136218,
  "s": 4404179,
  "t": 3237072,
  "u": 6685436
}
