{
  "b": 6.090142250061035,
  "c": 12.389930725097656,
  "d": 6.991988182067871,
  "e": 14.22435188293457,
  "f": 64396284,
  "g": 129924904,
  "h": 78096320,
  "i": 157664672,
  "j": 63337480,
  "k": 128855280,
  "l": 76911872,
  "m": 156467872,
  "n": 1058796,
  "o": 1069623,
  "p": 1184455,
  "q": 1196805,
  "r": 2155851,
  "s": 4340502,
  "t": 2711046,
  "u": 5463304
}
