{
  "b": 2.4177777767181396,
  "c": 4.990147113800049,
  "d": 2.706068277359009,
  "e": 5.5849409103393555,
  "f": 25600000,
  "g": 52300000,
  "h": 30200000,
  "i": 61900000,
  "j": 25100000,
  "k": 51900000,
  "l": 29800000,
  "m": 61400000,
  "n": 428000,
  "o": 428000,
  "p": 465000,
  "q": 465000,
  "r": 508000,
  "s": 1040000,
  "t": 628000,
  "u": 1290000
}
