{
  "b": 11.749042510986328,
  "c": 24.311614990234375,
  "d": 12.573607444763184,
  "e": 26.016029357910156,
  "f": 124000000,
  "g": 255000000,
  "h": 141000000,
  "i": 289000000,
  "j": 122000000,
  "k": 253000000,
  "l": 138000000,
  "m": 286000000,
  "n": 2120000,
  "o": 2120000,
  "p": 2370000,
  "q": 2370000,
  "r": 15800000,
  "s": 32500000,
  "t": 17000000,
  "u": 34900000
}
