{
  "b": 11.749042510986328,
  "c": 24.311614990234375,
  "d": 12.573607444763184,
  "e": 26.016029357910156,
  "f": 124286496,
  "g": 254975456,
  "h": 140660912,
  "i": 288570368,
  "j": 122190040,
  "k": 252840800,
  "l": 138309680,
  "m": 286176320,
  "n": 2096463,
  "o": 2134674,
  "p": 2351222,
  "q": 2394069,
  "r": 15842125,
  "s": 32474102,
  "t": 17008968,
  "u": 34864720
}
