{
  "b": 6.090142250061035,
  "c": 12.389930725097656,
  "d": 6.991988182067871,
  "e": 14.22435188293457,
  "f": 64400000,
  "g": 130000000,
  "h": 78100000,
  "i": 158000000,
  "j": 63300000,
  "k": 129000000,
  "l": 76900000,
  "m": 156000000,
  "n": 1060000,
  "o": 1060000,
  "p": 1190000,
  "q": 1190000,
  "r": 2160000,
  "s": 4340000,
  "t": 2710000,
  "u": 5460000
}
