{
  "b": 2.4177777767181396,
  "c": 4.990147113800049,
  "d": 2.706068277359009,
  "e": 5.5849409103393555,
  "f": 25568082,
  "g": 52329528,
  "h": 30226906,
  "i": 61904144,
  "j": 25144890,
  "k": 51897528,
  "l": 29766750,
  "m": 61434352,
  "n": 423191,
  "o": 432004,
  "p": 460157,
  "q": 469786,
  "r": 507935,
  "s": 1039393,
  "t": 627592,
  "u": 1285375
}
