{
  "b": 2.7618441581726074,
  "c": 5.490091323852539,
  "d": 2.790825366973877,
  "e": 5.54772424697876,
  "f": 29200000,
  "g": 57600000,
  "h": 31200000,
  "i": 61500000,
  "j": 28700000,
  "k": 57100000,
  "l": 30700000,
  "m": 61000000,
  "n": 462000,
  "o": 462000,
  "p": 518000,
  "q": 518000,
  "r": 859000,
  "s": 1690000,
  "t": 935000,
  "u": 1840000
}
