{
  "b": 2.7618441581726074,
  "c": 5.490091323852539,
  "d": 2.790825366973877,
  "e": 5.54772424697876,
  "f": 29188124,
  "g": 57556432,
  "h": 31219996,
  "i": 61539852,
  "j": 28723180,
  "k": 57096952,
  "l": 30699080,
  "m": 61024968,
  "n": 464941,
  "o": 459482,
  "p": 520917,
  "q": 514885,
  "r": 859245,
  "s": 1691278,
  "t": 934814,
  "u": 1839879
}
