{
  "b": 7.314662933349609,
  "c": 15.203200340270996,
  "d": 7.496715545654297,
  "e": 15.581212043762207,
  "f": 77321144,
  "g": 159392656,
  "h": 83848264,
  "i": 172811760,
  "j": 76072496,
  "k": 158113280,
  "l": 82463872,
  "m": 171393328,
  "n": 1248645,
  "o": 1279377,
  "p": 1384390,
  "q": 1418435,
  "r": 3038272,
  "s": 6256711,
  "t": 3435577,
  "u": 7074943
}
