{
  "b": 5.2674336433410645,
  "c": 10.968708992004395,
  "d": 5.665832042694092,
  "e": 11.798158645629883,
  "f": 55700000,
  "g": 115000000,
  "h": 63400000,
  "i": 131000000,
  "j": 54800000,
  "k": 114000000,
  "l": 62300000,
  "m": 130000000,
  "n": 929000,
  "o": 929000,
  "p": 1040000,
  "q": 1040000,
  "r": 978000,
  "s": 2020000,
  "t": 1130000,
  "u": 2330000
}
