{
  "b": 0.9997724890708923,
  "c": 2.158440113067627,
  "d": 0.9364805221557617,
  "e": 2.0215682983398438,
  "f": 10600000,
  "g": 22600000,
  "h": 10500000,
  "i": 22400000,
  "j": 10400000,
  "k": 22400000,
  "l": 10300000,
  "m": 22200000,
  "n": 190000,
  "o": 190000,
  "p": 206000,
  "q": 206000,
  "r": 81200,
  "s": 174000,
  "t": 86900,
  "u": 186000
}
