{
  "b": 5.2674336433410645,
  "c": 10.968708992004395,
  "d": 5.665832042694092,
  "e": 11.798158645629883,
  "f": 55697372,
  "g": 115017040,
  "h": 63352908,
  "i": 130838144,
  "j": 54781308,
  "k": 114074576,
  "l": 62324152,
  "m": 129779744,
  "n": 916058,
  "o": 942457,
  "p": 1028755,
  "q": 1058388,
  "r": 978212,
  "s": 2016351,
  "t": 1130114,
  "u": 2330233
}
