{
  "b": 2.054649829864502,
  "c": 4.231114387512207,
  "d": 1.9494036436080933,
  "e": 4.0140533447265625,
  "f": 21700000,
  "g": 44400000,
  "h": 21900000,
  "i": 44600000,
  "j": 21400000,
  "k": 44000000,
  "l": 21400000,
  "m": 44200000,
  "n": 370000,
  "o": 370000,
  "p": 413000,
  "q": 413000,
  "r": 301000,
  "s": 613000,
  "t": 322000,
  "u": 655000
}
