{
  "b": 3.71142840385437,
  "c": 7.975820541381836,
  "d": 3.9795737266540527,
  "e": 8.55102252960205,
  "f": 39300000,
  "g": 83700000,
  "h": 44500000,
  "i": 94900000,
  "j": 38600000,
  "k": 82900000,
  "l": 43800000,
  "m": 94100000,
  "n": 708000,
  "o": 708000,
  "p": 791000,
  "q": 791000,
  "r": 672000,
  "s": 1430000,
  "t": 813000,
  "u": 1730000
}
