{
  "b": 0.9997724890708923,
  "c": 2.158440113067627,
  "d": 0.9364805221557617,
  "e": 2.0215682983398438,
  "f": 10582181,
  "g": 22643160,
  "h": 10501564,
  "i": 22449296,
  "j": 10397634,
  "k": 22447778,
  "l": 10301286,
  "m": 22237252,
  "n": 184546,
  "o": 195383,
  "p": 200277,
  "q": 212048,
  "r": 81221,
  "s": 173664,
  "t": 86904,
  "u": 185717
}
