{
  "b": 3.618042230606079,
  "c": 7.4968953132629395,
  "d": 3.9160854816436768,
  "e": 8.11382007598877,
  "f": 38270048,
  "g": 78624088,
  "h": 43790140,
  "i": 89980808,
  "j": 37627640,
  "k": 77967712,
  "l": 43076940,
  "m": 89252024,
  "n": 642406,
  "o": 656386,
  "p": 713208,
  "q": 728792,
  "r": 431710,
  "s": 882920,
  "t": 527412,
  "u": 1079174
}
