{
  "b": 10.850085258483887,
  "c": 22.897253036499023,
  "d": 13.29396915435791,
  "e": 28.051799774169922,
  "f": 114800848,
  "g": 240158112,
  "h": 148611888,
  "i": 311028416,
  "j": 112840888,
  "k": 238131424,
  "l": 146233664,
  "m": 308569792,
  "n": 1959954,
  "o": 2026686,
  "p": 2378221,
  "q": 2458671,
  "r": 11005104,
  "s": 22957078,
  "t": 16336580,
  "u": 34116512
}
