{
  "b": 1.946416974067688,
  "c": 4.12412166595459,
  "d": 1.757287621498108,
  "e": 3.72329044342041,
  "f": 20600000,
  "g": 43200000,
  "h": 19700000,
  "i": 41300000,
  "j": 20200000,
  "k": 42900000,
  "l": 19300000,
  "m": 41000000,
  "n": 343000,
  "o": 343000,
  "p": 373000,
  "q": 373000,
  "r": 142000,
  "s": 297000,
  "t": 143000,
  "u": 299000
}
