{
  "b": 2.3504741191864014,
  "c": 4.882210731506348,
  "d": 2.3833086490631104,
  "e": 4.950153350830078,
  "f": 24900000,
  "g": 51200000,
  "h": 26700000,
  "i": 54900000,
  "j": 24400000,
  "k": 50800000,
  "l": 26200000,
  "m": 54500000,
  "n": 426000,
  "o": 426000,
  "p": 472000,
  "q": 472000,
  "r": 481000,
  "s": 989000,
  "t": 540000,
  "u": 1110000
}
