{
  "b": 0.6680254936218262,
  "c": 1.3978118896484375,
  "d": 0.6407849192619324,
  "e": 1.340696096420288,
  "f": 7070000,
  "g": 14700000,
  "h": 7180000,
  "i": 14900000,
  "j": 6950000,
  "k": 14500000,
  "l": 7050000,
  "m": 14700000,
  "n": 122000,
  "o": 122000,
  "p": 134000,
  "q": 134000,
  "r": 219000,
  "s": 453000,
  "t": 236000,
  "u": 487000
}
