{
  "b": 2.3504741191864014,
  "c": 4.882210731506348,
  "d": 2.3833086490631104,
  "e": 4.950153350830078,
  "f": 24865660,
  "g": 51206092,
  "h": 26682582,
  "i": 54929392,
  "j": 24444932,
  "k": 50774992,
  "l": 26216396,
  "m": 54451688,
  "n": 420729,
  "o": 431100,
  "p": 466187,
  "q": 477703,
  "r": 480546,
  "s": 988808,
  "t": 540270,
  "u": 1111784
}
