{
  "b": 10.850085258483887,
  "c": 22.897253036499023,
  "d": 13.29396915435791,
  "e": 28.051799774169922,
  "f": 115000000,
  "g": 240000000,
  "h": 149000000,
  "i": 311000000,
  "j": 113000000,
  "k": 238000000,
  "l": 146000000,
  "m": 309000000,
  "n": 1990000,
  "o": 1990000,
  "p": 2420000,
  "q": 2420000,
  "r": 11000000,
  "s": 23000000,
  "t": 16300000,
  "u": 34100000
}
