{
  "b": 0.6680254936218262,
  "c": 1.3978118896484375,
  "d": 0.6407849192619324,
  "e": 1.340696096420288,
  "f": 7067573,
  "g": 14660912,
  "h": 7180822,
  "i": 14883762,
  "j": 6947465,
  "k": 14537244,
  "l": 7048634,
  "m": 14747657,
  "n": 120109,
  "o": 123668,
  "p": 132188,
  "q": 136105,
  "r": 219003,
  "s": 453136,
  "t": 235512,
  "u": 487101
}
