{
  "b": 3.618042230606079,
  "c": 7.4968953132629395,
  "d": 3.9160854816436768,
  "e": 8.11382007598877,
  "f": 38300000,
  "g": 78600000,
  "h": 43800000,
  "i": 90000000,
  "j": 37600000,
  "k": 78000000,
  "l": 43100000,
  "m": 89300000,
  "n": 649000,
  "o": 649000,
  "p": 721000,
  "q": 721000,
  "r": 432000,
  "s": 883000,
  "t": 527000,
  "u": 1080000
}
