{
  "b": 1.946416974067688,
  "c": 4.12412166595459,
  "d": 1.757287621498108,
  "e": 3.72329044342041,
  "f": 20578624,
  "g": 43241012,
  "h": 19695594,
  "i": 41337136,
  "j": 20242736,
  "k": 42890864,
  "l": 19330164,
  "m": 40956196,
  "n": 335888,
  "o": 350150,
  "p": 365429,
  "q": 380938,
  "r": 141746,
  "s": 296993,
  "t": 142797,
  "u": 298917
}
