{
  "b": 0.33557748794555664,
  "c": 0.7173929810523987,
  "d": 0.3144630491733551,
  "e": 0.6721711754798889,
  "f": 3550000,
  "g": 7530000,
  "h": 3530000,
  "i": 7470000,
  "j": 3490000,
  "k": 7460000,
  "l": 3460000,
  "m": 7390000,
  "n": 64500,
  "o": 64500,
  "p": 69900,
  "q": 69900,
  "r": 16600,
  "s": 35200,
  "t": 17400,
  "u": 36800
}
