{
  "b": 0.33557748794555664,
  "c": 0.7173929810523987,
  "d": 0.3144630491733551,
  "e": 0.6721711754798889,
  "f": 3553050,
  "g": 7526936,
  "h": 3527324,
  "i": 7465370,
  "j": 3490006,
  "k": 7460887,
  "l": 3459094,
  "m": 7393883,
  "n": 63043,
  "o": 66049,
  "p": 68230,
  "q": 71487,
  "r": 16605,
  "s": 35174,
  "t": 17401,
  "u": 36843
}
