{
  "b": 1.645976185798645,
  "c": 3.4264473915100098,
  "d": 1.6697988510131836,
  "e": 3.475736379623413,
  "f": 17400000,
  "g": 35900000,
  "h": 18700000,
  "i": 38600000,
  "j": 17100000,
  "k": 35600000,
  "l": 18400000,
  "m": 38200000,
  "n": 304000,
  "o": 304000,
  "p": 334000,
  "q": 334000,
  "r": 627000,
  "s": 1290000,
  "t": 714000,
  "u": 1470000
}
