{
  "b": 0.3862493634223938,
  "c": 0.8096843957901001,
  "d": 0.3678736686706543,
  "e": 0.7711648344993591,
  "f": 4090000,
  "g": 8500000,
  "h": 4130000,
  "i": 8570000,
  "j": 4020000,
  "k": 8420000,
  "l": 4050000,
  "m": 8480000,
  "n": 76100,
  "o": 76100,
  "p": 81500,
  "q": 81500,
  "r": 60600,
  "s": 126000,
  "t": 63700,
  "u": 133000
}
