{
  "b": 5.583627700805664,
  "c": 11.641274452209473,
  "d": 6.2239532470703125,
  "e": 12.975536346435547,
  "f": 59054996,
  "g": 122081864,
  "h": 69577792,
  "i": 143876192,
  "j": 58069728,
  "k": 121069256,
  "l": 68463488,
  "m": 142730896,
  "n": 985270,
  "o": 1012619,
  "p": 1114309,
  "q": 1145304,
  "r": 1461817,
  "s": 3021718,
  "t": 1716135,
  "u": 3549199
}
