{
  "b": 1.5077219009399414,
  "c": 3.1704115867614746,
  "d": 1.5232950448989868,
  "e": 3.202861785888672,
  "f": 16000000,
  "g": 33300000,
  "h": 17100000,
  "i": 35500000,
  "j": 15700000,
  "k": 33000000,
  "l": 16800000,
  "m": 35200000,
  "n": 280000,
  "o": 280000,
  "p": 309000,
  "q": 309000,
  "r": 398000,
  "s": 828000,
  "t": 455000,
  "u": 945000
}
