{
  "b": 0.3862493634223938,
  "c": 0.8096843957901001,
  "d": 0.3678736686706543,
  "e": 0.7711648344993591,
  "f": 4091929,
  "g": 8497894,
  "h": 4126934,
  "i": 8565537,
  "j": 4016994,
  "k": 8420718,
  "l": 4046610,
  "m": 8482813,
  "n": 74936,
  "o": 77177,
  "p": 80324,
  "q": 82725,
  "r": 60610,
  "s": 126179,
  "t": 63747,
  "u": 132678
}
