{
  "b": 3.2388904094696045,
  "c": 6.749701499938965,
  "d": 3.531630516052246,
  "e": 7.359609603881836,
  "f": 34200000,
  "g": 70800000,
  "h": 39500000,
  "i": 81600000,
  "j": 33700000,
  "k": 70200000,
  "l": 38800000,
  "m": 81000000,
  "n": 564000,
  "o": 564000,
  "p": 660000,
  "q": 660000,
  "r": 727000,
  "s": 1500000,
  "t": 861000,
  "u": 1780000
}
