{
  "b": 13.989426612854004,
  "c": 29.376419067382812,
  "d": 15.176590919494629,
  "e": 31.868093490600586,
  "f": 148000000,
  "g": 308000000,
  "h": 170000000,
  "i": 353000000,
  "j": 145000000,
  "k": 306000000,
  "l": 167000000,
  "m": 351000000,
  "n": 2450000,
  "o": 2450000,
  "p": 2810000,
  "q": 2810000,
  "r": 5820000,
  "s": 12100000,
  "t": 6970000,
  "u": 14500000
}
