{
  "b": 13.989426612854004,
  "c": 29.376419067382812,
  "d": 15.176590919494629,
  "e": 31.868093490600586,
  "f": 147898432,
  "g": 307996448,
  "h": 169708048,
  "i": 353398368,
  "j": 145490032,
  "k": 305514752,
  "l": 166942496,
  "m": 350549024,
  "n": 2408385,
  "o": 2481702,
  "p": 2765568,
  "q": 2849348,
  "r": 5819084,
  "s": 12090406,
  "t": 6971272,
  "u": 14487297
}
