{
  "b": 0.43514904379844666,
  "c": 0.9295746088027954,
  "d": 0.3785549998283386,
  "e": 0.8086252808570862,
  "f": 4609443,
  "g": 9755484,
  "h": 4251559,
  "i": 8986520,
  "j": 4525550,
  "k": 9667576,
  "l": 4164105,
  "m": 8894878,
  "n": 83893,
  "o": 87908,
  "p": 87453,
  "q": 91642,
  "r": 91049,
  "s": 193118,
  "t": 88338,
  "u": 187237
}
