{
  "b": 7.773130893707275,
  "c": 16.216567993164062,
  "d": 7.309804439544678,
  "e": 15.248826026916504,
  "f": 82221776,
  "g": 170071088,
  "h": 81988824,
  "i": 169361136,
  "j": 80840560,
  "k": 168652304,
  "l": 80407848,
  "m": 167737088,
  "n": 1381214,
  "o": 1418778,
  "p": 1580986,
  "q": 1624044,
  "r": 1304013,
  "s": 2687468,
  "t": 1356010,
  "u": 2791926
}
