{
  "b": 3.2388904094696045,
  "c": 6.749701499938965,
  "d": 3.531630516052246,
  "e": 7.359609603881836,
  "f": 34241376,
  "g": 70768552,
  "h": 39499704,
  "i": 81624688,
  "j": 33684460,
  "k": 70196896,
  "l": 38847936,
  "m": 80955704,
  "n": 556919,
  "o": 571651,
  "p": 651771,
  "q": 668983,
  "r": 727161,
  "s": 1500475,
  "t": 860545,
  "u": 1775866
}
