{
  "b": 7.773130893707275,
  "c": 16.216567993164062,
  "d": 7.309804439544678,
  "e": 15.248826026916504,
  "f": 82200000,
  "g": 170000000,
  "h": 82000000,
  "i": 169000000,
  "j": 80800000,
  "k": 169000000,
  "l": 80400000,
  "m": 168000000,
  "n": 1400000,
  "o": 1400000,
  "p": 1600000,
  "q": 1600000,
  "r": 1300000,
  "s": 2690000,
  "t": 1360000,
  "u": 2790000
}
