{
  "b": 0.7297548055648804,
  "c": 1.5693556070327759,
  "d": 0.7109426259994507,
  "e": 1.5288629531860352,
  "f": 7718248,
  "g": 16457100,
  "h": 7961653,
  "i": 16966460,
  "j": 7589450,
  "k": 16321298,
  "l": 7820369,
  "m": 16817492,
  "n": 128798,
  "o": 135803,
  "p": 141284,
  "q": 148968,
  "r": 29817,
  "s": 63498,
  "t": 32477,
  "u": 69144
}
