{
  "b": 1.8183693885803223,
  "c": 3.687195301055908,
  "d": 1.944459319114685,
  "e": 3.9427523612976074,
  "f": 19239684,
  "g": 38676620,
  "h": 21753214,
  "i": 43735760,
  "j": 18911042,
  "k": 38346832,
  "l": 21389052,
  "m": 43370276,
  "n": 328642,
  "o": 329793,
  "p": 364164,
  "q": 365484,
  "r": 361452,
  "s": 725487,
  "t": 426744,
  "u": 856956
}
