{
  "b": 0.4797726571559906,
  "c": 1.0273945331573486,
  "d": 0.4375971853733063,
  "e": 0.9369776248931885,
  "f": 5078994,
  "g": 10778736,
  "h": 4910277,
  "i": 10408307,
  "j": 4989636,
  "k": 10684903,
  "l": 4813569,
  "m": 10306754,
  "n": 89358,
  "o": 93832,
  "p": 96708,
  "q": 101553,
  "r": 53902,
  "s": 114489,
  "t": 55666,
  "u": 118152
}
