{
  "b": 25.397079467773438,
  "c": 52.103187561035156,
  "d": 28.88235092163086,
  "e": 59.25217819213867,
  "f": 269000000,
  "g": 546000000,
  "h": 323000000,
  "i": 657000000,
  "j": 264000000,
  "k": 542000000,
  "l": 318000000,
  "m": 652000000,
  "n": 4520000,
  "o": 4520000,
  "p": 5560000,
  "q": 5560000,
  "r": 25700000,
  "s": 52200000,
  "t": 32000000,
  "u": 65000000
}
