{
  "b": 3.4083030223846436,
  "c": 7.217019081115723,
  "d": 3.637144088745117,
  "e": 7.700874328613281,
  "f": 36070768,
  "g": 75706232,
  "h": 40722540,
  "i": 85451920,
  "j": 35446352,
  "k": 75057000,
  "l": 40008584,
  "m": 84709616,
  "n": 624416,
  "o": 649229,
  "p": 713953,
  "q": 742319,
  "r": 1371854,
  "s": 2867721,
  "t": 1618570,
  "u": 3384197
}
