{
  "b": 25.397079467773438,
  "c": 52.103187561035156,
  "d": 28.88235092163086,
  "e": 59.25217819213867,
  "f": 268623584,
  "g": 546416256,
  "h": 323231072,
  "i": 657359360,
  "j": 264129632,
  "k": 541873152,
  "l": 317705856,
  "m": 651773952,
  "n": 4493943,
  "o": 4543046,
  "p": 5525215,
  "q": 5585448,
  "r": 25714834,
  "s": 52199712,
  "t": 32000636,
  "u": 64963512
}
