{
  "b": 0.4797726571559906,
  "c": 1.0273945331573486,
  "d": 0.4375971853733063,
  "e": 0.9369776248931885,
  "f": 5080000,
  "g": 10800000,
  "h": 4910000,
  "i": 10400000,
  "j": 4990000,
  "k": 10700000,
  "l": 4810000,
  "m": 10300000,
  "n": 91600,
  "o": 91600,
  "p": 99100,
  "q": 99100,
  "r": 53900,
  "s": 114000,
  "t": 55700,
  "u": 118000
}

