{
  "b": 3.4083030223846436,
  "c": 7.217019081115723,
  "d": 3.637144088745117,
  "e": 7.700874328613281,
  "f": 36100000,
  "g": 75700000,
  "h": 40700000,
  "i": 85500000,
  "j": 35400000,
  "k": 75100000,
  "l": 40000000,
  "m": 84700000,
  "n": 637000,
  "o": 637000,
  "p": 728000,
  "q": 728000,
  "r": 1370000,
  "s": 2870000,
  "t": 1620000,
  "u": 3380000
}
