{
  "b": 1.3914752006530762,
  "c": 2.9485180377960205,
  "d": 1.2304182052612305,
  "e": 2.6071670055389404,
  "f": 14710624,
  "g": 30914004,
  "h": 13792191,
  "i": 28947320,
  "j": 14471342,
  "k": 30664588,
  "l": 13534600,
  "m": 28678836,
  "n": 239281,
  "o": 249415,
  "p": 257591,
  "q": 268486,
  "r": 172046,
  "s": 360718,
  "t": 171187,
  "u": 358569
}
