{
  "b": 1.8183693885803223,
  "c": 3.687195301055908,
  "d": 1.944459319114685,
  "e": 3.9427523612976074,
  "f": 19200000,
  "g": 38700000,
  "h": 21800000,
  "i": 43700000,
  "j": 18900000,
  "k": 38300000,
  "l": 21400000,
  "m": 43400000,
  "n": 329000,
  "o": 329000,
  "p": 365000,
  "q": 365000,
  "r": 361000,
  "s": 725000,
  "t": 427000,
  "u": 857000
}
