{
  "b": 2.4307849407196045,
  "c": 5.190547943115234,
  "d": 2.631852149963379,
  "e": 5.619102954864502,
  "f": 25700000,
  "g": 54500000,
  "h": 29500000,
  "i": 62400000,
  "j": 25300000,
  "k": 54000000,
  "l": 29000000,
  "m": 61800000,
  "n": 471000,
  "o": 471000,
  "p": 551000,
  "q": 551000,
  "r": 476000,
  "s": 1010000,
  "t": 543000,
  "u": 1150000
}
