{
  "b": 2.1193857192993164,
  "c": 4.48438835144043,
  "d": 2.4069230556488037,
  "e": 5.092133045196533,
  "f": 22452572,
  "g": 47061340,
  "h": 26951160,
  "i": 56503124,
  "j": 22041612,
  "k": 46637640,
  "l": 26476154,
  "m": 56013464,
  "n": 410962,
  "o": 423705,
  "p": 475007,
  "q": 489662,
  "r": 471197,
  "s": 986029,
  "t": 636960,
  "u": 1334517
}
