{
  "b": 11.622739791870117,
  "c": 23.816530227661133,
  "d": 13.079387664794922,
  "e": 26.800928115844727,
  "f": 123000000,
  "g": 250000000,
  "h": 146000000,
  "i": 297000000,
  "j": 121000000,
  "k": 248000000,
  "l": 144000000,
  "m": 295000000,
  "n": 2030000,
  "o": 2030000,
  "p": 2380000,
  "q": 2380000,
  "r": 4210000,
  "s": 8530000,
  "t": 4980000,
  "u": 10100000
}
