{
  "b": 11.622739791870117,
  "c": 23.816530227661133,
  "d": 13.079387664794922,
  "e": 26.800928115844727,
  "f": 122893120,
  "g": 249733504,
  "h": 146239712,
  "i": 297205984,
  "j": 120876496,
  "k": 247691920,
  "l": 143873264,
  "m": 294810208,
  "n": 2016626,
  "o": 2041574,
  "p": 2366428,
  "q": 2395759,
  "r": 4205724,
  "s": 8533915,
  "t": 4983908,
  "u": 10116361
}
