{
  "b": 3.0922226905822754,
  "c": 6.63925313949585,
  "d": 3.6737828254699707,
  "e": 7.887014389038086,
  "f": 32700000,
  "g": 69700000,
  "h": 41100000,
  "i": 87500000,
  "j": 32200000,
  "k": 69000000,
  "l": 40400000,
  "m": 86800000,
  "n": 600000,
  "o": 600000,
  "p": 693000,
  "q": 693000,
  "r": 536000,
  "s": 1140000,
  "t": 693000,
  "u": 1470000
}
