{
  "b": 2.7210211753845215,
  "c": 5.5853776931762695,
  "d": 2.891578435897827,
  "e": 5.934890270233154,
  "f": 28811284,
  "g": 58601472,
  "h": 32409460,
  "i": 65886804,
  "j": 28298620,
  "k": 58087928,
  "l": 31807362,
  "m": 65283792,
  "n": 512664,
  "o": 513540,
  "p": 602098,
  "q": 603015,
  "r": 1546801,
  "s": 3140241,
  "t": 1802655,
  "u": 3659716
}
