{
  "b": 0.42853033542633057,
  "c": 0.9010838270187378,
  "d": 0.48374441266059875,
  "e": 1.0170477628707886,
  "f": 4539030,
  "g": 9455839,
  "h": 5419583,
  "i": 11288610,
  "j": 4456716,
  "k": 9371272,
  "l": 5321189,
  "m": 11187525,
  "n": 82314,
  "o": 84567,
  "p": 98395,
  "q": 101084,
  "r": 61287,
  "s": 127931,
  "t": 77507,
  "u": 161840
}
