{
  "b": 0.6363697648048401,
  "c": 1.347296953201294,
  "d": 0.6644553542137146,
  "e": 1.4065865278244019,
  "f": 6740000,
  "g": 14100000,
  "h": 7450000,
  "i": 15600000,
  "j": 6620000,
  "k": 14000000,
  "l": 7310000,
  "m": 15500000,
  "n": 124000,
  "o": 124000,
  "p": 144000,
  "q": 144000,
  "r": 154000,
  "s": 322000,
  "t": 181000,
  "u": 380000
}
