{
  "b": 2.7210211753845215,
  "c": 5.5853776931762695,
  "d": 2.891578435897827,
  "e": 5.934890270233154,
  "f": 28800000,
  "g": 58600000,
  "h": 32400000,
  "i": 65900000,
  "j": 28300000,
  "k": 58100000,
  "l": 31800000,
  "m": 65300000,
  "n": 513000,
  "o": 513000,
  "p": 603000,
  "q": 603000,
  "r": 1550000,
  "s": 3140000,
  "t": 1800000,
  "u": 3660000
}
