{
  "b": 0.32879605889320374,
  "c": 0.7052992582321167,
  "d": 0.3566684424877167,
  "e": 0.765011191368103,
  "f": 3482383,
  "g": 7401170,
  "h": 3990216,
  "i": 8485339,
  "j": 3419479,
  "k": 7335112,
  "l": 3923353,
  "m": 8415123,
  "n": 62904,
  "o": 66059,
  "p": 66863,
  "q": 70217,
  "r": 47712,
  "s": 101564,
  "t": 56081,
  "u": 119497
}
