{
  "b": 0.32879605889320374,
  "c": 0.7052992582321167,
  "d": 0.3566684424877167,
  "e": 0.765011191368103,
  "f": 3480000,
  "g": 7400000,
  "h": 3990000,
  "i": 8490000,
  "j": 3420000,
  "k": 7340000,
  "l": 3920000,
  "m": 8420000,
  "n": 64500,
  "o": 64500,
  "p": 68500,
  "q": 68500,
  "r": 47700,
  "s": 102000,
  "t": 56100,
  "u": 119000
}
