{
  "b": 0.42853033542633057,
  "c": 0.9010838270187378,
  "d": 0.48374441266059875,
  "e": 1.0170477628707886,
  "f": 4540000,
  "g": 9460000,
  "h": 5420000,
  "i": 11300000,
  "j": 4460000,
  "k": 9370000,
  "l": 5320000,
  "m": 11200000,
  "n": 83400,
  "o": 83400,
  "p": 99700,
  "q": 99700,
  "r": 61300,
  "s": 128000,
  "t": 77500,
  "u": 162000
}

