{
  "b": 8.094974517822266,
  "c": 16.312803268432617,
  "d": 9.315333366394043,
  "e": 18.770633697509766,
  "f": 85600000,
  "g": 171000000,
  "h": 104000000,
  "i": 208000000,
  "j": 84200000,
  "k": 170000000,
  "l": 102000000,
  "m": 206000000,
  "n": 1460000,
  "o": 1460000,
  "p": 1720000,
  "q": 1720000,
  "r": 3170000,
  "s": 6320000,
  "t": 3910000,
  "u": 7790000
}
