{
  "b": 0.13202379643917084,
  "c": 0.2823445796966553,
  "d": 0.15074218809604645,
  "e": 0.3223476707935333,
  "f": 1400000,
  "g": 2960000,
  "h": 1690000,
  "i": 3580000,
  "j": 1370000,
  "k": 2940000,
  "l": 1660000,
  "m": 3550000,
  "n": 27000,
  "o": 27000,
  "p": 30800,
  "q": 30800,
  "r": 11000,
  "s": 23300,
  "t": 13900,
  "u": 29500
}
