{
  "b": 0.8637758493423462,
  "c": 1.8012586832046509,
  "d": 0.792881190776825,
  "e": 1.6532273292541504,
  "f": 9142170,
  "g": 18895896,
  "h": 8893328,
  "i": 18361378,
  "j": 8983269,
  "k": 18733090,
  "l": 8721693,
  "m": 18185500,
  "n": 158900,
  "o": 162809,
  "p": 171635,
  "q": 175878,
  "r": 101784,
  "s": 210379,
  "t": 106896,
  "u": 220797
}
