{
  "b": 0.13202379643917084,
  "c": 0.2823445796966553,
  "d": 0.15074218809604645,
  "e": 0.3223476707935333,
  "f": 1399503,
  "g": 2963865,
  "h": 1688363,
  "i": 3577192,
  "j": 1373048,
  "k": 2936384,
  "l": 1658164,
  "m": 3545825,
  "n": 26455,
  "o": 27482,
  "p": 30199,
  "q": 31367,
  "r": 10985,
  "s": 23328,
  "t": 13871,
  "u": 29479
}
