{
  "b": 8.094974517822266,
  "c": 16.312803268432617,
  "d": 9.315333366394043,
  "e": 18.770633697509766,
  "f": 85649616,
  "g": 171105792,
  "h": 104195408,
  "i": 208192688,
  "j": 84187736,
  "k": 169653152,
  "l": 102468664,
  "m": 206476976,
  "n": 1461886,
  "o": 1452631,
  "p": 1726748,
  "q": 1715723,
  "r": 3173000,
  "s": 6323360,
  "t": 3906679,
  "u": 7790011
}
