{
  "b": 2.734011650085449,
  "c": 5.738973140716553,
  "d": 3.0171937942504883,
  "e": 6.333031177520752,
  "f": 28900000,
  "g": 60200000,
  "h": 33800000,
  "i": 70300000,
  "j": 28400000,
  "k": 59700000,
  "l": 33200000,
  "m": 69700000,
  "n": 504000,
  "o": 504000,
  "p": 600000,
  "q": 600000,
  "r": 521000,
  "s": 1080000,
  "t": 637000,
  "u": 1320000
}
