{
  "b": 0.24060793220996857,
  "c": 0.5011972784996033,
  "d": 0.28031614422798157,
  "e": 0.5838372111320496,
  "f": 2550000,
  "g": 5260000,
  "h": 3140000,
  "i": 6480000,
  "j": 2500000,
  "k": 5210000,
  "l": 3080000,
  "m": 6420000,
  "n": 47200,
  "o": 47200,
  "p": 54100,
  "q": 54100,
  "r": 43200,
  "s": 89200,
  "t": 56000,
  "u": 116000
}
