{
  "b": 0.6145765781402588,
  "c": 1.30507493019104,
  "d": 0.5735343098640442,
  "e": 1.2177890539169312,
  "f": 6500000,
  "g": 13700000,
  "h": 6430000,
  "i": 13500000,
  "j": 6390000,
  "k": 13600000,
  "l": 6310000,
  "m": 13400000,
  "n": 116000,
  "o": 116000,
  "p": 126000,
  "q": 126000,
  "r": 138000,
  "s": 289000,
  "t": 146000,
  "u": 307000
}
