{
  "b": 8.079521179199219,
  "c": 16.883176803588867,
  "d": 10.140965461730957,
  "e": 21.190553665161133,
  "f": 85400000,
  "g": 177000000,
  "h": 113000000,
  "i": 235000000,
  "j": 84000000,
  "k": 176000000,
  "l": 112000000,
  "m": 233000000,
  "n": 1440000,
  "o": 1440000,
  "p": 1740000,
  "q": 1740000,
  "r": 2320000,
  "s": 4800000,
  "t": 3090000,
  "u": 6400000
}
