{
  "b": 0.14159543812274933,
  "c": 0.30103015899658203,
  "d": 0.14490440487861633,
  "e": 0.30802592635154724,
  "f": 1500000,
  "g": 3160000,
  "h": 1620000,
  "i": 3420000,
  "j": 1470000,
  "k": 3130000,
  "l": 1590000,
  "m": 3390000,
  "n": 27500,
  "o": 27500,
  "p": 29700,
  "q": 29700,
  "r": 8290,
  "s": 17500,
  "t": 9590,
  "u": 20300
}
