{
  "b": 0.14159543812274933,
  "c": 0.30103015899658203,
  "d": 0.14490440487861633,
  "e": 0.30802592635154724,
  "f": 1499532,
  "g": 3158710,
  "h": 1623074,
  "i": 3418553,
  "j": 1472593,
  "k": 3130714,
  "l": 1593949,
  "m": 3388285,
  "n": 26940,
  "o": 27996,
  "p": 29126,
  "q": 30267,
  "r": 8290,
  "s": 17512,
  "t": 9590,
  "u": 20264
}
