{
  "b": 2.734011650085449,
  "c": 5.738973140716553,
  "d": 3.0171937942504883,
  "e": 6.333031177520752,
  "f": 28929574,
  "g": 60197956,
  "h": 33779568,
  "i": 70273784,
  "j": 28433720,
  "k": 59685320,
  "l": 33189132,
  "m": 69663344,
  "n": 495853,
  "o": 512638,
  "p": 590437,
  "q": 610440,
  "r": 520907,
  "s": 1080957,
  "t": 636622,
  "u": 1321280
}
