{
  "b": 10.234081268310547,
  "c": 21.515918731689453,
  "d": 10.776763916015625,
  "e": 22.6560115814209,
  "f": 108205648,
  "g": 225598848,
  "h": 120499568,
  "i": 251239744,
  "j": 106434448,
  "k": 223765552,
  "l": 118544400,
  "m": 249216128,
  "n": 1771200,
  "o": 1833281,
  "p": 1955170,
  "q": 2023616,
  "r": 1413375,
  "s": 2939598,
  "t": 1616209,
  "u": 3362368
}
