{
  "b": 0.271259605884552,
  "c": 0.5815901160240173,
  "d": 0.3136769235134125,
  "e": 0.6724518537521362,
  "f": 2871868,
  "g": 6101818,
  "h": 3505191,
  "i": 7454423,
  "j": 2821100,
  "k": 6048537,
  "l": 3450446,
  "m": 7396971,
  "n": 50768,
  "o": 53280,
  "p": 54745,
  "q": 57453,
  "r": 21089,
  "s": 44737,
  "t": 27145,
  "u": 57661
}
