{
  "b": 1.2723132371902466,
  "c": 2.6968438625335693,
  "d": 1.4154781103134155,
  "e": 2.999946117401123,
  "f": 13465920,
  "g": 28290526,
  "h": 15826482,
  "i": 33266050,
  "j": 13232058,
  "k": 28047176,
  "l": 15570259,
  "m": 32999408,
  "n": 233863,
  "o": 243348,
  "p": 256225,
  "q": 266640,
  "r": 161911,
  "s": 340119,
  "t": 203695,
  "u": 428249
}
