{
  "b": 10.234081268310547,
  "c": 21.515918731689453,
  "d": 10.776763916015625,
  "e": 22.6560115814209,
  "f": 108000000,
  "g": 226000000,
  "h": 120000000,
  "i": 251000000,
  "j": 106000000,
  "k": 224000000,
  "l": 119000000,
  "m": 249000000,
  "n": 1800000,
  "o": 1800000,
  "p": 1990000,
  "q": 1990000,
  "r": 1410000,
  "s": 2940000,
  "t": 1620000,
  "u": 3360000
}
