{
  "b": 205.67166137695312,
  "c": 412.39190673828125,
  "d": 307.9593200683594,
  "e": 617.462890625,
  "f": 2180000000,
  "g": 4330000000,
  "h": 3440000000,
  "i": 6840000000,
  "j": 2140000000,
  "k": 4290000000,
  "l": 3390000000,
  "m": 6790000000,
  "n": 38900000,
  "o": 38900000,
  "p": 52800000,
  "q": 52800000,
  "r": 616000000,
  "s": 1220000000,
  "t": 1010000000,
  "u": 2010000000
}
