{
  "b": 1.2723132371902466,
  "c": 2.6968438625335693,
  "d": 1.4154781103134155,
  "e": 2.999946117401123,
  "f": 13500000,
  "g": 28300000,
  "h": 15800000,
  "i": 33300000,
  "j": 13200000,
  "k": 28000000,
  "l": 15600000,
  "m": 33000000,
  "n": 239000,
  "o": 239000,
  "p": 261000,
  "q": 261000,
  "r": 162000,
  "s": 340000,
  "t": 204000,
  "u": 428000
}
