{
  "b": 0.271259605884552,
  "c": 0.5815901160240173,
  "d": 0.3136769235134125,
  "e": 0.6724518537521362,
  "f": 2870000,
  "g": 6100000,
  "h": 3510000,
  "i": 7450000,
  "j": 2820000,
  "k": 6050000,
  "l": 3450000,
  "m": 7400000,
  "n": 52000,
  "o": 52000,
  "p": 56100,
  "q": 56100,
  "r": 21100,
  "s": 44700,
  "t": 27100,
  "u": 57700
}
