{
  "b": 205.67166137695312,
  "c": 412.39190673828125,
  "d": 307.9593200683594,
  "e": 617.462890625,
  "f": 2177948416,
  "g": 4327792128,
  "h": 3440413952,
  "i": 6844899328,
  "j": 2138985344,
  "k": 4288875776,
  "l": 3387552512,
  "m": 6792091648,
  "n": 38963192,
  "o": 38915960,
  "p": 52861372,
  "q": 52807592,
  "r": 615566592,
  "s": 1220131584,
  "t": 1012699968,
  "u": 2010623616
}
