{
  "b": 0.41724807024002075,
  "c": 0.8887150883674622,
  "d": 0.4343498647212982,
  "e": 0.9250391125679016,
  "f": 4420495,
  "g": 9327165,
  "h": 4871987,
  "i": 10273525,
  "j": 4339380,
  "k": 9242637,
  "l": 4777849,
  "m": 10175430,
  "n": 81115,
  "o": 84527,
  "p": 94138,
  "q": 98094,
  "r": 57730,
  "s": 121868,
  "t": 66784,
  "u": 140958
}
