{
  "b": 0.32481274008750916,
  "c": 0.6929411888122559,
  "d": 0.3690663278102875,
  "e": 0.7872918248176575,
  "f": 3440818,
  "g": 7272190,
  "h": 4126891,
  "i": 8730407,
  "j": 3378053,
  "k": 7206589,
  "l": 4059730,
  "m": 8660210,
  "n": 62765,
  "o": 65601,
  "p": 67162,
  "q": 70197,
  "r": 22916,
  "s": 48558,
  "t": 28772,
  "u": 61040
}
