{
  "b": 32.59757995605469,
  "c": 63.291107177734375,
  "d": 39.054969787597656,
  "e": 75.82840728759766,
  "f": 345000000,
  "g": 664000000,
  "h": 437000000,
  "i": 841000000,
  "j": 339000000,
  "k": 658000000,
  "l": 430000000,
  "m": 834000000,
  "n": 5830000,
  "o": 5830000,
  "p": 7010000,
  "q": 7010000,
  "r": 9940000,
  "s": 19100000,
  "t": 12500000,
  "u": 24000000
}
