{
  "b": 2.9161314964294434,
  "c": 5.962669849395752,
  "d": 3.0386803150177,
  "e": 6.212769985198975,
  "f": 30849996,
  "g": 62539960,
  "h": 34029164,
  "i": 68951152,
  "j": 30327768,
  "k": 62011764,
  "l": 33425484,
  "m": 68340472,
  "n": 522224,
  "o": 528192,
  "p": 603679,
  "q": 610680,
  "r": 2505497,
  "s": 5070225,
  "t": 2673270,
  "u": 5406930
}
