{
  "b": 0.4875083267688751,
  "c": 1.0280219316482544,
  "d": 0.40198105573654175,
  "e": 0.8475742936134338,
  "f": 5160193,
  "g": 10784761,
  "h": 4517055,
  "i": 9421999,
  "j": 5070087,
  "k": 10691428,
  "l": 4421792,
  "m": 9323317,
  "n": 90106,
  "o": 93334,
  "p": 95263,
  "q": 98682,
  "r": 41749,
  "s": 87368,
  "t": 38883,
  "u": 81260
}
