{
  "b": 0.4875083267688751,
  "c": 1.0280219316482544,
  "d": 0.40198105573654175,
  "e": 0.8475742936134338,
  "f": 5160000,
  "g": 10800000,
  "h": 4520000,
  "i": 9420000,
  "j": 5070000,
  "k": 10700000,
  "l": 4420000,
  "m": 9320000,
  "n": 91700,
  "o": 91700,
  "p": 97000,
  "q": 97000,
  "r": 41700,
  "s": 87400,
  "t": 38900,
  "u": 81300
}
