{
  "b": 32.59757995605469,
  "c": 63.291107177734375,
  "d": 39.054969787597656,
  "e": 75.82840728759766,
  "f": 344920160,
  "g": 663977216,
  "h": 436707040,
  "i": 841028160,
  "j": 339014816,
  "k": 658227520,
  "l": 429604672,
  "m": 834112448,
  "n": 5905352,
  "o": 5749714,
  "p": 7102343,
  "q": 6915704,
  "r": 9938094,
  "s": 19107742,
  "t": 12498505,
  "u": 24046606
}
