{
  "b": 0.14964629709720612,
  "c": 0.3133906126022339,
  "d": 0.15680670738220215,
  "e": 0.3283538520336151,
  "f": 1585018,
  "g": 3288741,
  "h": 1755368,
  "i": 3643219,
  "j": 1556322,
  "k": 3259263,
  "l": 1724874,
  "m": 3611892,
  "n": 28697,
  "o": 29478,
  "p": 30495,
  "q": 31326,
  "r": 9698,
  "s": 20190,
  "t": 11433,
  "u": 23815
}
