{
  "b": 0.14964629709720612,
  "c": 0.3133906126022339,
  "d": 0.15680670738220215,
  "e": 0.3283538520336151,
  "f": 1590000,
  "g": 3290000,
  "h": 1760000,
  "i": 3640000,
  "j": 1560000,
  "k": 3260000,
  "l": 1720000,
  "m": 3610000,
  "n": 29100,
  "o": 29100,
  "p": 30900,
  "q": 30900,
  "r": 9700,
  "s": 20200,
  "t": 11400,
  "u": 23800
}
