{
  "b": 0.32481274008750916,
  "c": 0.6929411888122559,
  "d": 0.3690663278102875,
  "e": 0.7872918248176575,
  "f": 3440000,
  "g": 7270000,
  "h": 4130000,
  "i": 8730000,
  "j": 3380000,
  "k": 7210000,
  "l": 4060000,
  "m": 8660000,
  "n": 64200,
  "o": 64200,
  "p": 68700,
  "q": 68700,
  "r": 22900,
  "s": 48600,
  "t": 28800,
  "u": 61000
}
