{
  "b": 2.9161314964294434,
  "c": 5.962669849395752,
  "d": 3.0386803150177,
  "e": 6.212769985198975,
  "f": 30800000,
  "g": 62500000,
  "h": 34000000,
  "i": 69000000,
  "j": 30300000,
  "k": 62000000,
  "l": 33400000,
  "m": 68300000,
  "n": 525000,
  "o": 525000,
  "p": 607000,
  "q": 607000,
  "r": 2510000,
  "s": 5070000,
  "t": 2670000,
  "u": 5410000
}
