{
  "b": 0.5521166324615479,
  "c": 1.184679627418518,
  "d": 0.5366906523704529,
  "e": 1.1514418125152588,
  "f": 5845961,
  "g": 12429838,
  "h": 6020172,
  "i": 12788290,
  "j": 5742013,
  "k": 12320668,
  "l": 5903598,
  "m": 12665860,
  "n": 103948,
  "o": 109171,
  "p": 116574,
  "q": 122431,
  "r": 54698,
  "s": 116331,
  "t": 59015,
  "u": 125451
}
