{
  "b": 0.5521166324615479,
  "c": 1.184679627418518,
  "d": 0.5366906523704529,
  "e": 1.1514418125152588,
  "f": 5850000,
  "g": 12400000,
  "h": 6020000,
  "i": 12800000,
  "j": 5740000,
  "k": 12300000,
  "l": 5900000,
  "m": 12700000,
  "n": 107000,
  "o": 107000,
  "p": 120000,
  "q": 120000,
  "r": 54700,
  "s": 116000,
  "t": 59000,
  "u": 125000
}
