{
  "b": 1.830052137374878,
  "c": 3.890263557434082,
  "d": 1.935416340827942,
  "e": 4.113916873931885,
  "f": 19364924,
  "g": 40805976,
  "h": 21653750,
  "i": 45633528,
  "j": 19032542,
  "k": 40458740,
  "l": 21289580,
  "m": 45253084,
  "n": 332382,
  "o": 347231,
  "p": 364169,
  "q": 380443,
  "r": 500574,
  "s": 1051335,
  "t": 591725,
  "u": 1243292
}
