{
  "b": 2.448982000350952,
  "c": 5.0884199142456055,
  "d": 2.703399419784546,
  "e": 5.616543769836426,
  "f": 25907542,
  "g": 53367228,
  "h": 30225244,
  "i": 62280432,
  "j": 25469412,
  "k": 52919568,
  "l": 29737394,
  "m": 61781984,
  "n": 438130,
  "o": 447664,
  "p": 487849,
  "q": 498448,
  "r": 703932,
  "s": 1444320,
  "t": 863888,
  "u": 1773545
}
