{
  "b": 6.82609224319458,
  "c": 14.29760456085205,
  "d": 8.008119583129883,
  "e": 16.771602630615234,
  "f": 72200000,
  "g": 150000000,
  "h": 89500000,
  "i": 186000000,
  "j": 71000000,
  "k": 149000000,
  "l": 88100000,
  "m": 184000000,
  "n": 1240000,
  "o": 1240000,
  "p": 1430000,
  "q": 1430000,
  "r": 9730000,
  "s": 20200000,
  "t": 13100000,
  "u": 27200000
}
