{
  "b": 6.82609224319458,
  "c": 14.29760456085205,
  "d": 8.008119583129883,
  "e": 16.771602630615234,
  "f": 72211032,
  "g": 149950304,
  "h": 89502736,
  "i": 185942224,
  "j": 70991360,
  "k": 148695088,
  "l": 88089320,
  "m": 184487632,
  "n": 1219668,
  "o": 1255223,
  "p": 1413413,
  "q": 1454589,
  "r": 9731118,
  "s": 20232940,
  "t": 13082794,
  "u": 27216628
}
