{
  "b": 9.52299976348877,
  "c": 19.92296028137207,
  "d": 9.902432441711426,
  "e": 20.716251373291016,
  "f": 101000000,
  "g": 209000000,
  "h": 111000000,
  "i": 230000000,
  "j": 99000000,
  "k": 207000000,
  "l": 109000000,
  "m": 228000000,
  "n": 1670000,
  "o": 1670000,
  "p": 1930000,
  "q": 1930000,
  "r": 4280000,
  "s": 8860000,
  "t": 4730000,
  "u": 9790000
}
