{
  "b": 9.52299976348877,
  "c": 19.92296028137207,
  "d": 9.902432441711426,
  "e": 20.716251373291016,
  "f": 100681904,
  "g": 208887568,
  "h": 110829632,
  "i": 229834896,
  "j": 99039200,
  "k": 207198784,
  "l": 108926760,
  "m": 227878768,
  "n": 1642695,
  "o": 1688795,
  "p": 1902878,
  "q": 1956155,
  "r": 4278059,
  "s": 8856198,
  "t": 4731284,
  "u": 9791962
}
