{
  "b": 1.830052137374878,
  "c": 3.890263557434082,
  "d": 1.935416340827942,
  "e": 4.113916873931885,
  "f": 19400000,
  "g": 40800000,
  "h": 21700000,
  "i": 45600000,
  "j": 19000000,
  "k": 40500000,
  "l": 21300000,
  "m": 45300000,
  "n": 340000,
  "o": 340000,
  "p": 372000,
  "q": 372000,
  "r": 501000,
  "s": 1050000,
  "t": 592000,
  "u": 1240000
}
