{
  "b": 1.0220321416854858,
  "c": 2.1432478427886963,
  "d": 0.9853351712226868,
  "e": 2.0660758018493652,
  "f": 10817409,
  "g": 22483922,
  "h": 11040210,
  "i": 22934652,
  "j": 10629134,
  "k": 22289778,
  "l": 10838687,
  "m": 22726834,
  "n": 188276,
  "o": 194143,
  "p": 201523,
  "q": 207819,
  "r": 285284,
  "s": 593161,
  "t": 311085,
  "u": 646737
}
