{
  "b": 0.26576998829841614,
  "c": 0.5640010833740234,
  "d": 0.30460333824157715,
  "e": 0.6463378071784973,
  "f": 2815063,
  "g": 5918606,
  "h": 3408128,
  "i": 7169391,
  "j": 2764008,
  "k": 5865611,
  "l": 3350637,
  "m": 7109716,
  "n": 51055,
  "o": 52995,
  "p": 57491,
  "q": 59675,
  "r": 25655,
  "s": 53950,
  "t": 32740,
  "u": 68911
}
