{
  "b": 1.918340802192688,
  "c": 4.061826229095459,
  "d": 2.0035147666931152,
  "e": 4.242053031921387,
  "f": 20300000,
  "g": 42600000,
  "h": 22400000,
  "i": 47100000,
  "j": 20000000,
  "k": 42200000,
  "l": 22000000,
  "m": 46700000,
  "n": 339000,
  "o": 339000,
  "p": 381000,
  "q": 381000,
  "r": 439000,
  "s": 920000,
  "t": 509000,
  "u": 1070000
}
