{
  "b": 1.918340802192688,
  "c": 4.061826229095459,
  "d": 2.0035147666931152,
  "e": 4.242053031921387,
  "f": 20283472,
  "g": 42589216,
  "h": 22411824,
  "i": 47050856,
  "j": 19950744,
  "k": 42242992,
  "l": 22038662,
  "m": 46662584,
  "n": 332728,
  "o": 346225,
  "p": 373164,
  "q": 388280,
  "r": 438955,
  "s": 919948,
  "t": 509451,
  "u": 1067807
}
