{
  "b": 14.96048641204834,
  "c": 30.700714111328125,
  "d": 17.424501419067383,
  "e": 35.75638198852539,
  "f": 158190752,
  "g": 321928224,
  "h": 194802736,
  "i": 396500608,
  "j": 155589056,
  "k": 319287424,
  "l": 191669520,
  "m": 393320192,
  "n": 2601706,
  "o": 2640777,
  "p": 3133191,
  "q": 3180428,
  "r": 5053518,
  "s": 10265462,
  "t": 6512569,
  "u": 13234822
}
