{
  "b": 0.26576998829841614,
  "c": 0.5640010833740234,
  "d": 0.30460333824157715,
  "e": 0.6463378071784973,
  "f": 2820000,
  "g": 5920000,
  "h": 3410000,
  "i": 7170000,
  "j": 2760000,
  "k": 5870000,
  "l": 3350000,
  "m": 7110000,
  "n": 52000,
  "o": 52000,
  "p": 58600,
  "q": 58600,
  "r": 25700,
  "s": 53900,
  "t": 32700,
  "u": 68900
}
