{
  "b": 14.253203392028809,
  "c": 29.949729919433594,
  "d": 15.268333435058594,
  "e": 32.08177947998047,
  "f": 150681504,
  "g": 314008000,
  "h": 170674368,
  "i": 355714048,
  "j": 148233312,
  "k": 311477184,
  "l": 167951664,
  "m": 352899584,
  "n": 2448181,
  "o": 2530811,
  "p": 2722708,
  "q": 2814445,
  "r": 12085323,
  "s": 25171598,
  "t": 14642293,
  "u": 30504130
}
