{
  "b": 1.0220321416854858,
  "c": 2.1432478427886963,
  "d": 0.9853351712226868,
  "e": 2.0660758018493652,
  "f": 10800000,
  "g": 22500000,
  "h": 11000000,
  "i": 22900000,
  "j": 10600000,
  "k": 22300000,
  "l": 10800000,
  "m": 22700000,
  "n": 191000,
  "o": 191000,
  "p": 205000,
  "q": 205000,
  "r": 285000,
  "s": 593000,
  "t": 311000,
  "u": 647000
}
