{
  "b": 0.8679649829864502,
  "c": 1.8233470916748047,
  "d": 0.7944852709770203,
  "e": 1.6688841581344604,
  "f": 9191624,
  "g": 19133040,
  "h": 8915783,
  "i": 18540014,
  "j": 9026836,
  "k": 18962810,
  "l": 8739338,
  "m": 18357726,
  "n": 164787,
  "o": 170231,
  "p": 176445,
  "q": 182287,
  "r": 140758,
  "s": 293458,
  "t": 143075,
  "u": 298144
}
