{
  "b": 2.1111977100372314,
  "c": 4.429813861846924,
  "d": 2.2760560512542725,
  "e": 4.775402545928955,
  "f": 22336980,
  "g": 46463160,
  "h": 25459148,
  "i": 52965932,
  "j": 21956456,
  "k": 46070064,
  "l": 25036616,
  "m": 52529428,
  "n": 380525,
  "o": 393093,
  "p": 422531,
  "q": 436504,
  "r": 568243,
  "s": 1180089,
  "t": 677769,
  "u": 1408333
}
