{
  "b": 6.881625175476074,
  "c": 14.426267623901367,
  "d": 7.8992109298706055,
  "e": 16.559186935424805,
  "f": 72752848,
  "g": 151255472,
  "h": 88254336,
  "i": 183558176,
  "j": 71568904,
  "k": 150033184,
  "l": 86891320,
  "m": 182151056,
  "n": 1183944,
  "o": 1222289,
  "p": 1363023,
  "q": 1407118,
  "r": 2194970,
  "s": 4556174,
  "t": 2666533,
  "u": 5538357
}
