{
  "b": 0.4823759198188782,
  "c": 1.0352916717529297,
  "d": 0.42534157633781433,
  "e": 0.9127886295318604,
  "f": 5110000,
  "g": 10900000,
  "h": 4780000,
  "i": 10100000,
  "j": 5020000,
  "k": 10800000,
  "l": 4680000,
  "m": 10000000,
  "n": 93500,
  "o": 93500,
  "p": 101000,
  "q": 101000,
  "r": 39800,
  "s": 84900,
  "t": 40100,
  "u": 85300
}
