{
  "b": 6.881625175476074,
  "c": 14.426267623901367,
  "d": 7.8992109298706055,
  "e": 16.559186935424805,
  "f": 72800000,
  "g": 151000000,
  "h": 88300000,
  "i": 184000000,
  "j": 71600000,
  "k": 150000000,
  "l": 86900000,
  "m": 182000000,
  "n": 1200000,
  "o": 1200000,
  "p": 1390000,
  "q": 1390000,
  "r": 2190000,
  "s": 4560000,
  "t": 2670000,
  "u": 5540000
}
