{
  "b": 2.1111977100372314,
  "c": 4.429813861846924,
  "d": 2.2760560512542725,
  "e": 4.775402545928955,
  "f": 22300000,
  "g": 46500000,
  "h": 25500000,
  "i": 53000000,
  "j": 22000000,
  "k": 46100000,
  "l": 25000000,
  "m": 52500000,
  "n": 387000,
  "o": 387000,
  "p": 430000,
  "q": 430000,
  "r": 568000,
  "s": 1180000,
  "t": 678000,
  "u": 1410000
}
