{
  "b": 6.965503692626953,
  "c": 14.495869636535645,
  "d": 7.558452129364014,
  "e": 15.729435920715332,
  "f": 73631328,
  "g": 151976640,
  "h": 84468248,
  "i": 174381888,
  "j": 72441240,
  "k": 150757040,
  "l": 83142976,
  "m": 173023792,
  "n": 1190092,
  "o": 1219598,
  "p": 1325286,
  "q": 1358084,
  "r": 1803628,
  "s": 3722445,
  "t": 2148132,
  "u": 4435141
}
