{
  "b": 0.7983933091163635,
  "c": 1.7124764919281006,
  "d": 0.7138403654098511,
  "e": 1.5309581756591797,
  "f": 8452483,
  "g": 17966836,
  "h": 8015492,
  "i": 17012428,
  "j": 8303291,
  "k": 17809756,
  "l": 7852244,
  "m": 16840540,
  "n": 149192,
  "o": 157079,
  "p": 163248,
  "q": 171889,
  "r": 67937,
  "s": 144651,
  "t": 68525,
  "u": 145768
}
