{
  "b": 0.9104554057121277,
  "c": 1.906408667564392,
  "d": 0.8234355449676514,
  "e": 1.7240785360336304,
  "f": 9640000,
  "g": 20000000,
  "h": 9240000,
  "i": 19200000,
  "j": 9470000,
  "k": 19800000,
  "l": 9060000,
  "m": 19000000,
  "n": 175000,
  "o": 175000,
  "p": 185000,
  "q": 185000,
  "r": 217000,
  "s": 450000,
  "t": 218000,
  "u": 453000
}
