{
  "b": 0.9104554057121277,
  "c": 1.906408667564392,
  "d": 0.8234355449676514,
  "e": 1.7240785360336304,
  "f": 9640669,
  "g": 20003750,
  "h": 9240456,
  "i": 19153034,
  "j": 9468736,
  "k": 19826650,
  "l": 9057791,
  "m": 18964864,
  "n": 171932,
  "o": 177099,
  "p": 182665,
  "q": 188168,
  "r": 216849,
  "s": 450300,
  "t": 218080,
  "u": 452604
}
