{
  "b": 0.9536752700805664,
  "c": 2.0385563373565674,
  "d": 1.0095210075378418,
  "e": 2.1577041149139404,
  "f": 10100000,
  "g": 21400000,
  "h": 11300000,
  "i": 23900000,
  "j": 9920000,
  "k": 21200000,
  "l": 11100000,
  "m": 23700000,
  "n": 182000,
  "o": 182000,
  "p": 202000,
  "q": 202000,
  "r": 107000,
  "s": 227000,
  "t": 128000,
  "u": 272000
}
