{
  "b": 3.71126651763916,
  "c": 7.762427806854248,
  "d": 4.405336856842041,
  "e": 9.213631629943848,
  "f": 39300000,
  "g": 81400000,
  "h": 49300000,
  "i": 102000000,
  "j": 38600000,
  "k": 80700000,
  "l": 48500000,
  "m": 101000000,
  "n": 692000,
  "o": 692000,
  "p": 871000,
  "q": 871000,
  "r": 2890000,
  "s": 5970000,
  "t": 3940000,
  "u": 8150000
}
