{
  "b": 1.3187259435653687,
  "c": 2.7495949268341064,
  "d": 1.2985167503356934,
  "e": 2.7072417736053467,
  "f": 13955399,
  "g": 28842754,
  "h": 14552103,
  "i": 30055142,
  "j": 13714750,
  "k": 28595788,
  "l": 14283684,
  "m": 29779660,
  "n": 240650,
  "o": 246966,
  "p": 268419,
  "q": 275482,
  "r": 254288,
  "s": 524788,
  "t": 279585,
  "u": 576861
}
