{
  "b": 0.7983933091163635,
  "c": 1.7124764919281006,
  "d": 0.7138403654098511,
  "e": 1.5309581756591797,
  "f": 8450000,
  "g": 18000000,
  "h": 8020000,
  "i": 17000000,
  "j": 8300000,
  "k": 17800000,
  "l": 7850000,
  "m": 16800000,
  "n": 153000,
  "o": 153000,
  "p": 168000,
  "q": 168000,
  "r": 67900,
  "s": 145000,
  "t": 68500,
  "u": 146000
}
