{
  "b": 0.9536752700805664,
  "c": 2.0385563373565674,
  "d": 1.0095210075378418,
  "e": 2.1577041149139404,
  "f": 10095634,
  "g": 21386950,
  "h": 11301901,
  "i": 23941428,
  "j": 9918223,
  "k": 21200986,
  "l": 11104731,
  "m": 23734744,
  "n": 177410,
  "o": 185965,
  "p": 197169,
  "q": 206683,
  "r": 106848,
  "s": 226593,
  "t": 128036,
  "u": 271617
}
