{
  "b": 1.3187259435653687,
  "c": 2.7495949268341064,
  "d": 1.2985167503356934,
  "e": 2.7072417736053467,
  "f": 14000000,
  "g": 28800000,
  "h": 14600000,
  "i": 30100000,
  "j": 13700000,
  "k": 28600000,
  "l": 14300000,
  "m": 29800000,
  "n": 244000,
  "o": 244000,
  "p": 272000,
  "q": 272000,
  "r": 254000,
  "s": 525000,
  "t": 280000,
  "u": 577000
}
