{
  "b": 3.71126651763916,
  "c": 7.762427806854248,
  "d": 4.405336856842041,
  "e": 9.213631629943848,
  "f": 39280108,
  "g": 81430208,
  "h": 49318424,
  "i": 102232312,
  "j": 38597172,
  "k": 80729248,
  "l": 48458708,
  "m": 101349944,
  "n": 682934,
  "o": 700960,
  "p": 859718,
  "q": 882370,
  "r": 2891651,
  "s": 5972987,
  "t": 3942111,
  "u": 8147584
}
