{
  "b": 1.4806675910949707,
  "c": 3.1613411903381348,
  "d": 1.6083943843841553,
  "e": 3.433662176132202,
  "f": 15700000,
  "g": 33200000,
  "h": 18000000,
  "i": 38100000,
  "j": 15400000,
  "k": 32900000,
  "l": 17700000,
  "m": 37800000,
  "n": 280000,
  "o": 280000,
  "p": 315000,
  "q": 315000,
  "r": 216000,
  "s": 458000,
  "t": 267000,
  "u": 566000
}
