{
  "b": 17.91790771484375,
  "c": 38.211761474609375,
  "d": 20.319944381713867,
  "e": 43.33303451538086,
  "f": 189487456,
  "g": 400687968,
  "h": 227135632,
  "i": 480445888,
  "j": 186346240,
  "k": 397402336,
  "l": 223519392,
  "m": 476663392,
  "n": 3141212,
  "o": 3285667,
  "p": 3616235,
  "q": 3782500,
  "r": 3980978,
  "s": 8400881,
  "t": 4849410,
  "u": 10238793
}
