{
  "b": 17.91790771484375,
  "c": 38.211761474609375,
  "d": 20.319944381713867,
  "e": 43.33303451538086,
  "f": 189000000,
  "g": 401000000,
  "h": 227000000,
  "i": 480000000,
  "j": 186000000,
  "k": 397000000,
  "l": 224000000,
  "m": 477000000,
  "n": 3210000,
  "o": 3210000,
  "p": 3700000,
  "q": 3700000,
  "r": 3980000,
  "s": 8400000,
  "t": 4850000,
  "u": 10200000
}
