{
  "b": 1.4806675910949707,
  "c": 3.1613411903381348,
  "d": 1.6083943843841553,
  "e": 3.433662176132202,
  "f": 15672718,
  "g": 33164484,
  "h": 17999986,
  "i": 38092280,
  "j": 15398943,
  "k": 32877948,
  "l": 17692338,
  "m": 37770284,
  "n": 273776,
  "o": 286537,
  "p": 307650,
  "q": 321994,
  "r": 216395,
  "s": 458240,
  "t": 267221,
  "u": 566098
}
