{
  "b": 1.9845318794250488,
  "c": 4.155325412750244,
  "d": 2.0466666221618652,
  "e": 4.284970760345459,
  "f": 20997188,
  "g": 43583540,
  "h": 22907492,
  "i": 47539952,
  "j": 20639132,
  "k": 43215384,
  "l": 22513332,
  "m": 47134676,
  "n": 358056,
  "o": 368157,
  "p": 394160,
  "q": 405276,
  "r": 265217,
  "s": 550421,
  "t": 303642,
  "u": 630279
}
