{
  "b": 0.3924786448478699,
  "c": 0.8329670429229736,
  "d": 0.35485199093818665,
  "e": 0.7530937194824219,
  "f": 4160000,
  "g": 8740000,
  "h": 3980000,
  "i": 8370000,
  "j": 4080000,
  "k": 8660000,
  "l": 3900000,
  "m": 8280000,
  "n": 78500,
  "o": 78500,
  "p": 82400,
  "q": 82400,
  "r": 72900,
  "s": 154000,
  "t": 73600,
  "u": 155000
}
