{
  "b": 1.0285794734954834,
  "c": 2.158777952194214,
  "d": 1.034448504447937,
  "e": 2.1709072589874268,
  "f": 10884648,
  "g": 22644924,
  "h": 11581774,
  "i": 24089564,
  "j": 10697226,
  "k": 22451290,
  "l": 11378934,
  "m": 23879980,
  "n": 187422,
  "o": 193635,
  "p": 202841,
  "q": 209581,
  "r": 288673,
  "s": 599851,
  "t": 329007,
  "u": 683724
}
