{
  "b": 1.0285794734954834,
  "c": 2.158777952194214,
  "d": 1.034448504447937,
  "e": 2.1709072589874268,
  "f": 10900000,
  "g": 22600000,
  "h": 11600000,
  "i": 24100000,
  "j": 10700000,
  "k": 22500000,
  "l": 11400000,
  "m": 23900000,
  "n": 191000,
  "o": 191000,
  "p": 206000,
  "q": 206000,
  "r": 289000,
  "s": 600000,
  "t": 329000,
  "u": 684000
}
