{
  "b": 1.9845318794250488,
  "c": 4.155325412750244,
  "d": 2.0466666221618652,
  "e": 4.284970760345459,
  "f": 21000000,
  "g": 43600000,
  "h": 22900000,
  "i": 47500000,
  "j": 20600000,
  "k": 43200000,
  "l": 22500000,
  "m": 47100000,
  "n": 363000,
  "o": 363000,
  "p": 400000,
  "q": 400000,
  "r": 265000,
  "s": 550000,
  "t": 304000,
  "u": 630000
}
