{
  "b": 0.3924786448478699,
  "c": 0.8329670429229736,
  "d": 0.35485199093818665,
  "e": 0.7530937194824219,
  "f": 4158658,
  "g": 8742960,
  "h": 3984070,
  "i": 8368114,
  "j": 4081778,
  "k": 8662857,
  "l": 3903372,
  "m": 8284031,
  "n": 76879,
  "o": 80103,
  "p": 80698,
  "q": 84084,
  "r": 72871,
  "s": 153666,
  "t": 73606,
  "u": 155138
}
