{
  "b": 0.7096479535102844,
  "c": 1.512080430984497,
  "d": 0.7443490624427795,
  "e": 1.5858683586120605,
  "f": 7514095,
  "g": 15865393,
  "h": 8335192,
  "i": 17598514,
  "j": 7380339,
  "k": 15725636,
  "l": 8187840,
  "m": 17444552,
  "n": 133757,
  "o": 139755,
  "p": 147352,
  "q": 153962,
  "r": 62638,
  "s": 132458,
  "t": 73323,
  "u": 155109
}
