{
  "b": 0.5828384160995483,
  "c": 1.2481995820999146,
  "d": 0.5636395812034607,
  "e": 1.2069627046585083,
  "f": 6170000,
  "g": 13100000,
  "h": 6320000,
  "i": 13400000,
  "j": 6060000,
  "k": 13000000,
  "l": 6200000,
  "m": 13300000,
  "n": 112000,
  "o": 112000,
  "p": 120000,
  "q": 120000,
  "r": 49300,
  "s": 105000,
  "t": 53500,
  "u": 114000
}
