{
  "b": 6.6685991287231445,
  "c": 13.846742630004883,
  "d": 7.725650787353516,
  "e": 16.04051399230957,
  "f": 70600000,
  "g": 145000000,
  "h": 86500000,
  "i": 178000000,
  "j": 69400000,
  "k": 144000000,
  "l": 85000000,
  "m": 176000000,
  "n": 1260000,
  "o": 1260000,
  "p": 1540000,
  "q": 1540000,
  "r": 3030000,
  "s": 6210000,
  "t": 3830000,
  "u": 7860000
}
