{
  "b": 7.896352291107178,
  "c": 16.170347213745117,
  "d": 9.127887725830078,
  "e": 18.690731048583984,
  "f": 83550472,
  "g": 169609808,
  "h": 102048760,
  "i": 207251216,
  "j": 82122064,
  "k": 168171616,
  "l": 100406768,
  "m": 205598048,
  "n": 1428416,
  "o": 1438183,
  "p": 1641993,
  "q": 1653170,
  "r": 4468068,
  "s": 9032418,
  "t": 5532965,
  "u": 11194864
}
