{
  "b": 0.7096479535102844,
  "c": 1.512080430984497,
  "d": 0.7443490624427795,
  "e": 1.5858683586120605,
  "f": 7510000,
  "g": 15900000,
  "h": 8340000,
  "i": 17600000,
  "j": 7380000,
  "k": 15700000,
  "l": 8190000,
  "m": 17400000,
  "n": 137000,
  "o": 137000,
  "p": 151000,
  "q": 151000,
  "r": 62600,
  "s": 132000,
  "t": 73300,
  "u": 155000
}
