{
  "b": 2.1462643146514893,
  "c": 4.62223482131958,
  "d": 2.1648476123809814,
  "e": 4.662149906158447,
  "f": 22700000,
  "g": 48500000,
  "h": 24200000,
  "i": 51700000,
  "j": 22300000,
  "k": 48100000,
  "l": 23800000,
  "m": 51300000,
  "n": 390000,
  "o": 390000,
  "p": 417000,
  "q": 417000,
  "r": 185000,
  "s": 395000,
  "t": 198000,
  "u": 423000
}
