{
  "b": 7.896352291107178,
  "c": 16.170347213745117,
  "d": 9.127887725830078,
  "e": 18.690731048583984,
  "f": 83600000,
  "g": 170000000,
  "h": 102000000,
  "i": 207000000,
  "j": 82100000,
  "k": 168000000,
  "l": 100000000,
  "m": 206000000,
  "n": 1430000,
  "o": 1430000,
  "p": 1650000,
  "q": 1650000,
  "r": 4470000,
  "s": 9030000,
  "t": 5530000,
  "u": 11200000
}
