{
  "b": 0.5828384160995483,
  "c": 1.2481995820999146,
  "d": 0.5636395812034607,
  "e": 1.2069627046585083,
  "f": 6170436,
  "g": 13095741,
  "h": 6317249,
  "i": 13399781,
  "j": 6061520,
  "k": 12981276,
  "l": 6200036,
  "m": 13276590,
  "n": 108916,
  "o": 114465,
  "p": 117213,
  "q": 123191,
  "r": 49327,
  "s": 104884,
  "t": 53530,
  "u": 113808
}
