{
  "b": 6.6685991287231445,
  "c": 13.846742630004883,
  "d": 7.725650787353516,
  "e": 16.04051399230957,
  "f": 70607888,
  "g": 145278576,
  "h": 86513960,
  "i": 177999296,
  "j": 69353432,
  "k": 144006128,
  "l": 84982160,
  "m": 176445664,
  "n": 1254449,
  "o": 1272459,
  "p": 1531808,
  "q": 1553616,
  "r": 3029847,
  "s": 6209919,
  "t": 3833370,
  "u": 7860470
}
