{
  "b": 2.1462643146514893,
  "c": 4.62223482131958,
  "d": 2.1648476123809814,
  "e": 4.662149906158447,
  "f": 22700750,
  "g": 48472184,
  "h": 24218588,
  "i": 51711708,
  "j": 22321150,
  "k": 48071240,
  "l": 23813324,
  "m": 51283648,
  "n": 379598,
  "o": 400946,
  "p": 405266,
  "q": 428058,
  "r": 185230,
  "s": 395165,
  "t": 198061,
  "u": 422614
}
