{
  "b": 0.6065593361854553,
  "c": 1.274247646331787,
  "d": 0.640900194644928,
  "e": 1.3462939262390137,
  "f": 6430000,
  "g": 13400000,
  "h": 7180000,
  "i": 14900000,
  "j": 6310000,
  "k": 13300000,
  "l": 7050000,
  "m": 14800000,
  "n": 119000,
  "o": 119000,
  "p": 134000,
  "q": 134000,
  "r": 71200,
  "s": 149000,
  "t": 84100,
  "u": 176000
}
