{
  "b": 130.50030517578125,
  "c": 270.8727722167969,
  "d": 158.94740295410156,
  "e": 329.90362548828125,
  "f": 1379981824,
  "g": 2840242944,
  "h": 1775976192,
  "i": 3656959488,
  "j": 1357203200,
  "k": 2817076736,
  "l": 1748421504,
  "m": 3628939776,
  "n": 22778600,
  "o": 23166166,
  "p": 27554816,
  "q": 28019758,
  "r": 107556128,
  "s": 220699760,
  "t": 137409824,
  "u": 282138112
}
