{
  "b": 0.6065593361854553,
  "c": 1.274247646331787,
  "d": 0.640900194644928,
  "e": 1.3462939262390137,
  "f": 6425728,
  "g": 13373360,
  "h": 7181854,
  "i": 14945315,
  "j": 6308217,
  "k": 13252175,
  "l": 7049902,
  "m": 14809233,
  "n": 117510,
  "o": 121185,
  "p": 131951,
  "q": 136081,
  "r": 71172,
  "s": 148504,
  "t": 84136,
  "u": 175595
}
