{
  "b": 130.50030517578125,
  "c": 270.8727722167969,
  "d": 158.94740295410156,
  "e": 329.90362548828125,
  "f": 1380000000,
  "g": 2840000000,
  "h": 1780000000,
  "i": 3660000000,
  "j": 1360000000,
  "k": 2820000000,
  "l": 1750000000,
  "m": 3630000000,
  "n": 23000000,
  "o": 23000000,
  "p": 27800000,
  "q": 27800000,
  "r": 108000000,
  "s": 221000000,
  "t": 137000000,
  "u": 282000000
}
