{
  "b": 0.20555928349494934,
  "c": 0.4355819821357727,
  "d": 0.2107113152742386,
  "e": 0.4464648962020874,
  "f": 2177515,
  "g": 4571229,
  "h": 2359653,
  "i": 4954499,
  "j": 2137817,
  "k": 4530053,
  "l": 2317825,
  "m": 4911114,
  "n": 39699,
  "o": 41177,
  "p": 41828,
  "q": 43386,
  "r": 20429,
  "s": 43029,
  "t": 23419,
  "u": 49352
}
