{
  "b": 1.794970989227295,
  "c": 3.7977774143218994,
  "d": 1.9375438690185547,
  "e": 4.098873615264893,
  "f": 19000000,
  "g": 39900000,
  "h": 21700000,
  "i": 45500000,
  "j": 18700000,
  "k": 39500000,
  "l": 21300000,
  "m": 45100000,
  "n": 350000,
  "o": 350000,
  "p": 413000,
  "q": 413000,
  "r": 263000,
  "s": 550000,
  "t": 322000,
  "u": 672000
}
