{
  "b": 62.318115234375,
  "c": 129.490966796875,
  "d": 73.18732452392578,
  "e": 152.07467651367188,
  "f": 658846080,
  "g": 1357685248,
  "h": 817713472,
  "i": 1685758592,
  "j": 648108416,
  "k": 1346706048,
  "l": 805060608,
  "m": 1672821504,
  "n": 10737669,
  "o": 10979353,
  "p": 12652784,
  "q": 12937145,
  "r": 91897280,
  "s": 189114656,
  "t": 115285808,
  "u": 237400608
}
