{
  "b": 0.20555928349494934,
  "c": 0.4355819821357727,
  "d": 0.2107113152742386,
  "e": 0.4464648962020874,
  "f": 2180000,
  "g": 4570000,
  "h": 2360000,
  "i": 4950000,
  "j": 2140000,
  "k": 4530000,
  "l": 2320000,
  "m": 4910000,
  "n": 40400,
  "o": 40400,
  "p": 42600,
  "q": 42600,
  "r": 20400,
  "s": 43000,
  "t": 23400,
  "u": 49400
}
