{
  "b": 1.794970989227295,
  "c": 3.7977774143218994,
  "d": 1.9375438690185547,
  "e": 4.098873615264893,
  "f": 19011726,
  "g": 39852240,
  "h": 21718896,
  "i": 45506848,
  "j": 18667698,
  "k": 39496884,
  "l": 21312982,
  "m": 45087612,
  "n": 344027,
  "o": 355355,
  "p": 405916,
  "q": 419240,
  "r": 263089,
  "s": 550010,
  "t": 321566,
  "u": 672269
}
