{
  "b": 0.6536329388618469,
  "c": 1.3894646167755127,
  "d": 0.6966112852096558,
  "e": 1.4807813167572021,
  "f": 6925980,
  "g": 14583838,
  "h": 7803709,
  "i": 16435306,
  "j": 6797783,
  "k": 14450432,
  "l": 7662724,
  "m": 16288595,
  "n": 128197,
  "o": 133406,
  "p": 140985,
  "q": 146710,
  "r": 200002,
  "s": 421511,
  "t": 226678,
  "u": 478057
}
