{
  "b": 0.7413429021835327,
  "c": 1.573038935661316,
  "d": 0.7814233899116516,
  "e": 1.6578716039657593,
  "f": 7852745,
  "g": 16507979,
  "h": 8769684,
  "i": 18417436,
  "j": 7709966,
  "k": 16359605,
  "l": 8595657,
  "m": 18236588,
  "n": 142779,
  "o": 148374,
  "p": 174028,
  "q": 180850,
  "r": 106105,
  "s": 223107,
  "t": 126541,
  "u": 265940
}
