{
  "b": 0.7538589239120483,
  "c": 1.605202555656433,
  "d": 0.703657329082489,
  "e": 1.4981520175933838,
  "f": 7980000,
  "g": 16800000,
  "h": 7890000,
  "i": 16600000,
  "j": 7840000,
  "k": 16700000,
  "l": 7740000,
  "m": 16500000,
  "n": 144000,
  "o": 144000,
  "p": 157000,
  "q": 157000,
  "r": 156000,
  "s": 329000,
  "t": 164000,
  "u": 346000
}
