{
  "b": 0.8895338177680969,
  "c": 1.9059470891952515,
  "d": 0.8407564759254456,
  "e": 1.8012303113937378,
  "f": 9420000,
  "g": 20000000,
  "h": 9430000,
  "i": 20000000,
  "j": 9250000,
  "k": 19800000,
  "l": 9250000,
  "m": 19800000,
  "n": 168000,
  "o": 168000,
  "p": 183000,
  "q": 183000,
  "r": 137000,
  "s": 291000,
  "t": 147000,
  "u": 313000
}
