{
  "b": 0.133983314037323,
  "c": 0.28609585762023926,
  "d": 0.14860591292381287,
  "e": 0.31728050112724304,
  "f": 1419438,
  "g": 3002480,
  "h": 1664055,
  "i": 3520684,
  "j": 1393427,
  "k": 2975397,
  "l": 1634665,
  "m": 3490086,
  "n": 26011,
  "o": 27083,
  "p": 29390,
  "q": 30599,
  "r": 15336,
  "s": 32562,
  "t": 19102,
  "u": 40581
}
