{
  "b": 0.7413429021835327,
  "c": 1.573038935661316,
  "d": 0.7814233899116516,
  "e": 1.6578716039657593,
  "f": 7850000,
  "g": 16500000,
  "h": 8770000,
  "i": 18400000,
  "j": 7710000,
  "k": 16400000,
  "l": 8600000,
  "m": 18200000,
  "n": 146000,
  "o": 146000,
  "p": 177000,
  "q": 177000,
  "r": 106000,
  "s": 223000,
  "t": 127000,
  "u": 266000
}
