{
  "b": 0.8895338177680969,
  "c": 1.9059470891952515,
  "d": 0.8407564759254456,
  "e": 1.8012303113937378,
  "f": 9415394,
  "g": 19994518,
  "h": 9426597,
  "i": 20000966,
  "j": 9251152,
  "k": 19821850,
  "l": 9248321,
  "m": 19813534,
  "n": 164243,
  "o": 172667,
  "p": 178275,
  "q": 187433,
  "r": 137066,
  "s": 291304,
  "t": 147439,
  "u": 313223
}
