{
  "b": 0.6536329388618469,
  "c": 1.3894646167755127,
  "d": 0.6966112852096558,
  "e": 1.4807813167572021,
  "f": 6930000,
  "g": 14600000,
  "h": 7800000,
  "i": 16400000,
  "j": 6800000,
  "k": 14500000,
  "l": 7660000,
  "m": 16300000,
  "n": 131000,
  "o": 131000,
  "p": 144000,
  "q": 144000,
  "r": 200000,
  "s": 422000,
  "t": 227000,
  "u": 478000
}
