{
  "b": 0.23119379580020905,
  "c": 0.49670135974884033,
  "d": 0.25739744305610657,
  "e": 0.5530045628547668,
  "f": 2446376,
  "g": 5209742,
  "h": 2876930,
  "i": 6130874,
  "j": 2404416,
  "k": 5165694,
  "l": 2831372,
  "m": 6083051,
  "n": 41960,
  "o": 44048,
  "p": 45558,
  "q": 47823,
  "r": 9946,
  "s": 21196,
  "t": 12176,
  "u": 25969
}
