{
  "b": 1.3628132343292236,
  "c": 2.8763766288757324,
  "d": 1.4189763069152832,
  "e": 2.994703769683838,
  "f": 14421380,
  "g": 30171520,
  "h": 15895790,
  "i": 33239286,
  "j": 14173258,
  "k": 29914318,
  "l": 15608739,
  "m": 32941742,
  "n": 248121,
  "o": 257201,
  "p": 287052,
  "q": 297546,
  "r": 396804,
  "s": 828209,
  "t": 459475,
  "u": 958978
}
