{
  "b": 0.5233997106552124,
  "c": 1.123070478439331,
  "d": 0.5357155203819275,
  "e": 1.1493892669677734,
  "f": 5542233,
  "g": 11783993,
  "h": 6000857,
  "i": 12756934,
  "j": 5443357,
  "k": 11679933,
  "l": 5892871,
  "m": 12643282,
  "n": 98876,
  "o": 104060,
  "p": 107985,
  "q": 113652,
  "r": 61633,
  "s": 131163,
  "t": 68768,
  "u": 146388
}
