{
  "b": 1.3628132343292236,
  "c": 2.8763766288757324,
  "d": 1.4189763069152832,
  "e": 2.994703769683838,
  "f": 14400000,
  "g": 30200000,
  "h": 15900000,
  "i": 33200000,
  "j": 14200000,
  "k": 29900000,
  "l": 15600000,
  "m": 32900000,
  "n": 253000,
  "o": 253000,
  "p": 292000,
  "q": 292000,
  "r": 397000,
  "s": 828000,
  "t": 459000,
  "u": 959000
}
