{
  "b": 0.7514298558235168,
  "c": 1.5890133380889893,
  "d": 0.8713082075119019,
  "e": 1.8424334526062012,
  "f": 7960000,
  "g": 16700000,
  "h": 9750000,
  "i": 20400000,
  "j": 7810000,
  "k": 16500000,
  "l": 9580000,
  "m": 20300000,
  "n": 149000,
  "o": 149000,
  "p": 169000,
  "q": 169000,
  "r": 274000,
  "s": 574000,
  "t": 340000,
  "u": 714000
}
