{
  "b": 0.23119379580020905,
  "c": 0.49670135974884033,
  "d": 0.25739744305610657,
  "e": 0.5530045628547668,
  "f": 2450000,
  "g": 5210000,
  "h": 2880000,
  "i": 6130000,
  "j": 2400000,
  "k": 5170000,
  "l": 2830000,
  "m": 6080000,
  "n": 43000,
  "o": 43000,
  "p": 46700,
  "q": 46700,
  "r": 9950,
  "s": 21200,
  "t": 12200,
  "u": 26000
}
