{
  "b": 0.5233997106552124,
  "c": 1.123070478439331,
  "d": 0.5357155203819275,
  "e": 1.1493892669677734,
  "f": 5540000,
  "g": 11800000,
  "h": 6000000,
  "i": 12800000,
  "j": 5440000,
  "k": 11700000,
  "l": 5890000,
  "m": 12600000,
  "n": 101000,
  "o": 101000,
  "p": 111000,
  "q": 111000,
  "r": 61600,
  "s": 131000,
  "t": 68800,
  "u": 146000
}
