{
  "b": 9.148064613342285,
  "c": 19.183198928833008,
  "d": 9.955985069274902,
  "e": 20.87665367126465,
  "f": 96700000,
  "g": 201000000,
  "h": 111000000,
  "i": 232000000,
  "j": 95100000,
  "k": 200000000,
  "l": 110000000,
  "m": 230000000,
  "n": 1620000,
  "o": 1620000,
  "p": 1830000,
  "q": 1830000,
  "r": 1630000,
  "s": 3380000,
  "t": 1930000,
  "u": 4010000
}
