{
  "b": 90.31558990478516,
  "c": 166.64952087402344,
  "d": 90.05804443359375,
  "e": 166.1759033203125,
  "f": 956000000,
  "g": 1750000000,
  "h": 1010000000,
  "i": 1850000000,
  "j": 939000000,
  "k": 1730000000,
  "l": 991000000,
  "m": 1830000000,
  "n": 16300000,
  "o": 16300000,
  "p": 18400000,
  "q": 18400000,
  "r": 148000000,
  "s": 271000000,
  "t": 151000000,
  "u": 276000000
}
