{
  "b": 0.963926374912262,
  "c": 2.045696258544922,
  "d": 0.7944527268409729,
  "e": 1.6858770847320557,
  "f": 10200364,
  "g": 21458272,
  "h": 8926746,
  "i": 18740446,
  "j": 10024834,
  "k": 21275240,
  "l": 8738980,
  "m": 18544648,
  "n": 175529,
  "o": 183031,
  "p": 187766,
  "q": 195797,
  "r": 260283,
  "s": 545981,
  "t": 242685,
  "u": 508264
}
