{
  "b": 2.1924874782562256,
  "c": 4.563485145568848,
  "d": 2.08084774017334,
  "e": 4.3310136795043945,
  "f": 23176464,
  "g": 47844432,
  "h": 23293652,
  "i": 48055808,
  "j": 22801870,
  "k": 47460244,
  "l": 22889326,
  "m": 47641152,
  "n": 374594,
  "o": 384182,
  "p": 404326,
  "q": 414657,
  "r": 324577,
  "s": 668907,
  "t": 343995,
  "u": 708653
}
