{
  "b": 0.1622026115655899,
  "c": 0.34277772903442383,
  "d": 0.16837751865386963,
  "e": 0.35579362511634827,
  "f": 1720000,
  "g": 3600000,
  "h": 1890000,
  "i": 3950000,
  "j": 1690000,
  "k": 3560000,
  "l": 1850000,
  "m": 3910000,
  "n": 32200,
  "o": 32200,
  "p": 35300,
  "q": 35300,
  "r": 15800,
  "s": 33100,
  "t": 18300,
  "u": 38600
}
