{
  "b": 0.963926374912262,
  "c": 2.045696258544922,
  "d": 0.7944527268409729,
  "e": 1.6858770847320557,
  "f": 10200000,
  "g": 21500000,
  "h": 8930000,
  "i": 18700000,
  "j": 10000000,
  "k": 21300000,
  "l": 8740000,
  "m": 18500000,
  "n": 179000,
  "o": 179000,
  "p": 192000,
  "q": 192000,
  "r": 260000,
  "s": 546000,
  "t": 243000,
  "u": 508000
}
