{
  "b": 0.1622026115655899,
  "c": 0.34277772903442383,
  "d": 0.16837751865386963,
  "e": 0.35579362511634827,
  "f": 1718569,
  "g": 3597626,
  "h": 1886816,
  "i": 3949570,
  "j": 1686907,
  "k": 3564889,
  "l": 1852153,
  "m": 3913730,
  "n": 31662,
  "o": 32737,
  "p": 34664,
  "q": 35839,
  "r": 15769,
  "s": 33137,
  "t": 18349,
  "u": 38570
}
