{
  "b": 4.980461120605469,
  "c": 10.45796012878418,
  "d": 5.156848430633545,
  "e": 10.828072547912598,
  "f": 52648480,
  "g": 109643328,
  "h": 57666372,
  "i": 120081672,
  "j": 51796796,
  "k": 108762784,
  "l": 56725332,
  "m": 119108800,
  "n": 851682,
  "o": 880544,
  "p": 941040,
  "q": 972882,
  "r": 3084558,
  "s": 6422044,
  "t": 3547897,
  "u": 7387378
}
