{
  "b": 32.83435821533203,
  "c": 68.62957000732422,
  "d": 35.09531784057617,
  "e": 73.35270690917969,
  "f": 347086688,
  "g": 719542272,
  "h": 392675136,
  "i": 813725376,
  "j": 341477312,
  "k": 713747520,
  "l": 386048480,
  "m": 806879808,
  "n": 5609356,
  "o": 5794720,
  "p": 6626662,
  "q": 6845549,
  "r": 6929315,
  "s": 14294746,
  "t": 8325069,
  "u": 17171932
}
