{
  "b": 15.59340763092041,
  "c": 32.137691497802734,
  "d": 16.945554733276367,
  "e": 34.92302322387695,
  "f": 164860496,
  "g": 336970624,
  "h": 189572640,
  "i": 387383232,
  "j": 162171440,
  "k": 334232000,
  "l": 186401104,
  "m": 384153248,
  "n": 2689055,
  "o": 2738694,
  "p": 3171536,
  "q": 3229991,
  "r": 1149642,
  "s": 2340615,
  "t": 1415955,
  "u": 2882860
}
