{
  "b": 5.093935966491699,
  "c": 10.534778594970703,
  "d": 5.4957594871521,
  "e": 11.365428924560547,
  "f": 53838236,
  "g": 110442832,
  "h": 61410528,
  "i": 125998920,
  "j": 52976936,
  "k": 109561696,
  "l": 60453356,
  "m": 125019720,
  "n": 861300,
  "o": 881123,
  "p": 957159,
  "q": 979178,
  "r": 1860641,
  "s": 3801820,
  "t": 2189031,
  "u": 4473534
}
