{
  "b": 27.232698440551758,
  "c": 55.596927642822266,
  "d": 33.46217727661133,
  "e": 68.31250762939453,
  "f": 288000000,
  "g": 583000000,
  "h": 374000000,
  "i": 757000000,
  "j": 283000000,
  "k": 578000000,
  "l": 368000000,
  "m": 751000000,
  "n": 4660000,
  "o": 4660000,
  "p": 5480000,
  "q": 5480000,
  "r": 2800000,
  "s": 5630000,
  "t": 3920000,
  "u": 7890000
}
