{
  "b": 5.093935966491699,
  "c": 10.534778594970703,
  "d": 5.4957594871521,
  "e": 11.365428924560547,
  "f": 53800000,
  "g": 110000000,
  "h": 61400000,
  "i": 126000000,
  "j": 53000000,
  "k": 110000000,
  "l": 60500000,
  "m": 125000000,
  "n": 871000,
  "o": 871000,
  "p": 968000,
  "q": 968000,
  "r": 1860000,
  "s": 3800000,
  "t": 2190000,
  "u": 4470000
}
