{
  "b": 18.57811737060547,
  "c": 38.753173828125,
  "d": 19.896230697631836,
  "e": 41.50140380859375,
  "f": 196364496,
  "g": 406285088,
  "h": 222552224,
  "i": 460326176,
  "j": 193212416,
  "k": 403033024,
  "l": 218858528,
  "m": 456515424,
  "n": 3152121,
  "o": 3252072,
  "p": 3693696,
  "q": 3810739,
  "r": 1287634,
  "s": 2654336,
  "t": 1567103,
  "u": 3230361
}
