{
  "b": 32.83435821533203,
  "c": 68.62957000732422,
  "d": 35.09531784057617,
  "e": 73.35270690917969,
  "f": 347000000,
  "g": 720000000,
  "h": 393000000,
  "i": 814000000,
  "j": 341000000,
  "k": 714000000,
  "l": 386000000,
  "m": 807000000,
  "n": 5700000,
  "o": 5700000,
  "p": 6740000,
  "q": 6740000,
  "r": 6930000,
  "s": 14300000,
  "t": 8330000,
  "u": 17200000
}
