{
  "b": 15.59340763092041,
  "c": 32.137691497802734,
  "d": 16.945554733276367,
  "e": 34.92302322387695,
  "f": 165000000,
  "g": 337000000,
  "h": 190000000,
  "i": 387000000,
  "j": 162000000,
  "k": 334000000,
  "l": 186000000,
  "m": 384000000,
  "n": 2710000,
  "o": 2710000,
  "p": 3200000,
  "q": 3200000,
  "r": 1150000,
  "s": 2340000,
  "t": 1420000,
  "u": 2880000
}
