{
  "b": 18.57811737060547,
  "c": 38.753173828125,
  "d": 19.896230697631836,
  "e": 41.50140380859375,
  "f": 196000000,
  "g": 406000000,
  "h": 223000000,
  "i": 460000000,
  "j": 193000000,
  "k": 403000000,
  "l": 219000000,
  "m": 457000000,
  "n": 3200000,
  "o": 3200000,
  "p": 3750000,
  "q": 3750000,
  "r": 1290000,
  "s": 2650000,
  "t": 1570000,
  "u": 3230000
}
