{
  "b": 27.232698440551758,
  "c": 55.596927642822266,
  "d": 33.46217727661133,
  "e": 68.31250762939453,
  "f": 287856224,
  "g": 582896832,
  "h": 373534304,
  "i": 756950080,
  "j": 283220064,
  "k": 578208064,
  "l": 368083968,
  "m": 751437568,
  "n": 4636186,
  "o": 4688779,
  "p": 5450371,
  "q": 5512500,
  "r": 2796530,
  "s": 5630087,
  "t": 3917142,
  "u": 7894700
}
