{
  "b": 67.5073013305664,
  "c": 133.44590759277344,
  "d": 81.43692779541016,
  "e": 160.94143676757812,
  "f": 713482688,
  "g": 1399016960,
  "h": 909773312,
  "i": 1784049152,
  "j": 702075968,
  "k": 1387837440,
  "l": 895806208,
  "m": 1770355840,
  "n": 11406717,
  "o": 11179467,
  "p": 13967131,
  "q": 13693446,
  "r": 159034064,
  "s": 311422304,
  "t": 299523520,
  "u": 586718400
}
