{
  "b": 20.906723022460938,
  "c": 43.734554290771484,
  "d": 23.18808937072754,
  "e": 48.50518798828125,
  "f": 220974720,
  "g": 458501952,
  "h": 258894208,
  "i": 537508992,
  "j": 217429920,
  "k": 454839360,
  "l": 255068992,
  "m": 533557088,
  "n": 3544831,
  "o": 3662514,
  "p": 3825191,
  "q": 3951964,
  "r": 14870256,
  "s": 30866270,
  "t": 17530282,
  "u": 36415304
}
