{
  "b": 17.938283920288086,
  "c": 37.24184036254883,
  "d": 20.270854949951172,
  "e": 42.083499908447266,
  "f": 190000000,
  "g": 390000000,
  "h": 226000000,
  "i": 466000000,
  "j": 187000000,
  "k": 387000000,
  "l": 223000000,
  "m": 463000000,
  "n": 3060000,
  "o": 3060000,
  "p": 3480000,
  "q": 3480000,
  "r": 1430000,
  "s": 2940000,
  "t": 1750000,
  "u": 3600000
}
