{
  "b": 20.906723022460938,
  "c": 43.734554290771484,
  "d": 23.18808937072754,
  "e": 48.50518798828125,
  "f": 221000000,
  "g": 459000000,
  "h": 259000000,
  "i": 538000000,
  "j": 217000000,
  "k": 455000000,
  "l": 255000000,
  "m": 534000000,
  "n": 3600000,
  "o": 3600000,
  "p": 3890000,
  "q": 3890000,
  "r": 14900000,
  "s": 30900000,
  "t": 17500000,
  "u": 36400000
}
