{
  "b": 17.938283920288086,
  "c": 37.24184036254883,
  "d": 20.270854949951172,
  "e": 42.083499908447266,
  "f": 189578496,
  "g": 390419936,
  "h": 226415376,
  "i": 466450752,
  "j": 186558144,
  "k": 387315136,
  "l": 222979408,
  "m": 462918496,
  "n": 3020347,
  "o": 3104831,
  "p": 3435976,
  "q": 3532261,
  "r": 1432151,
  "s": 2938999,
  "t": 1753330,
  "u": 3600280
}
