{
  "b": 29.013629913330078,
  "c": 60.05021667480469,
  "d": 29.810440063476562,
  "e": 61.69739532470703,
  "f": 306703072,
  "g": 629613120,
  "h": 333391456,
  "i": 684291392,
  "j": 301741760,
  "k": 624522240,
  "l": 327914848,
  "m": 678671360,
  "n": 4961303,
  "o": 5090951,
  "p": 5476594,
  "q": 5619997,
  "r": 2982313,
  "s": 6088679,
  "t": 3438152,
  "u": 7019646
}
