{
  "b": 67.5073013305664,
  "c": 133.44590759277344,
  "d": 81.43692779541016,
  "e": 160.94143676757812,
  "f": 713000000,
  "g": 1400000000,
  "h": 910000000,
  "i": 1780000000,
  "j": 702000000,
  "k": 1390000000,
  "l": 896000000,
  "m": 1770000000,
  "n": 11300000,
  "o": 11300000,
  "p": 13800000,
  "q": 13800000,
  "r": 159000000,
  "s": 311000000,
  "t": 300000000,
  "u": 587000000
}
