{
  "b": 152.243896484375,
  "c": 292.3376770019531,
  "d": 222.13287353515625,
  "e": 426.5379943847656,
  "f": 1610881280,
  "g": 3066937088,
  "h": 2479293184,
  "i": 4726559232,
  "j": 1583336576,
  "k": 3040311808,
  "l": 2443461632,
  "m": 4691917824,
  "n": 27544692,
  "o": 26625096,
  "p": 35831632,
  "q": 34641036,
  "r": 84665360,
  "s": 160863008,
  "t": 132711344,
  "u": 252466480
}
