{
  "b": 29.013629913330078,
  "c": 60.05021667480469,
  "d": 29.810440063476562,
  "e": 61.69739532470703,
  "f": 307000000,
  "g": 630000000,
  "h": 333000000,
  "i": 684000000,
  "j": 302000000,
  "k": 625000000,
  "l": 328000000,
  "m": 679000000,
  "n": 5030000,
  "o": 5030000,
  "p": 5550000,
  "q": 5550000,
  "r": 2980000,
  "s": 6090000,
  "t": 3440000,
  "u": 7020000
}
