{
  "b": 152.243896484375,
  "c": 292.3376770019531,
  "d": 222.13287353515625,
  "e": 426.5379943847656,
  "f": 1610000000,
  "g": 3070000000,
  "h": 2480000000,
  "i": 4730000000,
  "j": 1580000000,
  "k": 3040000000,
  "l": 2440000000,
  "m": 4690000000,
  "n": 27100000,
  "o": 27100000,
  "p": 35200000,
  "q": 35200000,
  "r": 84700000,
  "s": 161000000,
  "t": 133000000,
  "u": 252000000
}
