{
  "b": 13.349928855895996,
  "c": 27.40869903564453,
  "d": 15.679418563842773,
  "e": 32.19038009643555,
  "f": 141092144,
  "g": 287344160,
  "h": 174976224,
  "i": 356642432,
  "j": 138839264,
  "k": 285050464,
  "l": 172473600,
  "m": 354094176,
  "n": 2252863,
  "o": 2293685,
  "p": 2502626,
  "q": 2548219,
  "r": 372990,
  "s": 756400,
  "t": 498135,
  "u": 1011421
}
