{
  "b": 21.879117965698242,
  "c": 46.21223068237305,
  "d": 23.80714988708496,
  "e": 50.28319549560547,
  "f": 231204640,
  "g": 484432800,
  "h": 265908144,
  "i": 557325120,
  "j": 227542832,
  "k": 480607200,
  "l": 261878640,
  "m": 553115136,
  "n": 3661816,
  "o": 3825575,
  "p": 4029523,
  "q": 4209969,
  "r": 1068730,
  "s": 2229231,
  "t": 1291760,
  "u": 2696133
}
