{
  "b": 40.36353302001953,
  "c": 83.31785583496094,
  "d": 42.3669548034668,
  "e": 87.45048522949219,
  "f": 427000000,
  "g": 873000000,
  "h": 474000000,
  "i": 970000000,
  "j": 420000000,
  "k": 867000000,
  "l": 466000000,
  "m": 962000000,
  "n": 6880000,
  "o": 6880000,
  "p": 7800000,
  "q": 7800000,
  "r": 7440000,
  "s": 15100000,
  "t": 8910000,
  "u": 18200000
}
