{
  "b": 21.879117965698242,
  "c": 46.21223068237305,
  "d": 23.80714988708496,
  "e": 50.28319549560547,
  "f": 231000000,
  "g": 484000000,
  "h": 266000000,
  "i": 557000000,
  "j": 228000000,
  "k": 481000000,
  "l": 262000000,
  "m": 553000000,
  "n": 3740000,
  "o": 3740000,
  "p": 4120000,
  "q": 4120000,
  "r": 1070000,
  "s": 2230000,
  "t": 1290000,
  "u": 2700000
}
