{
  "b": 13.349928855895996,
  "c": 27.40869903564453,
  "d": 15.679418563842773,
  "e": 32.19038009643555,
  "f": 141000000,
  "g": 287000000,
  "h": 175000000,
  "i": 357000000,
  "j": 139000000,
  "k": 285000000,
  "l": 172000000,
  "m": 354000000,
  "n": 2270000,
  "o": 2270000,
  "p": 2530000,
  "q": 2530000,
  "r": 373000,
  "s": 756000,
  "t": 498000,
  "u": 1010000
}
