{
  "b": 113.78270721435547,
  "c": 220.4080810546875,
  "d": 168.0822296142578,
  "e": 325.5793151855469,
  "f": 1200000000,
  "g": 2310000000,
  "h": 1880000000,
  "i": 3610000000,
  "j": 1180000000,
  "k": 2290000000,
  "l": 1850000000,
  "m": 3580000000,
  "n": 19800000,
  "o": 19800000,
  "p": 26600000,
  "q": 26600000,
  "r": 33300000,
  "s": 63900000,
  "t": 55500000,
  "u": 107000000
}
