{
  "b": 40.36353302001953,
  "c": 83.31785583496094,
  "d": 42.3669548034668,
  "e": 87.45048522949219,
  "f": 426594912,
  "g": 873460992,
  "h": 473760352,
  "i": 969839360,
  "j": 419780736,
  "k": 866505728,
  "l": 466036512,
  "m": 961955328,
  "n": 6814171,
  "o": 6955339,
  "p": 7723894,
  "q": 7883993,
  "r": 7436175,
  "s": 15148379,
  "t": 8910025,
  "u": 18150966
}
