{
  "b": 23.870319366455078,
  "c": 49.340431213378906,
  "d": 26.644689559936523,
  "e": 55.073089599609375,
  "f": 252000000,
  "g": 517000000,
  "h": 298000000,
  "i": 611000000,
  "j": 248000000,
  "k": 513000000,
  "l": 293000000,
  "m": 606000000,
  "n": 4120000,
  "o": 4120000,
  "p": 4850000,
  "q": 4850000,
  "r": 1710000,
  "s": 3480000,
  "t": 2160000,
  "u": 4390000
}
