{
  "b": 113.78270721435547,
  "c": 220.4080810546875,
  "d": 168.0822296142578,
  "e": 325.5793151855469,
  "f": 1203397248,
  "g": 2311722752,
  "h": 1875883264,
  "i": 3607580160,
  "j": 1183340160,
  "k": 2292243968,
  "l": 1848904576,
  "m": 3581372416,
  "n": 20057204,
  "o": 19478780,
  "p": 26978840,
  "q": 26208026,
  "r": 33344624,
  "s": 63876128,
  "t": 55542700,
  "u": 106549888
}
