{
  "b": 13.152030944824219,
  "c": 27.40589141845703,
  "d": 13.471116065979004,
  "e": 28.06991195678711,
  "f": 139007120,
  "g": 287315008,
  "h": 150620320,
  "i": 311281248,
  "j": 136781120,
  "k": 285021280,
  "l": 148182272,
  "m": 308769024,
  "n": 2225982,
  "o": 2293738,
  "p": 2438054,
  "q": 2512290,
  "r": 1221728,
  "s": 2515219,
  "t": 1404690,
  "u": 2892438
}
