{
  "b": 26.60341453552246,
  "c": 54.961795806884766,
  "d": 25.415884017944336,
  "e": 52.506431579589844,
  "f": 281227328,
  "g": 576248896,
  "h": 284937888,
  "i": 583044992,
  "j": 276675520,
  "k": 571602688,
  "l": 279574720,
  "m": 577570752,
  "n": 4551818,
  "o": 4646178,
  "p": 5363172,
  "q": 5474268,
  "r": 5360073,
  "s": 10921549,
  "t": 5819182,
  "u": 11843198
}
