{
  "b": 2.818439245223999,
  "c": 5.602771759033203,
  "d": 3.1547229290008545,
  "e": 6.271047115325928,
  "f": 29800000,
  "g": 58700000,
  "h": 35200000,
  "i": 69500000,
  "j": 29300000,
  "k": 58300000,
  "l": 34700000,
  "m": 69000000,
  "n": 476000,
  "o": 476000,
  "p": 525000,
  "q": 525000,
  "r": 259000,
  "s": 508000,
  "t": 328000,
  "u": 644000
}
