{
  "b": 150.96043395996094,
  "c": 290.95245361328125,
  "d": 162.61160278320312,
  "e": 313.4018859863281,
  "f": 1600000000,
  "g": 3050000000,
  "h": 1820000000,
  "i": 3480000000,
  "j": 1570000000,
  "k": 3030000000,
  "l": 1790000000,
  "m": 3450000000,
  "n": 26000000,
  "o": 26000000,
  "p": 28700000,
  "q": 28700000,
  "r": 30100000,
  "s": 57100000,
  "t": 34900000,
  "u": 66300000
}
