{
  "b": 10.463581085205078,
  "c": 21.564224243164062,
  "d": 11.889289855957031,
  "e": 24.501617431640625,
  "f": 111000000,
  "g": 226000000,
  "h": 133000000,
  "i": 272000000,
  "j": 109000000,
  "k": 224000000,
  "l": 131000000,
  "m": 270000000,
  "n": 1800000,
  "o": 1800000,
  "p": 2070000,
  "q": 2070000,
  "r": 538000,
  "s": 1100000,
  "t": 697000,
  "u": 1420000
}
