{
  "b": 26.60341453552246,
  "c": 54.961795806884766,
  "d": 25.415884017944336,
  "e": 52.506431579589844,
  "f": 281000000,
  "g": 576000000,
  "h": 285000000,
  "i": 583000000,
  "j": 277000000,
  "k": 572000000,
  "l": 280000000,
  "m": 578000000,
  "n": 4600000,
  "o": 4600000,
  "p": 5420000,
  "q": 5420000,
  "r": 5360000,
  "s": 10900000,
  "t": 5820000,
  "u": 11800000
}
