{
  "b": 13.152030944824219,
  "c": 27.40589141845703,
  "d": 13.471116065979004,
  "e": 28.06991195678711,
  "f": 139000000,
  "g": 287000000,
  "h": 151000000,
  "i": 311000000,
  "j": 137000000,
  "k": 285000000,
  "l": 148000000,
  "m": 309000000,
  "n": 2260000,
  "o": 2260000,
  "p": 2480000,
  "q": 2480000,
  "r": 1220000,
  "s": 2520000,
  "t": 1400000,
  "u": 2890000
}
