{
  "b": 150.96043395996094,
  "c": 290.95245361328125,
  "d": 162.61160278320312,
  "e": 313.4018859863281,
  "f": 1596428160,
  "g": 3051517184,
  "h": 1817869440,
  "i": 3475655936,
  "j": 1569988480,
  "k": 3025905408,
  "l": 1788727552,
  "m": 3447420672,
  "n": 26439674,
  "o": 25612086,
  "p": 29141918,
  "q": 28235444,
  "r": 30051730,
  "s": 57144696,
  "t": 34876092,
  "u": 66349104
}
