{
  "b": 2.818439245223999,
  "c": 5.602771759033203,
  "d": 3.1547229290008545,
  "e": 6.271047115325928,
  "f": 29790868,
  "g": 58740896,
  "h": 35231180,
  "i": 69502992,
  "j": 29311768,
  "k": 58268824,
  "l": 34701952,
  "m": 68981520,
  "n": 479101,
  "o": 472068,
  "p": 529228,
  "q": 521480,
  "r": 258754,
  "s": 507781,
  "t": 327684,
  "u": 643507
}
