{
  "b": 30.57753562927246,
  "c": 63.32703399658203,
  "d": 31.629056930541992,
  "e": 65.49964904785156,
  "f": 323186080,
  "g": 663907648,
  "h": 353647872,
  "i": 726364992,
  "j": 318006368,
  "k": 658601152,
  "l": 347919616,
  "m": 720496128,
  "n": 5179713,
  "o": 5306552,
  "p": 5728216,
  "q": 5868916,
  "r": 3980775,
  "s": 8129619,
  "t": 4400093,
  "u": 8988566
}
