{
  "b": 17.053190231323242,
  "c": 35.486358642578125,
  "d": 19.078996658325195,
  "e": 39.70098114013672,
  "f": 180000000,
  "g": 372000000,
  "h": 213000000,
  "i": 440000000,
  "j": 177000000,
  "k": 369000000,
  "l": 210000000,
  "m": 437000000,
  "n": 2930000,
  "o": 2930000,
  "p": 3330000,
  "q": 3330000,
  "r": 1060000,
  "s": 2170000,
  "t": 1330000,
  "u": 2730000
}
