{
  "b": 40.94746017456055,
  "c": 83.75281524658203,
  "d": 43.91356658935547,
  "e": 89.81848907470703,
  "f": 432691808,
  "g": 877971968,
  "h": 490732768,
  "i": 995804416,
  "j": 425853568,
  "k": 871029312,
  "l": 483049248,
  "m": 988003392,
  "n": 6838250,
  "o": 6942574,
  "p": 7683549,
  "q": 7801064,
  "r": 86114872,
  "s": 174689008,
  "t": 98309784,
  "u": 199467200
}
