{
  "b": 40.94746017456055,
  "c": 83.75281524658203,
  "d": 43.91356658935547,
  "e": 89.81848907470703,
  "f": 433000000,
  "g": 878000000,
  "h": 491000000,
  "i": 996000000,
  "j": 426000000,
  "k": 871000000,
  "l": 483000000,
  "m": 988000000,
  "n": 6890000,
  "o": 6890000,
  "p": 7740000,
  "q": 7740000,
  "r": 86100000,
  "s": 175000000,
  "t": 98300000,
  "u": 199000000
}
