{
  "b": 34.40095520019531,
  "c": 70.97074127197266,
  "d": 33.935211181640625,
  "e": 70.00814056396484,
  "f": 363648672,
  "g": 744079104,
  "h": 379935040,
  "i": 776855424,
  "j": 357769920,
  "k": 738095744,
  "l": 373287328,
  "m": 770089536,
  "n": 5878795,
  "o": 5983469,
  "p": 6647682,
  "q": 6765945,
  "r": 6619618,
  "s": 13460153,
  "t": 7314731,
  "u": 14866952
}
