{
  "b": 29.769563674926758,
  "c": 61.198486328125,
  "d": 36.537654876708984,
  "e": 75.10968780517578,
  "f": 315000000,
  "g": 642000000,
  "h": 408000000,
  "i": 833000000,
  "j": 310000000,
  "k": 636000000,
  "l": 402000000,
  "m": 826000000,
  "n": 5200000,
  "o": 5200000,
  "p": 6270000,
  "q": 6270000,
  "r": 15400000,
  "s": 31300000,
  "t": 22800000,
  "u": 46400000
}
