{
  "b": 17.053190231323242,
  "c": 35.486358642578125,
  "d": 19.078996658325195,
  "e": 39.70098114013672,
  "f": 180237680,
  "g": 372026048,
  "h": 213152736,
  "i": 440089408,
  "j": 177353184,
  "k": 369058112,
  "l": 209868960,
  "m": 436710784,
  "n": 2884489,
  "o": 2967924,
  "p": 3283814,
  "q": 3378654,
  "r": 1056907,
  "s": 2168935,
  "t": 1329129,
  "u": 2729143
}
