{
  "b": 29.769563674926758,
  "c": 61.198486328125,
  "d": 36.537654876708984,
  "e": 75.10968780517578,
  "f": 314758112,
  "g": 641713792,
  "h": 408124992,
  "i": 832531840,
  "j": 309603456,
  "k": 636464256,
  "l": 401914208,
  "m": 826206592,
  "n": 5154649,
  "o": 5249609,
  "p": 6210793,
  "q": 6325149,
  "r": 15386657,
  "s": 31278430,
  "t": 22783364,
  "u": 46374528
}
