{
  "b": 30.57753562927246,
  "c": 63.32703399658203,
  "d": 31.629056930541992,
  "e": 65.49964904785156,
  "f": 323000000,
  "g": 664000000,
  "h": 354000000,
  "i": 726000000,
  "j": 318000000,
  "k": 659000000,
  "l": 348000000,
  "m": 720000000,
  "n": 5240000,
  "o": 5240000,
  "p": 5800000,
  "q": 5800000,
  "r": 3980000,
  "s": 8130000,
  "t": 4400000,
  "u": 8990000
}
