{
  "b": 34.40095520019531,
  "c": 70.97074127197266,
  "d": 33.935211181640625,
  "e": 70.00814056396484,
  "f": 364000000,
  "g": 744000000,
  "h": 380000000,
  "i": 777000000,
  "j": 358000000,
  "k": 738000000,
  "l": 373000000,
  "m": 770000000,
  "n": 5930000,
  "o": 5930000,
  "p": 6710000,
  "q": 6710000,
  "r": 6620000,
  "s": 13500000,
  "t": 7310000,
  "u": 14900000
}
