{
  "b": 13.420172691345215,
  "c": 28.267833709716797,
  "d": 15.282048225402832,
  "e": 32.188594818115234,
  "f": 142000000,
  "g": 296000000,
  "h": 171000000,
  "i": 357000000,
  "j": 140000000,
  "k": 294000000,
  "l": 168000000,
  "m": 354000000,
  "n": 2330000,
  "o": 2330000,
  "p": 2610000,
  "q": 2610000,
  "r": 1500000,
  "s": 3110000,
  "t": 1870000,
  "u": 3890000
}
