{
  "b": 13.420172691345215,
  "c": 28.267833709716797,
  "d": 15.282048225402832,
  "e": 32.188594818115234,
  "f": 141857376,
  "g": 296367232,
  "h": 170664048,
  "i": 356741472,
  "j": 139569792,
  "k": 293985472,
  "l": 168102528,
  "m": 354074560,
  "n": 2287591,
  "o": 2381737,
  "p": 2561520,
  "q": 2666931,
  "r": 1497383,
  "s": 3112202,
  "t": 1870369,
  "u": 3891062
}
