{
  "b": 9.34936809539795,
  "c": 19.581172943115234,
  "d": 10.032707214355469,
  "e": 21.011703491210938,
  "f": 98800000,
  "g": 205000000,
  "h": 112000000,
  "i": 233000000,
  "j": 97200000,
  "k": 204000000,
  "l": 110000000,
  "m": 231000000,
  "n": 1610000,
  "o": 1610000,
  "p": 1820000,
  "q": 1820000,
  "r": 1390000,
  "s": 2880000,
  "t": 1690000,
  "u": 3500000
}
