{
  "b": 5.497992992401123,
  "c": 11.594491004943848,
  "d": 5.739517688751221,
  "e": 12.10343074798584,
  "f": 58100000,
  "g": 122000000,
  "h": 64200000,
  "i": 134000000,
  "j": 57200000,
  "k": 121000000,
  "l": 63100000,
  "m": 133000000,
  "n": 954000,
  "o": 954000,
  "p": 1040000,
  "q": 1040000,
  "r": 331000,
  "s": 690000,
  "t": 393000,
  "u": 819000
}
