{
  "b": 5.497992992401123,
  "c": 11.594491004943848,
  "d": 5.739517688751221,
  "e": 12.10343074798584,
  "f": 58113476,
  "g": 121556488,
  "h": 64155060,
  "i": 134201184,
  "j": 57179128,
  "k": 120582704,
  "l": 63134692,
  "m": 133137736,
  "n": 934345,
  "o": 973789,
  "p": 1020370,
  "q": 1063427,
  "r": 330829,
  "s": 689705,
  "t": 392800,
  "u": 819224
}
