{
  "b": 8.983100891113281,
  "c": 18.911205291748047,
  "d": 9.089959144592285,
  "e": 19.135610580444336,
  "f": 94939208,
  "g": 198253136,
  "h": 101682088,
  "i": 212253120,
  "j": 93424248,
  "k": 196676528,
  "l": 99989552,
  "m": 210491712,
  "n": 1514961,
  "o": 1576598,
  "p": 1692544,
  "q": 1761417,
  "r": 473960,
  "s": 981374,
  "t": 550749,
  "u": 1139944
}
