{
  "b": 104.40821075439453,
  "c": 211.5224609375,
  "d": 122.70172119140625,
  "e": 248.572021484375,
  "f": 1100000000,
  "g": 2220000000,
  "h": 1370000000,
  "i": 2750000000,
  "j": 1090000000,
  "k": 2200000000,
  "l": 1350000000,
  "m": 2730000000,
  "n": 17700000,
  "o": 17700000,
  "p": 20500000,
  "q": 20500000,
  "r": 154000000,
  "s": 309000000,
  "t": 194000000,
  "u": 389000000
}
