{
  "b": 104.40821075439453,
  "c": 211.5224609375,
  "d": 122.70172119140625,
  "e": 248.572021484375,
  "f": 1103566464,
  "g": 2217600000,
  "h": 1370220416,
  "i": 2754847232,
  "j": 1085845376,
  "k": 2199833600,
  "l": 1349718912,
  "m": 2734292224,
  "n": 17721100,
  "o": 17766422,
  "p": 20501418,
  "q": 20554410,
  "r": 153999856,
  "s": 309347712,
  "t": 193705312,
  "u": 389356672
}
