{
  "b": 8.983100891113281,
  "c": 18.911205291748047,
  "d": 9.089959144592285,
  "e": 19.135610580444336,
  "f": 94900000,
  "g": 198000000,
  "h": 102000000,
  "i": 212000000,
  "j": 93400000,
  "k": 197000000,
  "l": 100000000,
  "m": 210000000,
  "n": 1550000,
  "o": 1550000,
  "p": 1730000,
  "q": 1730000,
  "r": 474000,
  "s": 981000,
  "t": 551000,
  "u": 1140000
}
