{
  "b": 9.34936809539795,
  "c": 19.581172943115234,
  "d": 10.032707214355469,
  "e": 21.011703491210938,
  "f": 98819008,
  "g": 205285936,
  "h": 112147256,
  "i": 232979424,
  "j": 97233432,
  "k": 203644208,
  "l": 110359776,
  "m": 231128736,
  "n": 1585596,
  "o": 1641717,
  "p": 1787479,
  "q": 1850679,
  "r": 1392929,
  "s": 2882771,
  "t": 1691950,
  "u": 3502691
}
