{
  "b": 24.71441078186035,
  "c": 51.57294845581055,
  "d": 27.79315757751465,
  "e": 57.99631881713867,
  "f": 261000000,
  "g": 541000000,
  "h": 310000000,
  "i": 643000000,
  "j": 257000000,
  "k": 536000000,
  "l": 306000000,
  "m": 638000000,
  "n": 4220000,
  "o": 4220000,
  "p": 4660000,
  "q": 4660000,
  "r": 1400000,
  "s": 2890000,
  "t": 1760000,
  "u": 3650000
}
