{
  "b": 285.3594970703125,
  "c": 576.5324096679688,
  "d": 339.221435546875,
  "e": 685.337158203125,
  "f": 3020000000,
  "g": 6050000000,
  "h": 3790000000,
  "i": 7600000000,
  "j": 2970000000,
  "k": 6000000000,
  "l": 3730000000,
  "m": 7540000000,
  "n": 50100000,
  "o": 50100000,
  "p": 59500000,
  "q": 59500000,
  "r": 260000000,
  "s": 518000000,
  "t": 344000000,
  "u": 687000000
}
