{
  "b": 9.21491813659668,
  "c": 19.156408309936523,
  "d": 10.038570404052734,
  "e": 20.86751937866211,
  "f": 97400000,
  "g": 201000000,
  "h": 112000000,
  "i": 231000000,
  "j": 95800000,
  "k": 199000000,
  "l": 110000000,
  "m": 230000000,
  "n": 1560000,
  "o": 1560000,
  "p": 1740000,
  "q": 1740000,
  "r": 261000,
  "s": 536000,
  "t": 338000,
  "u": 695000
}
