{
  "b": 11.653717994689941,
  "c": 24.184476852416992,
  "d": 13.672024726867676,
  "e": 28.371986389160156,
  "f": 123198568,
  "g": 253571024,
  "h": 152733488,
  "i": 314494592,
  "j": 121198672,
  "k": 251518560,
  "l": 150392272,
  "m": 312091840,
  "n": 1999894,
  "o": 2052479,
  "p": 2341206,
  "q": 2402778,
  "r": 919398,
  "s": 1885822,
  "t": 1215276,
  "u": 2494794
}
