{
  "b": 24.71441078186035,
  "c": 51.57294845581055,
  "d": 27.79315757751465,
  "e": 57.99631881713867,
  "f": 261179232,
  "g": 540646784,
  "h": 310303872,
  "i": 642691968,
  "j": 257029872,
  "k": 536358656,
  "l": 305724736,
  "m": 637959488,
  "n": 4149363,
  "o": 4288069,
  "p": 4579116,
  "q": 4732500,
  "r": 1398310,
  "s": 2886044,
  "t": 1764742,
  "u": 3645228
}
