{
  "b": 13.840847969055176,
  "c": 28.636672973632812,
  "d": 14.442604064941406,
  "e": 29.88050651550293,
  "f": 146323584,
  "g": 300258368,
  "h": 161543744,
  "i": 331426112,
  "j": 143944816,
  "k": 297821408,
  "l": 158868640,
  "m": 328685568,
  "n": 2378766,
  "o": 2436933,
  "p": 2675115,
  "q": 2740527,
  "r": 1062129,
  "s": 2170370,
  "t": 1272701,
  "u": 2600885
}
