{
  "b": 11.653717994689941,
  "c": 24.184476852416992,
  "d": 13.672024726867676,
  "e": 28.371986389160156,
  "f": 123000000,
  "g": 254000000,
  "h": 153000000,
  "i": 314000000,
  "j": 121000000,
  "k": 252000000,
  "l": 150000000,
  "m": 312000000,
  "n": 2030000,
  "o": 2030000,
  "p": 2370000,
  "q": 2370000,
  "r": 919000,
  "s": 1890000,
  "t": 1220000,
  "u": 2490000
}
