{
  "b": 285.3594970703125,
  "c": 576.5324096679688,
  "d": 339.221435546875,
  "e": 685.337158203125,
  "f": 3017779968,
  "g": 6046030336,
  "h": 3790902016,
  "i": 7598238208,
  "j": 2967738624,
  "k": 5995936768,
  "l": 3731435776,
  "m": 7538708480,
  "n": 50041428,
  "o": 50094160,
  "p": 59466232,
  "q": 59529520,
  "r": 259735712,
  "s": 518286368,
  "t": 343919904,
  "u": 686830720
}
