{
  "b": 84.76395416259766,
  "c": 175.49166870117188,
  "d": 89.10657501220703,
  "e": 184.4784698486328,
  "f": 895969792,
  "g": 1839930496,
  "h": 996861248,
  "i": 2046407168,
  "j": 881545088,
  "k": 1825113344,
  "l": 980172352,
  "m": 2029263232,
  "n": 14424720,
  "o": 14817019,
  "p": 16688944,
  "q": 17143806,
  "r": 21318382,
  "s": 43588696,
  "t": 24665016,
  "u": 50421716
}
