{
  "b": 48.5120849609375,
  "c": 100.72574615478516,
  "d": 51.39303970336914,
  "e": 106.70362854003906,
  "f": 512641664,
  "g": 1055878336,
  "h": 574166976,
  "i": 1182817920,
  "j": 504525696,
  "k": 1047547776,
  "l": 565323456,
  "m": 1173739904,
  "n": 8115974,
  "o": 8330501,
  "p": 8843594,
  "q": 9077900,
  "r": 6852226,
  "s": 14037009,
  "t": 8162207,
  "u": 16728063
}
