{
  "b": 19.075420379638672,
  "c": 39.47208023071289,
  "d": 23.274354934692383,
  "e": 48.15977478027344,
  "f": 201629376,
  "g": 413832480,
  "h": 259817440,
  "i": 533648096,
  "j": 198384368,
  "k": 410509632,
  "l": 256017904,
  "m": 529757536,
  "n": 3245001,
  "o": 3322862,
  "p": 3799527,
  "q": 3890621,
  "r": 1499290,
  "s": 3068136,
  "t": 2046883,
  "u": 4193104
}
