{
  "b": 48.5120849609375,
  "c": 100.72574615478516,
  "d": 51.39303970336914,
  "e": 106.70362854003906,
  "f": 513000000,
  "g": 1060000000,
  "h": 574000000,
  "i": 1180000000,
  "j": 505000000,
  "k": 1050000000,
  "l": 565000000,
  "m": 1170000000,
  "n": 8220000,
  "o": 8220000,
  "p": 8960000,
  "q": 8960000,
  "r": 6850000,
  "s": 14000000,
  "t": 8160000,
  "u": 16700000
}
