{
  "b": 4.4732255935668945,
  "c": 9.027430534362793,
  "d": 4.292145252227783,
  "e": 8.661710739135742,
  "f": 47287476,
  "g": 94651424,
  "h": 48021160,
  "i": 96086624,
  "j": 46521548,
  "k": 93885280,
  "l": 47213600,
  "m": 95278816,
  "n": 765922,
  "o": 766137,
  "p": 807563,
  "q": 807803,
  "r": 611629,
  "s": 1217123,
  "t": 668815,
  "u": 1330635
}
