{
  "b": 23.598295211791992,
  "c": 48.026729583740234,
  "d": 27.40532875061035,
  "e": 55.77341079711914,
  "f": 249000000,
  "g": 504000000,
  "h": 306000000,
  "i": 618000000,
  "j": 245000000,
  "k": 499000000,
  "l": 301000000,
  "m": 614000000,
  "n": 4030000,
  "o": 4030000,
  "p": 4570000,
  "q": 4570000,
  "r": 3070000,
  "s": 6180000,
  "t": 3880000,
  "u": 7810000
}
