{
  "b": 23.598295211791992,
  "c": 48.026729583740234,
  "d": 27.40532875061035,
  "e": 55.77341079711914,
  "f": 249428352,
  "g": 503534528,
  "h": 305998112,
  "i": 618104896,
  "j": 245422272,
  "k": 499477984,
  "l": 301458624,
  "m": 613507520,
  "n": 4006129,
  "o": 4056601,
  "p": 4539486,
  "q": 4597374,
  "r": 3074960,
  "s": 6183277,
  "t": 3879095,
  "u": 7806492
}
