{
  "b": 4.4732255935668945,
  "c": 9.027430534362793,
  "d": 4.292145252227783,
  "e": 8.661710739135742,
  "f": 47300000,
  "g": 94700000,
  "h": 48000000,
  "i": 96100000,
  "j": 46500000,
  "k": 93900000,
  "l": 47200000,
  "m": 95300000,
  "n": 766000,
  "o": 766000,
  "p": 808000,
  "q": 808000,
  "r": 612000,
  "s": 1220000,
  "t": 669000,
  "u": 1330000
}
