{
  "b": 19.075420379638672,
  "c": 39.47208023071289,
  "d": 23.274354934692383,
  "e": 48.15977478027344,
  "f": 202000000,
  "g": 414000000,
  "h": 260000000,
  "i": 534000000,
  "j": 198000000,
  "k": 411000000,
  "l": 256000000,
  "m": 530000000,
  "n": 3280000,
  "o": 3280000,
  "p": 3850000,
  "q": 3850000,
  "r": 1500000,
  "s": 3070000,
  "t": 2050000,
  "u": 4190000
}
