{
  "b": 46.939205169677734,
  "c": 97.37938690185547,
  "d": 53.02638626098633,
  "e": 110.00604248046875,
  "f": 496000000,
  "g": 1020000000,
  "h": 593000000,
  "i": 1220000000,
  "j": 488000000,
  "k": 1010000000,
  "l": 583000000,
  "m": 1210000000,
  "n": 8040000,
  "o": 8040000,
  "p": 9440000,
  "q": 9440000,
  "r": 4930000,
  "s": 10100000,
  "t": 6120000,
  "u": 12600000
}
