{
  "b": 26.64558219909668,
  "c": 55.77019119262695,
  "d": 27.578033447265625,
  "e": 57.720272064208984,
  "f": 281611616,
  "g": 584661568,
  "h": 308452736,
  "i": 640191872,
  "j": 277114048,
  "k": 580009984,
  "l": 303358368,
  "m": 634923008,
  "n": 4497547,
  "o": 4651605,
  "p": 5094376,
  "q": 5268860,
  "r": 3802011,
  "s": 7863112,
  "t": 4406467,
  "u": 9113569
}
