{
  "b": 24.17043685913086,
  "c": 50.614891052246094,
  "d": 27.742847442626953,
  "e": 58.09356689453125,
  "f": 255526400,
  "g": 530697472,
  "h": 310218560,
  "i": 644257344,
  "j": 251372544,
  "k": 526394880,
  "l": 305171328,
  "m": 639029248,
  "n": 4153829,
  "o": 4302571,
  "p": 5047231,
  "q": 5228062,
  "r": 3046501,
  "s": 6295266,
  "t": 3986109,
  "u": 8238934
}
