{
  "b": 26.64558219909668,
  "c": 55.77019119262695,
  "d": 27.578033447265625,
  "e": 57.720272064208984,
  "f": 282000000,
  "g": 585000000,
  "h": 308000000,
  "i": 640000000,
  "j": 277000000,
  "k": 580000000,
  "l": 303000000,
  "m": 635000000,
  "n": 4570000,
  "o": 4570000,
  "p": 5180000,
  "q": 5180000,
  "r": 3800000,
  "s": 7860000,
  "t": 4410000,
  "u": 9110000
}
