{
  "b": 60.89529800415039,
  "c": 124.02450561523438,
  "d": 64.19828796386719,
  "e": 130.7425994873047,
  "f": 643533696,
  "g": 1300159488,
  "h": 717212544,
  "i": 1449289856,
  "j": 633311104,
  "k": 1289854848,
  "l": 706181184,
  "m": 1438168576,
  "n": 10222670,
  "o": 10304682,
  "p": 11031413,
  "q": 11121116,
  "r": 9518208,
  "s": 19152852,
  "t": 11512266,
  "u": 23175034
}
