{
  "b": 60.89529800415039,
  "c": 124.02450561523438,
  "d": 64.19828796386719,
  "e": 130.7425994873047,
  "f": 644000000,
  "g": 1300000000,
  "h": 717000000,
  "i": 1450000000,
  "j": 633000000,
  "k": 1290000000,
  "l": 706000000,
  "m": 1440000000,
  "n": 10300000,
  "o": 10300000,
  "p": 11100000,
  "q": 11100000,
  "r": 9520000,
  "s": 19200000,
  "t": 11500000,
  "u": 23200000
}
