{
  "b": 10.72982120513916,
  "c": 22.3861083984375,
  "d": 11.923460006713867,
  "e": 24.87563133239746,
  "f": 113417856,
  "g": 234703408,
  "h": 133165280,
  "i": 275705280,
  "j": 111590144,
  "k": 232815520,
  "l": 131158064,
  "m": 273631936,
  "n": 1827702,
  "o": 1887900,
  "p": 2007219,
  "q": 2073345,
  "r": 660054,
  "s": 1361357,
  "t": 829963,
  "u": 1713238
}
