{
  "b": 24.17043685913086,
  "c": 50.614891052246094,
  "d": 27.742847442626953,
  "e": 58.09356689453125,
  "f": 256000000,
  "g": 531000000,
  "h": 310000000,
  "i": 644000000,
  "j": 251000000,
  "k": 526000000,
  "l": 305000000,
  "m": 639000000,
  "n": 4230000,
  "o": 4230000,
  "p": 5140000,
  "q": 5140000,
  "r": 3050000,
  "s": 6300000,
  "t": 3990000,
  "u": 8240000
}
