{
  "b": 10.72982120513916,
  "c": 22.3861083984375,
  "d": 11.923460006713867,
  "e": 24.87563133239746,
  "f": 113000000,
  "g": 235000000,
  "h": 133000000,
  "i": 276000000,
  "j": 112000000,
  "k": 233000000,
  "l": 131000000,
  "m": 274000000,
  "n": 1860000,
  "o": 1860000,
  "p": 2040000,
  "q": 2040000,
  "r": 660000,
  "s": 1360000,
  "t": 830000,
  "u": 1710000
}
