{
  "b": 17.49666976928711,
  "c": 36.94051742553711,
  "d": 20.034543991088867,
  "e": 42.297367095947266,
  "f": 185000000,
  "g": 387000000,
  "h": 224000000,
  "i": 469000000,
  "j": 182000000,
  "k": 384000000,
  "l": 220000000,
  "m": 465000000,
  "n": 3050000,
  "o": 3050000,
  "p": 3520000,
  "q": 3520000,
  "r": 2900000,
  "s": 6050000,
  "t": 3670000,
  "u": 7650000
}
