{
  "b": 40.71026611328125,
  "c": 84.09368896484375,
  "d": 44.62767028808594,
  "e": 92.18370819091797,
  "f": 430281472,
  "g": 881636864,
  "h": 498557984,
  "i": 1021861248,
  "j": 423386752,
  "k": 874574336,
  "l": 490904384,
  "m": 1014020800,
  "n": 6894707,
  "o": 7062600,
  "p": 7653640,
  "q": 7840456,
  "r": 2496751,
  "s": 5098986,
  "t": 3062792,
  "u": 6258239
}
