{
  "b": 17.49666976928711,
  "c": 36.94051742553711,
  "d": 20.034543991088867,
  "e": 42.297367095947266,
  "f": 184948256,
  "g": 387296544,
  "h": 223823440,
  "i": 468867168,
  "j": 181965360,
  "k": 384181376,
  "l": 220379984,
  "m": 465271040,
  "n": 2982895,
  "o": 3115164,
  "p": 3443444,
  "q": 3596186,
  "r": 2902937,
  "s": 6047900,
  "t": 3668488,
  "u": 7647370
}
