{
  "b": 14.757990837097168,
  "c": 29.31798553466797,
  "d": 15.694792747497559,
  "e": 31.17780303955078,
  "f": 155961456,
  "g": 307346144,
  "h": 175404720,
  "i": 345674240,
  "j": 153483104,
  "k": 304907040,
  "l": 172642720,
  "m": 342955840,
  "n": 2478354,
  "o": 2439122,
  "p": 2761991,
  "q": 2718426,
  "r": 46338348,
  "s": 91351056,
  "t": 52000792,
  "u": 102533936
}
