{
  "b": 14.757990837097168,
  "c": 29.31798553466797,
  "d": 15.694792747497559,
  "e": 31.17780303955078,
  "f": 156000000,
  "g": 307000000,
  "h": 175000000,
  "i": 346000000,
  "j": 153000000,
  "k": 305000000,
  "l": 173000000,
  "m": 343000000,
  "n": 2460000,
  "o": 2460000,
  "p": 2740000,
  "q": 2740000,
  "r": 46300000,
  "s": 91400000,
  "t": 52000000,
  "u": 103000000
}
