{
  "b": 34.816253662109375,
  "c": 73.40987396240234,
  "d": 36.17372131347656,
  "e": 76.27007293701172,
  "f": 367916192,
  "g": 769534720,
  "h": 404055008,
  "i": 845373184,
  "j": 362089024,
  "k": 763462656,
  "l": 397910944,
  "m": 838970816,
  "n": 5827198,
  "o": 6072161,
  "p": 6144049,
  "q": 6402428,
  "r": 3079312,
  "s": 6411192,
  "t": 3475870,
  "u": 7241642
}
