{
  "b": 40.71026611328125,
  "c": 84.09368896484375,
  "d": 44.62767028808594,
  "e": 92.18370819091797,
  "f": 430000000,
  "g": 882000000,
  "h": 499000000,
  "i": 1020000000,
  "j": 423000000,
  "k": 875000000,
  "l": 491000000,
  "m": 1010000000,
  "n": 6980000,
  "o": 6980000,
  "p": 7750000,
  "q": 7750000,
  "r": 2500000,
  "s": 5100000,
  "t": 3060000,
  "u": 6260000
}
