{
  "b": 13.828288078308105,
  "c": 29.05266761779785,
  "d": 15.036049842834473,
  "e": 31.58905601501465,
  "f": 146176656,
  "g": 304602944,
  "h": 168074512,
  "i": 350262720,
  "j": 143814192,
  "k": 302147744,
  "l": 165396544,
  "m": 347479616,
  "n": 2362461,
  "o": 2455226,
  "p": 2677939,
  "q": 2783061,
  "r": 1133644,
  "s": 2353222,
  "t": 1405583,
  "u": 2918878
}
