{
  "b": 45.03680419921875,
  "c": 93.44063568115234,
  "d": 48.91281509399414,
  "e": 101.47994995117188,
  "f": 475968064,
  "g": 979560896,
  "h": 546449344,
  "i": 1124902144,
  "j": 468382752,
  "k": 971782592,
  "l": 538040960,
  "m": 1116279424,
  "n": 7585340,
  "o": 7778304,
  "p": 8408460,
  "q": 8622639,
  "r": 5271311,
  "s": 10789674,
  "t": 6453466,
  "u": 13217049
}
