{
  "b": 2.9284207820892334,
  "c": 5.928547382354736,
  "d": 2.766862154006958,
  "e": 5.6013031005859375,
  "f": 31000000,
  "g": 62200000,
  "h": 31000000,
  "i": 62200000,
  "j": 30500000,
  "k": 61700000,
  "l": 30400000,
  "m": 61600000,
  "n": 501000,
  "o": 501000,
  "p": 539000,
  "q": 539000,
  "r": 264000,
  "s": 527000,
  "t": 285000,
  "u": 568000
}
