{
  "b": 45.03680419921875,
  "c": 93.44063568115234,
  "d": 48.91281509399414,
  "e": 101.47994995117188,
  "f": 476000000,
  "g": 980000000,
  "h": 546000000,
  "i": 1120000000,
  "j": 468000000,
  "k": 972000000,
  "l": 538000000,
  "m": 1120000000,
  "n": 7680000,
  "o": 7680000,
  "p": 8520000,
  "q": 8520000,
  "r": 5270000,
  "s": 10800000,
  "t": 6450000,
  "u": 13200000
}
