{
  "b": 2.9284207820892334,
  "c": 5.928547382354736,
  "d": 2.766862154006958,
  "e": 5.6013031005859375,
  "f": 30955444,
  "g": 62158068,
  "h": 30973594,
  "i": 62153844,
  "j": 30455576,
  "k": 61656892,
  "l": 30435484,
  "m": 61614336,
  "n": 499869,
  "o": 501168,
  "p": 538110,
  "q": 539509,
  "r": 264168,
  "s": 527437,
  "t": 284532,
  "u": 567800
}
