{
  "b": 39.735992431640625,
  "c": 80.88511657714844,
  "d": 46.440372467041016,
  "e": 94.52980041503906,
  "f": 420000000,
  "g": 848000000,
  "h": 519000000,
  "i": 1050000000,
  "j": 413000000,
  "k": 841000000,
  "l": 511000000,
  "m": 1040000000,
  "n": 6770000,
  "o": 6770000,
  "p": 7700000,
  "q": 7700000,
  "r": 51400000,
  "s": 104000000,
  "t": 65400000,
  "u": 132000000
}
