{
  "b": 23.210304260253906,
  "c": 47.973289489746094,
  "d": 26.89936637878418,
  "e": 55.59653091430664,
  "f": 245379072,
  "g": 503022432,
  "h": 300535520,
  "i": 616330624,
  "j": 241387168,
  "k": 498922208,
  "l": 295893024,
  "m": 611561856,
  "n": 3991897,
  "o": 4100192,
  "p": 4642444,
  "q": 4768790,
  "r": 1848554,
  "s": 3769771,
  "t": 2384663,
  "u": 4867006
}
