{
  "b": 13.828288078308105,
  "c": 29.05266761779785,
  "d": 15.036049842834473,
  "e": 31.58905601501465,
  "f": 146000000,
  "g": 305000000,
  "h": 168000000,
  "i": 350000000,
  "j": 144000000,
  "k": 302000000,
  "l": 165000000,
  "m": 347000000,
  "n": 2410000,
  "o": 2410000,
  "p": 2730000,
  "q": 2730000,
  "r": 1130000,
  "s": 2350000,
  "t": 1410000,
  "u": 2920000
}
