{
  "b": 39.735992431640625,
  "c": 80.88511657714844,
  "d": 46.440372467041016,
  "e": 94.52980041503906,
  "f": 419994656,
  "g": 848002176,
  "h": 518510720,
  "i": 1047559488,
  "j": 413254304,
  "k": 841205184,
  "l": 510844096,
  "m": 1039827776,
  "n": 6740314,
  "o": 6796880,
  "p": 7666592,
  "q": 7731547,
  "r": 51380936,
  "s": 103764080,
  "t": 65367432,
  "u": 132110136
}
