{
  "b": 21.99405288696289,
  "c": 45.75059509277344,
  "d": 23.069726943969727,
  "e": 47.9870491027832,
  "f": 232000000,
  "g": 480000000,
  "h": 258000000,
  "i": 532000000,
  "j": 229000000,
  "k": 476000000,
  "l": 254000000,
  "m": 528000000,
  "n": 3680000,
  "o": 3680000,
  "p": 4040000,
  "q": 4040000,
  "r": 1370000,
  "s": 2820000,
  "t": 1610000,
  "u": 3300000
}
