{
  "b": 39.680198669433594,
  "c": 79.33500671386719,
  "d": 54.709434509277344,
  "e": 109.38036346435547,
  "f": 420000000,
  "g": 832000000,
  "h": 611000000,
  "i": 1210000000,
  "j": 413000000,
  "k": 825000000,
  "l": 602000000,
  "m": 1200000000,
  "n": 7060000,
  "o": 7060000,
  "p": 9130000,
  "q": 9130000,
  "r": 11300000,
  "s": 22300000,
  "t": 17800000,
  "u": 35300000
}
