{
  "b": 54.587310791015625,
  "c": 114.79193878173828,
  "d": 57.43385696411133,
  "e": 120.77362823486328,
  "f": 576740096,
  "g": 1203211008,
  "h": 641686528,
  "i": 1338801536,
  "j": 567708032,
  "k": 1193836160,
  "l": 631772416,
  "m": 1328509952,
  "n": 9032007,
  "o": 9374791,
  "p": 9914058,
  "q": 10291393,
  "r": 3141725,
  "s": 6520244,
  "t": 3782139,
  "u": 7851965
}
