{
  "b": 39.680198669433594,
  "c": 79.33500671386719,
  "d": 54.709434509277344,
  "e": 109.38036346435547,
  "f": 419760448,
  "g": 832112128,
  "h": 610968384,
  "i": 1212273408,
  "j": 412674048,
  "k": 825084096,
  "l": 601803776,
  "m": 1203184000,
  "n": 7086401,
  "o": 7028064,
  "p": 9164657,
  "q": 9089277,
  "r": 11317156,
  "s": 22325390,
  "t": 17847772,
  "u": 35261664
}
