{
  "b": 1254.160888671875,
  "c": 2425.110107421875,
  "d": 1400.1224365234375,
  "e": 2707.25,
  "f": 13267877888,
  "g": 25439477760,
  "h": 15656911872,
  "i": 30028263424,
  "j": 13043272704,
  "k": 25221144576,
  "l": 15401347072,
  "m": 29779750912,
  "n": 224603904,
  "o": 218331664,
  "p": 255563808,
  "q": 248512112,
  "r": 4988185088,
  "s": 9555074048,
  "t": 5853728256,
  "u": 11217344512
}
