{
  "b": 54.587310791015625,
  "c": 114.79193878173828,
  "d": 57.43385696411133,
  "e": 120.77362823486328,
  "f": 577000000,
  "g": 1200000000,
  "h": 642000000,
  "i": 1340000000,
  "j": 568000000,
  "k": 1190000000,
  "l": 632000000,
  "m": 1330000000,
  "n": 9200000,
  "o": 9200000,
  "p": 10100000,
  "q": 10100000,
  "r": 3140000,
  "s": 6520000,
  "t": 3780000,
  "u": 7850000
}
