{
  "b": 1254.160888671875,
  "c": 2425.110107421875,
  "d": 1400.1224365234375,
  "e": 2707.25,
  "f": 13300000000,
  "g": 25400000000,
  "h": 15700000000,
  "i": 30000000000,
  "j": 13000000000,
  "k": 25200000000,
  "l": 15400000000,
  "m": 29800000000,
  "n": 221000000,
  "o": 221000000,
  "p": 252000000,
  "q": 252000000,
  "r": 4990000000,
  "s": 9560000000,
  "t": 5850000000,
  "u": 11200000000
}
