{
  "b": 292.78857421875,
  "c": 557.7655639648438,
  "d": 331.03076171875,
  "e": 630.5997314453125,
  "f": 3096408832,
  "g": 5850005504,
  "h": 3699852032,
  "i": 6992660992,
  "j": 3045001216,
  "k": 5800761856,
  "l": 3641338368,
  "m": 6936596992,
  "n": 51408112,
  "o": 49243524,
  "p": 58513784,
  "q": 56064024,
  "r": 90561600,
  "s": 170244848,
  "t": 112159048,
  "u": 210987024
}
