{
  "b": 292.78857421875,
  "c": 557.7655639648438,
  "d": 331.03076171875,
  "e": 630.5997314453125,
  "f": 3100000000,
  "g": 5850000000,
  "h": 3700000000,
  "i": 6990000000,
  "j": 3050000000,
  "k": 5800000000,
  "l": 3640000000,
  "m": 6940000000,
  "n": 50300000,
  "o": 50300000,
  "p": 57300000,
  "q": 57300000,
  "r": 90600000,
  "s": 170000000,
  "t": 112000000,
  "u": 211000000
}
