{
  "b": 32.07854461669922,
  "c": 67.51151275634766,
  "d": 37.9669303894043,
  "e": 79.9008560180664,
  "f": 339000000,
  "g": 708000000,
  "h": 425000000,
  "i": 886000000,
  "j": 334000000,
  "k": 702000000,
  "l": 418000000,
  "m": 879000000,
  "n": 5600000,
  "o": 5600000,
  "p": 7060000,
  "q": 7060000,
  "r": 11500000,
  "s": 23900000,
  "t": 15300000,
  "u": 31600000
}
