{
  "b": 15.393009185791016,
  "c": 31.804000854492188,
  "d": 17.47258949279785,
  "e": 36.09939956665039,
  "f": 162739264,
  "g": 333478112,
  "h": 195285536,
  "i": 400255808,
  "j": 160087296,
  "k": 330761600,
  "l": 192198480,
  "m": 397093408,
  "n": 2651958,
  "o": 2716483,
  "p": 3087080,
  "q": 3162416,
  "r": 1318446,
  "s": 2694099,
  "t": 1697840,
  "u": 3471254
}
