{
  "b": 24.9199161529541,
  "c": 51.9231071472168,
  "d": 24.831260681152344,
  "e": 51.736690521240234,
  "f": 263000000,
  "g": 544000000,
  "h": 278000000,
  "i": 574000000,
  "j": 259000000,
  "k": 540000000,
  "l": 273000000,
  "m": 569000000,
  "n": 4300000,
  "o": 4300000,
  "p": 5000000,
  "q": 5000000,
  "r": 4000000,
  "s": 8230000,
  "t": 4490000,
  "u": 9220000
}
