{
  "b": 32.07854461669922,
  "c": 67.51151275634766,
  "d": 37.9669303894043,
  "e": 79.9008560180664,
  "f": 339109440,
  "g": 707828736,
  "h": 424562144,
  "i": 886107776,
  "j": 333616864,
  "k": 702119744,
  "l": 417636224,
  "m": 878909440,
  "n": 5492539,
  "o": 5708823,
  "p": 6925925,
  "q": 7198310,
  "r": 11511053,
  "s": 23873094,
  "t": 15254858,
  "u": 31643272
}
