{
  "b": 15.393009185791016,
  "c": 31.804000854492188,
  "d": 17.47258949279785,
  "e": 36.09939956665039,
  "f": 163000000,
  "g": 333000000,
  "h": 195000000,
  "i": 400000000,
  "j": 160000000,
  "k": 331000000,
  "l": 192000000,
  "m": 397000000,
  "n": 2680000,
  "o": 2680000,
  "p": 3120000,
  "q": 3120000,
  "r": 1320000,
  "s": 2690000,
  "t": 1700000,
  "u": 3470000
}
