{
  "b": 24.9199161529541,
  "c": 51.9231071472168,
  "d": 24.831260681152344,
  "e": 51.736690521240234,
  "f": 263402048,
  "g": 544358976,
  "h": 278067744,
  "i": 574171200,
  "j": 259167120,
  "k": 540000320,
  "l": 273143872,
  "m": 569103616,
  "n": 4234928,
  "o": 4358709,
  "p": 4923879,
  "q": 5067613,
  "r": 4003376,
  "s": 8230773,
  "t": 4487079,
  "u": 9219827
}
