{
  "b": 31.34255027770996,
  "c": 65.61468505859375,
  "d": 31.896718978881836,
  "e": 66.77046966552734,
  "f": 331000000,
  "g": 688000000,
  "h": 357000000,
  "i": 740000000,
  "j": 326000000,
  "k": 682000000,
  "l": 351000000,
  "m": 734000000,
  "n": 5340000,
  "o": 5340000,
  "p": 5780000,
  "q": 5780000,
  "r": 101000000,
  "s": 209000000,
  "t": 104000000,
  "u": 215000000
}
