{
  "b": 8.056022644042969,
  "c": 16.972028732299805,
  "d": 9.32365894317627,
  "e": 19.641965866088867,
  "f": 85200000,
  "g": 178000000,
  "h": 104000000,
  "i": 218000000,
  "j": 83800000,
  "k": 177000000,
  "l": 103000000,
  "m": 216000000,
  "n": 1400000,
  "o": 1400000,
  "p": 1560000,
  "q": 1560000,
  "r": 391000,
  "s": 814000,
  "t": 517000,
  "u": 1080000
}
