{
  "b": 8.056022644042969,
  "c": 16.972028732299805,
  "d": 9.32365894317627,
  "e": 19.641965866088867,
  "f": 85155208,
  "g": 177940160,
  "h": 104083968,
  "i": 217650304,
  "j": 83782632,
  "k": 176509104,
  "l": 102560248,
  "m": 216061616,
  "n": 1372582,
  "o": 1431079,
  "p": 1523718,
  "q": 1588713,
  "r": 391183,
  "s": 814134,
  "t": 516826,
  "u": 1076746
}
