{
  "b": 31.34255027770996,
  "c": 65.61468505859375,
  "d": 31.896718978881836,
  "e": 66.77046966552734,
  "f": 331209088,
  "g": 687816512,
  "h": 356549600,
  "i": 740353536,
  "j": 325962528,
  "k": 682392704,
  "l": 350863904,
  "m": 734475200,
  "n": 5246599,
  "o": 5423870,
  "p": 5685627,
  "q": 5878244,
  "r": 100809080,
  "s": 209464864,
  "t": 103642616,
  "u": 215371840
}
