{
  "b": 6.88191556930542,
  "c": 14.456013679504395,
  "d": 8.16596794128418,
  "e": 17.152677536010742,
  "f": 72736480,
  "g": 151551616,
  "h": 91156864,
  "i": 190061520,
  "j": 71571920,
  "k": 150342544,
  "l": 89825648,
  "m": 188679456,
  "n": 1164565,
  "o": 1209076,
  "p": 1331214,
  "q": 1382081,
  "r": 680608,
  "s": 1407380,
  "t": 901920,
  "u": 1866604
}
