{
  "b": 22.80292320251465,
  "c": 47.194091796875,
  "d": 23.741870880126953,
  "e": 49.1349983215332,
  "f": 240965728,
  "g": 494726944,
  "h": 265273632,
  "i": 544698496,
  "j": 237150400,
  "k": 490818560,
  "l": 261160576,
  "m": 540484992,
  "n": 3815344,
  "o": 3908415,
  "p": 4113067,
  "q": 4213567,
  "r": 809866,
  "s": 1643810,
  "t": 982649,
  "u": 1994702
}
