{
  "b": 19.90677833557129,
  "c": 41.53064727783203,
  "d": 21.004520416259766,
  "e": 43.819828033447266,
  "f": 210000000,
  "g": 435000000,
  "h": 235000000,
  "i": 486000000,
  "j": 207000000,
  "k": 432000000,
  "l": 231000000,
  "m": 482000000,
  "n": 3380000,
  "o": 3380000,
  "p": 3740000,
  "q": 3740000,
  "r": 914000,
  "s": 1880000,
  "t": 1060000,
  "u": 2190000
}
