{
  "b": 6.88191556930542,
  "c": 14.456013679504395,
  "d": 8.16596794128418,
  "e": 17.152677536010742,
  "f": 72700000,
  "g": 152000000,
  "h": 91200000,
  "i": 190000000,
  "j": 71600000,
  "k": 150000000,
  "l": 89800000,
  "m": 189000000,
  "n": 1190000,
  "o": 1190000,
  "p": 1360000,
  "q": 1360000,
  "r": 681000,
  "s": 1410000,
  "t": 902000,
  "u": 1870000
}
