{
  "b": 24.21732521057129,
  "c": 50.177494049072266,
  "d": 25.97138023376465,
  "e": 53.81039810180664,
  "f": 256000000,
  "g": 526000000,
  "h": 290000000,
  "i": 597000000,
  "j": 252000000,
  "k": 522000000,
  "l": 286000000,
  "m": 592000000,
  "n": 4160000,
  "o": 4160000,
  "p": 4810000,
  "q": 4810000,
  "r": 2820000,
  "s": 5750000,
  "t": 3390000,
  "u": 6920000
}
