{
  "b": 27.714624404907227,
  "c": 57.820220947265625,
  "d": 29.673343658447266,
  "e": 61.90457534790039,
  "f": 293000000,
  "g": 606000000,
  "h": 331000000,
  "i": 686000000,
  "j": 288000000,
  "k": 601000000,
  "l": 326000000,
  "m": 681000000,
  "n": 4710000,
  "o": 4710000,
  "p": 5100000,
  "q": 5100000,
  "r": 2530000,
  "s": 5210000,
  "t": 3030000,
  "u": 6260000
}
