{
  "b": 22.80292320251465,
  "c": 47.194091796875,
  "d": 23.741870880126953,
  "e": 49.1349983215332,
  "f": 241000000,
  "g": 495000000,
  "h": 265000000,
  "i": 545000000,
  "j": 237000000,
  "k": 491000000,
  "l": 261000000,
  "m": 540000000,
  "n": 3860000,
  "o": 3860000,
  "p": 4160000,
  "q": 4160000,
  "r": 810000,
  "s": 1640000,
  "t": 983000,
  "u": 1990000
}
