{
  "b": 24.21732521057129,
  "c": 50.177494049072266,
  "d": 25.97138023376465,
  "e": 53.81039810180664,
  "f": 255967088,
  "g": 526054720,
  "h": 290435168,
  "i": 596781952,
  "j": 251860192,
  "k": 521845952,
  "l": 285685184,
  "m": 591914368,
  "n": 4106902,
  "o": 4208765,
  "p": 4749968,
  "q": 4867606,
  "r": 2815163,
  "s": 5748307,
  "t": 3390479,
  "u": 6923270
}
