{
  "b": 11.021129608154297,
  "c": 22.14874267578125,
  "d": 12.23134994506836,
  "e": 24.580291748046875,
  "f": 116000000,
  "g": 232000000,
  "h": 137000000,
  "i": 272000000,
  "j": 115000000,
  "k": 230000000,
  "l": 135000000,
  "m": 270000000,
  "n": 1860000,
  "o": 1860000,
  "p": 2050000,
  "q": 2050000,
  "r": 617000,
  "s": 1230000,
  "t": 791000,
  "u": 1580000
}
