{
  "b": 23.48587989807129,
  "c": 48.49700927734375,
  "d": 24.195819854736328,
  "e": 49.96134567260742,
  "f": 248256704,
  "g": 508454528,
  "h": 270674144,
  "i": 554187648,
  "j": 244253152,
  "k": 504368896,
  "l": 266154016,
  "m": 549574784,
  "n": 4003535,
  "o": 4085611,
  "p": 4520118,
  "q": 4612854,
  "r": 3233299,
  "s": 6596076,
  "t": 3805999,
  "u": 7764168
}
