{
  "b": 57.905887603759766,
  "c": 119.70601654052734,
  "d": 65.7815933227539,
  "e": 135.98410034179688,
  "f": 612000000,
  "g": 1250000000,
  "h": 735000000,
  "i": 1510000000,
  "j": 602000000,
  "k": 1240000000,
  "l": 724000000,
  "m": 1500000000,
  "n": 9740000,
  "o": 9740000,
  "p": 11100000,
  "q": 11100000,
  "r": 51300000,
  "s": 105000000,
  "t": 70500000,
  "u": 144000000
}
