{
  "b": 23.48587989807129,
  "c": 48.49700927734375,
  "d": 24.195819854736328,
  "e": 49.96134567260742,
  "f": 248000000,
  "g": 508000000,
  "h": 271000000,
  "i": 554000000,
  "j": 244000000,
  "k": 504000000,
  "l": 266000000,
  "m": 550000000,
  "n": 4040000,
  "o": 4040000,
  "p": 4570000,
  "q": 4570000,
  "r": 3230000,
  "s": 6600000,
  "t": 3810000,
  "u": 7760000
}
