{
  "b": 11.610824584960938,
  "c": 24.26491928100586,
  "d": 13.626178741455078,
  "e": 28.47606086730957,
  "f": 122680408,
  "g": 254344736,
  "h": 152079600,
  "i": 315498272,
  "j": 120752576,
  "k": 252355168,
  "l": 149887968,
  "m": 313236672,
  "n": 1927840,
  "o": 1989554,
  "p": 2191641,
  "q": 2261635,
  "r": 805527,
  "s": 1664089,
  "t": 1037735,
  "u": 2145704
}
