{
  "b": 57.905887603759766,
  "c": 119.70601654052734,
  "d": 65.7815933227539,
  "e": 135.98410034179688,
  "f": 611857472,
  "g": 1254776448,
  "h": 734598272,
  "i": 1507050752,
  "j": 602221248,
  "k": 1244942592,
  "l": 723597568,
  "m": 1495825024,
  "n": 9636228,
  "o": 9833889,
  "p": 11000792,
  "q": 11225898,
  "r": 51340324,
  "s": 104975432,
  "t": 70494176,
  "u": 144289264
}
