{
  "b": 15.038801193237305,
  "c": 31.60655403137207,
  "d": 16.165311813354492,
  "e": 33.97265625,
  "f": 159000000,
  "g": 331000000,
  "h": 181000000,
  "i": 377000000,
  "j": 156000000,
  "k": 329000000,
  "l": 178000000,
  "m": 374000000,
  "n": 2600000,
  "o": 2600000,
  "p": 2900000,
  "q": 2900000,
  "r": 932000,
  "s": 1930000,
  "t": 1130000,
  "u": 2350000
}
