{
  "b": 22.07944679260254,
  "c": 45.78463363647461,
  "d": 25.808534622192383,
  "e": 53.51483917236328,
  "f": 233324192,
  "g": 479952448,
  "h": 288060000,
  "i": 592935808,
  "j": 229626256,
  "k": 476160192,
  "l": 283893888,
  "m": 588663232,
  "n": 3697945,
  "o": 3792260,
  "p": 4166070,
  "q": 4272578,
  "r": 1286381,
  "s": 2633620,
  "t": 1706124,
  "u": 3496068
}
