{
  "b": 79.81281280517578,
  "c": 165.7786407470703,
  "d": 97.5185317993164,
  "e": 202.55006408691406,
  "f": 843617088,
  "g": 1738035200,
  "h": 1089703680,
  "i": 2245518336,
  "j": 830053248,
  "k": 1724097792,
  "l": 1072703872,
  "m": 2228050688,
  "n": 13563809,
  "o": 13937571,
  "p": 16999904,
  "q": 17468128,
  "r": 27494048,
  "s": 56405344,
  "t": 37939924,
  "u": 77870120
}
