{
  "b": 15.038801193237305,
  "c": 31.60655403137207,
  "d": 16.165311813354492,
  "e": 33.97265625,
  "f": 158950592,
  "g": 331355680,
  "h": 180660160,
  "i": 376653312,
  "j": 156403536,
  "k": 328708160,
  "l": 177818432,
  "m": 373699232,
  "n": 2547041,
  "o": 2647515,
  "p": 2841749,
  "q": 2954035,
  "r": 931647,
  "s": 1932736,
  "t": 1131746,
  "u": 2348968
}
