{
  "b": 79.81281280517578,
  "c": 165.7786407470703,
  "d": 97.5185317993164,
  "e": 202.55006408691406,
  "f": 844000000,
  "g": 1740000000,
  "h": 1090000000,
  "i": 2250000000,
  "j": 830000000,
  "k": 1720000000,
  "l": 1070000000,
  "m": 2230000000,
  "n": 13800000,
  "o": 13800000,
  "p": 17200000,
  "q": 17200000,
  "r": 27500000,
  "s": 56400000,
  "t": 37900000,
  "u": 77900000
}
