{
  "b": 28.153467178344727,
  "c": 57.922874450683594,
  "d": 30.470073699951172,
  "e": 62.68570327758789,
  "f": 297615200,
  "g": 607301696,
  "h": 340778560,
  "i": 695248832,
  "j": 292796064,
  "k": 602397888,
  "l": 335170816,
  "m": 689542720,
  "n": 4819152,
  "o": 4903803,
  "p": 5607755,
  "q": 5706106,
  "r": 27017760,
  "s": 54881200,
  "t": 32634856,
  "u": 66290640
}
