{
  "b": 22.07944679260254,
  "c": 45.78463363647461,
  "d": 25.808534622192383,
  "e": 53.51483917236328,
  "f": 233000000,
  "g": 480000000,
  "h": 288000000,
  "i": 593000000,
  "j": 230000000,
  "k": 476000000,
  "l": 284000000,
  "m": 589000000,
  "n": 3750000,
  "o": 3750000,
  "p": 4220000,
  "q": 4220000,
  "r": 1290000,
  "s": 2630000,
  "t": 1710000,
  "u": 3500000
}
