{
  "b": 28.153467178344727,
  "c": 57.922874450683594,
  "d": 30.470073699951172,
  "e": 62.68570327758789,
  "f": 298000000,
  "g": 607000000,
  "h": 341000000,
  "i": 695000000,
  "j": 293000000,
  "k": 602000000,
  "l": 335000000,
  "m": 690000000,
  "n": 4860000,
  "o": 4860000,
  "p": 5660000,
  "q": 5660000,
  "r": 27000000,
  "s": 54900000,
  "t": 32600000,
  "u": 66300000
}
