{
  "b": 59.79662322998047,
  "c": 123.8656997680664,
  "d": 60.40095520019531,
  "e": 125.1136245727539,
  "f": 632000000,
  "g": 1300000000,
  "h": 675000000,
  "i": 1390000000,
  "j": 622000000,
  "k": 1290000000,
  "l": 664000000,
  "m": 1380000000,
  "n": 10100000,
  "o": 10100000,
  "p": 10700000,
  "q": 10700000,
  "r": 47400000,
  "s": 97400000,
  "t": 52000000,
  "u": 107000000
}
