{
  "b": 6.7133259773254395,
  "c": 13.918047904968262,
  "d": 7.162765979766846,
  "e": 14.849292755126953,
  "f": 71000000,
  "g": 146000000,
  "h": 80100000,
  "i": 165000000,
  "j": 69800000,
  "k": 145000000,
  "l": 78800000,
  "m": 163000000,
  "n": 1160000,
  "o": 1160000,
  "p": 1310000,
  "q": 1310000,
  "r": 529000,
  "s": 1080000,
  "t": 636000,
  "u": 1300000
}
