{
  "b": 4.766075611114502,
  "c": 9.993265151977539,
  "d": 5.5448150634765625,
  "e": 11.625624656677246,
  "f": 50381452,
  "g": 104774888,
  "h": 61918040,
  "i": 128841800,
  "j": 49567188,
  "k": 103929960,
  "l": 60992968,
  "m": 127881872,
  "n": 814269,
  "o": 844919,
  "p": 925066,
  "q": 959928,
  "r": 209239,
  "s": 433609,
  "t": 279282,
  "u": 579324
}
