{
  "b": 50.1808967590332,
  "c": 105.10067749023438,
  "d": 55.14038848876953,
  "e": 115.48597717285156,
  "f": 530319040,
  "g": 1101792640,
  "h": 615996736,
  "i": 1280143616,
  "j": 521881344,
  "k": 1093047040,
  "l": 606544256,
  "m": 1270345728,
  "n": 8437739,
  "o": 8745571,
  "p": 9452554,
  "q": 9797814,
  "r": 175902432,
  "s": 365597184,
  "t": 199979520,
  "u": 415814752
}
