{
  "b": 23.311582565307617,
  "c": 47.47600555419922,
  "d": 26.277740478515625,
  "e": 53.514671325683594,
  "f": 246454704,
  "g": 497806304,
  "h": 293917088,
  "i": 593574016,
  "j": 242440464,
  "k": 493750464,
  "l": 289055136,
  "m": 588661376,
  "n": 4014224,
  "o": 4055826,
  "p": 4861943,
  "q": 4912652,
  "r": 4965553,
  "s": 9957951,
  "t": 6352403,
  "u": 12738241
}
