{
  "b": 59.79662322998047,
  "c": 123.8656997680664,
  "d": 60.40095520019531,
  "e": 125.1136245727539,
  "f": 631864448,
  "g": 1298444288,
  "h": 674964032,
  "i": 1387080320,
  "j": 621884864,
  "k": 1288203264,
  "l": 664410496,
  "m": 1376249856,
  "n": 9979571,
  "o": 10240867,
  "p": 10553437,
  "q": 10830446,
  "r": 47445232,
  "s": 97447128,
  "t": 52008924,
  "u": 106839120
}
