{
  "b": 50.1808967590332,
  "c": 105.10067749023438,
  "d": 55.14038848876953,
  "e": 115.48597717285156,
  "f": 530000000,
  "g": 1100000000,
  "h": 616000000,
  "i": 1280000000,
  "j": 522000000,
  "k": 1090000000,
  "l": 607000000,
  "m": 1270000000,
  "n": 8590000,
  "o": 8590000,
  "p": 9630000,
  "q": 9630000,
  "r": 176000000,
  "s": 366000000,
  "t": 200000000,
  "u": 416000000
}
