{
  "b": 23.311582565307617,
  "c": 47.47600555419922,
  "d": 26.277740478515625,
  "e": 53.514671325683594,
  "f": 246000000,
  "g": 498000000,
  "h": 294000000,
  "i": 594000000,
  "j": 242000000,
  "k": 494000000,
  "l": 289000000,
  "m": 589000000,
  "n": 4040000,
  "o": 4040000,
  "p": 4890000,
  "q": 4890000,
  "r": 4970000,
  "s": 9960000,
  "t": 6350000,
  "u": 12700000
}
