{
  "b": 6.7133259773254395,
  "c": 13.918047904968262,
  "d": 7.162765979766846,
  "e": 14.849292755126953,
  "f": 70963912,
  "g": 145921904,
  "h": 80083552,
  "i": 164667952,
  "j": 69818592,
  "k": 144747696,
  "l": 78790424,
  "m": 163342224,
  "n": 1145320,
  "o": 1174211,
  "p": 1293116,
  "q": 1325723,
  "r": 529429,
  "s": 1083877,
  "t": 635880,
  "u": 1302192
}
