{
  "b": 38.726985931396484,
  "c": 80.15851593017578,
  "d": 38.10023880004883,
  "e": 78.86117553710938,
  "f": 409302752,
  "g": 840339968,
  "h": 426290976,
  "i": 874825536,
  "j": 402760672,
  "k": 833648576,
  "l": 419102624,
  "m": 867472896,
  "n": 6542057,
  "o": 6691395,
  "p": 7188343,
  "q": 7352695,
  "r": 84758904,
  "s": 173864032,
  "t": 88910912,
  "u": 182350144
}
