{
  "b": 19.199771881103516,
  "c": 39.414146423339844,
  "d": 22.705768585205078,
  "e": 46.61006164550781,
  "f": 202981968,
  "g": 413264704,
  "h": 253622384,
  "i": 516631808,
  "j": 199677632,
  "k": 409907136,
  "l": 249763456,
  "m": 512710688,
  "n": 3304359,
  "o": 3357625,
  "p": 3858934,
  "q": 3921174,
  "r": 4847182,
  "s": 9819075,
  "t": 6443041,
  "u": 13063169
}
