{
  "b": 16.7309627532959,
  "c": 35.297454833984375,
  "d": 16.482141494750977,
  "e": 34.7711181640625,
  "f": 176838768,
  "g": 370053824,
  "h": 184450288,
  "i": 385766400,
  "j": 174002016,
  "k": 367093536,
  "l": 181303552,
  "m": 382482304,
  "n": 2836732,
  "o": 2960299,
  "p": 3146744,
  "q": 3284066,
  "r": 1114439,
  "s": 2321645,
  "t": 1233806,
  "u": 2569970
}
