{
  "b": 16.7309627532959,
  "c": 35.297454833984375,
  "d": 16.482141494750977,
  "e": 34.7711181640625,
  "f": 177000000,
  "g": 370000000,
  "h": 184000000,
  "i": 386000000,
  "j": 174000000,
  "k": 367000000,
  "l": 181000000,
  "m": 382000000,
  "n": 2900000,
  "o": 2900000,
  "p": 3220000,
  "q": 3220000,
  "r": 1110000,
  "s": 2320000,
  "t": 1230000,
  "u": 2570000
}
