{
  "b": 32.20752716064453,
  "c": 66.44609069824219,
  "d": 40.79231262207031,
  "e": 84.15357971191406,
  "f": 340000000,
  "g": 697000000,
  "h": 455000000,
  "i": 933000000,
  "j": 335000000,
  "k": 691000000,
  "l": 449000000,
  "m": 926000000,
  "n": 5590000,
  "o": 5590000,
  "p": 6810000,
  "q": 6810000,
  "r": 10300000,
  "s": 20900000,
  "t": 14900000,
  "u": 30300000
}
