{
  "b": 10.100091934204102,
  "c": 21.074478149414062,
  "d": 10.640204429626465,
  "e": 22.200693130493164,
  "f": 107000000,
  "g": 221000000,
  "h": 119000000,
  "i": 246000000,
  "j": 105000000,
  "k": 219000000,
  "l": 117000000,
  "m": 244000000,
  "n": 1750000,
  "o": 1750000,
  "p": 1890000,
  "q": 1890000,
  "r": 538000,
  "s": 1110000,
  "t": 653000,
  "u": 1350000
}
