{
  "b": 19.199771881103516,
  "c": 39.414146423339844,
  "d": 22.705768585205078,
  "e": 46.61006164550781,
  "f": 203000000,
  "g": 413000000,
  "h": 254000000,
  "i": 517000000,
  "j": 200000000,
  "k": 410000000,
  "l": 250000000,
  "m": 513000000,
  "n": 3330000,
  "o": 3330000,
  "p": 3890000,
  "q": 3890000,
  "r": 4850000,
  "s": 9820000,
  "t": 6440000,
  "u": 13100000
}
