{
  "b": 38.726985931396484,
  "c": 80.15851593017578,
  "d": 38.10023880004883,
  "e": 78.86117553710938,
  "f": 409000000,
  "g": 840000000,
  "h": 426000000,
  "i": 875000000,
  "j": 403000000,
  "k": 834000000,
  "l": 419000000,
  "m": 867000000,
  "n": 6620000,
  "o": 6620000,
  "p": 7270000,
  "q": 7270000,
  "r": 84800000,
  "s": 174000000,
  "t": 88900000,
  "u": 182000000
}
