{
  "b": 32.20752716064453,
  "c": 66.44609069824219,
  "d": 40.79231262207031,
  "e": 84.15357971191406,
  "f": 340491136,
  "g": 696694656,
  "h": 455453152,
  "i": 932576576,
  "j": 334958272,
  "k": 691039360,
  "l": 448715456,
  "m": 925689408,
  "n": 5532831,
  "o": 5655185,
  "p": 6737733,
  "q": 6887086,
  "r": 10296166,
  "s": 20942460,
  "t": 14882848,
  "u": 30304498
}
