{
  "b": 13.225621223449707,
  "c": 27.42934226989746,
  "d": 14.786267280578613,
  "e": 30.665376663208008,
  "f": 139789440,
  "g": 287571392,
  "h": 165127168,
  "i": 339867424,
  "j": 137546464,
  "k": 285265152,
  "l": 162648944,
  "m": 337319136,
  "n": 2242959,
  "o": 2306241,
  "p": 2478203,
  "q": 2548275,
  "r": 426862,
  "s": 875527,
  "t": 529743,
  "u": 1087412
}
