{
  "b": 23.121204376220703,
  "c": 48.48025131225586,
  "d": 24.102611541748047,
  "e": 50.5366096496582,
  "f": 244000000,
  "g": 508000000,
  "h": 270000000,
  "i": 561000000,
  "j": 240000000,
  "k": 504000000,
  "l": 265000000,
  "m": 556000000,
  "n": 3980000,
  "o": 3980000,
  "p": 4550000,
  "q": 4550000,
  "r": 17400000,
  "s": 36200000,
  "t": 19000000,
  "u": 39500000
}
