{
  "b": 13.225621223449707,
  "c": 27.42934226989746,
  "d": 14.786267280578613,
  "e": 30.665376663208008,
  "f": 140000000,
  "g": 288000000,
  "h": 165000000,
  "i": 340000000,
  "j": 138000000,
  "k": 285000000,
  "l": 163000000,
  "m": 337000000,
  "n": 2270000,
  "o": 2270000,
  "p": 2510000,
  "q": 2510000,
  "r": 427000,
  "s": 876000,
  "t": 530000,
  "u": 1090000
}
