{
  "b": 17.73272132873535,
  "c": 36.7510986328125,
  "d": 20.77169418334961,
  "e": 43.04874038696289,
  "f": 187413232,
  "g": 385289504,
  "h": 231805920,
  "i": 476948032,
  "j": 184420304,
  "k": 382211424,
  "l": 228488640,
  "m": 473536160,
  "n": 2992939,
  "o": 3078123,
  "p": 3317288,
  "q": 3411925,
  "r": 534485,
  "s": 1095722,
  "t": 704410,
  "u": 1445686
}
