{
  "b": 5.180339813232422,
  "c": 10.912683486938477,
  "d": 5.654109477996826,
  "e": 11.910343170166016,
  "f": 54800000,
  "g": 114000000,
  "h": 63200000,
  "i": 132000000,
  "j": 53900000,
  "k": 113000000,
  "l": 62200000,
  "m": 131000000,
  "n": 901000,
  "o": 901000,
  "p": 1010000,
  "q": 1010000,
  "r": 190000,
  "s": 395000,
  "t": 237000,
  "u": 494000
}
