{
  "b": 122.23500061035156,
  "c": 235.07936096191406,
  "d": 178.59349060058594,
  "e": 343.45611572265625,
  "f": 1292733184,
  "g": 2465576448,
  "h": 1992744704,
  "i": 3805273344,
  "j": 1271244032,
  "k": 2444825344,
  "l": 1964528384,
  "m": 3778017280,
  "n": 21489112,
  "o": 20751430,
  "p": 28216168,
  "q": 27255192,
  "r": 22832620,
  "s": 43445992,
  "t": 37811692,
  "u": 72051704
}
