{
  "b": 5.180339813232422,
  "c": 10.912683486938477,
  "d": 5.654109477996826,
  "e": 11.910343170166016,
  "f": 54758072,
  "g": 114411872,
  "h": 63182032,
  "i": 132042472,
  "j": 53875532,
  "k": 113491912,
  "l": 62195204,
  "m": 131013776,
  "n": 882543,
  "o": 919971,
  "p": 986831,
  "q": 1028704,
  "r": 189681,
  "s": 395271,
  "t": 236978,
  "u": 494128
}
