{
  "b": 23.121204376220703,
  "c": 48.48025131225586,
  "d": 24.102611541748047,
  "e": 50.5366096496582,
  "f": 244365088,
  "g": 508241184,
  "h": 269593088,
  "i": 560529600,
  "j": 240460528,
  "k": 504194624,
  "l": 265128720,
  "m": 555902720,
  "n": 3904550,
  "o": 4046606,
  "p": 4464372,
  "q": 4626908,
  "r": 17419078,
  "s": 36235780,
  "t": 19011648,
  "u": 39542344
}
