{
  "b": 122.23500061035156,
  "c": 235.07936096191406,
  "d": 178.59349060058594,
  "e": 343.45611572265625,
  "f": 1290000000,
  "g": 2470000000,
  "h": 1990000000,
  "i": 3810000000,
  "j": 1270000000,
  "k": 2440000000,
  "l": 1960000000,
  "m": 3780000000,
  "n": 21100000,
  "o": 21100000,
  "p": 27700000,
  "q": 27700000,
  "r": 22800000,
  "s": 43400000,
  "t": 37800000,
  "u": 72100000
}
