{
  "b": 17.73272132873535,
  "c": 36.7510986328125,
  "d": 20.77169418334961,
  "e": 43.04874038696289,
  "f": 187000000,
  "g": 385000000,
  "h": 232000000,
  "i": 477000000,
  "j": 184000000,
  "k": 382000000,
  "l": 228000000,
  "m": 474000000,
  "n": 3040000,
  "o": 3040000,
  "p": 3360000,
  "q": 3360000,
  "r": 534000,
  "s": 1100000,
  "t": 704000,
  "u": 1450000
}
