{
  "b": 47.343994140625,
  "c": 99.69602966308594,
  "d": 57.19485092163086,
  "e": 120.4363021850586,
  "f": 500436096,
  "g": 1045223552,
  "h": 639135488,
  "i": 1335195776,
  "j": 492377536,
  "k": 1036838720,
  "l": 629143360,
  "m": 1324799360,
  "n": 8058528,
  "o": 8384945,
  "p": 9992176,
  "q": 10396400,
  "r": 39446556,
  "s": 82323976,
  "t": 54314352,
  "u": 113405888
}
