{
  "b": 14.749869346618652,
  "c": 31.02427101135254,
  "d": 16.966440200805664,
  "e": 35.68522644042969,
  "f": 155913824,
  "g": 325271104,
  "h": 189554784,
  "i": 395581760,
  "j": 153398640,
  "k": 322652416,
  "l": 186630848,
  "m": 392537504,
  "n": 2515184,
  "o": 2618615,
  "p": 2923933,
  "q": 3044287,
  "r": 1828276,
  "s": 3794027,
  "t": 2390215,
  "u": 4963148
}
