{
  "b": 14.749869346618652,
  "c": 31.02427101135254,
  "d": 16.966440200805664,
  "e": 35.68522644042969,
  "f": 156000000,
  "g": 325000000,
  "h": 190000000,
  "i": 396000000,
  "j": 153000000,
  "k": 323000000,
  "l": 187000000,
  "m": 393000000,
  "n": 2570000,
  "o": 2570000,
  "p": 2980000,
  "q": 2980000,
  "r": 1830000,
  "s": 3790000,
  "t": 2390000,
  "u": 4960000
}
