{
  "b": 79.83264923095703,
  "c": 165.68260192871094,
  "d": 85.50662994384766,
  "e": 177.4517364501953,
  "f": 844000000,
  "g": 1740000000,
  "h": 955000000,
  "i": 1970000000,
  "j": 830000000,
  "k": 1720000000,
  "l": 941000000,
  "m": 1950000000,
  "n": 13500000,
  "o": 13500000,
  "p": 14700000,
  "q": 14700000,
  "r": 12300000,
  "s": 25100000,
  "t": 14700000,
  "u": 30100000
}
