{
  "b": 79.83264923095703,
  "c": 165.68260192871094,
  "d": 85.50662994384766,
  "e": 177.4517364501953,
  "f": 843615872,
  "g": 1736802944,
  "h": 955067392,
  "i": 1966841600,
  "j": 830259520,
  "k": 1723099136,
  "l": 940572928,
  "m": 1951969152,
  "n": 13356372,
  "o": 13703944,
  "p": 14494502,
  "q": 14872467,
  "r": 12250978,
  "s": 25080332,
  "t": 14689847,
  "u": 30090068
}
