{
  "b": 47.343994140625,
  "c": 99.69602966308594,
  "d": 57.19485092163086,
  "e": 120.4363021850586,
  "f": 500000000,
  "g": 1050000000,
  "h": 639000000,
  "i": 1340000000,
  "j": 492000000,
  "k": 1040000000,
  "l": 629000000,
  "m": 1320000000,
  "n": 8220000,
  "o": 8220000,
  "p": 10200000,
  "q": 10200000,
  "r": 39400000,
  "s": 82300000,
  "t": 54300000,
  "u": 113000000
}
