{
  "b": 20.86324691772461,
  "c": 43.45466613769531,
  "d": 22.90521812438965,
  "e": 47.70601272583008,
  "f": 221000000,
  "g": 456000000,
  "h": 256000000,
  "i": 529000000,
  "j": 217000000,
  "k": 452000000,
  "l": 252000000,
  "m": 525000000,
  "n": 3670000,
  "o": 3670000,
  "p": 4090000,
  "q": 4090000,
  "r": 1540000,
  "s": 3160000,
  "t": 1900000,
  "u": 3900000
}
