{
  "b": 54.97195816040039,
  "c": 113.39151763916016,
  "d": 67.62322998046875,
  "e": 139.48362731933594,
  "f": 581076992,
  "g": 1188844672,
  "h": 755542592,
  "i": 1546261760,
  "j": 571708352,
  "k": 1179271808,
  "l": 743855552,
  "m": 1534319872,
  "n": 9368656,
  "o": 9572812,
  "p": 11687116,
  "q": 11941955,
  "r": 20071546,
  "s": 40804728,
  "t": 27552732,
  "u": 56038664
}
