{
  "b": 16.050399780273438,
  "c": 33.56190872192383,
  "d": 17.28748893737793,
  "e": 36.147579193115234,
  "f": 170000000,
  "g": 352000000,
  "h": 193000000,
  "i": 401000000,
  "j": 167000000,
  "k": 349000000,
  "l": 190000000,
  "m": 398000000,
  "n": 2770000,
  "o": 2770000,
  "p": 3220000,
  "q": 3220000,
  "r": 2800000,
  "s": 5790000,
  "t": 3420000,
  "u": 7060000
}
