{
  "b": 14.84565258026123,
  "c": 30.77988052368164,
  "d": 16.541202545166016,
  "e": 34.294464111328125,
  "f": 156930512,
  "g": 322710240,
  "h": 184907920,
  "i": 380267968,
  "j": 154394784,
  "k": 320110752,
  "l": 181953232,
  "m": 377239104,
  "n": 2535713,
  "o": 2599530,
  "p": 2954688,
  "q": 3028874,
  "r": 2018305,
  "s": 4128196,
  "t": 2397954,
  "u": 4906851
}
