{
  "b": 54.97195816040039,
  "c": 113.39151763916016,
  "d": 67.62322998046875,
  "e": 139.48362731933594,
  "f": 581000000,
  "g": 1190000000,
  "h": 756000000,
  "i": 1550000000,
  "j": 572000000,
  "k": 1180000000,
  "l": 744000000,
  "m": 1530000000,
  "n": 9470000,
  "o": 9470000,
  "p": 11800000,
  "q": 11800000,
  "r": 20100000,
  "s": 40800000,
  "t": 27600000,
  "u": 56000000
}
