{
  "b": 20.459794998168945,
  "c": 42.76335906982422,
  "d": 20.347497940063477,
  "e": 42.52671432495117,
  "f": 216000000,
  "g": 448000000,
  "h": 228000000,
  "i": 472000000,
  "j": 213000000,
  "k": 445000000,
  "l": 224000000,
  "m": 468000000,
  "n": 3540000,
  "o": 3540000,
  "p": 4080000,
  "q": 4080000,
  "r": 2880000,
  "s": 5930000,
  "t": 3160000,
  "u": 6510000
}
