{
  "b": 16.050399780273438,
  "c": 33.56190872192383,
  "d": 17.28748893737793,
  "e": 36.147579193115234,
  "f": 169648688,
  "g": 351860960,
  "h": 193329232,
  "i": 400897760,
  "j": 166924160,
  "k": 349043840,
  "l": 190162368,
  "m": 397623392,
  "n": 2724543,
  "o": 2817122,
  "p": 3166879,
  "q": 3274392,
  "r": 2799780,
  "s": 5787100,
  "t": 3416969,
  "u": 7063586
}
