{
  "b": 14.84565258026123,
  "c": 30.77988052368164,
  "d": 16.541202545166016,
  "e": 34.294464111328125,
  "f": 157000000,
  "g": 323000000,
  "h": 185000000,
  "i": 380000000,
  "j": 154000000,
  "k": 320000000,
  "l": 182000000,
  "m": 377000000,
  "n": 2570000,
  "o": 2570000,
  "p": 2990000,
  "q": 2990000,
  "r": 2020000,
  "s": 4130000,
  "t": 2400000,
  "u": 4910000
}
