{
  "b": 5.183840274810791,
  "c": 10.710057258605957,
  "d": 5.580682277679443,
  "e": 11.52956485748291,
  "f": 54800000,
  "g": 112000000,
  "h": 62300000,
  "i": 128000000,
  "j": 53900000,
  "k": 111000000,
  "l": 61400000,
  "m": 127000000,
  "n": 890000,
  "o": 890000,
  "p": 962000,
  "q": 962000,
  "r": 81100,
  "s": 166000,
  "t": 101000,
  "u": 207000
}
