{
  "b": 5.183840274810791,
  "c": 10.710057258605957,
  "d": 5.580682277679443,
  "e": 11.52956485748291,
  "f": 54791464,
  "g": 112285672,
  "h": 62337600,
  "i": 127798680,
  "j": 53911940,
  "k": 111384600,
  "l": 61387504,
  "m": 126825216,
  "n": 879517,
  "o": 901079,
  "p": 950100,
  "q": 973467,
  "r": 81079,
  "s": 165652,
  "t": 101232,
  "u": 206993
}
