{
  "b": 20.64655113220215,
  "c": 42.335105895996094,
  "d": 26.196311950683594,
  "e": 53.71232604980469,
  "f": 218000000,
  "g": 444000000,
  "h": 293000000,
  "i": 595000000,
  "j": 215000000,
  "k": 440000000,
  "l": 288000000,
  "m": 591000000,
  "n": 3620000,
  "o": 3620000,
  "p": 4470000,
  "q": 4470000,
  "r": 1510000,
  "s": 3060000,
  "t": 2240000,
  "u": 4550000
}
