{
  "b": 71.22731018066406,
  "c": 147.29425048828125,
  "d": 85.61113739013672,
  "e": 177.03564453125,
  "f": 753000000,
  "g": 1540000000,
  "h": 957000000,
  "i": 1960000000,
  "j": 741000000,
  "k": 1530000000,
  "l": 942000000,
  "m": 1950000000,
  "n": 12200000,
  "o": 12200000,
  "p": 15400000,
  "q": 15400000,
  "r": 11800000,
  "s": 24100000,
  "t": 16000000,
  "u": 32700000
}
