{
  "b": 22.058914184570312,
  "c": 45.756675720214844,
  "d": 23.103832244873047,
  "e": 47.922523498535156,
  "f": 233170528,
  "g": 479728768,
  "h": 258593232,
  "i": 531719136,
  "j": 229412704,
  "k": 475869440,
  "l": 254142160,
  "m": 527147776,
  "n": 3757835,
  "o": 3859360,
  "p": 4451085,
  "q": 4571343,
  "r": 3253112,
  "s": 6660620,
  "t": 3899184,
  "u": 7980607
}
