{
  "b": 19.337251663208008,
  "c": 39.26451873779297,
  "d": 20.877086639404297,
  "e": 42.38910675048828,
  "f": 204000000,
  "g": 412000000,
  "h": 234000000,
  "i": 470000000,
  "j": 201000000,
  "k": 408000000,
  "l": 230000000,
  "m": 466000000,
  "n": 3350000,
  "o": 3350000,
  "p": 3860000,
  "q": 3860000,
  "r": 2700000,
  "s": 5410000,
  "t": 3280000,
  "u": 6570000
}
