{
  "b": 19.337251663208008,
  "c": 39.26451873779297,
  "d": 20.877086639404297,
  "e": 42.38910675048828,
  "f": 204449504,
  "g": 411703232,
  "h": 233500960,
  "i": 470144864,
  "j": 201107424,
  "k": 408351008,
  "l": 229647952,
  "m": 466280192,
  "n": 3342090,
  "o": 3352161,
  "p": 3853023,
  "q": 3864710,
  "r": 2699539,
  "s": 5413275,
  "t": 3276240,
  "u": 6571106
}
