{
  "b": 20.64655113220215,
  "c": 42.335105895996094,
  "d": 26.196311950683594,
  "e": 53.71232604980469,
  "f": 218310224,
  "g": 443937280,
  "h": 292587776,
  "i": 595345984,
  "j": 214724128,
  "k": 440285120,
  "l": 288159424,
  "m": 590835584,
  "n": 3586095,
  "o": 3652175,
  "p": 4428360,
  "q": 4510449,
  "r": 1508975,
  "s": 3059159,
  "t": 2242484,
  "u": 4550341
}
