{
  "b": 8.040236473083496,
  "c": 16.436803817749023,
  "d": 8.616442680358887,
  "e": 17.61427116394043,
  "f": 85000000,
  "g": 172000000,
  "h": 96300000,
  "i": 195000000,
  "j": 83600000,
  "k": 171000000,
  "l": 94800000,
  "m": 194000000,
  "n": 1380000,
  "o": 1380000,
  "p": 1570000,
  "q": 1570000,
  "r": 653000,
  "s": 1320000,
  "t": 800000,
  "u": 1620000
}
