{
  "b": 22.058914184570312,
  "c": 45.756675720214844,
  "d": 23.103832244873047,
  "e": 47.922523498535156,
  "f": 233000000,
  "g": 480000000,
  "h": 259000000,
  "i": 532000000,
  "j": 229000000,
  "k": 476000000,
  "l": 254000000,
  "m": 527000000,
  "n": 3810000,
  "o": 3810000,
  "p": 4510000,
  "q": 4510000,
  "r": 3250000,
  "s": 6660000,
  "t": 3900000,
  "u": 7980000
}
