{
  "b": 12.941275596618652,
  "c": 27.087100982666016,
  "d": 13.980901718139648,
  "e": 29.262306213378906,
  "f": 136795152,
  "g": 283987552,
  "h": 156412752,
  "i": 324598272,
  "j": 134589264,
  "k": 281705856,
  "l": 153789920,
  "m": 321885376,
  "n": 2205896,
  "o": 2281683,
  "p": 2622826,
  "q": 2712954,
  "r": 1211694,
  "s": 2504429,
  "t": 1450273,
  "u": 2997452
}
