{
  "b": 12.941275596618652,
  "c": 27.087100982666016,
  "d": 13.980901718139648,
  "e": 29.262306213378906,
  "f": 137000000,
  "g": 284000000,
  "h": 156000000,
  "i": 325000000,
  "j": 135000000,
  "k": 282000000,
  "l": 154000000,
  "m": 322000000,
  "n": 2240000,
  "o": 2240000,
  "p": 2670000,
  "q": 2670000,
  "r": 1210000,
  "s": 2500000,
  "t": 1450000,
  "u": 3000000
}
