{
  "b": 10.624735832214355,
  "c": 21.9420108795166,
  "d": 12.262194633483887,
  "e": 25.32277488708496,
  "f": 112317872,
  "g": 230061024,
  "h": 136922704,
  "i": 280637888,
  "j": 110497248,
  "k": 228196912,
  "l": 134884144,
  "m": 278550528,
  "n": 1820626,
  "o": 1864113,
  "p": 2038566,
  "q": 2087345,
  "r": 682595,
  "s": 1393715,
  "t": 897020,
  "u": 1833416
}
