{
  "b": 22.526769638061523,
  "c": 46.05614471435547,
  "d": 27.40547752380371,
  "e": 56.02989196777344,
  "f": 238060224,
  "g": 482823136,
  "h": 305914432,
  "i": 620850688,
  "j": 234278400,
  "k": 478983904,
  "l": 301460256,
  "m": 616328832,
  "n": 3781804,
  "o": 3839193,
  "p": 4454193,
  "q": 4521948,
  "r": 15704279,
  "s": 31853258,
  "t": 18558770,
  "u": 37670300
}
