{
  "b": 61.4973030090332,
  "c": 126.94072723388672,
  "d": 71.39663696289062,
  "e": 147.36756896972656,
  "f": 650000000,
  "g": 1330000000,
  "h": 798000000,
  "i": 1630000000,
  "j": 640000000,
  "k": 1320000000,
  "l": 785000000,
  "m": 1620000000,
  "n": 10700000,
  "o": 10700000,
  "p": 13100000,
  "q": 13100000,
  "r": 27000000,
  "s": 54900000,
  "t": 35200000,
  "u": 71700000
}
