{
  "b": 17.055173873901367,
  "c": 35.108333587646484,
  "d": 17.823200225830078,
  "e": 36.68844223022461,
  "f": 180000000,
  "g": 368000000,
  "h": 199000000,
  "i": 407000000,
  "j": 177000000,
  "k": 365000000,
  "l": 196000000,
  "m": 404000000,
  "n": 2890000,
  "o": 2890000,
  "p": 3260000,
  "q": 3260000,
  "r": 1680000,
  "s": 3420000,
  "t": 2000000,
  "u": 4070000
}
