{
  "b": 17.055173873901367,
  "c": 35.108333587646484,
  "d": 17.823200225830078,
  "e": 36.68844223022461,
  "f": 180241232,
  "g": 368048288,
  "h": 199285344,
  "i": 406864128,
  "j": 177373808,
  "k": 365126688,
  "l": 196055200,
  "m": 403572864,
  "n": 2867426,
  "o": 2921589,
  "p": 3230136,
  "q": 3291277,
  "r": 1684806,
  "s": 3424693,
  "t": 2000103,
  "u": 4065735
}
