{
  "b": 61.4973030090332,
  "c": 126.94072723388672,
  "d": 71.39663696289062,
  "e": 147.36756896972656,
  "f": 650184384,
  "g": 1330994688,
  "h": 798297152,
  "i": 1634218752,
  "j": 639571968,
  "k": 1320183552,
  "l": 785363008,
  "m": 1621043200,
  "n": 10612457,
  "o": 10811123,
  "p": 12934112,
  "q": 13175551,
  "r": 26979400,
  "s": 54869648,
  "t": 35249144,
  "u": 71711784
}
