{
  "b": 22.526769638061523,
  "c": 46.05614471435547,
  "d": 27.40547752380371,
  "e": 56.02989196777344,
  "f": 238000000,
  "g": 483000000,
  "h": 306000000,
  "i": 621000000,
  "j": 234000000,
  "k": 479000000,
  "l": 301000000,
  "m": 616000000,
  "n": 3810000,
  "o": 3810000,
  "p": 4490000,
  "q": 4490000,
  "r": 15700000,
  "s": 31900000,
  "t": 18600000,
  "u": 37700000
}
