{
  "b": 22.68118667602539,
  "c": 47.320457458496094,
  "d": 25.29326629638672,
  "e": 52.7692756652832,
  "f": 239688128,
  "g": 496054752,
  "h": 282536896,
  "i": 584906624,
  "j": 235884336,
  "k": 492132768,
  "l": 278225920,
  "m": 580462016,
  "n": 3803786,
  "o": 3921962,
  "p": 4310975,
  "q": 4444660,
  "r": 1964476,
  "s": 4051979,
  "t": 2449303,
  "u": 5054671
}
