{
  "b": 24.844148635864258,
  "c": 52.28375244140625,
  "d": 27.722002029418945,
  "e": 58.33793640136719,
  "f": 262615840,
  "g": 548154176,
  "h": 309868384,
  "i": 646836992,
  "j": 258379136,
  "k": 543751040,
  "l": 304942016,
  "m": 641717312,
  "n": 4236718,
  "o": 4403182,
  "p": 4926315,
  "q": 5119647,
  "r": 6364470,
  "s": 13212884,
  "t": 7790215,
  "u": 16180025
}
