{
  "b": 51.18349075317383,
  "c": 103.1308364868164,
  "d": 58.17366027832031,
  "e": 117.21211242675781,
  "f": 541000000,
  "g": 1080000000,
  "h": 650000000,
  "i": 1300000000,
  "j": 532000000,
  "k": 1070000000,
  "l": 640000000,
  "m": 1290000000,
  "n": 8820000,
  "o": 8820000,
  "p": 10400000,
  "q": 10400000,
  "r": 11300000,
  "s": 22500000,
  "t": 14900000,
  "u": 29600000
}
