{
  "b": 16.894521713256836,
  "c": 34.660186767578125,
  "d": 17.984176635742188,
  "e": 36.89487075805664,
  "f": 179000000,
  "g": 363000000,
  "h": 201000000,
  "i": 409000000,
  "j": 176000000,
  "k": 360000000,
  "l": 198000000,
  "m": 406000000,
  "n": 2860000,
  "o": 2860000,
  "p": 3160000,
  "q": 3160000,
  "r": 17400000,
  "s": 35400000,
  "t": 18500000,
  "u": 37600000
}
