{
  "b": 22.68118667602539,
  "c": 47.320457458496094,
  "d": 25.29326629638672,
  "e": 52.7692756652832,
  "f": 240000000,
  "g": 496000000,
  "h": 283000000,
  "i": 585000000,
  "j": 236000000,
  "k": 492000000,
  "l": 278000000,
  "m": 580000000,
  "n": 3860000,
  "o": 3860000,
  "p": 4380000,
  "q": 4380000,
  "r": 1960000,
  "s": 4050000,
  "t": 2450000,
  "u": 5050000
}
