{
  "b": 51.18349075317383,
  "c": 103.1308364868164,
  "d": 58.17366027832031,
  "e": 117.21211242675781,
  "f": 541134464,
  "g": 1081374720,
  "h": 650280192,
  "i": 1299689728,
  "j": 532308320,
  "k": 1072560704,
  "l": 639910272,
  "m": 1289333248,
  "n": 8826100,
  "o": 8814045,
  "p": 10369970,
  "q": 10356684,
  "r": 11296516,
  "s": 22491594,
  "t": 14865740,
  "u": 29615268
}
