{
  "b": 7.63304328918457,
  "c": 16.053817749023438,
  "d": 8.14231014251709,
  "e": 17.124300003051758,
  "f": 80700000,
  "g": 168000000,
  "h": 91000000,
  "i": 190000000,
  "j": 79400000,
  "k": 167000000,
  "l": 89600000,
  "m": 188000000,
  "n": 1330000,
  "o": 1330000,
  "p": 1500000,
  "q": 1500000,
  "r": 387000,
  "s": 805000,
  "t": 464000,
  "u": 965000
}
