{
  "b": 7.63304328918457,
  "c": 16.053817749023438,
  "d": 8.14231014251709,
  "e": 17.124300003051758,
  "f": 80683800,
  "g": 168313056,
  "h": 91030896,
  "i": 189892800,
  "j": 79383648,
  "k": 166959712,
  "l": 89565408,
  "m": 188367296,
  "n": 1300144,
  "o": 1353328,
  "p": 1465485,
  "q": 1525502,
  "r": 387444,
  "s": 805210,
  "t": 464232,
  "u": 965171
}
