{
  "b": 16.894521713256836,
  "c": 34.660186767578125,
  "d": 17.984176635742188,
  "e": 36.89487075805664,
  "f": 178543616,
  "g": 363349600,
  "h": 200958768,
  "i": 409024064,
  "j": 175703024,
  "k": 360465952,
  "l": 197825936,
  "m": 405843584,
  "n": 2840605,
  "o": 2883661,
  "p": 3132826,
  "q": 3180457,
  "r": 17378290,
  "s": 35390740,
  "t": 18457642,
  "u": 37598628
}
