{
  "b": 9.251684188842773,
  "c": 19.56085968017578,
  "d": 10.44327449798584,
  "e": 22.079788208007812,
  "f": 97700000,
  "g": 205000000,
  "h": 117000000,
  "i": 245000000,
  "j": 96200000,
  "k": 203000000,
  "l": 115000000,
  "m": 243000000,
  "n": 1550000,
  "o": 1550000,
  "p": 1830000,
  "q": 1830000,
  "r": 3770000,
  "s": 7910000,
  "t": 4650000,
  "u": 9760000
}
