{
  "b": 21.769210815429688,
  "c": 45.35166931152344,
  "d": 26.024032592773438,
  "e": 54.2150764465332,
  "f": 230082176,
  "g": 475440320,
  "h": 290685728,
  "i": 600908672,
  "j": 226399792,
  "k": 471657376,
  "l": 286264352,
  "m": 596365824,
  "n": 3682397,
  "o": 3782942,
  "p": 4421353,
  "q": 4542889,
  "r": 12348230,
  "s": 25443586,
  "t": 15896954,
  "u": 32781948
}
