{
  "b": 15.379953384399414,
  "c": 30.915754318237305,
  "d": 17.90275764465332,
  "e": 35.98600769042969,
  "f": 163000000,
  "g": 324000000,
  "h": 200000000,
  "i": 399000000,
  "j": 160000000,
  "k": 322000000,
  "l": 197000000,
  "m": 396000000,
  "n": 2670000,
  "o": 2670000,
  "p": 3240000,
  "q": 3240000,
  "r": 7520000,
  "s": 15000000,
  "t": 9510000,
  "u": 19000000
}
