{
  "b": 71.33541870117188,
  "c": 150.1724090576172,
  "d": 82.21394348144531,
  "e": 173.07215881347656,
  "f": 753000000,
  "g": 1570000000,
  "h": 917000000,
  "i": 1920000000,
  "j": 742000000,
  "k": 1560000000,
  "l": 904000000,
  "m": 1900000000,
  "n": 11200000,
  "o": 11200000,
  "p": 13300000,
  "q": 13300000,
  "r": 500000000,
  "s": 1040000000,
  "t": 622000000,
  "u": 1300000000
}
