{
  "b": 57.36932373046875,
  "c": 99.59762573242188,
  "d": 91.57621765136719,
  "e": 158.97909545898438,
  "f": 606945408,
  "g": 1045061888,
  "h": 1022083456,
  "i": 1762010880,
  "j": 596640960,
  "k": 1035815296,
  "l": 1007338368,
  "m": 1748770048,
  "n": 10304431,
  "o": 9246702,
  "p": 14745014,
  "q": 13241036,
  "r": 146250928,
  "s": 251648192,
  "t": 242793664,
  "u": 418335488
}
