{
  "b": 21.769210815429688,
  "c": 45.35166931152344,
  "d": 26.024032592773438,
  "e": 54.2150764465332,
  "f": 230000000,
  "g": 475000000,
  "h": 291000000,
  "i": 601000000,
  "j": 226000000,
  "k": 472000000,
  "l": 286000000,
  "m": 596000000,
  "n": 3730000,
  "o": 3730000,
  "p": 4480000,
  "q": 4480000,
  "r": 12300000,
  "s": 25400000,
  "t": 15900000,
  "u": 32800000
}
