{
  "b": 57.36932373046875,
  "c": 99.59762573242188,
  "d": 91.57621765136719,
  "e": 158.97909545898438,
  "f": 607000000,
  "g": 1050000000,
  "h": 1020000000,
  "i": 1760000000,
  "j": 597000000,
  "k": 1040000000,
  "l": 1010000000,
  "m": 1750000000,
  "n": 9780000,
  "o": 9780000,
  "p": 14000000,
  "q": 14000000,
  "r": 146000000,
  "s": 252000000,
  "t": 243000000,
  "u": 418000000
}

