{
  "b": 15.379953384399414,
  "c": 30.915754318237305,
  "d": 17.90275764465332,
  "e": 35.98600769042969,
  "f": 162607360,
  "g": 324210784,
  "h": 200154272,
  "i": 399109856,
  "j": 159951520,
  "k": 321523840,
  "l": 196930336,
  "m": 395846080,
  "n": 2655845,
  "o": 2686937,
  "p": 3223951,
  "q": 3263764,
  "r": 7519955,
  "s": 14981645,
  "t": 9512445,
  "u": 18959650
}
