{
  "b": 5.630353927612305,
  "c": 11.96160888671875,
  "d": 6.000478744506836,
  "e": 12.747415542602539,
  "f": 59523984,
  "g": 125414168,
  "h": 67092124,
  "i": 141359248,
  "j": 58555680,
  "k": 124400728,
  "l": 66005268,
  "m": 140221568,
  "n": 968301,
  "o": 1013455,
  "p": 1086860,
  "q": 1137677,
  "r": 1421646,
  "s": 2983781,
  "t": 1682534,
  "u": 3532963
}
