{
  "b": 26.629125595092773,
  "c": 54.68092346191406,
  "d": 36.53309631347656,
  "e": 75.01425170898438,
  "f": 282000000,
  "g": 574000000,
  "h": 408000000,
  "i": 831000000,
  "j": 277000000,
  "k": 569000000,
  "l": 402000000,
  "m": 825000000,
  "n": 4810000,
  "o": 4810000,
  "p": 6260000,
  "q": 6260000,
  "r": 16400000,
  "s": 33200000,
  "t": 26800000,
  "u": 54400000
}
