{
  "b": 5.630353927612305,
  "c": 11.96160888671875,
  "d": 6.000478744506836,
  "e": 12.747415542602539,
  "f": 59500000,
  "g": 125000000,
  "h": 67100000,
  "i": 141000000,
  "j": 58600000,
  "k": 124000000,
  "l": 66000000,
  "m": 140000000,
  "n": 991000,
  "o": 991000,
  "p": 1110000,
  "q": 1110000,
  "r": 1420000,
  "s": 2980000,
  "t": 1680000,
  "u": 3530000
}

