{
  "b": 112.04761505126953,
  "c": 232.07290649414062,
  "d": 141.25816345214844,
  "e": 292.5518798828125,
  "f": 1180000000,
  "g": 2430000000,
  "h": 1580000000,
  "i": 3240000000,
  "j": 1170000000,
  "k": 2410000000,
  "l": 1550000000,
  "m": 3220000000,
  "n": 18900000,
  "o": 18900000,
  "p": 23100000,
  "q": 23100000,
  "r": 727000000,
  "s": 1500000000,
  "t": 976000000,
  "u": 2010000000
}
