{
  "b": 62.240657806396484,
  "c": 129.08609008789062,
  "d": 71.03081512451172,
  "e": 147.30751037597656,
  "f": 658000000,
  "g": 1350000000,
  "h": 794000000,
  "i": 1630000000,
  "j": 647000000,
  "k": 1340000000,
  "l": 781000000,
  "m": 1620000000,
  "n": 11300000,
  "o": 11300000,
  "p": 13200000,
  "q": 13200000,
  "r": 85000000,
  "s": 174000000,
  "t": 107000000,
  "u": 219000000
}
