{
  "b": 62.240657806396484,
  "c": 129.08609008789062,
  "d": 71.03081512451172,
  "e": 147.30751037597656,
  "f": 658474560,
  "g": 1353903104,
  "h": 794363136,
  "i": 1633682176,
  "j": 647302848,
  "k": 1342495360,
  "l": 781338944,
  "m": 1620382592,
  "n": 11171692,
  "o": 11407634,
  "p": 13024233,
  "q": 13299353,
  "r": 85018800,
  "s": 174142528,
  "t": 106959792,
  "u": 219260288
}
