{
  "b": 19.943458557128906,
  "c": 40.62113571166992,
  "d": 26.07054901123047,
  "e": 53.09833908081055,
  "f": 211000000,
  "g": 426000000,
  "h": 291000000,
  "i": 588000000,
  "j": 207000000,
  "k": 422000000,
  "l": 287000000,
  "m": 584000000,
  "n": 3230000,
  "o": 3230000,
  "p": 4150000,
  "q": 4150000,
  "r": 9780000,
  "s": 19700000,
  "t": 13700000,
  "u": 27600000
}
