{
  "b": 19.943458557128906,
  "c": 40.62113571166992,
  "d": 26.07054901123047,
  "e": 53.09833908081055,
  "f": 210649216,
  "g": 425683456,
  "h": 290937184,
  "i": 588225152,
  "j": 207411968,
  "k": 422459808,
  "l": 286776032,
  "m": 584081728,
  "n": 3237240,
  "o": 3223621,
  "p": 4161184,
  "q": 4143314,
  "r": 9775852,
  "s": 19736562,
  "t": 13666020,
  "u": 27609752
}
