{
  "b": 112.04761505126953,
  "c": 232.07290649414062,
  "d": 141.25816345214844,
  "e": 292.5518798828125,
  "f": 1184057088,
  "g": 2432550656,
  "h": 1576754688,
  "i": 3241264896,
  "j": 1165295232,
  "k": 2413558272,
  "l": 1553839744,
  "m": 3218070784,
  "n": 18761708,
  "o": 18992322,
  "p": 22914862,
  "q": 23193746,
  "r": 727285568,
  "s": 1495145984,
  "t": 976142336,
  "u": 2008164224
}
