{
  "b": 3.206650733947754,
  "c": 6.739290237426758,
  "d": 3.5146567821502686,
  "e": 7.386066913604736,
  "f": 33900000,
  "g": 70600000,
  "h": 39300000,
  "i": 81900000,
  "j": 33300000,
  "k": 70100000,
  "l": 38700000,
  "m": 81200000,
  "n": 531000,
  "o": 531000,
  "p": 625000,
  "q": 625000,
  "r": 1500000,
  "s": 3130000,
  "t": 1820000,
  "u": 3790000
}
