{
  "b": 11.536495208740234,
  "c": 24.039426803588867,
  "d": 12.174087524414062,
  "e": 25.367435455322266,
  "f": 122000000,
  "g": 252000000,
  "h": 136000000,
  "i": 281000000,
  "j": 120000000,
  "k": 250000000,
  "l": 134000000,
  "m": 279000000,
  "n": 1890000,
  "o": 1890000,
  "p": 2170000,
  "q": 2170000,
  "r": 15200000,
  "s": 31400000,
  "t": 17500000,
  "u": 36300000
}
