{
  "b": 6.788321495056152,
  "c": 14.388129234313965,
  "d": 7.627935409545898,
  "e": 16.167362213134766,
  "f": 71700000,
  "g": 151000000,
  "h": 85200000,
  "i": 179000000,
  "j": 70600000,
  "k": 150000000,
  "l": 83900000,
  "m": 178000000,
  "n": 1140000,
  "o": 1140000,
  "p": 1310000,
  "q": 1310000,
  "r": 1390000,
  "s": 2920000,
  "t": 1720000,
  "u": 3620000
}
