{
  "b": 3.206650733947754,
  "c": 6.739290237426758,
  "d": 3.5146567821502686,
  "e": 7.386066913604736,
  "f": 33873264,
  "g": 70626280,
  "h": 39278568,
  "i": 81879960,
  "j": 33349168,
  "k": 70088616,
  "l": 38661224,
  "m": 81246736,
  "n": 524097,
  "o": 537661,
  "p": 617344,
  "q": 633220,
  "r": 1502945,
  "s": 3132341,
  "t": 1817428,
  "u": 3788168
}
