{
  "b": 6.788321495056152,
  "c": 14.388129234313965,
  "d": 7.627935409545898,
  "e": 16.167362213134766,
  "f": 71712792,
  "g": 150799344,
  "h": 85186096,
  "i": 179175568,
  "j": 70598544,
  "k": 149636544,
  "l": 83907288,
  "m": 177840976,
  "n": 1114242,
  "o": 1162799,
  "p": 1278813,
  "q": 1334596,
  "r": 1391045,
  "s": 2922521,
  "t": 1724291,
  "u": 3624435
}
