{
  "b": 6.530794620513916,
  "c": 13.751044273376465,
  "d": 7.073085308074951,
  "e": 14.89254379272461,
  "f": 68972760,
  "g": 144102192,
  "h": 79001288,
  "i": 165059632,
  "j": 67920264,
  "k": 143010864,
  "l": 77803936,
  "m": 163817984,
  "n": 1052498,
  "o": 1091319,
  "p": 1197365,
  "q": 1241645,
  "r": 1646456,
  "s": 3439763,
  "t": 1988762,
  "u": 4155907
}
