{
  "b": 9.222546577453613,
  "c": 19.385250091552734,
  "d": 9.707551002502441,
  "e": 20.40418815612793,
  "f": 97500000,
  "g": 203000000,
  "h": 109000000,
  "i": 226000000,
  "j": 95900000,
  "k": 202000000,
  "l": 107000000,
  "m": 224000000,
  "n": 1580000,
  "o": 1580000,
  "p": 1770000,
  "q": 1770000,
  "r": 1450000,
  "s": 3030000,
  "t": 1710000,
  "u": 3560000
}
