{
  "b": 9.222546577453613,
  "c": 19.385250091552734,
  "d": 9.707551002502441,
  "e": 20.40418815612793,
  "f": 97463752,
  "g": 203211264,
  "h": 108522584,
  "i": 226247936,
  "j": 95914488,
  "k": 201606608,
  "l": 106783056,
  "m": 224446064,
  "n": 1549263,
  "o": 1604656,
  "p": 1739534,
  "q": 1801857,
  "r": 1454440,
  "s": 3028210,
  "t": 1708631,
  "u": 3558118
}
