{
  "b": 11.536495208740234,
  "c": 24.039426803588867,
  "d": 12.174087524414062,
  "e": 25.367435455322266,
  "f": 121840088,
  "g": 251924320,
  "h": 136051616,
  "i": 281240768,
  "j": 119979552,
  "k": 250010048,
  "l": 133914968,
  "m": 279041792,
  "n": 1860529,
  "o": 1914283,
  "p": 2136656,
  "q": 2198948,
  "r": 15161933,
  "s": 31374266,
  "t": 17549874,
  "u": 36313532
}
