{
  "b": 521.6726684570312,
  "c": 966.7955932617188,
  "d": 722.5643920898438,
  "e": 1339.0543212890625,
  "f": 5513705472,
  "g": 10138969088,
  "h": 8064438272,
  "i": 14840676352,
  "j": 5425395712,
  "k": 10054674432,
  "l": 7948208640,
  "m": 14729597952,
  "n": 88310120,
  "o": 84294768,
  "p": 116229648,
  "q": 111075968,
  "r": 2616206848,
  "s": 4810999296,
  "t": 3999498240,
  "u": 7361028096
}
