{
  "b": 21.285259246826172,
  "c": 44.39829635620117,
  "d": 21.707136154174805,
  "e": 45.27797317504883,
  "f": 224779152,
  "g": 465230816,
  "h": 242733024,
  "i": 502100448,
  "j": 221366688,
  "k": 461742272,
  "l": 238778496,
  "m": 498057696,
  "n": 3412446,
  "o": 3488480,
  "p": 3954514,
  "q": 4042809,
  "r": 22410714,
  "s": 46413772,
  "t": 24798708,
  "u": 51342048
}
