{
  "b": 44.5758171081543,
  "c": 87.1689224243164,
  "d": 53.27208709716797,
  "e": 104.16858673095703,
  "f": 471000000,
  "g": 914000000,
  "h": 595000000,
  "i": 1150000000,
  "j": 464000000,
  "k": 907000000,
  "l": 586000000,
  "m": 1150000000,
  "n": 7220000,
  "o": 7220000,
  "p": 8960000,
  "q": 8960000,
  "r": 3830000,
  "s": 7380000,
  "t": 4680000,
  "u": 9040000
}
