{
  "b": 21.285259246826172,
  "c": 44.39829635620117,
  "d": 21.707136154174805,
  "e": 45.27797317504883,
  "f": 225000000,
  "g": 465000000,
  "h": 243000000,
  "i": 502000000,
  "j": 221000000,
  "k": 462000000,
  "l": 239000000,
  "m": 498000000,
  "n": 3450000,
  "o": 3450000,
  "p": 4000000,
  "q": 4000000,
  "r": 22400000,
  "s": 46400000,
  "t": 24800000,
  "u": 51300000
}
