{
  "b": 2.9018819332122803,
  "c": 5.978450298309326,
  "d": 3.062570095062256,
  "e": 6.309314727783203,
  "f": 30656384,
  "g": 62659748,
  "h": 34200360,
  "i": 69922112,
  "j": 30179572,
  "k": 62175884,
  "l": 33688272,
  "m": 69402464,
  "n": 476810,
  "o": 483870,
  "p": 512084,
  "q": 519652,
  "r": 2672454,
  "s": 5467547,
  "t": 3160276,
  "u": 6468360
}
