{
  "b": 13.162907600402832,
  "c": 27.601621627807617,
  "d": 14.631805419921875,
  "e": 30.681076049804688,
  "f": 139000000,
  "g": 289000000,
  "h": 164000000,
  "i": 340000000,
  "j": 137000000,
  "k": 287000000,
  "l": 161000000,
  "m": 337000000,
  "n": 2250000,
  "o": 2250000,
  "p": 2630000,
  "q": 2630000,
  "r": 13400000,
  "s": 27900000,
  "t": 16900000,
  "u": 35100000
}
