{
  "b": 44.5758171081543,
  "c": 87.1689224243164,
  "d": 53.27208709716797,
  "e": 104.16858673095703,
  "f": 470821120,
  "g": 913763712,
  "h": 594956288,
  "i": 1154805760,
  "j": 463588480,
  "k": 906556800,
  "l": 585992960,
  "m": 1145854464,
  "n": 7232655,
  "o": 7206904,
  "p": 8963390,
  "q": 8951282,
  "r": 3826030,
  "s": 7382414,
  "t": 4684072,
  "u": 9041942
}
