{
  "b": 2.9018819332122803,
  "c": 5.978450298309326,
  "d": 3.062570095062256,
  "e": 6.309314727783203,
  "f": 30700000,
  "g": 62700000,
  "h": 34200000,
  "i": 69900000,
  "j": 30200000,
  "k": 62200000,
  "l": 33700000,
  "m": 69400000,
  "n": 480000,
  "o": 480000,
  "p": 516000,
  "q": 516000,
  "r": 2670000,
  "s": 5470000,
  "t": 3160000,
  "u": 6470000
}
