{
  "b": 521.6726684570312,
  "c": 966.7955932617188,
  "d": 722.5643920898438,
  "e": 1339.0543212890625,
  "f": 5510000000,
  "g": 10100000000,
  "h": 8060000000,
  "i": 14800000000,
  "j": 5430000000,
  "k": 10100000000,
  "l": 7950000000,
  "m": 14700000000,
  "n": 86300000,
  "o": 86300000,
  "p": 114000000,
  "q": 114000000,
  "r": 2620000000,
  "s": 4810000000,
  "t": 4000000000,
  "u": 7360000000
}
