{
  "b": 9.278511047363281,
  "c": 19.521583557128906,
  "d": 9.452325820922852,
  "e": 19.886722564697266,
  "f": 98024520,
  "g": 204608512,
  "h": 105686168,
  "i": 220527376,
  "j": 96496512,
  "k": 203024464,
  "l": 103975584,
  "m": 218753952,
  "n": 1528014,
  "o": 1584048,
  "p": 1710576,
  "q": 1773471,
  "r": 2524875,
  "s": 5264577,
  "t": 2869676,
  "u": 5983804
}
