{
  "b": 40.736602783203125,
  "c": 81.97463989257812,
  "d": 51.14019012451172,
  "e": 102.90876770019531,
  "f": 430472832,
  "g": 859357824,
  "h": 570973248,
  "i": 1140441984,
  "j": 423660672,
  "k": 852536256,
  "l": 562542080,
  "m": 1131996416,
  "n": 6812165,
  "o": 6821563,
  "p": 8431118,
  "q": 8445508,
  "r": 31903356,
  "s": 63610864,
  "t": 43629724,
  "u": 87057960
}
