{
  "b": 9.278511047363281,
  "c": 19.521583557128906,
  "d": 9.452325820922852,
  "e": 19.886722564697266,
  "f": 98000000,
  "g": 205000000,
  "h": 106000000,
  "i": 221000000,
  "j": 96500000,
  "k": 203000000,
  "l": 104000000,
  "m": 219000000,
  "n": 1560000,
  "o": 1560000,
  "p": 1740000,
  "q": 1740000,
  "r": 2520000,
  "s": 5260000,
  "t": 2870000,
  "u": 5980000
}
