{
  "b": 40.736602783203125,
  "c": 81.97463989257812,
  "d": 51.14019012451172,
  "e": 102.90876770019531,
  "f": 430000000,
  "g": 859000000,
  "h": 571000000,
  "i": 1140000000,
  "j": 424000000,
  "k": 853000000,
  "l": 563000000,
  "m": 1130000000,
  "n": 6820000,
  "o": 6820000,
  "p": 8440000,
  "q": 8440000,
  "r": 31900000,
  "s": 63600000,
  "t": 43600000,
  "u": 87100000
}
