{
  "b": 31.023624420166016,
  "c": 61.83387756347656,
  "d": 39.34999084472656,
  "e": 78.42745971679688,
  "f": 328000000,
  "g": 648000000,
  "h": 439000000,
  "i": 869000000,
  "j": 323000000,
  "k": 643000000,
  "l": 433000000,
  "m": 863000000,
  "n": 5270000,
  "o": 5270000,
  "p": 6340000,
  "q": 6340000,
  "r": 129000000,
  "s": 255000000,
  "t": 173000000,
  "u": 342000000
}
