{
  "b": 6.679356098175049,
  "c": 13.932435035705566,
  "d": 7.1889238357543945,
  "e": 14.994815826416016,
  "f": 70592712,
  "g": 146056192,
  "h": 80364824,
  "i": 166265648,
  "j": 69465304,
  "k": 144897328,
  "l": 79078160,
  "m": 164942976,
  "n": 1127408,
  "o": 1158859,
  "p": 1286655,
  "q": 1322669,
  "r": 1414277,
  "s": 2916300,
  "t": 1648485,
  "u": 3399663
}
