{
  "b": 6.679356098175049,
  "c": 13.932435035705566,
  "d": 7.1889238357543945,
  "e": 14.994815826416016,
  "f": 70600000,
  "g": 146000000,
  "h": 80400000,
  "i": 166000000,
  "j": 69500000,
  "k": 145000000,
  "l": 79100000,
  "m": 165000000,
  "n": 1140000,
  "o": 1140000,
  "p": 1300000,
  "q": 1300000,
  "r": 1410000,
  "s": 2920000,
  "t": 1650000,
  "u": 3400000
}
