{
  "b": 8.052145004272461,
  "c": 16.582494735717773,
  "d": 10.258161544799805,
  "e": 21.125213623046875,
  "f": 85100000,
  "g": 174000000,
  "h": 115000000,
  "i": 234000000,
  "j": 83700000,
  "k": 172000000,
  "l": 113000000,
  "m": 232000000,
  "n": 1330000,
  "o": 1330000,
  "p": 1690000,
  "q": 1690000,
  "r": 2120000,
  "s": 4320000,
  "t": 2960000,
  "u": 6050000
}
