{
  "b": 31.023624420166016,
  "c": 61.83387756347656,
  "d": 39.34999084472656,
  "e": 78.42745971679688,
  "f": 327877888,
  "g": 648382080,
  "h": 439140032,
  "i": 869090752,
  "j": 322645696,
  "k": 643072320,
  "l": 432849920,
  "m": 862702016,
  "n": 5232172,
  "o": 5309753,
  "p": 6290117,
  "q": 6388615,
  "r": 128845904,
  "s": 254894192,
  "t": 172744336,
  "u": 342062464
}
