{
  "b": 22.343366622924805,
  "c": 45.73409652709961,
  "d": 24.863386154174805,
  "e": 50.88972091674805,
  "f": 236000000,
  "g": 479000000,
  "h": 278000000,
  "i": 564000000,
  "j": 232000000,
  "k": 476000000,
  "l": 273000000,
  "m": 560000000,
  "n": 3630000,
  "o": 3630000,
  "p": 4270000,
  "q": 4270000,
  "r": 6710000,
  "s": 13600000,
  "t": 8120000,
  "u": 16500000
}
