{
  "b": 9.549471855163574,
  "c": 19.886415481567383,
  "d": 9.695910453796387,
  "e": 20.190885543823242,
  "f": 100862896,
  "g": 208403392,
  "h": 108442312,
  "i": 223929136,
  "j": 99314512,
  "k": 206818720,
  "l": 106655016,
  "m": 222099744,
  "n": 1548394,
  "o": 1584667,
  "p": 1787307,
  "q": 1829407,
  "r": 1476456,
  "s": 3046647,
  "t": 1681852,
  "u": 3469413
}
