{
  "b": 9.549471855163574,
  "c": 19.886415481567383,
  "d": 9.695910453796387,
  "e": 20.190885543823242,
  "f": 101000000,
  "g": 208000000,
  "h": 108000000,
  "i": 224000000,
  "j": 99300000,
  "k": 207000000,
  "l": 107000000,
  "m": 222000000,
  "n": 1570000,
  "o": 1570000,
  "p": 1810000,
  "q": 1810000,
  "r": 1480000,
  "s": 3050000,
  "t": 1680000,
  "u": 3470000
}
