{
  "b": 247.54803466796875,
  "c": 503.5574645996094,
  "d": 302.9176330566406,
  "e": 616.2061767578125,
  "f": 2618447872,
  "g": 5281350144,
  "h": 3385179136,
  "i": 6831858688,
  "j": 2574499584,
  "k": 5236997632,
  "l": 3332093952,
  "m": 6778268160,
  "n": 43948172,
  "o": 44352356,
  "p": 53085236,
  "q": 53590252,
  "r": 692624384,
  "s": 1394511360,
  "t": 892091968,
  "u": 1797624320
}
