{
  "b": 84.02899932861328,
  "c": 167.97389221191406,
  "d": 121.34780883789062,
  "e": 242.5751495361328,
  "f": 889000000,
  "g": 1760000000,
  "h": 1360000000,
  "i": 2690000000,
  "j": 874000000,
  "k": 1750000000,
  "l": 1330000000,
  "m": 2670000000,
  "n": 15100000,
  "o": 15100000,
  "p": 20100000,
  "q": 20100000,
  "r": 175000000,
  "s": 345000000,
  "t": 275000000,
  "u": 544000000
}
