{
  "b": 31.350248336791992,
  "c": 65.58519744873047,
  "d": 40.35338592529297,
  "e": 84.41719055175781,
  "f": 331000000,
  "g": 688000000,
  "h": 451000000,
  "i": 936000000,
  "j": 326000000,
  "k": 682000000,
  "l": 444000000,
  "m": 929000000,
  "n": 5500000,
  "o": 5500000,
  "p": 6900000,
  "q": 6900000,
  "r": 27800000,
  "s": 57600000,
  "t": 38300000,
  "u": 79300000
}
