{
  "b": 31.350248336791992,
  "c": 65.58519744873047,
  "d": 40.35338592529297,
  "e": 84.41719055175781,
  "f": 331456416,
  "g": 687681664,
  "h": 450668800,
  "i": 935600000,
  "j": 326042592,
  "k": 682086080,
  "l": 443887264,
  "m": 928589056,
  "n": 5413805,
  "o": 5595605,
  "p": 6781534,
  "q": 7011045,
  "r": 27791180,
  "s": 57571336,
  "t": 38264452,
  "u": 79341904
}
