{
  "b": 84.02899932861328,
  "c": 167.97389221191406,
  "d": 121.34780883789062,
  "e": 242.5751495361328,
  "f": 889048576,
  "g": 1761939712,
  "h": 1355059968,
  "i": 2688384256,
  "j": 873901568,
  "k": 1746928512,
  "l": 1334825856,
  "m": 2668326656,
  "n": 15146920,
  "o": 15011277,
  "p": 20234018,
  "q": 20057682,
  "r": 174610656,
  "s": 345136576,
  "t": 274657536,
  "u": 543693696
}
