{
  "b": 22.343366622924805,
  "c": 45.73409652709961,
  "d": 24.863386154174805,
  "e": 50.88972091674805,
  "f": 235994080,
  "g": 479264192,
  "h": 277765984,
  "i": 564063360,
  "j": 232371008,
  "k": 475634592,
  "l": 273497248,
  "m": 559786944,
  "n": 3623058,
  "o": 3629617,
  "p": 4268742,
  "q": 4276304,
  "r": 6713705,
  "s": 13617159,
  "t": 8118686,
  "u": 16471599
}
