{
  "b": 247.54803466796875,
  "c": 503.5574645996094,
  "d": 302.9176330566406,
  "e": 616.2061767578125,
  "f": 2620000000,
  "g": 5280000000,
  "h": 3390000000,
  "i": 6830000000,
  "j": 2570000000,
  "k": 5240000000,
  "l": 3330000000,
  "m": 6780000000,
  "n": 44200000,
  "o": 44200000,
  "p": 53300000,
  "q": 53300000,
  "r": 693000000,
  "s": 1390000000,
  "t": 892000000,
  "u": 1800000000
}
