{
  "b": 13.792523384094238,
  "c": 28.4649600982666,
  "d": 14.717306137084961,
  "e": 30.372648239135742,
  "f": 146000000,
  "g": 298000000,
  "h": 164000000,
  "i": 337000000,
  "j": 143000000,
  "k": 296000000,
  "l": 162000000,
  "m": 334000000,
  "n": 2290000,
  "o": 2290000,
  "p": 2550000,
  "q": 2550000,
  "r": 8620000,
  "s": 17600000,
  "t": 10200000,
  "u": 20900000
}
