{
  "b": 6.300230026245117,
  "c": 13.30486011505127,
  "d": 7.081918716430664,
  "e": 14.955307960510254,
  "f": 66552760,
  "g": 139441712,
  "h": 79044584,
  "i": 165697136,
  "j": 65522392,
  "k": 138370544,
  "l": 77901104,
  "m": 164508384,
  "n": 1030367,
  "o": 1071159,
  "p": 1143472,
  "q": 1188747,
  "r": 11759449,
  "s": 24658132,
  "t": 14671688,
  "u": 30784932
}
