{
  "b": 52.85057830810547,
  "c": 108.70050811767578,
  "d": 82.80583190917969,
  "e": 170.3068389892578,
  "f": 559183360,
  "g": 1140283008,
  "h": 924786880,
  "i": 1887690496,
  "j": 549646016,
  "k": 1130485248,
  "l": 910864128,
  "m": 1873375232,
  "n": 9537342,
  "o": 9797756,
  "p": 13922924,
  "q": 14315318,
  "r": 43845660,
  "s": 89000272,
  "t": 74342584,
  "u": 151123936
}
