{
  "b": 9.753271102905273,
  "c": 19.938426971435547,
  "d": 10.452588081359863,
  "e": 21.367162704467773,
  "f": 103105184,
  "g": 209041968,
  "h": 116972192,
  "i": 237045936,
  "j": 101434016,
  "k": 207359648,
  "l": 114978464,
  "m": 235038784,
  "n": 1671169,
  "o": 1682303,
  "p": 1993729,
  "q": 2007146,
  "r": 3350537,
  "s": 6758113,
  "t": 3968481,
  "u": 8004051
}
