{
  "b": 6.300230026245117,
  "c": 13.30486011505127,
  "d": 7.081918716430664,
  "e": 14.955307960510254,
  "f": 66600000,
  "g": 139000000,
  "h": 79000000,
  "i": 166000000,
  "j": 65500000,
  "k": 138000000,
  "l": 77900000,
  "m": 165000000,
  "n": 1050000,
  "o": 1050000,
  "p": 1170000,
  "q": 1170000,
  "r": 11800000,
  "s": 24700000,
  "t": 14700000,
  "u": 30800000
}
