{
  "b": 10.435403823852539,
  "c": 22.039386749267578,
  "d": 11.499361038208008,
  "e": 24.285646438598633,
  "f": 110000000,
  "g": 231000000,
  "h": 129000000,
  "i": 269000000,
  "j": 109000000,
  "k": 229000000,
  "l": 126000000,
  "m": 267000000,
  "n": 1790000,
  "o": 1790000,
  "p": 2070000,
  "q": 2070000,
  "r": 6960000,
  "s": 14500000,
  "t": 8550000,
  "u": 17900000
}
