{
  "b": 52.85057830810547,
  "c": 108.70050811767578,
  "d": 82.80583190917969,
  "e": 170.3068389892578,
  "f": 559000000,
  "g": 1140000000,
  "h": 925000000,
  "i": 1890000000,
  "j": 550000000,
  "k": 1130000000,
  "l": 911000000,
  "m": 1870000000,
  "n": 9670000,
  "o": 9670000,
  "p": 14100000,
  "q": 14100000,
  "r": 43800000,
  "s": 89000000,
  "t": 74300000,
  "u": 151000000
}
