{
  "b": 13.792523384094238,
  "c": 28.4649600982666,
  "d": 14.717306137084961,
  "e": 30.372648239135742,
  "f": 145710784,
  "g": 298342976,
  "h": 164418512,
  "i": 336670656,
  "j": 143442240,
  "k": 296035584,
  "l": 161890368,
  "m": 334099136,
  "n": 2268554,
  "o": 2307405,
  "p": 2528137,
  "q": 2571509,
  "r": 8621254,
  "s": 17639816,
  "t": 10222584,
  "u": 20922646
}
