{
  "b": 9.533346176147461,
  "c": 20.547950744628906,
  "d": 10.278151512145996,
  "e": 22.15247344970703,
  "f": 101000000,
  "g": 215000000,
  "h": 115000000,
  "i": 246000000,
  "j": 99100000,
  "k": 214000000,
  "l": 113000000,
  "m": 244000000,
  "n": 1740000,
  "o": 1740000,
  "p": 2040000,
  "q": 2040000,
  "r": 26900000,
  "s": 57300000,
  "t": 31800000,
  "u": 67900000
}
