{
  "b": 46.57920455932617,
  "c": 96.2551040649414,
  "d": 55.28960418701172,
  "e": 114.24900817871094,
  "f": 493000000,
  "g": 1010000000,
  "h": 618000000,
  "i": 1270000000,
  "j": 484000000,
  "k": 1000000000,
  "l": 608000000,
  "m": 1260000000,
  "n": 8290000,
  "o": 8290000,
  "p": 9850000,
  "q": 9850000,
  "r": 71000000,
  "s": 145000000,
  "t": 91100000,
  "u": 186000000
}
