{
  "b": 21.99220848083496,
  "c": 45.01329803466797,
  "d": 25.19703483581543,
  "e": 51.57083511352539,
  "f": 232219936,
  "g": 471714336,
  "h": 281257440,
  "i": 571461248,
  "j": 228718960,
  "k": 468138304,
  "l": 277167392,
  "m": 567279168,
  "n": 3500964,
  "o": 3576029,
  "p": 4090033,
  "q": 4182145,
  "r": 58588796,
  "s": 119091856,
  "t": 67703112,
  "u": 137666688
}
