{
  "b": 9.533346176147461,
  "c": 20.547950744628906,
  "d": 10.278151512145996,
  "e": 22.15247344970703,
  "f": 100833392,
  "g": 215486384,
  "h": 115044736,
  "i": 245781408,
  "j": 99146800,
  "k": 213698688,
  "l": 113059664,
  "m": 243677200,
  "n": 1686602,
  "o": 1787699,
  "p": 1985069,
  "q": 2104222,
  "r": 26853916,
  "s": 57327540,
  "t": 31814476,
  "u": 67912248
}
