{
  "b": 58.209407806396484,
  "c": 123.70613098144531,
  "d": 67.69062042236328,
  "e": 143.85287475585938,
  "f": 615000000,
  "g": 1300000000,
  "h": 756000000,
  "i": 1590000000,
  "j": 605000000,
  "k": 1290000000,
  "l": 745000000,
  "m": 1580000000,
  "n": 9620000,
  "o": 9620000,
  "p": 11200000,
  "q": 11200000,
  "r": 75800000,
  "s": 160000000,
  "t": 87900000,
  "u": 185000000
}
