{
  "b": 323.02655029296875,
  "c": 629.4010009765625,
  "d": 354.1015625,
  "e": 689.9566040039062,
  "f": 3420000000,
  "g": 6600000000,
  "h": 3960000000,
  "i": 7660000000,
  "j": 3360000000,
  "k": 6550000000,
  "l": 3900000000,
  "m": 7590000000,
  "n": 57500000,
  "o": 57500000,
  "p": 66700000,
  "q": 66700000,
  "r": 2390000000,
  "s": 4610000000,
  "t": 2830000000,
  "u": 5470000000
}
