{
  "b": 323.02655029296875,
  "c": 629.4010009765625,
  "d": 354.1015625,
  "e": 689.9566040039062,
  "f": 3417661440,
  "g": 6602519552,
  "h": 3962658048,
  "i": 7655424000,
  "j": 3359475968,
  "k": 6545770496,
  "l": 3895117312,
  "m": 7589522944,
  "n": 58185424,
  "o": 56749952,
  "p": 67540248,
  "q": 65900756,
  "r": 2385918464,
  "s": 4611658240,
  "t": 2828955392,
  "u": 5468665344
}
