{
  "b": 27.754806518554688,
  "c": 55.120269775390625,
  "d": 41.09205627441406,
  "e": 81.60074615478516,
  "f": 293470016,
  "g": 578013376,
  "h": 458809440,
  "i": 904325760,
  "j": 288649984,
  "k": 573250816,
  "l": 452012608,
  "m": 897608192,
  "n": 4820032,
  "o": 4762575,
  "p": 6796841,
  "q": 6717630,
  "r": 83424824,
  "s": 164065056,
  "t": 157914064,
  "u": 310884672
}
