{
  "b": 11.0224027633667,
  "c": 23.417024612426758,
  "d": 12.119842529296875,
  "e": 25.748483657836914,
  "f": 116631296,
  "g": 245632352,
  "h": 135677344,
  "i": 285707712,
  "j": 114632992,
  "k": 243537056,
  "l": 133318272,
  "m": 283233312,
  "n": 1998313,
  "o": 2095311,
  "p": 2359075,
  "q": 2474397,
  "r": 27534924,
  "s": 57963352,
  "t": 32933816,
  "u": 69337048
}
