{
  "b": 11.0224027633667,
  "c": 23.417024612426758,
  "d": 12.119842529296875,
  "e": 25.748483657836914,
  "f": 117000000,
  "g": 246000000,
  "h": 136000000,
  "i": 286000000,
  "j": 115000000,
  "k": 244000000,
  "l": 133000000,
  "m": 283000000,
  "n": 2050000,
  "o": 2050000,
  "p": 2420000,
  "q": 2420000,
  "r": 27500000,
  "s": 58000000,
  "t": 32900000,
  "u": 69300000
}
