{
  "b": 10.977838516235352,
  "c": 22.79681968688965,
  "d": 11.318376541137695,
  "e": 23.503400802612305,
  "f": 116000000,
  "g": 239000000,
  "h": 127000000,
  "i": 261000000,
  "j": 114000000,
  "k": 237000000,
  "l": 125000000,
  "m": 259000000,
  "n": 1820000,
  "o": 1820000,
  "p": 2070000,
  "q": 2070000,
  "r": 4500000,
  "s": 9260000,
  "t": 5150000,
  "u": 10600000
}
