{
  "b": 4.636279106140137,
  "c": 9.594809532165527,
  "d": 5.148834705352783,
  "e": 10.655404090881348,
  "f": 49000000,
  "g": 101000000,
  "h": 57500000,
  "i": 118000000,
  "j": 48200000,
  "k": 99800000,
  "l": 56600000,
  "m": 117000000,
  "n": 782000,
  "o": 782000,
  "p": 892000,
  "q": 892000,
  "r": 1320000,
  "s": 2710000,
  "t": 1650000,
  "u": 3400000
}
