{
  "b": 8.93981647491455,
  "c": 18.606964111328125,
  "d": 9.495882987976074,
  "e": 19.76398277282715,
  "f": 94500000,
  "g": 195000000,
  "h": 106000000,
  "i": 219000000,
  "j": 93000000,
  "k": 194000000,
  "l": 104000000,
  "m": 217000000,
  "n": 1530000,
  "o": 1530000,
  "p": 1780000,
  "q": 1780000,
  "r": 4830000,
  "s": 9970000,
  "t": 5760000,
  "u": 11900000
}
