{
  "b": 27.754806518554688,
  "c": 55.120269775390625,
  "d": 41.09205627441406,
  "e": 81.60074615478516,
  "f": 293000000,
  "g": 578000000,
  "h": 459000000,
  "i": 904000000,
  "j": 289000000,
  "k": 573000000,
  "l": 452000000,
  "m": 898000000,
  "n": 4790000,
  "o": 4790000,
  "p": 6760000,
  "q": 6760000,
  "r": 83400000,
  "s": 164000000,
  "t": 158000000,
  "u": 311000000
}
