{
  "b": 10.977838516235352,
  "c": 22.79681968688965,
  "d": 11.318376541137695,
  "e": 23.503400802612305,
  "f": 115970152,
  "g": 238928720,
  "h": 126544512,
  "i": 260626464,
  "j": 114169520,
  "k": 237086928,
  "l": 124502144,
  "m": 258537408,
  "n": 1800638,
  "o": 1841798,
  "p": 2042356,
  "q": 2089056,
  "r": 4503859,
  "s": 9264743,
  "t": 5149415,
  "u": 10593170
}
