{
  "b": 19.970935821533203,
  "c": 35.28499221801758,
  "d": 21.552064895629883,
  "e": 38.07784652709961,
  "f": 211000000,
  "g": 370000000,
  "h": 241000000,
  "i": 423000000,
  "j": 208000000,
  "k": 367000000,
  "l": 237000000,
  "m": 419000000,
  "n": 3310000,
  "o": 3310000,
  "p": 3970000,
  "q": 3970000,
  "r": 46800000,
  "s": 82000000,
  "t": 53000000,
  "u": 93000000
}
