{
  "b": 37.936187744140625,
  "c": 76.56575012207031,
  "d": 50.95639419555664,
  "e": 102.8331527709961,
  "f": 401000000,
  "g": 803000000,
  "h": 569000000,
  "i": 1140000000,
  "j": 395000000,
  "k": 796000000,
  "l": 561000000,
  "m": 1130000000,
  "n": 6460000,
  "o": 6460000,
  "p": 8840000,
  "q": 8840000,
  "r": 69200000,
  "s": 139000000,
  "t": 93300000,
  "u": 187000000
}
