{
  "b": 5.866732120513916,
  "c": 11.979348182678223,
  "d": 6.7112298011779785,
  "e": 13.703438758850098,
  "f": 62003464,
  "g": 125593784,
  "h": 74989712,
  "i": 151927616,
  "j": 61014016,
  "k": 124585224,
  "l": 73823528,
  "m": 150737824,
  "n": 989444,
  "o": 1008555,
  "p": 1166188,
  "q": 1189796,
  "r": 971092,
  "s": 1952591,
  "t": 1210842,
  "u": 2435967
}
