{
  "b": 45.8016242980957,
  "c": 93.002197265625,
  "d": 58.61338806152344,
  "e": 119.01374053955078,
  "f": 484000000,
  "g": 975000000,
  "h": 655000000,
  "i": 1320000000,
  "j": 476000000,
  "k": 967000000,
  "l": 645000000,
  "m": 1310000000,
  "n": 7700000,
  "o": 7700000,
  "p": 10000000,
  "q": 10000000,
  "r": 16500000,
  "s": 33300000,
  "t": 22800000,
  "u": 45900000
}
