{
  "b": 5.866732120513916,
  "c": 11.979348182678223,
  "d": 6.7112298011779785,
  "e": 13.703438758850098,
  "f": 62000000,
  "g": 126000000,
  "h": 75000000,
  "i": 152000000,
  "j": 61000000,
  "k": 125000000,
  "l": 73800000,
  "m": 151000000,
  "n": 999000,
  "o": 999000,
  "p": 1180000,
  "q": 1180000,
  "r": 971000,
  "s": 1950000,
  "t": 1210000,
  "u": 2440000
}

