{
  "b": 19.970935821533203,
  "c": 35.28499221801758,
  "d": 21.552064895629883,
  "e": 38.07784652709961,
  "f": 211166144,
  "g": 370121216,
  "h": 241225408,
  "i": 422639040,
  "j": 207697728,
  "k": 366963904,
  "l": 237072704,
  "m": 418856320,
  "n": 3468425,
  "o": 3157333,
  "p": 4152696,
  "q": 3782707,
  "r": 46760768,
  "s": 81985840,
  "t": 53035768,
  "u": 92968784
}
