{
  "b": 39.16883087158203,
  "c": 82.4073715209961,
  "d": 46.03746795654297,
  "e": 96.85713958740234,
  "f": 414000000,
  "g": 864000000,
  "h": 514000000,
  "i": 1070000000,
  "j": 407000000,
  "k": 857000000,
  "l": 506000000,
  "m": 1070000000,
  "n": 6500000,
  "o": 6500000,
  "p": 7560000,
  "q": 7560000,
  "r": 24700000,
  "s": 51400000,
  "t": 32600000,
  "u": 67900000
}
