{
  "b": 37.936187744140625,
  "c": 76.56575012207031,
  "d": 50.95639419555664,
  "e": 102.8331527709961,
  "f": 400985408,
  "g": 802745536,
  "h": 569350336,
  "i": 1140013952,
  "j": 394536352,
  "k": 796283776,
  "l": 560520320,
  "m": 1131164672,
  "n": 6449043,
  "o": 6461711,
  "p": 8829930,
  "q": 8849338,
  "r": 69226040,
  "s": 138640768,
  "t": 93280032,
  "u": 186905248
}
