{
  "b": 137.13845825195312,
  "c": 285.3064270019531,
  "d": 210.29898071289062,
  "e": 437.50836181640625,
  "f": 1450000000,
  "g": 2990000000,
  "h": 2340000000,
  "i": 4840000000,
  "j": 1430000000,
  "k": 2970000000,
  "l": 2310000000,
  "m": 4810000000,
  "n": 24000000,
  "o": 24000000,
  "p": 31500000,
  "q": 31500000,
  "r": 179000000,
  "s": 367000000,
  "t": 293000000,
  "u": 605000000
}
