{
  "b": 27.345333099365234,
  "c": 57.427040100097656,
  "d": 34.363224029541016,
  "e": 72.16302490234375,
  "f": 289000000,
  "g": 602000000,
  "h": 384000000,
  "i": 800000000,
  "j": 284000000,
  "k": 597000000,
  "l": 378000000,
  "m": 794000000,
  "n": 4820000,
  "o": 4820000,
  "p": 5990000,
  "q": 5990000,
  "r": 28900000,
  "s": 60000000,
  "t": 39300000,
  "u": 81700000
}
