{
  "b": 1.8848785161972046,
  "c": 3.934755802154541,
  "d": 1.9211357831954956,
  "e": 4.010349273681641,
  "f": 19911600,
  "g": 41239080,
  "h": 21460368,
  "i": 44451036,
  "j": 19602736,
  "k": 40921460,
  "l": 21132494,
  "m": 44113844,
  "n": 308867,
  "o": 317622,
  "p": 327873,
  "q": 337188,
  "r": 2596148,
  "s": 5382843,
  "t": 2941857,
  "u": 6101202
}
