{
  "b": 1.8848785161972046,
  "c": 3.934755802154541,
  "d": 1.9211357831954956,
  "e": 4.010349273681641,
  "f": 19900000,
  "g": 41200000,
  "h": 21500000,
  "i": 44500000,
  "j": 19600000,
  "k": 40900000,
  "l": 21100000,
  "m": 44100000,
  "n": 313000,
  "o": 313000,
  "p": 333000,
  "q": 333000,
  "r": 2600000,
  "s": 5380000,
  "t": 2940000,
  "u": 6100000
}
