{
  "b": 27.345333099365234,
  "c": 57.427040100097656,
  "d": 34.363224029541016,
  "e": 72.16302490234375,
  "f": 289122784,
  "g": 602158848,
  "h": 383867616,
  "i": 799898880,
  "j": 284391456,
  "k": 597241216,
  "l": 377995456,
  "m": 793793280,
  "n": 4731323,
  "o": 4917641,
  "p": 5872185,
  "q": 6105543,
  "r": 28910028,
  "s": 60017600,
  "t": 39297916,
  "u": 81651040
}
