{
  "b": 24.33174705505371,
  "c": 50.83773422241211,
  "d": 28.061695098876953,
  "e": 58.629676818847656,
  "f": 257000000,
  "g": 533000000,
  "h": 313000000,
  "i": 650000000,
  "j": 253000000,
  "k": 529000000,
  "l": 309000000,
  "m": 645000000,
  "n": 4120000,
  "o": 4120000,
  "p": 4710000,
  "q": 4710000,
  "r": 79500000,
  "s": 165000000,
  "t": 98700000,
  "u": 205000000
}
