{
  "b": 45.8836784362793,
  "c": 94.18939971923828,
  "d": 57.11417770385742,
  "e": 117.24069213867188,
  "f": 485034656,
  "g": 987557824,
  "h": 638302528,
  "i": 1299883392,
  "j": 477190272,
  "k": 979569728,
  "l": 628255936,
  "m": 1289647616,
  "n": 7844347,
  "o": 7988044,
  "p": 10046562,
  "q": 10235833,
  "r": 42363812,
  "s": 86072120,
  "t": 56495448,
  "u": 114848576
}
