{
  "b": 24.33174705505371,
  "c": 50.83773422241211,
  "d": 28.061695098876953,
  "e": 58.629676818847656,
  "f": 257089280,
  "g": 532910208,
  "h": 313301760,
  "i": 649733184,
  "j": 253050160,
  "k": 528712448,
  "l": 308678656,
  "m": 644926464,
  "n": 4039131,
  "o": 4197725,
  "p": 4623127,
  "q": 4806719,
  "r": 79523120,
  "s": 164890752,
  "t": 98681224,
  "u": 204743920
}
