{
  "b": 10.605087280273438,
  "c": 22.597640991210938,
  "d": 12.021411895751953,
  "e": 25.614816665649414,
  "f": 112000000,
  "g": 237000000,
  "h": 134000000,
  "i": 284000000,
  "j": 110000000,
  "k": 235000000,
  "l": 132000000,
  "m": 282000000,
  "n": 1800000,
  "o": 1800000,
  "p": 2090000,
  "q": 2090000,
  "r": 7450000,
  "s": 15800000,
  "t": 9430000,
  "u": 19900000
}
