{
  "b": 10.03619384765625,
  "c": 20.302656173706055,
  "d": 11.324361801147461,
  "e": 22.90780258178711,
  "f": 106000000,
  "g": 213000000,
  "h": 127000000,
  "i": 254000000,
  "j": 104000000,
  "k": 211000000,
  "l": 125000000,
  "m": 252000000,
  "n": 1700000,
  "o": 1700000,
  "p": 2020000,
  "q": 2020000,
  "r": 1670000,
  "s": 3340000,
  "t": 2090000,
  "u": 4190000
}
