{
  "b": 10.605087280273438,
  "c": 22.597640991210938,
  "d": 12.021411895751953,
  "e": 25.614816665649414,
  "f": 112058408,
  "g": 236856976,
  "h": 134282592,
  "i": 283898048,
  "j": 110292912,
  "k": 235015472,
  "l": 132235536,
  "m": 281762976,
  "n": 1765499,
  "o": 1841519,
  "p": 2047037,
  "q": 2135048,
  "r": 7451472,
  "s": 15756317,
  "t": 9425830,
  "u": 19942248
}
