{
  "b": 22.79397201538086,
  "c": 46.285118103027344,
  "d": 25.362876892089844,
  "e": 51.500328063964844,
  "f": 241000000,
  "g": 485000000,
  "h": 283000000,
  "i": 571000000,
  "j": 237000000,
  "k": 481000000,
  "l": 279000000,
  "m": 567000000,
  "n": 3850000,
  "o": 3850000,
  "p": 4410000,
  "q": 4410000,
  "r": 8130000,
  "s": 16300000,
  "t": 9740000,
  "u": 19600000
}
