{
  "b": 22.79397201538086,
  "c": 46.285118103027344,
  "d": 25.362876892089844,
  "e": 51.500328063964844,
  "f": 240903296,
  "g": 485215840,
  "h": 283399840,
  "i": 570917312,
  "j": 237057312,
  "k": 481365216,
  "l": 278991648,
  "m": 566503616,
  "n": 3846002,
  "o": 3850626,
  "p": 4408201,
  "q": 4413618,
  "r": 8126181,
  "s": 16337982,
  "t": 9735207,
  "u": 19581790
}
