{
  "b": 10.03619384765625,
  "c": 20.302656173706055,
  "d": 11.324361801147461,
  "e": 22.90780258178711,
  "f": 106073856,
  "g": 212841984,
  "h": 126593504,
  "i": 254007728,
  "j": 104376416,
  "k": 211147632,
  "l": 124567976,
  "m": 251985824,
  "n": 1697442,
  "o": 1694337,
  "p": 2025522,
  "q": 2021910,
  "r": 1666477,
  "s": 3339077,
  "t": 2092245,
  "u": 4193752
}
