{
  "b": 21.279504776000977,
  "c": 43.050472259521484,
  "d": 23.220722198486328,
  "e": 46.977413177490234,
  "f": 225000000,
  "g": 451000000,
  "h": 260000000,
  "i": 521000000,
  "j": 221000000,
  "k": 448000000,
  "l": 255000000,
  "m": 517000000,
  "n": 3620000,
  "o": 3620000,
  "p": 4190000,
  "q": 4190000,
  "r": 11700000,
  "s": 23500000,
  "t": 13500000,
  "u": 27100000
}
