{
  "b": 5.043990612030029,
  "c": 10.35654354095459,
  "d": 5.716487884521484,
  "e": 11.737041473388672,
  "f": 53283320,
  "g": 108543496,
  "h": 63810780,
  "i": 130047664,
  "j": 52457504,
  "k": 107708056,
  "l": 62881368,
  "m": 129107456,
  "n": 825819,
  "o": 835434,
  "p": 929405,
  "q": 940209,
  "r": 1802348,
  "s": 3669373,
  "t": 2311981,
  "u": 4710080
}
