{
  "b": 14.139439582824707,
  "c": 28.88968849182129,
  "d": 16.669883728027344,
  "e": 34.0587043762207,
  "f": 149000000,
  "g": 303000000,
  "h": 186000000,
  "i": 377000000,
  "j": 147000000,
  "k": 300000000,
  "l": 183000000,
  "m": 375000000,
  "n": 2260000,
  "o": 2260000,
  "p": 2720000,
  "q": 2720000,
  "r": 22500000,
  "s": 45700000,
  "t": 28900000,
  "u": 58700000
}
