{
  "b": 5.636064052581787,
  "c": 11.824617385864258,
  "d": 6.18878173828125,
  "e": 12.98388385772705,
  "f": 59600000,
  "g": 124000000,
  "h": 69100000,
  "i": 144000000,
  "j": 58600000,
  "k": 123000000,
  "l": 68100000,
  "m": 143000000,
  "n": 965000,
  "o": 965000,
  "p": 1090000,
  "q": 1090000,
  "r": 1270000,
  "s": 2650000,
  "t": 1540000,
  "u": 3200000
}
