{
  "b": 44.299896240234375,
  "c": 81.62175750732422,
  "d": 55.87513732910156,
  "e": 102.94501495361328,
  "f": 468071648,
  "g": 855817600,
  "h": 624419712,
  "i": 1141667328,
  "j": 460718912,
  "k": 848866240,
  "l": 614626496,
  "m": 1132395136,
  "n": 7352738,
  "o": 6951375,
  "p": 9793227,
  "q": 9272104,
  "r": 31774480,
  "s": 58084476,
  "t": 43329504,
  "u": 79220304
}
