{
  "b": 5.636064052581787,
  "c": 11.824617385864258,
  "d": 6.18878173828125,
  "e": 12.98388385772705,
  "f": 59564940,
  "g": 123957040,
  "h": 69144408,
  "i": 143925600,
  "j": 58615068,
  "k": 122976024,
  "l": 68076600,
  "m": 142822720,
  "n": 949871,
  "o": 981022,
  "p": 1067807,
  "q": 1102905,
  "r": 1273019,
  "s": 2647144,
  "t": 1539242,
  "u": 3202470
}
