{
  "b": 44.299896240234375,
  "c": 81.62175750732422,
  "d": 55.87513732910156,
  "e": 102.94501495361328,
  "f": 468000000,
  "g": 856000000,
  "h": 624000000,
  "i": 1140000000,
  "j": 461000000,
  "k": 849000000,
  "l": 615000000,
  "m": 1130000000,
  "n": 7150000,
  "o": 7150000,
  "p": 9530000,
  "q": 9530000,
  "r": 31800000,
  "s": 58100000,
  "t": 43300000,
  "u": 79200000
}
