{
  "b": 14.139439582824707,
  "c": 28.88968849182129,
  "d": 16.669883728027344,
  "e": 34.0587043762207,
  "f": 149288016,
  "g": 302727712,
  "h": 186068160,
  "i": 377392032,
  "j": 147050176,
  "k": 300452768,
  "l": 183368720,
  "m": 374645728,
  "n": 2237843,
  "o": 2274927,
  "p": 2699460,
  "q": 2746370,
  "r": 22546874,
  "s": 45739624,
  "t": 28921210,
  "u": 58693936
}
