{
  "b": 5.043990612030029,
  "c": 10.35654354095459,
  "d": 5.716487884521484,
  "e": 11.737041473388672,
  "f": 53300000,
  "g": 109000000,
  "h": 63800000,
  "i": 130000000,
  "j": 52500000,
  "k": 108000000,
  "l": 62900000,
  "m": 129000000,
  "n": 831000,
  "o": 831000,
  "p": 935000,
  "q": 935000,
  "r": 1800000,
  "s": 3670000,
  "t": 2310000,
  "u": 4710000
}
