{
  "b": 309.78778076171875,
  "c": 660.630859375,
  "d": 432.5149230957031,
  "e": 922.3959350585938,
  "f": 3276111360,
  "g": 6926611456,
  "h": 4826830336,
  "i": 10217637888,
  "j": 3221793024,
  "k": 6870560768,
  "l": 4757664256,
  "m": 10146355200,
  "n": 54318776,
  "o": 56050192,
  "p": 69166208,
  "q": 71282480,
  "r": 1224061440,
  "s": 2588562944,
  "t": 1916694016,
  "u": 4058944256
}
