{
  "b": 139.1937713623047,
  "c": 291.62158203125,
  "d": 177.5749053955078,
  "e": 372.05291748046875,
  "f": 1471625984,
  "g": 3056997632,
  "h": 1983107328,
  "i": 4122486528,
  "j": 1447615232,
  "k": 3032864512,
  "l": 1953323904,
  "m": 4092582144,
  "n": 24010762,
  "o": 24133306,
  "p": 29783162,
  "q": 29903972,
  "r": 230305152,
  "s": 478526752,
  "t": 321150656,
  "u": 667848704
}
