{
  "b": 35.116302490234375,
  "c": 77.2885513305664,
  "d": 42.13993453979492,
  "e": 92.74760437011719,
  "f": 371000000,
  "g": 810000000,
  "h": 470000000,
  "i": 1030000000,
  "j": 365000000,
  "k": 804000000,
  "l": 464000000,
  "m": 1020000000,
  "n": 6190000,
  "o": 6190000,
  "p": 6700000,
  "q": 6700000,
  "r": 29800000,
  "s": 65100000,
  "t": 42200000,
  "u": 92300000
}
