{
  "b": 43.665374755859375,
  "c": 94.97427368164062,
  "d": 56.979393005371094,
  "e": 123.93512725830078,
  "f": 461465280,
  "g": 995468992,
  "h": 635352640,
  "i": 1372308736,
  "j": 454119904,
  "k": 987732480,
  "l": 626773312,
  "m": 1363286400,
  "n": 7345424,
  "o": 7736491,
  "p": 8579338,
  "q": 9022251,
  "r": 94448080,
  "s": 203750672,
  "t": 139946784,
  "u": 302337952
}
