{
  "b": 26.317285537719727,
  "c": 57.11222839355469,
  "d": 35.96638488769531,
  "e": 78.05366516113281,
  "f": 278000000,
  "g": 599000000,
  "h": 401000000,
  "i": 864000000,
  "j": 274000000,
  "k": 594000000,
  "l": 396000000,
  "m": 859000000,
  "n": 4600000,
  "o": 4600000,
  "p": 5520000,
  "q": 5520000,
  "r": 27600000,
  "s": 59300000,
  "t": 42900000,
  "u": 92500000
}
