{
  "b": 26.317285537719727,
  "c": 57.11222839355469,
  "d": 35.96638488769531,
  "e": 78.05366516113281,
  "f": 278168384,
  "g": 598692864,
  "h": 401002752,
  "i": 864265344,
  "j": 273699776,
  "k": 593967168,
  "l": 395630240,
  "m": 858590336,
  "n": 4468604,
  "o": 4725769,
  "p": 5372465,
  "q": 5675012,
  "r": 27565442,
  "s": 59343492,
  "t": 42921752,
  "u": 92545184
}
