{
  "b": 43.665374755859375,
  "c": 94.97427368164062,
  "d": 56.979393005371094,
  "e": 123.93512725830078,
  "f": 461000000,
  "g": 995000000,
  "h": 635000000,
  "i": 1370000000,
  "j": 454000000,
  "k": 988000000,
  "l": 627000000,
  "m": 1360000000,
  "n": 7540000,
  "o": 7540000,
  "p": 8800000,
  "q": 8800000,
  "r": 94400000,
  "s": 204000000,
  "t": 140000000,
  "u": 302000000
}
