{
  "b": 139.1937713623047,
  "c": 291.62158203125,
  "d": 177.5749053955078,
  "e": 372.05291748046875,
  "f": 1470000000,
  "g": 3060000000,
  "h": 1980000000,
  "i": 4120000000,
  "j": 1450000000,
  "k": 3030000000,
  "l": 1950000000,
  "m": 4090000000,
  "n": 24100000,
  "o": 24100000,
  "p": 29800000,
  "q": 29800000,
  "r": 230000000,
  "s": 479000000,
  "t": 321000000,
  "u": 668000000
}
