{
  "b": 309.78778076171875,
  "c": 660.630859375,
  "d": 432.5149230957031,
  "e": 922.3959350585938,
  "f": 3280000000,
  "g": 6930000000,
  "h": 4830000000,
  "i": 10200000000,
  "j": 3220000000,
  "k": 6870000000,
  "l": 4760000000,
  "m": 10100000000,
  "n": 55200000,
  "o": 55200000,
  "p": 70200000,
  "q": 70200000,
  "r": 1220000000,
  "s": 2590000000,
  "t": 1920000000,
  "u": 4060000000
}
