{
  "b": 104.65119934082031,
  "c": 225.67262268066406,
  "d": 137.39877319335938,
  "e": 296.3047180175781,
  "f": 1106186240,
  "g": 2365537792,
  "h": 1533355904,
  "i": 3282188032,
  "j": 1088372480,
  "k": 2346995200,
  "l": 1511386496,
  "m": 3259351808,
  "n": 17813796,
  "o": 18542196,
  "p": 21969344,
  "q": 22836406,
  "r": 337279328,
  "s": 721637952,
  "t": 495682048,
  "u": 1061675328
}
