{
  "b": 56.158164978027344,
  "c": 120.3044662475586,
  "d": 76.73839569091797,
  "e": 164.39804077148438,
  "f": 593299456,
  "g": 1260672384,
  "h": 855873152,
  "i": 1820433024,
  "j": 584044928,
  "k": 1251166464,
  "l": 844122368,
  "m": 1808378368,
  "n": 9254508,
  "o": 9506186,
  "p": 11750872,
  "q": 12054841,
  "r": 131157408,
  "s": 278737792,
  "t": 196635696,
  "u": 418332960
}
