{
  "b": 49.67943572998047,
  "c": 107.37258911132812,
  "d": 62.95793914794922,
  "e": 136.07406616210938,
  "f": 525132960,
  "g": 1125609344,
  "h": 702379264,
  "i": 1507189120,
  "j": 516666112,
  "k": 1116674944,
  "l": 692537344,
  "m": 1496814720,
  "n": 8466876,
  "o": 8934405,
  "p": 9841915,
  "q": 10374453,
  "r": 57189860,
  "s": 122622104,
  "t": 83916880,
  "u": 180156816
}
