{
  "b": 56.158164978027344,
  "c": 120.3044662475586,
  "d": 76.73839569091797,
  "e": 164.39804077148438,
  "f": 593000000,
  "g": 1260000000,
  "h": 856000000,
  "i": 1820000000,
  "j": 584000000,
  "k": 1250000000,
  "l": 844000000,
  "m": 1810000000,
  "n": 9380000,
  "o": 9380000,
  "p": 11900000,
  "q": 11900000,
  "r": 131000000,
  "s": 279000000,
  "t": 197000000,
  "u": 418000000
}
