{
  "b": 62.168479919433594,
  "c": 132.49220275878906,
  "d": 88.98880767822266,
  "e": 189.658203125,
  "f": 656818176,
  "g": 1388408064,
  "h": 991940608,
  "i": 2099571840,
  "j": 646552192,
  "k": 1377918848,
  "l": 978876864,
  "m": 2086240256,
  "n": 10265981,
  "o": 10489296,
  "p": 13063640,
  "q": 13331553,
  "r": 115543400,
  "s": 244328096,
  "t": 181568928,
  "u": 384462720
}
