{
  "b": 101.93545532226562,
  "c": 221.93275451660156,
  "d": 127.5905532836914,
  "e": 277.79510498046875,
  "f": 1080000000,
  "g": 2330000000,
  "h": 1420000000,
  "i": 3080000000,
  "j": 1060000000,
  "k": 2310000000,
  "l": 1400000000,
  "m": 3060000000,
  "n": 17700000,
  "o": 17700000,
  "p": 20700000,
  "q": 20700000,
  "r": 165000000,
  "s": 356000000,
  "t": 232000000,
  "u": 503000000
}
