{
  "b": 62.168479919433594,
  "c": 132.49220275878906,
  "d": 88.98880767822266,
  "e": 189.658203125,
  "f": 657000000,
  "g": 1390000000,
  "h": 992000000,
  "i": 2100000000,
  "j": 647000000,
  "k": 1380000000,
  "l": 979000000,
  "m": 2090000000,
  "n": 10400000,
  "o": 10400000,
  "p": 13200000,
  "q": 13200000,
  "r": 116000000,
  "s": 244000000,
  "t": 182000000,
  "u": 384000000
}
