{
  "b": 101.93545532226562,
  "c": 221.93275451660156,
  "d": 127.5905532836914,
  "e": 277.79510498046875,
  "f": 1077375744,
  "g": 2326309888,
  "h": 1423669632,
  "i": 3077015040,
  "j": 1060128704,
  "k": 2308100608,
  "l": 1403496064,
  "m": 3055746304,
  "n": 17247110,
  "o": 18209352,
  "p": 20173672,
  "q": 21269030,
  "r": 164862656,
  "s": 356058176,
  "t": 232461408,
  "u": 502612864
}
