{
  "b": 49.67943572998047,
  "c": 107.37258911132812,
  "d": 62.95793914794922,
  "e": 136.07406616210938,
  "f": 525000000,
  "g": 1130000000,
  "h": 702000000,
  "i": 1510000000,
  "j": 517000000,
  "k": 1120000000,
  "l": 693000000,
  "m": 1500000000,
  "n": 8700000,
  "o": 8700000,
  "p": 10100000,
  "q": 10100000,
  "r": 57200000,
  "s": 123000000,
  "t": 83900000,
  "u": 180000000
}
