{
  "b": 104.65119934082031,
  "c": 225.67262268066406,
  "d": 137.39877319335938,
  "e": 296.3047180175781,
  "f": 1110000000,
  "g": 2370000000,
  "h": 1530000000,
  "i": 3280000000,
  "j": 1090000000,
  "k": 2350000000,
  "l": 1510000000,
  "m": 3260000000,
  "n": 18200000,
  "o": 18200000,
  "p": 22400000,
  "q": 22400000,
  "r": 337000000,
  "s": 722000000,
  "t": 496000000,
  "u": 1060000000
}
