{
  "b": 15.757844924926758,
  "c": 34.36221694946289,
  "d": 21.342164993286133,
  "e": 46.54022216796875,
  "f": 166521152,
  "g": 360162784,
  "h": 237798880,
  "i": 515152512,
  "j": 163881584,
  "k": 357367072,
  "l": 234763824,
  "m": 511942464,
  "n": 2639572,
  "o": 2795715,
  "p": 3035049,
  "q": 3210038,
  "r": 6003140,
  "s": 12983617,
  "t": 9389912,
  "u": 20344466
}
