{
  "b": 22.863428115844727,
  "c": 50.20118713378906,
  "d": 27.281221389770508,
  "e": 59.90214538574219,
  "f": 242000000,
  "g": 526000000,
  "h": 305000000,
  "i": 664000000,
  "j": 238000000,
  "k": 522000000,
  "l": 300000000,
  "m": 659000000,
  "n": 4020000,
  "o": 4020000,
  "p": 4560000,
  "q": 4560000,
  "r": 28900000,
  "s": 63000000,
  "t": 39900000,
  "u": 87100000
}
