{
  "b": 56.01909637451172,
  "c": 118.54535675048828,
  "d": 80.73812103271484,
  "e": 170.86285400390625,
  "f": 592000000,
  "g": 1240000000,
  "h": 900000000,
  "i": 1890000000,
  "j": 583000000,
  "k": 1230000000,
  "l": 888000000,
  "m": 1880000000,
  "n": 9640000,
  "o": 9640000,
  "p": 12200000,
  "q": 12200000,
  "r": 85900000,
  "s": 180000000,
  "t": 135000000,
  "u": 284000000
}
