{
  "b": 27.80855941772461,
  "c": 60.30841827392578,
  "d": 39.24645233154297,
  "e": 85.11726379394531,
  "f": 294000000,
  "g": 632000000,
  "h": 438000000,
  "i": 943000000,
  "j": 289000000,
  "k": 627000000,
  "l": 432000000,
  "m": 936000000,
  "n": 4840000,
  "o": 4840000,
  "p": 6170000,
  "q": 6170000,
  "r": 62500000,
  "s": 134000000,
  "t": 99600000,
  "u": 215000000
}
