{
  "b": 56.01909637451172,
  "c": 118.54535675048828,
  "d": 80.73812103271484,
  "e": 170.86285400390625,
  "f": 592160128,
  "g": 1242581760,
  "h": 900236608,
  "i": 1891783808,
  "j": 582598592,
  "k": 1232871680,
  "l": 888119360,
  "m": 1879491328,
  "n": 9561480,
  "o": 9710177,
  "p": 12117257,
  "q": 12292462,
  "r": 85874608,
  "s": 180242832,
  "t": 135269920,
  "u": 284345536
}
