{
  "b": 22.863428115844727,
  "c": 50.20118713378906,
  "d": 27.281221389770508,
  "e": 59.90214538574219,
  "f": 241661424,
  "g": 526245440,
  "h": 304505152,
  "i": 663637568,
  "j": 237779648,
  "k": 522092352,
  "l": 300093440,
  "m": 658923584,
  "n": 3881779,
  "o": 4153073,
  "p": 4411734,
  "q": 4713943,
  "r": 28949618,
  "s": 63049860,
  "t": 39948908,
  "u": 87088896
}
