{
  "b": 34.48891830444336,
  "c": 75.36763000488281,
  "d": 42.56232833862305,
  "e": 93.01109313964844,
  "f": 364545600,
  "g": 790087104,
  "h": 474898592,
  "i": 1030289408,
  "j": 358684768,
  "k": 783823360,
  "l": 468185632,
  "m": 1023122048,
  "n": 5860816,
  "o": 6263818,
  "p": 6712949,
  "q": 7167247,
  "r": 37171896,
  "s": 80595176,
  "t": 52567288,
  "u": 114106896
}
