{
  "b": 27.80855941772461,
  "c": 60.30841827392578,
  "d": 39.24645233154297,
  "e": 85.11726379394531,
  "f": 293933760,
  "g": 632158016,
  "h": 437744096,
  "i": 942601728,
  "j": 289209024,
  "k": 627207552,
  "l": 431710976,
  "m": 936289920,
  "n": 4724721,
  "o": 4950396,
  "p": 6033141,
  "q": 6311961,
  "r": 62501340,
  "s": 134491312,
  "t": 99619504,
  "u": 214645984
}
