{
  "b": 34.48891830444336,
  "c": 75.36763000488281,
  "d": 42.56232833862305,
  "e": 93.01109313964844,
  "f": 365000000,
  "g": 790000000,
  "h": 475000000,
  "i": 1030000000,
  "j": 359000000,
  "k": 784000000,
  "l": 468000000,
  "m": 1020000000,
  "n": 6060000,
  "o": 6060000,
  "p": 6940000,
  "q": 6940000,
  "r": 37200000,
  "s": 80600000,
  "t": 52600000,
  "u": 114000000
}
