{
  "b": 210.0201873779297,
  "c": 447.0428161621094,
  "d": 293.448974609375,
  "e": 624.6578979492188,
  "f": 2220000000,
  "g": 4690000000,
  "h": 3270000000,
  "i": 6920000000,
  "j": 2180000000,
  "k": 4650000000,
  "l": 3230000000,
  "m": 6870000000,
  "n": 37700000,
  "o": 37700000,
  "p": 47000000,
  "q": 47000000,
  "r": 662000000,
  "s": 1400000000,
  "t": 1050000000,
  "u": 2220000000
}
