{
  "b": 210.0201873779297,
  "c": 447.0428161621094,
  "d": 293.448974609375,
  "e": 624.6578979492188,
  "f": 2221244160,
  "g": 4687610880,
  "h": 3274150144,
  "i": 6919060480,
  "j": 2184209920,
  "k": 4649245184,
  "l": 3227938816,
  "m": 6871237120,
  "n": 37034244,
  "o": 38365120,
  "p": 46211120,
  "q": 47823616,
  "r": 661909760,
  "s": 1397549312,
  "t": 1051589632,
  "u": 2223769344
}
