{
  "b": 78.61396026611328,
  "c": 162.4242401123047,
  "d": 122.88872528076172,
  "e": 253.88490295410156,
  "f": 832160768,
  "g": 1704173824,
  "h": 1370150016,
  "i": 2811597568,
  "j": 817585216,
  "k": 1689212160,
  "l": 1351776000,
  "m": 2792733952,
  "n": 14575639,
  "o": 14961589,
  "p": 18373856,
  "q": 18863484,
  "r": 52910728,
  "s": 108056112,
  "t": 93529272,
  "u": 191506800
}
