{
  "b": 605.1007080078125,
  "c": 1222.559814453125,
  "d": 776.146728515625,
  "e": 1568.0625,
  "f": 6410000000,
  "g": 12800000000,
  "h": 8680000000,
  "i": 17400000000,
  "j": 6290000000,
  "k": 12700000000,
  "l": 8540000000,
  "m": 17200000000,
  "n": 120000000,
  "o": 120000000,
  "p": 145000000,
  "q": 145000000,
  "r": 884000000,
  "s": 1770000000,
  "t": 1230000000,
  "u": 2460000000
}
