{
  "b": 124.12199401855469,
  "c": 260.8347473144531,
  "d": 124.82535552978516,
  "e": 262.3009948730469,
  "f": 1311917184,
  "g": 2734541568,
  "h": 1394984320,
  "i": 2908062208,
  "j": 1290868736,
  "k": 2712681216,
  "l": 1373078912,
  "m": 2885310976,
  "n": 21048290,
  "o": 21860330,
  "p": 21905272,
  "q": 22750892,
  "r": 76481664,
  "s": 159242320,
  "t": 81297280,
  "u": 169310496
}
