{
  "b": 605.1007080078125,
  "c": 1222.559814453125,
  "d": 776.146728515625,
  "e": 1568.0625,
  "f": 6412145152,
  "g": 12835218432,
  "h": 8681756672,
  "i": 17394716672,
  "j": 6293047296,
  "k": 12714621952,
  "l": 8537614336,
  "m": 17248688128,
  "n": 119097176,
  "o": 120596384,
  "p": 144141280,
  "q": 146028320,
  "r": 884288576,
  "s": 1767418240,
  "t": 1230144512,
  "u": 2461677824
}
