{
  "b": 124.12199401855469,
  "c": 260.8347473144531,
  "d": 124.82535552978516,
  "e": 262.3009948730469,
  "f": 1310000000,
  "g": 2730000000,
  "h": 1390000000,
  "i": 2910000000,
  "j": 1290000000,
  "k": 2710000000,
  "l": 1370000000,
  "m": 2890000000,
  "n": 21500000,
  "o": 21500000,
  "p": 22300000,
  "q": 22300000,
  "r": 76500000,
  "s": 159000000,
  "t": 81300000,
  "u": 169000000
}
