{
  "b": 925.1970825195312,
  "c": 1868.4500732421875,
  "d": 1141.58203125,
  "e": 2305.35009765625,
  "f": 9790000000,
  "g": 19600000000,
  "h": 12800000000,
  "i": 25600000000,
  "j": 9620000000,
  "k": 19400000000,
  "l": 12600000000,
  "m": 25400000000,
  "n": 173000000,
  "o": 173000000,
  "p": 204000000,
  "q": 204000000,
  "r": 1500000000,
  "s": 2990000000,
  "t": 2020000000,
  "u": 4030000000
}
