{
  "b": 78.61396026611328,
  "c": 162.4242401123047,
  "d": 122.88872528076172,
  "e": 253.88490295410156,
  "f": 832000000,
  "g": 1700000000,
  "h": 1370000000,
  "i": 2810000000,
  "j": 818000000,
  "k": 1690000000,
  "l": 1350000000,
  "m": 2790000000,
  "n": 14800000,
  "o": 14800000,
  "p": 18600000,
  "q": 18600000,
  "r": 52900000,
  "s": 108000000,
  "t": 93500000,
  "u": 192000000
}
