{
  "b": 925.1970825195312,
  "c": 1868.4500732421875,
  "d": 1141.58203125,
  "e": 2305.35009765625,
  "f": 9794441216,
  "g": 19605493760,
  "h": 12760480768,
  "i": 25563426816,
  "j": 9622049792,
  "k": 19431880704,
  "l": 12557402112,
  "m": 25358850048,
  "n": 172389872,
  "o": 173612352,
  "p": 203078192,
  "q": 204577568,
  "r": 1496021120,
  "s": 2989011200,
  "t": 2016603392,
  "u": 4033646336
}
