{
  "b": 211.53173828125,
  "c": 425.35498046875,
  "d": 307.2939147949219,
  "e": 617.8973388671875,
  "f": 2240000000,
  "g": 4460000000,
  "h": 3430000000,
  "i": 6850000000,
  "j": 2200000000,
  "k": 4420000000,
  "l": 3380000000,
  "m": 6800000000,
  "n": 38600000,
  "o": 38600000,
  "p": 48500000,
  "q": 48500000,
  "r": 90600000,
  "s": 180000000,
  "t": 151000000,
  "u": 301000000
}
