{
  "b": 118.23127746582031,
  "c": 246.34768676757812,
  "d": 165.4397735595703,
  "e": 344.6931457519531,
  "f": 1250000000,
  "g": 2580000000,
  "h": 1850000000,
  "i": 3820000000,
  "j": 1230000000,
  "k": 2560000000,
  "l": 1820000000,
  "m": 3790000000,
  "n": 22200000,
  "o": 22200000,
  "p": 27900000,
  "q": 27900000,
  "r": 234000000,
  "s": 483000000,
  "t": 340000000,
  "u": 705000000
}
