{
  "b": 118.23127746582031,
  "c": 246.34768676757812,
  "d": 165.4397735595703,
  "e": 344.6931457519531,
  "f": 1251381504,
  "g": 2584559104,
  "h": 1847235328,
  "i": 3819994368,
  "j": 1229605248,
  "k": 2562016000,
  "l": 1819837568,
  "m": 3791624448,
  "n": 21776204,
  "o": 22542722,
  "p": 27397670,
  "q": 28370592,
  "r": 233545872,
  "s": 482788864,
  "t": 340454240,
  "u": 704810688
}
