{
  "b": 34.65842819213867,
  "c": 69.20203399658203,
  "d": 39.76096725463867,
  "e": 79.3885498046875,
  "f": 367000000,
  "g": 726000000,
  "h": 445000000,
  "i": 880000000,
  "j": 360000000,
  "k": 720000000,
  "l": 437000000,
  "m": 873000000,
  "n": 6190000,
  "o": 6190000,
  "p": 7250000,
  "q": 7250000,
  "r": 5880000,
  "s": 11600000,
  "t": 7680000,
  "u": 15200000
}
