{
  "b": 211.53173828125,
  "c": 425.35498046875,
  "d": 307.2939147949219,
  "e": 617.8973388671875,
  "f": 2238516480,
  "g": 4462348800,
  "h": 3428637696,
  "i": 6845379584,
  "j": 2199930112,
  "k": 4423691776,
  "l": 3380233216,
  "m": 6796870656,
  "n": 38586112,
  "o": 38657248,
  "p": 48404356,
  "q": 48508768,
  "r": 90632664,
  "s": 180275360,
  "t": 151202048,
  "u": 301369152
}
