{
  "b": 31.924617767333984,
  "c": 66.99465942382812,
  "d": 34.861488342285156,
  "e": 73.15319061279297,
  "f": 337712608,
  "g": 702674880,
  "h": 389812480,
  "i": 811281984,
  "j": 332016032,
  "k": 696744448,
  "l": 383476384,
  "m": 804685120,
  "n": 5696576,
  "o": 5930417,
  "p": 6336128,
  "q": 6596880,
  "r": 12047823,
  "s": 25060416,
  "t": 14459119,
  "u": 30091880
}
