{
  "b": 31.924617767333984,
  "c": 66.99465942382812,
  "d": 34.861488342285156,
  "e": 73.15319061279297,
  "f": 338000000,
  "g": 703000000,
  "h": 390000000,
  "i": 811000000,
  "j": 332000000,
  "k": 697000000,
  "l": 383000000,
  "m": 805000000,
  "n": 5810000,
  "o": 5810000,
  "p": 6470000,
  "q": 6470000,
  "r": 12000000,
  "s": 25100000,
  "t": 14500000,
  "u": 30100000
}
