{
  "b": 114.86529541015625,
  "c": 234.3813934326172,
  "d": 148.998779296875,
  "e": 304.0242614746094,
  "f": 1215374592,
  "g": 2458639104,
  "h": 1664851200,
  "i": 3370506752,
  "j": 1194599040,
  "k": 2437566464,
  "l": 1638986624,
  "m": 3344267008,
  "n": 20775510,
  "o": 21073012,
  "p": 25864684,
  "q": 26240002,
  "r": 34514732,
  "s": 69662128,
  "t": 50092280,
  "u": 101233408
}
