{
  "b": 34.65842819213867,
  "c": 69.20203399658203,
  "d": 39.76096725463867,
  "e": 79.3885498046875,
  "f": 366659552,
  "g": 725867648,
  "h": 444644928,
  "i": 880496192,
  "j": 360447648,
  "k": 719701184,
  "l": 437370656,
  "m": 873274048,
  "n": 6211875,
  "o": 6166482,
  "p": 7274248,
  "q": 7222133,
  "r": 5878996,
  "s": 11616446,
  "t": 7683015,
  "u": 15190963
}
