{
  "b": 114.86529541015625,
  "c": 234.3813934326172,
  "d": 148.998779296875,
  "e": 304.0242614746094,
  "f": 1220000000,
  "g": 2460000000,
  "h": 1660000000,
  "i": 3370000000,
  "j": 1190000000,
  "k": 2440000000,
  "l": 1640000000,
  "m": 3340000000,
  "n": 20900000,
  "o": 20900000,
  "p": 26100000,
  "q": 26100000,
  "r": 34500000,
  "s": 69700000,
  "t": 50100000,
  "u": 101000000
}
