{
  "b": 405.63214111328125,
  "c": 814.0852661132812,
  "d": 605.7005004882812,
  "e": 1215.576416015625,
  "f": 4290000000,
  "g": 8540000000,
  "h": 6760000000,
  "i": 13500000000,
  "j": 4220000000,
  "k": 8470000000,
  "l": 6660000000,
  "m": 13400000000,
  "n": 72800000,
  "o": 72800000,
  "p": 93900000,
  "q": 93900000,
  "r": 202000000,
  "s": 400000000,
  "t": 346000000,
  "u": 687000000
}
