{
  "b": 241.4359130859375,
  "c": 474.2230224609375,
  "d": 321.5277099609375,
  "e": 631.5211181640625,
  "f": 2558680832,
  "g": 4978880512,
  "h": 3599391744,
  "i": 7008317440,
  "j": 2510933504,
  "k": 4931919360,
  "l": 3536804864,
  "m": 6946732544,
  "n": 47747240,
  "o": 46961020,
  "p": 62586792,
  "q": 61585460,
  "r": 223682208,
  "s": 433882944,
  "t": 339676032,
  "u": 659657472
}
