{
  "b": 29.18705940246582,
  "c": 60.127925872802734,
  "d": 36.058349609375,
  "e": 74.28028869628906,
  "f": 308737792,
  "g": 630650048,
  "h": 402611008,
  "i": 823200000,
  "j": 303545408,
  "k": 625330432,
  "l": 396641856,
  "m": 817083200,
  "n": 5192379,
  "o": 5319682,
  "p": 5969137,
  "q": 6116733,
  "r": 7247423,
  "s": 14788934,
  "t": 10446965,
  "u": 21346586
}
