{
  "b": 202.59182739257812,
  "c": 414.4619445800781,
  "d": 290.4615173339844,
  "e": 594.2045288085938,
  "f": 2143259008,
  "g": 4347243520,
  "h": 3240400384,
  "i": 6582251008,
  "j": 2106955008,
  "k": 4310404096,
  "l": 3195076608,
  "m": 6536249856,
  "n": 36304056,
  "o": 36838932,
  "p": 45323932,
  "q": 46000456,
  "r": 115112560,
  "s": 232722624,
  "t": 190589264,
  "u": 386150656
}
