{
  "b": 43.58297348022461,
  "c": 91.65637969970703,
  "d": 49.98602294921875,
  "e": 105.11585998535156,
  "f": 460684384,
  "g": 960935936,
  "h": 558114944,
  "i": 1164864256,
  "j": 453262944,
  "k": 953226368,
  "l": 549846272,
  "m": 1156274432,
  "n": 7421412,
  "o": 7709571,
  "p": 8268652,
  "q": 8589957,
  "r": 8224878,
  "s": 17085852,
  "t": 10970176,
  "u": 22816848
}
