{
  "b": 43.58297348022461,
  "c": 91.65637969970703,
  "d": 49.98602294921875,
  "e": 105.11585998535156,
  "f": 461000000,
  "g": 961000000,
  "h": 558000000,
  "i": 1160000000,
  "j": 453000000,
  "k": 953000000,
  "l": 550000000,
  "m": 1160000000,
  "n": 7570000,
  "o": 7570000,
  "p": 8430000,
  "q": 8430000,
  "r": 8220000,
  "s": 17100000,
  "t": 11000000,
  "u": 22800000
}
