{
  "b": 202.59182739257812,
  "c": 414.4619445800781,
  "d": 290.4615173339844,
  "e": 594.2045288085938,
  "f": 2140000000,
  "g": 4350000000,
  "h": 3240000000,
  "i": 6580000000,
  "j": 2110000000,
  "k": 4310000000,
  "l": 3200000000,
  "m": 6540000000,
  "n": 36600000,
  "o": 36600000,
  "p": 45700000,
  "q": 45700000,
  "r": 115000000,
  "s": 233000000,
  "t": 191000000,
  "u": 386000000
}
