{
  "b": 29.18705940246582,
  "c": 60.127925872802734,
  "d": 36.058349609375,
  "e": 74.28028869628906,
  "f": 309000000,
  "g": 631000000,
  "h": 403000000,
  "i": 823000000,
  "j": 304000000,
  "k": 625000000,
  "l": 397000000,
  "m": 817000000,
  "n": 5260000,
  "o": 5260000,
  "p": 6040000,
  "q": 6040000,
  "r": 7250000,
  "s": 14800000,
  "t": 10400000,
  "u": 21300000
}
