{
  "b": 405.63214111328125,
  "c": 814.0852661132812,
  "d": 605.7005004882812,
  "e": 1215.576416015625,
  "f": 4291428608,
  "g": 8539270656,
  "h": 6756614656,
  "i": 13465178112,
  "j": 4218574336,
  "k": 8466486784,
  "l": 6662705664,
  "m": 13371340800,
  "n": 72854712,
  "o": 72783776,
  "p": 93908176,
  "q": 93838064,
  "r": 201636528,
  "s": 400317312,
  "t": 345502272,
  "u": 687327808
}
