{
  "b": 988.304443359375,
  "c": 1873.0545654296875,
  "d": 1298.7625732421875,
  "e": 2461.431884765625,
  "f": 10500000000,
  "g": 19700000000,
  "h": 14500000000,
  "i": 27300000000,
  "j": 10300000000,
  "k": 19500000000,
  "l": 14300000000,
  "m": 27100000000,
  "n": 198000000,
  "o": 198000000,
  "p": 240000000,
  "q": 240000000,
  "r": 1140000000,
  "s": 2130000000,
  "t": 1580000000,
  "u": 2960000000
}
