{
  "b": 48.219539642333984,
  "c": 98.13887023925781,
  "d": 68.53440856933594,
  "e": 139.47854614257812,
  "f": 510000000,
  "g": 1030000000,
  "h": 765000000,
  "i": 1550000000,
  "j": 501000000,
  "k": 1020000000,
  "l": 754000000,
  "m": 1530000000,
  "n": 8640000,
  "o": 8640000,
  "p": 11100000,
  "q": 11100000,
  "r": 13500000,
  "s": 27100000,
  "t": 22400000,
  "u": 45100000
}
