{
  "b": 72.55642700195312,
  "c": 151.4525604248047,
  "d": 93.82418823242188,
  "e": 195.8319549560547,
  "f": 768000000,
  "g": 1590000000,
  "h": 1050000000,
  "i": 2170000000,
  "j": 755000000,
  "k": 1580000000,
  "l": 1030000000,
  "m": 2150000000,
  "n": 13400000,
  "o": 13400000,
  "p": 17100000,
  "q": 17100000,
  "r": 33100000,
  "s": 68300000,
  "t": 50200000,
  "u": 104000000
}
