{
  "b": 21.088211059570312,
  "c": 44.393489837646484,
  "d": 26.20832633972168,
  "e": 55.168949127197266,
  "f": 223000000,
  "g": 466000000,
  "h": 292000000,
  "i": 611000000,
  "j": 219000000,
  "k": 462000000,
  "l": 288000000,
  "m": 607000000,
  "n": 3770000,
  "o": 3770000,
  "p": 4300000,
  "q": 4300000,
  "r": 4020000,
  "s": 8370000,
  "t": 5810000,
  "u": 12100000
}
