{
  "b": 746.4189453125,
  "c": 1488.3189697265625,
  "d": 1019.6297607421875,
  "e": 2033.0430908203125,
  "f": 7910081024,
  "g": 15625366528,
  "h": 11396791296,
  "i": 22543847424,
  "j": 7762757120,
  "k": 15478517760,
  "l": 11215927296,
  "m": 22363473920,
  "n": 147324928,
  "o": 146849168,
  "p": 180864224,
  "q": 180372464,
  "r": 1410150784,
  "s": 2782645504,
  "t": 2102250752,
  "u": 4156305152
}
