{
  "b": 746.4189453125,
  "c": 1488.3189697265625,
  "d": 1019.6297607421875,
  "e": 2033.0430908203125,
  "f": 7910000000,
  "g": 15600000000,
  "h": 11400000000,
  "i": 22500000000,
  "j": 7760000000,
  "k": 15500000000,
  "l": 11200000000,
  "m": 22400000000,
  "n": 147000000,
  "o": 147000000,
  "p": 181000000,
  "q": 181000000,
  "r": 1410000000,
  "s": 2780000000,
  "t": 2100000000,
  "u": 4160000000
}
