{
  "b": 988.304443359375,
  "c": 1873.0545654296875,
  "d": 1298.7625732421875,
  "e": 2461.431884765625,
  "f": 10480386048,
  "g": 19674605568,
  "h": 14530567168,
  "i": 27311505408,
  "j": 10278366208,
  "k": 19479767040,
  "l": 14286388224,
  "m": 27075751936,
  "n": 202018720,
  "o": 194841216,
  "p": 244179840,
  "q": 235752736,
  "r": 1137888896,
  "s": 2134910720,
  "t": 1575097472,
  "u": 2959986176
}
