{
  "b": 72.55642700195312,
  "c": 151.4525604248047,
  "d": 93.82418823242188,
  "e": 195.8319549560547,
  "f": 767746304,
  "g": 1588713216,
  "h": 1048880000,
  "i": 2171537408,
  "j": 754586880,
  "k": 1575106560,
  "l": 1032066048,
  "m": 2154151424,
  "n": 13159447,
  "o": 13606664,
  "p": 16813982,
  "q": 17386176,
  "r": 33110576,
  "s": 68311008,
  "t": 50242396,
  "u": 103757360
}
