{
  "b": 48.219539642333984,
  "c": 98.13887023925781,
  "d": 68.53440856933594,
  "e": 139.47854614257812,
  "f": 510069024,
  "g": 1029331456,
  "h": 764884544,
  "i": 1545402496,
  "j": 501483232,
  "k": 1020644288,
  "l": 753878464,
  "m": 1534264064,
  "n": 8585810,
  "o": 8687216,
  "p": 11006182,
  "q": 11138463,
  "r": 13471675,
  "s": 27148764,
  "t": 22363962,
  "u": 45139612
}
