{
  "b": 54.48967361450195,
  "c": 111.27801513671875,
  "d": 68.25624084472656,
  "e": 139.38629150390625,
  "f": 576000000,
  "g": 1170000000,
  "h": 762000000,
  "i": 1550000000,
  "j": 567000000,
  "k": 1160000000,
  "l": 751000000,
  "m": 1530000000,
  "n": 9730000,
  "o": 9730000,
  "p": 11700000,
  "q": 11700000,
  "r": 59900000,
  "s": 121000000,
  "t": 80400000,
  "u": 163000000
}
