{
  "b": 49.9787483215332,
  "c": 105.0979232788086,
  "d": 63.361141204833984,
  "e": 133.2353057861328,
  "f": 528359808,
  "g": 1101959680,
  "h": 707075392,
  "i": 1476116224,
  "j": 519778976,
  "k": 1093018368,
  "l": 696972544,
  "m": 1465588352,
  "n": 8580840,
  "o": 8941353,
  "p": 10102776,
  "q": 10527873,
  "r": 29334076,
  "s": 61148008,
  "t": 41507896,
  "u": 86627928
}
