{
  "b": 151.77418518066406,
  "c": 309.95318603515625,
  "d": 174.51145935058594,
  "e": 356.3750305175781,
  "f": 1610000000,
  "g": 3250000000,
  "h": 1950000000,
  "i": 3950000000,
  "j": 1580000000,
  "k": 3220000000,
  "l": 1920000000,
  "m": 3920000000,
  "n": 26900000,
  "o": 26900000,
  "p": 31300000,
  "q": 31300000,
  "r": 110000000,
  "s": 223000000,
  "t": 140000000,
  "u": 284000000
}
