{
  "b": 86.15848541259766,
  "c": 173.06141662597656,
  "d": 104.80432891845703,
  "e": 210.5070343017578,
  "f": 911000000,
  "g": 1820000000,
  "h": 1170000000,
  "i": 2330000000,
  "j": 896000000,
  "k": 1800000000,
  "l": 1150000000,
  "m": 2320000000,
  "n": 15400000,
  "o": 15400000,
  "p": 18700000,
  "q": 18700000,
  "r": 28800000,
  "s": 57300000,
  "t": 40100000,
  "u": 79800000
}
