{
  "b": 54.48967361450195,
  "c": 111.27801513671875,
  "d": 68.25624084472656,
  "e": 139.38629150390625,
  "f": 576342848,
  "g": 1167092352,
  "h": 762467840,
  "i": 1545083008,
  "j": 566692608,
  "k": 1157291392,
  "l": 750818688,
  "m": 1533249280,
  "n": 9650192,
  "o": 9801124,
  "p": 11649227,
  "q": 11833593,
  "r": 59891764,
  "s": 121304144,
  "t": 80365400,
  "u": 162913248
}
