{
  "b": 49.9787483215332,
  "c": 105.0979232788086,
  "d": 63.361141204833984,
  "e": 133.2353057861328,
  "f": 528000000,
  "g": 1100000000,
  "h": 707000000,
  "i": 1480000000,
  "j": 520000000,
  "k": 1090000000,
  "l": 697000000,
  "m": 1470000000,
  "n": 8760000,
  "o": 8760000,
  "p": 10300000,
  "q": 10300000,
  "r": 29300000,
  "s": 61100000,
  "t": 41500000,
  "u": 86600000
}
