{
  "b": 151.77418518066406,
  "c": 309.95318603515625,
  "d": 174.51145935058594,
  "e": 356.3750305175781,
  "f": 1605205632,
  "g": 3250598912,
  "h": 1950703104,
  "i": 3951591424,
  "j": 1578451456,
  "k": 3223513088,
  "l": 1919625984,
  "m": 3920125440,
  "n": 26754392,
  "o": 27085302,
  "p": 31077158,
  "q": 31465978,
  "r": 110457480,
  "s": 223265040,
  "t": 140356720,
  "u": 283890688
}
