{
  "b": 86.15848541259766,
  "c": 173.06141662597656,
  "d": 104.80432891845703,
  "e": 210.5070343017578,
  "f": 911463552,
  "g": 1815209728,
  "h": 1171610112,
  "i": 2334286592,
  "j": 896048256,
  "k": 1799838720,
  "l": 1152847616,
  "m": 2315577344,
  "n": 15415373,
  "o": 15370797,
  "p": 18762368,
  "q": 18709428,
  "r": 28836750,
  "s": 57282228,
  "t": 40144436,
  "u": 79810840
}
