{
  "b": 900.0433349609375,
  "c": 1762.94873046875,
  "d": 927.5523071289062,
  "e": 1816.8167724609375,
  "f": 9530270720,
  "g": 18501816320,
  "h": 10386217984,
  "i": 20165320704,
  "j": 9360450560,
  "k": 18334666752,
  "l": 10203075584,
  "m": 19984984064,
  "n": 169820224,
  "o": 167148912,
  "p": 183142672,
  "q": 180336848,
  "r": 2381008128,
  "s": 4609158656,
  "t": 2711803392,
  "u": 5252426752
}
