{
  "b": 900.0433349609375,
  "c": 1762.94873046875,
  "d": 927.5523071289062,
  "e": 1816.8167724609375,
  "f": 9530000000,
  "g": 18500000000,
  "h": 10400000000,
  "i": 20200000000,
  "j": 9360000000,
  "k": 18300000000,
  "l": 10200000000,
  "m": 20000000000,
  "n": 168000000,
  "o": 168000000,
  "p": 182000000,
  "q": 182000000,
  "r": 2380000000,
  "s": 4610000000,
  "t": 2710000000,
  "u": 5250000000
}
