{
  "b": 200.2841033935547,
  "c": 431.02362060546875,
  "d": 267.31097412109375,
  "e": 575.2540283203125,
  "f": 2117825920,
  "g": 4519519232,
  "h": 2981969152,
  "i": 6371705856,
  "j": 2082954752,
  "k": 4482645504,
  "l": 2940420864,
  "m": 6327794176,
  "n": 34870936,
  "o": 36873588,
  "p": 41548332,
  "q": 43912316,
  "r": 236901056,
  "s": 503963616,
  "t": 360079072,
  "u": 767199872
}
