{
  "b": 379.9482116699219,
  "c": 791.2474365234375,
  "d": 467.2615661621094,
  "e": 973.0801391601562,
  "f": 4020000000,
  "g": 8300000000,
  "h": 5220000000,
  "i": 10800000000,
  "j": 3950000000,
  "k": 8230000000,
  "l": 5140000000,
  "m": 10700000000,
  "n": 71500000,
  "o": 71500000,
  "p": 83800000,
  "q": 83800000,
  "r": 731000000,
  "s": 1510000000,
  "t": 951000000,
  "u": 1960000000
}
