{
  "b": 547.670654296875,
  "c": 1122.916748046875,
  "d": 682.5712890625,
  "e": 1399.6263427734375,
  "f": 5801402368,
  "g": 11784719360,
  "h": 7634047488,
  "i": 15522511872,
  "j": 5695774720,
  "k": 11678333952,
  "l": 7508284416,
  "m": 15395889152,
  "n": 105627848,
  "o": 106384920,
  "p": 125763576,
  "q": 126622888,
  "r": 849795648,
  "s": 1719274240,
  "t": 1158048896,
  "u": 2346446848
}
