{
  "b": 96.7340087890625,
  "c": 203.951416015625,
  "d": 116.03545379638672,
  "e": 244.644287109375,
  "f": 1020000000,
  "g": 2140000000,
  "h": 1300000000,
  "i": 2710000000,
  "j": 1010000000,
  "k": 2120000000,
  "l": 1280000000,
  "m": 2690000000,
  "n": 17600000,
  "o": 17600000,
  "p": 19200000,
  "q": 19200000,
  "r": 46100000,
  "s": 96200000,
  "t": 62800000,
  "u": 131000000
}
