{
  "b": 25.968082427978516,
  "c": 55.93910217285156,
  "d": 31.412784576416016,
  "e": 67.66645812988281,
  "f": 275000000,
  "g": 587000000,
  "h": 351000000,
  "i": 750000000,
  "j": 270000000,
  "k": 582000000,
  "l": 346000000,
  "m": 744000000,
  "n": 4680000,
  "o": 4680000,
  "p": 5890000,
  "q": 5890000,
  "r": 14500000,
  "s": 31000000,
  "t": 20600000,
  "u": 44000000
}
