{
  "b": 25.968082427978516,
  "c": 55.93910217285156,
  "d": 31.412784576416016,
  "e": 67.66645812988281,
  "f": 274603968,
  "g": 586584384,
  "h": 351258720,
  "i": 750402880,
  "j": 270068064,
  "k": 581766656,
  "l": 345540640,
  "m": 744331072,
  "n": 4535930,
  "o": 4817756,
  "p": 5718134,
  "q": 6071804,
  "r": 14545979,
  "s": 31043278,
  "t": 20628008,
  "u": 44039388
}
