{
  "b": 200.2841033935547,
  "c": 431.02362060546875,
  "d": 267.31097412109375,
  "e": 575.2540283203125,
  "f": 2120000000,
  "g": 4520000000,
  "h": 2980000000,
  "i": 6370000000,
  "j": 2080000000,
  "k": 4480000000,
  "l": 2940000000,
  "m": 6330000000,
  "n": 35900000,
  "o": 35900000,
  "p": 42700000,
  "q": 42700000,
  "r": 237000000,
  "s": 504000000,
  "t": 360000000,
  "u": 767000000
}
