{
  "b": 96.7340087890625,
  "c": 203.951416015625,
  "d": 116.03545379638672,
  "e": 244.644287109375,
  "f": 1023289344,
  "g": 2139083264,
  "h": 1295184896,
  "i": 2710678272,
  "j": 1006033728,
  "k": 2121094784,
  "l": 1276390016,
  "m": 2691087104,
  "n": 17255668,
  "o": 17988840,
  "p": 18794924,
  "q": 19591022,
  "r": 46076792,
  "s": 96162664,
  "t": 62775260,
  "u": 131229520
}
