{
  "b": 379.9482116699219,
  "c": 791.2474365234375,
  "d": 467.2615661621094,
  "e": 973.0801391601562,
  "f": 4022092288,
  "g": 8301275648,
  "h": 5222750720,
  "i": 10788692992,
  "j": 3951461376,
  "k": 8228973568,
  "l": 5139877376,
  "m": 10703881216,
  "n": 70630912,
  "o": 72302000,
  "p": 82872520,
  "q": 84810512,
  "r": 730866240,
  "s": 1507416320,
  "t": 950843136,
  "u": 1963160832
}
