{
  "b": 362.4820556640625,
  "c": 717.4591674804688,
  "d": 429.15899658203125,
  "e": 849.4690551757812,
  "f": 3840000000,
  "g": 7530000000,
  "h": 4800000000,
  "i": 9420000000,
  "j": 3770000000,
  "k": 7460000000,
  "l": 4720000000,
  "m": 9340000000,
  "n": 67400000,
  "o": 67400000,
  "p": 76700000,
  "q": 76700000,
  "r": 307000000,
  "s": 602000000,
  "t": 398000000,
  "u": 780000000
}
