{
  "b": 13.066960334777832,
  "c": 28.423145294189453,
  "d": 13.650590896606445,
  "e": 29.69200897216797,
  "f": 138000000,
  "g": 298000000,
  "h": 153000000,
  "i": 330000000,
  "j": 136000000,
  "k": 296000000,
  "l": 150000000,
  "m": 327000000,
  "n": 2310000,
  "o": 2310000,
  "p": 2830000,
  "q": 2830000,
  "r": 6800000,
  "s": 14700000,
  "t": 8390000,
  "u": 18100000
}
