{
  "b": 102.27528381347656,
  "c": 204.24574279785156,
  "d": 138.19285583496094,
  "e": 275.9822998046875,
  "f": 1082560640,
  "g": 2142847616,
  "h": 1542481152,
  "i": 3057919232,
  "j": 1063662976,
  "k": 2124155776,
  "l": 1520121344,
  "m": 3035805184,
  "n": 18897732,
  "o": 18691742,
  "p": 22359840,
  "q": 22113954,
  "r": 57114308,
  "s": 112990408,
  "t": 86928920,
  "u": 172297760
}
