{
  "b": 362.4820556640625,
  "c": 717.4591674804688,
  "d": 429.15899658203125,
  "e": 849.4690551757812,
  "f": 3837824256,
  "g": 7528318976,
  "h": 4798139904,
  "i": 9420098560,
  "j": 3769813248,
  "k": 7461575168,
  "l": 4720749056,
  "m": 9344159744,
  "n": 68010992,
  "o": 66743276,
  "p": 77390808,
  "q": 75938736,
  "r": 307332832,
  "s": 602177216,
  "t": 397714208,
  "u": 780172800
}
