{
  "b": 13.066960334777832,
  "c": 28.423145294189453,
  "d": 13.650590896606445,
  "e": 29.69200897216797,
  "f": 138128944,
  "g": 297994016,
  "h": 152892944,
  "i": 329544704,
  "j": 135896384,
  "k": 295600704,
  "l": 150156496,
  "m": 326612096,
  "n": 2232564,
  "o": 2393349,
  "p": 2736454,
  "q": 2932603,
  "r": 6801871,
  "s": 14651586,
  "t": 8394479,
  "u": 18072198
}
