{
  "b": 47.02086639404297,
  "c": 98.32746887207031,
  "d": 61.06377410888672,
  "e": 127.69388580322266,
  "f": 497000000,
  "g": 1030000000,
  "h": 681000000,
  "i": 1410000000,
  "j": 489000000,
  "k": 1020000000,
  "l": 672000000,
  "m": 1400000000,
  "n": 8590000,
  "o": 8590000,
  "p": 9870000,
  "q": 9870000,
  "r": 23200000,
  "s": 48100000,
  "t": 34400000,
  "u": 71400000
}

