{
  "b": 498.6093444824219,
  "c": 993.1560668945312,
  "d": 616.0736083984375,
  "e": 1227.21875,
  "f": 5284604928,
  "g": 10426493952,
  "h": 6893742592,
  "i": 13614666752,
  "j": 5185537024,
  "k": 10328822784,
  "l": 6776809472,
  "m": 13499406336,
  "n": 99067776,
  "o": 97669760,
  "p": 116933088,
  "q": 115260992,
  "r": 584764544,
  "s": 1151475200,
  "t": 783751936,
  "u": 1545608576
}
