{
  "b": 495.9909973144531,
  "c": 1017.0572509765625,
  "d": 615.9734497070312,
  "e": 1263.125,
  "f": 5252718592,
  "g": 10672997376,
  "h": 6887915008,
  "i": 14007975936,
  "j": 5158306304,
  "k": 10577395712,
  "l": 6775708160,
  "m": 13894374400,
  "n": 94411680,
  "o": 95600640,
  "p": 112207432,
  "q": 113602720,
  "r": 505436128,
  "s": 1024476992,
  "t": 702246784,
  "u": 1425409408
}
