{
  "b": 442.5654296875,
  "c": 924.0150756835938,
  "d": 605.0459594726562,
  "e": 1263.2235107421875,
  "f": 4680000000,
  "g": 9690000000,
  "h": 6760000000,
  "i": 14000000000,
  "j": 4600000000,
  "k": 9610000000,
  "l": 6660000000,
  "m": 13900000000,
  "n": 82900000,
  "o": 82900000,
  "p": 101000000,
  "q": 101000000,
  "r": 325000000,
  "s": 669000000,
  "t": 509000000,
  "u": 1050000000
}
