{
  "b": 484.22686767578125,
  "c": 962.1632080078125,
  "d": 568.6953125,
  "e": 1130.10888671875,
  "f": 5140000000,
  "g": 10100000000,
  "h": 6380000000,
  "i": 12600000000,
  "j": 5040000000,
  "k": 10000000000,
  "l": 6260000000,
  "m": 12400000000,
  "n": 102000000,
  "o": 102000000,
  "p": 121000000,
  "q": 121000000,
  "r": 2050000000,
  "s": 4030000000,
  "t": 2640000000,
  "u": 5190000000
}
