{
  "b": 495.9909973144531,
  "c": 1017.0572509765625,
  "d": 615.9734497070312,
  "e": 1263.125,
  "f": 5250000000,
  "g": 10700000000,
  "h": 6890000000,
  "i": 14000000000,
  "j": 5160000000,
  "k": 10600000000,
  "l": 6780000000,
  "m": 13900000000,
  "n": 95000000,
  "o": 95000000,
  "p": 113000000,
  "q": 113000000,
  "r": 505000000,
  "s": 1020000000,
  "t": 702000000,
  "u": 1430000000
}
