{
  "b": 484.22686767578125,
  "c": 962.1632080078125,
  "d": 568.6953125,
  "e": 1130.10888671875,
  "f": 5139198464,
  "g": 10108160000,
  "h": 6377167360,
  "i": 12550864896,
  "j": 5035959296,
  "k": 10006497280,
  "l": 6255648768,
  "m": 12431198208,
  "n": 103239200,
  "o": 101663472,
  "p": 121518952,
  "q": 119666768,
  "r": 2048683776,
  "s": 4029914112,
  "t": 2635938048,
  "u": 5189334528
}
