{
  "b": 498.6093444824219,
  "c": 993.1560668945312,
  "d": 616.0736083984375,
  "e": 1227.21875,
  "f": 5280000000,
  "g": 10400000000,
  "h": 6890000000,
  "i": 13600000000,
  "j": 5190000000,
  "k": 10300000000,
  "l": 6780000000,
  "m": 13500000000,
  "n": 98400000,
  "o": 98400000,
  "p": 116000000,
  "q": 116000000,
  "r": 585000000,
  "s": 1150000000,
  "t": 784000000,
  "u": 1550000000
}
