{
  "b": 18.537494659423828,
  "c": 39.38880157470703,
  "d": 22.70709800720215,
  "e": 48.24909973144531,
  "f": 195939104,
  "g": 412948352,
  "h": 253387872,
  "i": 534528192,
  "j": 192789952,
  "k": 409643520,
  "l": 249778080,
  "m": 530740096,
  "n": 3149163,
  "o": 3304835,
  "p": 3609812,
  "q": 3788135,
  "r": 71991840,
  "s": 151848384,
  "t": 96252336,
  "u": 203235424
}
