{
  "b": 2.704061269760132,
  "c": 5.849390029907227,
  "d": 3.3855879306793213,
  "e": 7.323602676391602,
  "f": 28576612,
  "g": 61319608,
  "h": 37753360,
  "i": 81107104,
  "j": 28122236,
  "k": 60833656,
  "l": 37241468,
  "m": 80559632,
  "n": 454379,
  "o": 485946,
  "p": 511890,
  "q": 547469,
  "r": 1739683,
  "s": 3725887,
  "t": 2381395,
  "u": 5107370
}
