{
  "b": 18.537494659423828,
  "c": 39.38880157470703,
  "d": 22.70709800720215,
  "e": 48.24909973144531,
  "f": 196000000,
  "g": 413000000,
  "h": 253000000,
  "i": 535000000,
  "j": 193000000,
  "k": 410000000,
  "l": 250000000,
  "m": 531000000,
  "n": 3230000,
  "o": 3230000,
  "p": 3700000,
  "q": 3700000,
  "r": 72000000,
  "s": 152000000,
  "t": 96300000,
  "u": 203000000
}
