{
  "b": 6.25253438949585,
  "c": 13.403666496276855,
  "d": 7.798832893371582,
  "e": 16.718414306640625,
  "f": 66076336,
  "g": 140512160,
  "h": 87023248,
  "i": 185214080,
  "j": 65026356,
  "k": 139398128,
  "l": 85787160,
  "m": 183902560,
  "n": 1049981,
  "o": 1114013,
  "p": 1236086,
  "q": 1311508,
  "r": 1219682,
  "s": 2584477,
  "t": 1668649,
  "u": 3539551
}
