{
  "b": 48.964439392089844,
  "c": 101.9630355834961,
  "d": 62.82939529418945,
  "e": 130.8334503173828,
  "f": 517830176,
  "g": 1069295744,
  "h": 701995200,
  "i": 1450395392,
  "j": 509230176,
  "k": 1060415552,
  "l": 691123328,
  "m": 1439167872,
  "n": 8599978,
  "o": 8880183,
  "p": 10871920,
  "q": 11227478,
  "r": 31218558,
  "s": 64101280,
  "t": 43907548,
  "u": 90238768
}
