{
  "b": 6.25253438949585,
  "c": 13.403666496276855,
  "d": 7.798832893371582,
  "e": 16.718414306640625,
  "f": 66100000,
  "g": 141000000,
  "h": 87000000,
  "i": 185000000,
  "j": 65000000,
  "k": 139000000,
  "l": 85800000,
  "m": 184000000,
  "n": 1080000,
  "o": 1080000,
  "p": 1270000,
  "q": 1270000,
  "r": 1220000,
  "s": 2580000,
  "t": 1670000,
  "u": 3540000
}
