{
  "b": 48.964439392089844,
  "c": 101.9630355834961,
  "d": 62.82939529418945,
  "e": 130.8334503173828,
  "f": 518000000,
  "g": 1070000000,
  "h": 702000000,
  "i": 1450000000,
  "j": 509000000,
  "k": 1060000000,
  "l": 691000000,
  "m": 1440000000,
  "n": 8740000,
  "o": 8740000,
  "p": 11000000,
  "q": 11000000,
  "r": 31200000,
  "s": 64100000,
  "t": 43900000,
  "u": 90200000
}
