{
  "b": 10.192861557006836,
  "c": 21.49150848388672,
  "d": 12.747286796569824,
  "e": 26.877294540405273,
  "f": 108000000,
  "g": 225000000,
  "h": 142000000,
  "i": 298000000,
  "j": 106000000,
  "k": 224000000,
  "l": 140000000,
  "m": 296000000,
  "n": 1790000,
  "o": 1790000,
  "p": 2140000,
  "q": 2140000,
  "r": 3470000,
  "s": 7220000,
  "t": 4730000,
  "u": 9870000
}
