{
  "b": 2.704061269760132,
  "c": 5.849390029907227,
  "d": 3.3855879306793213,
  "e": 7.323602676391602,
  "f": 28600000,
  "g": 61300000,
  "h": 37800000,
  "i": 81100000,
  "j": 28100000,
  "k": 60800000,
  "l": 37200000,
  "m": 80600000,
  "n": 470000,
  "o": 470000,
  "p": 530000,
  "q": 530000,
  "r": 1740000,
  "s": 3730000,
  "t": 2380000,
  "u": 5110000
}
