{
  "b": 61.48822021484375,
  "c": 126.19902801513672,
  "d": 73.6026382446289,
  "e": 151.06324768066406,
  "f": 650206464,
  "g": 1323370880,
  "h": 821542720,
  "i": 1673800704,
  "j": 639477504,
  "k": 1312469888,
  "l": 809628992,
  "m": 1661695744,
  "n": 10728979,
  "o": 10900965,
  "p": 11913753,
  "q": 12104818,
  "r": 78539064,
  "s": 159812960,
  "t": 102371536,
  "u": 208576912
}
