{
  "b": 3.3218746185302734,
  "c": 7.040276050567627,
  "d": 4.378351211547852,
  "e": 9.27945327758789,
  "f": 35200000,
  "g": 73900000,
  "h": 48900000,
  "i": 103000000,
  "j": 34500000,
  "k": 73200000,
  "l": 48200000,
  "m": 102000000,
  "n": 630000,
  "o": 630000,
  "p": 745000,
  "q": 745000,
  "r": 1970000,
  "s": 4140000,
  "t": 2800000,
  "u": 5890000
}
