{
  "b": 3.3218746185302734,
  "c": 7.040276050567627,
  "d": 4.378351211547852,
  "e": 9.27945327758789,
  "f": 35163388,
  "g": 73863504,
  "h": 48890172,
  "i": 102836224,
  "j": 34547496,
  "k": 73218872,
  "l": 48161864,
  "m": 102073984,
  "n": 615897,
  "o": 644629,
  "p": 728302,
  "q": 762240,
  "r": 1972643,
  "s": 4142050,
  "t": 2802862,
  "u": 5894636
}
