{
  "b": 0.8794758915901184,
  "c": 1.8852239847183228,
  "d": 1.0780507326126099,
  "e": 2.3108739852905273,
  "f": 9299030,
  "g": 19767386,
  "h": 12032766,
  "i": 25603612,
  "j": 9146549,
  "k": 19606330,
  "l": 11858558,
  "m": 25419614,
  "n": 152481,
  "o": 161055,
  "p": 174208,
  "q": 183998,
  "r": 386535,
  "s": 820176,
  "t": 510649,
  "u": 1084872
}
