{
  "b": 14.868268013000488,
  "c": 31.2418212890625,
  "d": 18.592998504638672,
  "e": 39.06840133666992,
  "f": 157000000,
  "g": 328000000,
  "h": 207000000,
  "i": 433000000,
  "j": 155000000,
  "k": 325000000,
  "l": 205000000,
  "m": 430000000,
  "n": 2580000,
  "o": 2580000,
  "p": 2970000,
  "q": 2970000,
  "r": 3020000,
  "s": 6270000,
  "t": 4010000,
  "u": 8340000
}
