{
  "b": 27.713485717773438,
  "c": 57.12814712524414,
  "d": 35.0068244934082,
  "e": 72.1617660522461,
  "f": 293000000,
  "g": 599000000,
  "h": 391000000,
  "i": 800000000,
  "j": 288000000,
  "k": 594000000,
  "l": 385000000,
  "m": 794000000,
  "n": 4890000,
  "o": 4890000,
  "p": 5850000,
  "q": 5850000,
  "r": 6640000,
  "s": 13500000,
  "t": 9340000,
  "u": 19000000
}
