{
  "b": 61.48822021484375,
  "c": 126.19902801513672,
  "d": 73.6026382446289,
  "e": 151.06324768066406,
  "f": 650000000,
  "g": 1320000000,
  "h": 822000000,
  "i": 1670000000,
  "j": 639000000,
  "k": 1310000000,
  "l": 810000000,
  "m": 1660000000,
  "n": 10800000,
  "o": 10800000,
  "p": 12000000,
  "q": 12000000,
  "r": 78500000,
  "s": 160000000,
  "t": 102000000,
  "u": 209000000
}
