{
  "b": 27.713485717773438,
  "c": 57.12814712524414,
  "d": 35.0068244934082,
  "e": 72.1617660522461,
  "f": 293058656,
  "g": 599075264,
  "h": 390862336,
  "i": 799691456,
  "j": 288220256,
  "k": 594132736,
  "l": 385075072,
  "m": 793779456,
  "n": 4838402,
  "o": 4942465,
  "p": 5787226,
  "q": 5912061,
  "r": 6639874,
  "s": 13521831,
  "t": 9339888,
  "u": 19043280
}
