{
  "b": 14.868268013000488,
  "c": 31.2418212890625,
  "d": 18.592998504638672,
  "e": 39.06840133666992,
  "f": 157162576,
  "g": 327552224,
  "h": 207435264,
  "i": 432785216,
  "j": 154629984,
  "k": 324914944,
  "l": 204522992,
  "m": 429752416,
  "n": 2532606,
  "o": 2637263,
  "p": 2912260,
  "q": 3032726,
  "r": 3015147,
  "s": 6266418,
  "t": 4007545,
  "u": 8339671
}
