{
  "b": 31.759925842285156,
  "c": 65.39128875732422,
  "d": 37.63557434082031,
  "e": 77.4883804321289,
  "f": 335822304,
  "g": 685714368,
  "h": 420283648,
  "i": 858809088,
  "j": 330303232,
  "k": 680069376,
  "l": 413991328,
  "m": 852372224,
  "n": 5519090,
  "o": 5645031,
  "p": 6292368,
  "q": 6436778,
  "r": 5824922,
  "s": 11851287,
  "t": 7632370,
  "u": 15545587
}
