{
  "b": 26.703519821166992,
  "c": 54.255863189697266,
  "d": 30.779996871948242,
  "e": 62.53765106201172,
  "f": 282000000,
  "g": 569000000,
  "h": 344000000,
  "i": 693000000,
  "j": 278000000,
  "k": 564000000,
  "l": 339000000,
  "m": 688000000,
  "n": 4640000,
  "o": 4640000,
  "p": 5310000,
  "q": 5310000,
  "r": 5140000,
  "s": 10300000,
  "t": 6490000,
  "u": 13000000
}
