{
  "b": 26.703519821166992,
  "c": 54.255863189697266,
  "d": 30.779996871948242,
  "e": 62.53765106201172,
  "f": 282339616,
  "g": 568919424,
  "h": 343866432,
  "i": 693241728,
  "j": 277716608,
  "k": 564260992,
  "l": 338579968,
  "m": 687914176,
  "n": 4623047,
  "o": 4658456,
  "p": 5286473,
  "q": 5327500,
  "r": 5136263,
  "s": 10307616,
  "t": 6488496,
  "u": 13032804
}
