{
  "b": 73.9012222290039,
  "c": 153.71522521972656,
  "d": 83.86259460449219,
  "e": 174.432861328125,
  "f": 781377792,
  "g": 1611830400,
  "h": 936582912,
  "i": 1933282688,
  "j": 768572736,
  "k": 1598638336,
  "l": 922488512,
  "m": 1918761472,
  "n": 12805053,
  "o": 13192027,
  "p": 14094353,
  "q": 14521231,
  "r": 27558930,
  "s": 56539708,
  "t": 33651920,
  "u": 69114688
}
