{
  "b": 73.9012222290039,
  "c": 153.71522521972656,
  "d": 83.86259460449219,
  "e": 174.432861328125,
  "f": 781000000,
  "g": 1610000000,
  "h": 937000000,
  "i": 1930000000,
  "j": 769000000,
  "k": 1600000000,
  "l": 922000000,
  "m": 1920000000,
  "n": 13000000,
  "o": 13000000,
  "p": 14300000,
  "q": 14300000,
  "r": 27600000,
  "s": 56500000,
  "t": 33700000,
  "u": 69100000
}
