{
  "b": 130.4688262939453,
  "c": 272.6600646972656,
  "d": 155.8526153564453,
  "e": 325.7091064453125,
  "f": 1380000000,
  "g": 2860000000,
  "h": 1740000000,
  "i": 3610000000,
  "j": 1360000000,
  "k": 2840000000,
  "l": 1710000000,
  "m": 3580000000,
  "n": 23100000,
  "o": 23100000,
  "p": 25700000,
  "q": 25700000,
  "r": 73700000,
  "s": 152000000,
  "t": 92900000,
  "u": 192000000
}
