{
  "b": 11.04276180267334,
  "c": 23.381046295166016,
  "d": 14.946662902832031,
  "e": 31.646589279174805,
  "f": 117000000,
  "g": 245000000,
  "h": 167000000,
  "i": 350000000,
  "j": 115000000,
  "k": 243000000,
  "l": 164000000,
  "m": 348000000,
  "n": 1880000,
  "o": 1880000,
  "p": 2250000,
  "q": 2250000,
  "r": 15200000,
  "s": 31900000,
  "t": 22600000,
  "u": 47500000
}
