{
  "b": 130.4688262939453,
  "c": 272.6600646972656,
  "d": 155.8526153564453,
  "e": 325.7091064453125,
  "f": 1379510528,
  "g": 2859231744,
  "h": 1739589888,
  "i": 3609054976,
  "j": 1356875776,
  "k": 2835664640,
  "l": 1714378752,
  "m": 3582800128,
  "n": 22634736,
  "o": 23567160,
  "p": 25211224,
  "q": 26255136,
  "r": 73692824,
  "s": 152165024,
  "t": 92902760,
  "u": 192059952
}
