{
  "b": 9.680461883544922,
  "c": 20.712650299072266,
  "d": 13.32912826538086,
  "e": 28.519407272338867,
  "f": 102343792,
  "g": 217173952,
  "h": 148691456,
  "i": 315902976,
  "j": 100676800,
  "k": 215411568,
  "l": 146620416,
  "m": 313713472,
  "n": 1666990,
  "o": 1762379,
  "p": 2071012,
  "q": 2189525,
  "r": 3354360,
  "s": 7090551,
  "t": 4939138,
  "u": 10457282
}
