{
  "b": 14.293951034545898,
  "c": 30.231000900268555,
  "d": 16.90652847290039,
  "e": 35.756526947021484,
  "f": 151000000,
  "g": 317000000,
  "h": 189000000,
  "i": 396000000,
  "j": 149000000,
  "k": 314000000,
  "l": 186000000,
  "m": 393000000,
  "n": 2550000,
  "o": 2550000,
  "p": 2990000,
  "q": 2990000,
  "r": 3110000,
  "s": 6490000,
  "t": 4000000,
  "u": 8360000
}
