{
  "b": 2.6710805892944336,
  "c": 5.600076675415039,
  "d": 3.389775276184082,
  "e": 7.107005596160889,
  "f": 28300000,
  "g": 58700000,
  "h": 37900000,
  "i": 78800000,
  "j": 27800000,
  "k": 58200000,
  "l": 37300000,
  "m": 78200000,
  "n": 496000,
  "o": 496000,
  "p": 586000,
  "q": 586000,
  "r": 1500000,
  "s": 3110000,
  "t": 2000000,
  "u": 4160000
}
