{
  "b": 7.690723896026611,
  "c": 16.68398666381836,
  "d": 9.389111518859863,
  "e": 20.368289947509766,
  "f": 81300000,
  "g": 175000000,
  "h": 105000000,
  "i": 226000000,
  "j": 80000000,
  "k": 174000000,
  "l": 103000000,
  "m": 224000000,
  "n": 1340000,
  "o": 1340000,
  "p": 1540000,
  "q": 1540000,
  "r": 2180000,
  "s": 4670000,
  "t": 2920000,
  "u": 6270000
}
