{
  "b": 7.690723896026611,
  "c": 16.68398666381836,
  "d": 9.389111518859863,
  "e": 20.368289947509766,
  "f": 81277504,
  "g": 174901840,
  "h": 104768208,
  "i": 225647808,
  "j": 79983528,
  "k": 173513456,
  "l": 103280224,
  "m": 224051184,
  "n": 1293977,
  "o": 1388368,
  "p": 1487998,
  "q": 1596646,
  "r": 2179375,
  "s": 4670817,
  "t": 2922084,
  "u": 6270419
}
