{
  "b": 14.293951034545898,
  "c": 30.231000900268555,
  "d": 16.90652847290039,
  "e": 35.756526947021484,
  "f": 151145824,
  "g": 317009792,
  "h": 188890368,
  "i": 396379712,
  "j": 148657088,
  "k": 314402400,
  "l": 185971808,
  "m": 393321792,
  "n": 2488743,
  "o": 2607386,
  "p": 2918570,
  "q": 3057912,
  "r": 3108557,
  "s": 6492601,
  "t": 3997208,
  "u": 8355594
}
