{
  "b": 37.61576461791992,
  "c": 76.47279357910156,
  "d": 50.22704315185547,
  "e": 102.1112289428711,
  "f": 397779872,
  "g": 801946112,
  "h": 560700160,
  "i": 1131492864,
  "j": 391203936,
  "k": 795317056,
  "l": 552497472,
  "m": 1123223552,
  "n": 6575947,
  "o": 6629006,
  "p": 8202620,
  "q": 8269274,
  "r": 11654486,
  "s": 23408466,
  "t": 17132932,
  "u": 34457044
}
