{
  "b": 2.6710805892944336,
  "c": 5.600076675415039,
  "d": 3.389775276184082,
  "e": 7.107005596160889,
  "f": 28266292,
  "g": 58745932,
  "h": 37862984,
  "i": 78773856,
  "j": 27779238,
  "k": 58240796,
  "l": 37287528,
  "m": 78177064,
  "n": 487053,
  "o": 505130,
  "p": 575453,
  "q": 596792,
  "r": 1497063,
  "s": 3106424,
  "t": 2004217,
  "u": 4164350
}
