{
  "b": 55.21223831176758,
  "c": 113.9906005859375,
  "d": 71.45207214355469,
  "e": 147.51824951171875,
  "f": 583832832,
  "g": 1195345920,
  "h": 797388032,
  "i": 1634375296,
  "j": 574207296,
  "k": 1185502208,
  "l": 785972800,
  "m": 1622700800,
  "n": 9625597,
  "o": 9843761,
  "p": 11415170,
  "q": 11674530,
  "r": 21083290,
  "s": 43000404,
  "t": 29416856,
  "u": 60086236
}
