{
  "b": 10.912092208862305,
  "c": 23.5418643951416,
  "d": 13.173913955688477,
  "e": 28.421356201171875,
  "f": 115000000,
  "g": 247000000,
  "h": 147000000,
  "i": 315000000,
  "j": 113000000,
  "k": 245000000,
  "l": 145000000,
  "m": 313000000,
  "n": 1930000,
  "o": 1930000,
  "p": 2200000,
  "q": 2200000,
  "r": 10500000,
  "s": 22500000,
  "t": 13600000,
  "u": 29100000
}
