{
  "b": 12.341994285583496,
  "c": 26.46259117126465,
  "d": 18.212554931640625,
  "e": 39.0494499206543,
  "f": 130000000,
  "g": 277000000,
  "h": 203000000,
  "i": 432000000,
  "j": 128000000,
  "k": 275000000,
  "l": 200000000,
  "m": 430000000,
  "n": 2130000,
  "o": 2130000,
  "p": 2760000,
  "q": 2760000,
  "r": 4430000,
  "s": 9380000,
  "t": 7310000,
  "u": 15500000
}
