{
  "b": 423.8916320800781,
  "c": 847.4388427734375,
  "d": 492.7742614746094,
  "e": 985.1470947265625,
  "f": 4480000000,
  "g": 8890000000,
  "h": 5500000000,
  "i": 10900000000,
  "j": 4410000000,
  "k": 8810000000,
  "l": 5420000000,
  "m": 10800000000,
  "n": 74200000,
  "o": 74200000,
  "p": 81300000,
  "q": 81300000,
  "r": 315000000,
  "s": 622000000,
  "t": 382000000,
  "u": 757000000
}
