{
  "b": 423.8916320800781,
  "c": 847.4388427734375,
  "d": 492.7742614746094,
  "e": 985.1470947265625,
  "f": 4482866176,
  "g": 8887312384,
  "h": 5502014464,
  "i": 10917630976,
  "j": 4408473088,
  "k": 8813364224,
  "l": 5420516864,
  "m": 10836618240,
  "n": 74393424,
  "o": 73949480,
  "p": 81497648,
  "q": 81012600,
  "r": 314844256,
  "s": 622410688,
  "t": 382363360,
  "u": 756720192
}
