{
  "b": 55.21223831176758,
  "c": 113.9906005859375,
  "d": 71.45207214355469,
  "e": 147.51824951171875,
  "f": 584000000,
  "g": 1200000000,
  "h": 797000000,
  "i": 1630000000,
  "j": 574000000,
  "k": 1190000000,
  "l": 786000000,
  "m": 1620000000,
  "n": 9730000,
  "o": 9730000,
  "p": 11500000,
  "q": 11500000,
  "r": 21100000,
  "s": 43000000,
  "t": 29400000,
  "u": 60100000
}
