{
  "b": 12.341994285583496,
  "c": 26.46259117126465,
  "d": 18.212554931640625,
  "e": 39.0494499206543,
  "f": 130429056,
  "g": 277406432,
  "h": 203018208,
  "i": 432383360,
  "j": 128356736,
  "k": 275210944,
  "l": 200338112,
  "m": 429543968,
  "n": 2072320,
  "o": 2195503,
  "p": 2680096,
  "q": 2839393,
  "r": 4425911,
  "s": 9376207,
  "t": 7305370,
  "u": 15501046
}
