{
  "b": 7.034270763397217,
  "c": 15.11247730255127,
  "d": 9.125407218933105,
  "e": 19.604907989501953,
  "f": 74365568,
  "g": 158452352,
  "h": 101768400,
  "i": 217127216,
  "j": 73156416,
  "k": 157169760,
  "l": 100379480,
  "m": 215653984,
  "n": 1209150,
  "o": 1282587,
  "p": 1388914,
  "q": 1473235,
  "r": 2902557,
  "s": 6175404,
  "t": 3990049,
  "u": 8501296
}
