{
  "b": 20.33143424987793,
  "c": 42.41964340209961,
  "d": 21.58629608154297,
  "e": 45.03762435913086,
  "f": 214968304,
  "g": 444803808,
  "h": 241386992,
  "i": 499484000,
  "j": 211446912,
  "k": 441164288,
  "l": 237449248,
  "m": 495413888,
  "n": 3521410,
  "o": 3639550,
  "p": 3937734,
  "q": 4070119,
  "r": 4164684,
  "s": 8591055,
  "t": 4880956,
  "u": 10072394
}
