{
  "b": 11.973723411560059,
  "c": 25.178537368774414,
  "d": 14.445143699645996,
  "e": 30.375455856323242,
  "f": 126613720,
  "g": 264030544,
  "h": 161307648,
  "i": 336641440,
  "j": 124526720,
  "k": 261856784,
  "l": 158896576,
  "m": 334130016,
  "n": 2087006,
  "o": 2173769,
  "p": 2411063,
  "q": 2511439,
  "r": 1974727,
  "s": 4105693,
  "t": 2619609,
  "u": 5452555
}
