{
  "b": 11.973723411560059,
  "c": 25.178537368774414,
  "d": 14.445143699645996,
  "e": 30.375455856323242,
  "f": 127000000,
  "g": 264000000,
  "h": 161000000,
  "i": 337000000,
  "j": 125000000,
  "k": 262000000,
  "l": 159000000,
  "m": 334000000,
  "n": 2130000,
  "o": 2130000,
  "p": 2460000,
  "q": 2460000,
  "r": 1970000,
  "s": 4110000,
  "t": 2620000,
  "u": 5450000
}
