{
  "b": 27.066791534423828,
  "c": 57.62363052368164,
  "d": 35.079559326171875,
  "e": 74.68167877197266,
  "f": 286000000,
  "g": 604000000,
  "h": 391000000,
  "i": 827000000,
  "j": 281000000,
  "k": 599000000,
  "l": 386000000,
  "m": 821000000,
  "n": 4810000,
  "o": 4810000,
  "p": 5610000,
  "q": 5610000,
  "r": 28000000,
  "s": 59100000,
  "t": 38600000,
  "u": 81500000
}
