{
  "b": 1.8332301378250122,
  "c": 3.9325215816497803,
  "d": 2.201270341873169,
  "e": 4.722076416015625,
  "f": 19380620,
  "g": 41231528,
  "h": 24565260,
  "i": 52314500,
  "j": 19065594,
  "k": 40898224,
  "l": 24213974,
  "m": 51942840,
  "n": 315025,
  "o": 333302,
  "p": 351286,
  "q": 371661,
  "r": 633595,
  "s": 1345616,
  "t": 812072,
  "u": 1726718
}
