{
  "b": 30.406829833984375,
  "c": 62.376739501953125,
  "d": 35.29469680786133,
  "e": 72.40290069580078,
  "f": 321000000,
  "g": 654000000,
  "h": 394000000,
  "i": 802000000,
  "j": 316000000,
  "k": 649000000,
  "l": 388000000,
  "m": 796000000,
  "n": 5290000,
  "o": 5290000,
  "p": 5970000,
  "q": 5970000,
  "r": 21800000,
  "s": 44400000,
  "t": 25900000,
  "u": 52700000
}
