{
  "b": 20.33143424987793,
  "c": 42.41964340209961,
  "d": 21.58629608154297,
  "e": 45.03762435913086,
  "f": 215000000,
  "g": 445000000,
  "h": 241000000,
  "i": 499000000,
  "j": 211000000,
  "k": 441000000,
  "l": 237000000,
  "m": 495000000,
  "n": 3580000,
  "o": 3580000,
  "p": 4000000,
  "q": 4000000,
  "r": 4160000,
  "s": 8590000,
  "t": 4880000,
  "u": 10100000
}
