{
  "b": 32.926109313964844,
  "c": 69.00565338134766,
  "d": 38.867454528808594,
  "e": 81.45710754394531,
  "f": 348015552,
  "g": 723461824,
  "h": 433681408,
  "i": 902408512,
  "j": 342431552,
  "k": 717658816,
  "l": 427542016,
  "m": 896028224,
  "n": 5583966,
  "o": 5803013,
  "p": 6139373,
  "q": 6380240,
  "r": 12375010,
  "s": 25694880,
  "t": 15564566,
  "u": 32351560
}
