{
  "b": 27.761064529418945,
  "c": 55.30663299560547,
  "d": 33.69987487792969,
  "e": 67.13740539550781,
  "f": 293671744,
  "g": 580093312,
  "h": 376662976,
  "i": 744413248,
  "j": 288715072,
  "k": 575188992,
  "l": 370698624,
  "m": 738511488,
  "n": 4956689,
  "o": 4904368,
  "p": 5964365,
  "q": 5901738,
  "r": 6260126,
  "s": 12329420,
  "t": 8285923,
  "u": 16333486
}
