{
  "b": 124.68550109863281,
  "c": 250.93508911132812,
  "d": 143.41026306152344,
  "e": 288.61822509765625,
  "f": 1318938880,
  "g": 2631879936,
  "h": 1602480768,
  "i": 3199708160,
  "j": 1296729216,
  "k": 2609724928,
  "l": 1577512960,
  "m": 3174800640,
  "n": 22209752,
  "o": 22155072,
  "p": 24967976,
  "q": 24907690,
  "r": 139338416,
  "s": 277443136,
  "t": 173852128,
  "u": 346487968
}
