{
  "b": 32.926109313964844,
  "c": 69.00565338134766,
  "d": 38.867454528808594,
  "e": 81.45710754394531,
  "f": 348000000,
  "g": 723000000,
  "h": 434000000,
  "i": 902000000,
  "j": 342000000,
  "k": 718000000,
  "l": 428000000,
  "m": 896000000,
  "n": 5690000,
  "o": 5690000,
  "p": 6260000,
  "q": 6260000,
  "r": 12400000,
  "s": 25700000,
  "t": 15600000,
  "u": 32400000
}
