{
  "b": 27.761064529418945,
  "c": 55.30663299560547,
  "d": 33.69987487792969,
  "e": 67.13740539550781,
  "f": 294000000,
  "g": 580000000,
  "h": 377000000,
  "i": 744000000,
  "j": 289000000,
  "k": 575000000,
  "l": 371000000,
  "m": 739000000,
  "n": 4930000,
  "o": 4930000,
  "p": 5930000,
  "q": 5930000,
  "r": 6260000,
  "s": 12300000,
  "t": 8290000,
  "u": 16300000
}
