{
  "b": 2.5727059841156006,
  "c": 5.54748010635376,
  "d": 2.937047004699707,
  "e": 6.333114147186279,
  "f": 27200000,
  "g": 58200000,
  "h": 32800000,
  "i": 70200000,
  "j": 26800000,
  "k": 57700000,
  "l": 32300000,
  "m": 69700000,
  "n": 465000,
  "o": 465000,
  "p": 538000,
  "q": 538000,
  "r": 1830000,
  "s": 3920000,
  "t": 2270000,
  "u": 4840000
}
