{
  "b": 2.5727059841156006,
  "c": 5.54748010635376,
  "d": 2.937047004699707,
  "e": 6.333114147186279,
  "f": 27207430,
  "g": 58172872,
  "h": 32829832,
  "i": 70218728,
  "j": 26756142,
  "k": 57693792,
  "l": 32307518,
  "m": 69664256,
  "n": 451287,
  "o": 479077,
  "p": 522311,
  "q": 554467,
  "r": 1834022,
  "s": 3915241,
  "t": 2267338,
  "u": 4843259
}
