{
  "b": 16.024324417114258,
  "c": 34.02256393432617,
  "d": 19.725183486938477,
  "e": 41.879947662353516,
  "f": 169339040,
  "g": 356657184,
  "h": 219953440,
  "i": 463807136,
  "j": 166652976,
  "k": 353834656,
  "l": 216977024,
  "m": 460679424,
  "n": 2686075,
  "o": 2822535,
  "p": 2976429,
  "q": 3127725,
  "r": 3742710,
  "s": 7859799,
  "t": 5024687,
  "u": 10566574
}
