{
  "b": 1.4521067142486572,
  "c": 3.1255106925964355,
  "d": 1.7996405363082886,
  "e": 3.8735709190368652,
  "f": 15353264,
  "g": 32772400,
  "h": 20077442,
  "i": 42908292,
  "j": 15101910,
  "k": 32505312,
  "l": 19796046,
  "m": 42609280,
  "n": 251353,
  "o": 267090,
  "p": 281397,
  "q": 299009,
  "r": 505301,
  "s": 1076885,
  "t": 672848,
  "u": 1436010
}
