{
  "b": 3.1645328998565674,
  "c": 6.599187850952148,
  "d": 3.9408745765686035,
  "e": 8.21827220916748,
  "f": 33500000,
  "g": 69200000,
  "h": 44000000,
  "i": 91100000,
  "j": 32900000,
  "k": 68600000,
  "l": 43300000,
  "m": 90400000,
  "n": 588000,
  "o": 588000,
  "p": 697000,
  "q": 697000,
  "r": 1930000,
  "s": 3990000,
  "t": 2690000,
  "u": 5570000
}
