{
  "b": 105.73358917236328,
  "c": 218.9882354736328,
  "d": 128.69677734375,
  "e": 266.54400634765625,
  "f": 1120000000,
  "g": 2300000000,
  "h": 1440000000,
  "i": 2950000000,
  "j": 1100000000,
  "k": 2280000000,
  "l": 1420000000,
  "m": 2930000000,
  "n": 18800000,
  "o": 18800000,
  "p": 22000000,
  "q": 22000000,
  "r": 106000000,
  "s": 217000000,
  "t": 141000000,
  "u": 288000000
}
