{
  "b": 1.4521067142486572,
  "c": 3.1255106925964355,
  "d": 1.7996405363082886,
  "e": 3.8735709190368652,
  "f": 15400000,
  "g": 32800000,
  "h": 20100000,
  "i": 42900000,
  "j": 15100000,
  "k": 32500000,
  "l": 19800000,
  "m": 42600000,
  "n": 259000,
  "o": 259000,
  "p": 290000,
  "q": 290000,
  "r": 505000,
  "s": 1080000,
  "t": 673000,
  "u": 1440000
}
