{
  "b": 32.529212951660156,
  "c": 67.34679412841797,
  "d": 36.21816635131836,
  "e": 74.98396301269531,
  "f": 344000000,
  "g": 706000000,
  "h": 405000000,
  "i": 832000000,
  "j": 338000000,
  "k": 700000000,
  "l": 398000000,
  "m": 825000000,
  "n": 5690000,
  "o": 5690000,
  "p": 6730000,
  "q": 6730000,
  "r": 8430000,
  "s": 17300000,
  "t": 10200000,
  "u": 20900000
}
