{
  "b": 137.39788818359375,
  "c": 285.4602966308594,
  "d": 163.2476806640625,
  "e": 339.1631774902344,
  "f": 1452507904,
  "g": 2993054720,
  "h": 1821894912,
  "i": 3757741056,
  "j": 1428937984,
  "k": 2968786944,
  "l": 1795724544,
  "m": 3730795008,
  "n": 23570012,
  "o": 24267534,
  "p": 26170220,
  "q": 26946184,
  "r": 55151268,
  "s": 113209872,
  "t": 69825752,
  "u": 143510848
}
