{
  "b": 137.39788818359375,
  "c": 285.4602966308594,
  "d": 163.2476806640625,
  "e": 339.1631774902344,
  "f": 1450000000,
  "g": 2990000000,
  "h": 1820000000,
  "i": 3760000000,
  "j": 1430000000,
  "k": 2970000000,
  "l": 1800000000,
  "m": 3730000000,
  "n": 23900000,
  "o": 23900000,
  "p": 26600000,
  "q": 26600000,
  "r": 55200000,
  "s": 113000000,
  "t": 69800000,
  "u": 144000000
}
