{
  "b": 105.73358917236328,
  "c": 218.9882354736328,
  "d": 128.69677734375,
  "e": 266.54400634765625,
  "f": 1118178688,
  "g": 2296491776,
  "h": 1437413248,
  "i": 2954278656,
  "j": 1099629312,
  "k": 2277477632,
  "l": 1415664512,
  "m": 2931984128,
  "n": 18549466,
  "o": 19014286,
  "p": 21748804,
  "q": 22294606,
  "r": 105913896,
  "s": 216608160,
  "t": 140694176,
  "u": 288044064
}
