{
  "b": 9.409379005432129,
  "c": 20.032848358154297,
  "d": 14.571162223815918,
  "e": 31.022281646728516,
  "f": 99484056,
  "g": 210051872,
  "h": 162221232,
  "i": 343283328,
  "j": 97857544,
  "k": 208341616,
  "l": 160282784,
  "m": 341245088,
  "n": 1626507,
  "o": 1710258,
  "p": 1938454,
  "q": 2038263,
  "r": 4052933,
  "s": 8536769,
  "t": 6872885,
  "u": 14512333
}
