{
  "b": 9.596909523010254,
  "c": 20.325254440307617,
  "d": 11.549540519714355,
  "e": 24.46066665649414,
  "f": 101447832,
  "g": 213105888,
  "h": 128994880,
  "i": 271116352,
  "j": 99807856,
  "k": 211382640,
  "l": 127044944,
  "m": 269067328,
  "n": 1639980,
  "o": 1723234,
  "p": 1949923,
  "q": 2049013,
  "r": 1142690,
  "s": 2392889,
  "t": 1484353,
  "u": 3110768
}
