{
  "b": 57.105613708496094,
  "c": 114.3437271118164,
  "d": 78.80340576171875,
  "e": 157.79095458984375,
  "f": 604000000,
  "g": 1200000000,
  "h": 879000000,
  "i": 1750000000,
  "j": 594000000,
  "k": 1190000000,
  "l": 867000000,
  "m": 1740000000,
  "n": 10100000,
  "o": 10100000,
  "p": 11900000,
  "q": 11900000,
  "r": 17100000,
  "s": 33800000,
  "t": 25500000,
  "u": 50600000
}
