{
  "b": 0.14233379065990448,
  "c": 0.3084012269973755,
  "d": 0.1655491590499878,
  "e": 0.3587110638618469,
  "f": 1510000,
  "g": 3230000,
  "h": 1850000,
  "i": 3980000,
  "j": 1480000,
  "k": 3210000,
  "l": 1820000,
  "m": 3950000,
  "n": 26100,
  "o": 26100,
  "p": 30200,
  "q": 30200,
  "r": 491000,
  "s": 1050000,
  "t": 614000,
  "u": 1320000
}
