{
  "b": 224.69769287109375,
  "c": 458.68634033203125,
  "d": 283.4570007324219,
  "e": 578.6298217773438,
  "f": 2377286400,
  "g": 4811240448,
  "h": 3167191552,
  "i": 6414669312,
  "j": 2336856064,
  "k": 4770337792,
  "l": 3118027008,
  "m": 6364928000,
  "n": 40430544,
  "o": 40902744,
  "p": 49164652,
  "q": 49742104,
  "r": 306946176,
  "s": 617520512,
  "t": 419780448,
  "u": 845492992
}
