{
  "b": 9.409379005432129,
  "c": 20.032848358154297,
  "d": 14.571162223815918,
  "e": 31.022281646728516,
  "f": 99500000,
  "g": 210000000,
  "h": 162000000,
  "i": 343000000,
  "j": 97900000,
  "k": 208000000,
  "l": 160000000,
  "m": 341000000,
  "n": 1670000,
  "o": 1670000,
  "p": 1990000,
  "q": 1990000,
  "r": 4050000,
  "s": 8540000,
  "t": 6870000,
  "u": 14500000
}
