{
  "b": 0.14233379065990448,
  "c": 0.3084012269973755,
  "d": 0.1655491590499878,
  "e": 0.3587110638618469,
  "f": 1505566,
  "g": 3234351,
  "h": 1850295,
  "i": 3977023,
  "j": 1480272,
  "k": 3207373,
  "l": 1821041,
  "m": 3945822,
  "n": 25294,
  "o": 26978,
  "p": 29254,
  "q": 31201,
  "r": 491206,
  "s": 1053793,
  "t": 613625,
  "u": 1317467
}
