{
  "b": 224.69769287109375,
  "c": 458.68634033203125,
  "d": 283.4570007324219,
  "e": 578.6298217773438,
  "f": 2380000000,
  "g": 4810000000,
  "h": 3170000000,
  "i": 6410000000,
  "j": 2340000000,
  "k": 4770000000,
  "l": 3120000000,
  "m": 6360000000,
  "n": 40700000,
  "o": 40700000,
  "p": 49500000,
  "q": 49500000,
  "r": 307000000,
  "s": 618000000,
  "t": 420000000,
  "u": 845000000
}
