{
  "b": 9.596909523010254,
  "c": 20.325254440307617,
  "d": 11.549540519714355,
  "e": 24.46066665649414,
  "f": 101000000,
  "g": 213000000,
  "h": 129000000,
  "i": 271000000,
  "j": 99800000,
  "k": 211000000,
  "l": 127000000,
  "m": 269000000,
  "n": 1680000,
  "o": 1680000,
  "p": 2000000,
  "q": 2000000,
  "r": 1140000,
  "s": 2390000,
  "t": 1480000,
  "u": 3110000
}
