{
  "b": 57.105613708496094,
  "c": 114.3437271118164,
  "d": 78.80340576171875,
  "e": 157.79095458984375,
  "f": 604014848,
  "g": 1199234688,
  "h": 878817280,
  "i": 1747613568,
  "j": 593898368,
  "k": 1189174784,
  "l": 866837440,
  "m": 1735700480,
  "n": 10116533,
  "o": 10059973,
  "p": 11979884,
  "q": 11913100,
  "r": 17095140,
  "s": 33835808,
  "t": 25529248,
  "u": 50629836
}
