{
  "b": 216.29693603515625,
  "c": 421.2422790527344,
  "d": 345.41986083984375,
  "e": 672.7080688476562,
  "f": 2287572992,
  "g": 4417894400,
  "h": 3847313664,
  "i": 7446094336,
  "j": 2249488128,
  "k": 4380919808,
  "l": 3799618304,
  "m": 7399788544,
  "n": 38084616,
  "o": 36974536,
  "p": 47695244,
  "q": 46305628,
  "r": 92493088,
  "s": 178328176,
  "t": 158716032,
  "u": 306741760
}
