{
  "b": 682.481201171875,
  "c": 1361.16015625,
  "d": 872.8980712890625,
  "e": 1741.0372314453125,
  "f": 7220000000,
  "g": 14300000000,
  "h": 9750000000,
  "i": 19300000000,
  "j": 7100000000,
  "k": 14200000000,
  "l": 9600000000,
  "m": 19200000000,
  "n": 125000000,
  "o": 125000000,
  "p": 144000000,
  "q": 144000000,
  "r": 911000000,
  "s": 1790000000,
  "t": 1230000000,
  "u": 2430000000
}
