{
  "b": 0.6156613826751709,
  "c": 1.3368828296661377,
  "d": 0.7229425311088562,
  "e": 1.5698411464691162,
  "f": 6510327,
  "g": 14018912,
  "h": 8074692,
  "i": 17399554,
  "j": 6402879,
  "k": 13903581,
  "l": 7952368,
  "m": 17268252,
  "n": 107449,
  "o": 115330,
  "p": 122324,
  "q": 131301,
  "r": 399965,
  "s": 859425,
  "t": 508797,
  "u": 1094344
}
