{
  "b": 65.16673278808594,
  "c": 135.03941345214844,
  "d": 78.3768310546875,
  "e": 162.41078186035156,
  "f": 688995392,
  "g": 1415973760,
  "h": 874765056,
  "i": 1799478784,
  "j": 677734016,
  "k": 1404409856,
  "l": 862145152,
  "m": 1786518528,
  "n": 11261379,
  "o": 11563652,
  "p": 12620055,
  "q": 12959958,
  "r": 17500444,
  "s": 35792884,
  "t": 23083772,
  "u": 47278468
}
