{
  "b": 3.3780527114868164,
  "c": 7.290281772613525,
  "d": 4.053518772125244,
  "e": 8.747990608215332,
  "f": 35700000,
  "g": 76400000,
  "h": 45200000,
  "i": 96900000,
  "j": 35100000,
  "k": 75800000,
  "l": 44600000,
  "m": 96200000,
  "n": 588000,
  "o": 588000,
  "p": 663000,
  "q": 663000,
  "r": 906000,
  "s": 1930000,
  "t": 1160000,
  "u": 2480000
}
