{
  "b": 65.16673278808594,
  "c": 135.03941345214844,
  "d": 78.3768310546875,
  "e": 162.41078186035156,
  "f": 689000000,
  "g": 1420000000,
  "h": 875000000,
  "i": 1800000000,
  "j": 678000000,
  "k": 1400000000,
  "l": 862000000,
  "m": 1790000000,
  "n": 11400000,
  "o": 11400000,
  "p": 12800000,
  "q": 12800000,
  "r": 17500000,
  "s": 35800000,
  "t": 23100000,
  "u": 47300000
}
