{
  "b": 3.3780527114868164,
  "c": 7.290281772613525,
  "d": 4.053518772125244,
  "e": 8.747990608215332,
  "f": 35700508,
  "g": 76426064,
  "h": 45229936,
  "i": 96912424,
  "j": 35131748,
  "k": 75818928,
  "l": 44588708,
  "m": 96227896,
  "n": 568758,
  "o": 607132,
  "p": 641228,
  "q": 684526,
  "r": 906060,
  "s": 1932841,
  "t": 1160272,
  "u": 2477955
}
