{
  "b": 216.29693603515625,
  "c": 421.2422790527344,
  "d": 345.41986083984375,
  "e": 672.7080688476562,
  "f": 2290000000,
  "g": 4420000000,
  "h": 3850000000,
  "i": 7450000000,
  "j": 2250000000,
  "k": 4380000000,
  "l": 3800000000,
  "m": 7400000000,
  "n": 37500000,
  "o": 37500000,
  "p": 47000000,
  "q": 47000000,
  "r": 92500000,
  "s": 178000000,
  "t": 159000000,
  "u": 307000000
}
