{
  "b": 682.481201171875,
  "c": 1361.16015625,
  "d": 872.8980712890625,
  "e": 1741.0372314453125,
  "f": 7223100416,
  "g": 14280376320,
  "h": 9746608128,
  "i": 19294998528,
  "j": 7097804800,
  "k": 14156065792,
  "l": 9601879040,
  "m": 19151409152,
  "n": 125295552,
  "o": 124312616,
  "p": 144729280,
  "q": 143588176,
  "r": 910520768,
  "s": 1793707776,
  "t": 1230813952,
  "u": 2428359936
}
