{
  "b": 8.431909561157227,
  "c": 18.090192794799805,
  "d": 10.276062965393066,
  "e": 22.046667098999023,
  "f": 89125184,
  "g": 189656736,
  "h": 114663024,
  "i": 244236512,
  "j": 87691856,
  "k": 188138000,
  "l": 113036688,
  "m": 242513344,
  "n": 1433334,
  "o": 1518743,
  "p": 1626331,
  "q": 1723177,
  "r": 2044528,
  "s": 4343102,
  "t": 2682246,
  "u": 5704445
}
