{
  "b": 10.845966339111328,
  "c": 23.167768478393555,
  "d": 13.385405540466309,
  "e": 28.59189224243164,
  "f": 115000000,
  "g": 243000000,
  "h": 149000000,
  "i": 317000000,
  "j": 113000000,
  "k": 241000000,
  "l": 147000000,
  "m": 315000000,
  "n": 1940000,
  "o": 1940000,
  "p": 2200000,
  "q": 2200000,
  "r": 15700000,
  "s": 33300000,
  "t": 21000000,
  "u": 44600000
}
