{
  "b": 20.234954833984375,
  "c": 42.987918853759766,
  "d": 23.630929946899414,
  "e": 50.20232009887695,
  "f": 213903248,
  "g": 450720672,
  "h": 263876640,
  "i": 556374464,
  "j": 210443536,
  "k": 447074368,
  "l": 259940224,
  "m": 552225536,
  "n": 3459724,
  "o": 3646314,
  "p": 3936399,
  "q": 4148915,
  "r": 4581927,
  "s": 9622500,
  "t": 5802047,
  "u": 12195228
}
