{
  "b": 20.234954833984375,
  "c": 42.987918853759766,
  "d": 23.630929946899414,
  "e": 50.20232009887695,
  "f": 214000000,
  "g": 451000000,
  "h": 264000000,
  "i": 556000000,
  "j": 210000000,
  "k": 447000000,
  "l": 260000000,
  "m": 552000000,
  "n": 3550000,
  "o": 3550000,
  "p": 4040000,
  "q": 4040000,
  "r": 4580000,
  "s": 9620000,
  "t": 5800000,
  "u": 12200000
}
