{
  "b": 5.467045307159424,
  "c": 11.773929595947266,
  "d": 6.859282970428467,
  "e": 14.772286415100098,
  "f": 57865172,
  "g": 123517400,
  "h": 76618024,
  "i": 163731200,
  "j": 56857272,
  "k": 122448864,
  "l": 75452112,
  "m": 162495152,
  "n": 1007897,
  "o": 1068538,
  "p": 1165916,
  "q": 1236047,
  "r": 7458097,
  "s": 15942848,
  "t": 9817404,
  "u": 21010546
}
