{
  "b": 17.62391471862793,
  "c": 36.225921630859375,
  "d": 22.78131866455078,
  "e": 46.827049255371094,
  "f": 186000000,
  "g": 380000000,
  "h": 254000000,
  "i": 519000000,
  "j": 183000000,
  "k": 377000000,
  "l": 251000000,
  "m": 515000000,
  "n": 3110000,
  "o": 3110000,
  "p": 3800000,
  "q": 3800000,
  "r": 3380000,
  "s": 6870000,
  "t": 4790000,
  "u": 9740000
}
