{
  "b": 8.431909561157227,
  "c": 18.090192794799805,
  "d": 10.276062965393066,
  "e": 22.046667098999023,
  "f": 89100000,
  "g": 190000000,
  "h": 115000000,
  "i": 244000000,
  "j": 87700000,
  "k": 188000000,
  "l": 113000000,
  "m": 243000000,
  "n": 1480000,
  "o": 1480000,
  "p": 1670000,
  "q": 1670000,
  "r": 2040000,
  "s": 4340000,
  "t": 2680000,
  "u": 5700000
}
