{
  "b": 5.467045307159424,
  "c": 11.773929595947266,
  "d": 6.859282970428467,
  "e": 14.772286415100098,
  "f": 57900000,
  "g": 124000000,
  "h": 76600000,
  "i": 164000000,
  "j": 56900000,
  "k": 122000000,
  "l": 75500000,
  "m": 162000000,
  "n": 1040000,
  "o": 1040000,
  "p": 1200000,
  "q": 1200000,
  "r": 7460000,
  "s": 15900000,
  "t": 9820000,
  "u": 21000000
}
