{
  "b": 17.62391471862793,
  "c": 36.225921630859375,
  "d": 22.78131866455078,
  "e": 46.827049255371094,
  "f": 186369760,
  "g": 379888000,
  "h": 254363376,
  "i": 518936864,
  "j": 183288704,
  "k": 376749600,
  "l": 250594496,
  "m": 515097536,
  "n": 3081067,
  "o": 3138446,
  "p": 3768937,
  "q": 3839336,
  "r": 3381124,
  "s": 6865627,
  "t": 4792466,
  "u": 9743609
}
