{
  "b": 10.845966339111328,
  "c": 23.167768478393555,
  "d": 13.385405540466309,
  "e": 28.59189224243164,
  "f": 114682672,
  "g": 242936160,
  "h": 149383024,
  "i": 316775808,
  "j": 112798048,
  "k": 240944784,
  "l": 147239456,
  "m": 314510816,
  "n": 1884635,
  "o": 1991361,
  "p": 2143576,
  "q": 2264990,
  "r": 15719845,
  "s": 33256070,
  "t": 21048780,
  "u": 44581780
}
