{
  "b": 41.23965072631836,
  "c": 83.40230560302734,
  "d": 52.44847869873047,
  "e": 106.07170104980469,
  "f": 436000000,
  "g": 875000000,
  "h": 585000000,
  "i": 1180000000,
  "j": 429000000,
  "k": 867000000,
  "l": 577000000,
  "m": 1170000000,
  "n": 7230000,
  "o": 7230000,
  "p": 8340000,
  "q": 8340000,
  "r": 18900000,
  "s": 37700000,
  "t": 26100000,
  "u": 52200000
}
