{
  "b": 30.55807113647461,
  "c": 62.733219146728516,
  "d": 36.57393264770508,
  "e": 75.08277893066406,
  "f": 323000000,
  "g": 658000000,
  "h": 409000000,
  "i": 832000000,
  "j": 318000000,
  "k": 652000000,
  "l": 402000000,
  "m": 826000000,
  "n": 5460000,
  "o": 5460000,
  "p": 6310000,
  "q": 6310000,
  "r": 7180000,
  "s": 14600000,
  "t": 9310000,
  "u": 18900000
}
