{
  "b": 199.96273803710938,
  "c": 411.8110046386719,
  "d": 256.5777893066406,
  "e": 528.4120483398438,
  "f": 2110000000,
  "g": 4320000000,
  "h": 2860000000,
  "i": 5850000000,
  "j": 2080000000,
  "k": 4280000000,
  "l": 2820000000,
  "m": 5810000000,
  "n": 35000000,
  "o": 35000000,
  "p": 41200000,
  "q": 41200000,
  "r": 573000000,
  "s": 1170000000,
  "t": 804000000,
  "u": 1640000000
}
