{
  "b": 10.662444114685059,
  "c": 22.36366844177246,
  "d": 13.455904006958008,
  "e": 28.22261619567871,
  "f": 113000000,
  "g": 234000000,
  "h": 150000000,
  "i": 313000000,
  "j": 111000000,
  "k": 233000000,
  "l": 148000000,
  "m": 310000000,
  "n": 1860000,
  "o": 1860000,
  "p": 2170000,
  "q": 2170000,
  "r": 1170000,
  "s": 2420000,
  "t": 1610000,
  "u": 3340000
}
