{
  "b": 5.470105171203613,
  "c": 11.730387687683105,
  "d": 7.302917957305908,
  "e": 15.660730361938477,
  "f": 57800000,
  "g": 123000000,
  "h": 81500000,
  "i": 173000000,
  "j": 56900000,
  "k": 122000000,
  "l": 80300000,
  "m": 172000000,
  "n": 970000,
  "o": 970000,
  "p": 1160000,
  "q": 1160000,
  "r": 2200000,
  "s": 4660000,
  "t": 3240000,
  "u": 6860000
}
