{
  "b": 30.55807113647461,
  "c": 62.733219146728516,
  "d": 36.57393264770508,
  "e": 75.08277893066406,
  "f": 323215680,
  "g": 657935168,
  "h": 408566688,
  "i": 832277504,
  "j": 317803936,
  "k": 652425472,
  "l": 402313248,
  "m": 825910528,
  "n": 5411760,
  "o": 5509700,
  "p": 6253441,
  "q": 6367043,
  "r": 7184728,
  "s": 14576744,
  "t": 9313533,
  "u": 18917166
}
