{
  "b": 199.96273803710938,
  "c": 411.8110046386719,
  "d": 256.5777893066406,
  "e": 528.4120483398438,
  "f": 2114297088,
  "g": 4318214656,
  "h": 2863126784,
  "i": 5854121984,
  "j": 2079612416,
  "k": 4282834432,
  "l": 2822355712,
  "m": 5812532224,
  "n": 34684612,
  "o": 35380372,
  "p": 40771308,
  "q": 41589848,
  "r": 573314816,
  "s": 1171009920,
  "t": 803827840,
  "u": 1644066560
}
