{
  "b": 10.662444114685059,
  "c": 22.36366844177246,
  "d": 13.455904006958008,
  "e": 28.22261619567871,
  "f": 112712112,
  "g": 234479216,
  "h": 150139936,
  "i": 312660448,
  "j": 110889416,
  "k": 232582144,
  "l": 148014944,
  "m": 310448768,
  "n": 1822700,
  "o": 1897059,
  "p": 2124997,
  "q": 2211696,
  "r": 1168245,
  "s": 2424292,
  "t": 1609404,
  "u": 3343935
}
