{
  "b": 5.029534816741943,
  "c": 10.616836547851562,
  "d": 6.1032867431640625,
  "e": 12.883611679077148,
  "f": 53200000,
  "g": 111000000,
  "h": 68200000,
  "i": 143000000,
  "j": 52300000,
  "k": 110000000,
  "l": 67100000,
  "m": 142000000,
  "n": 947000,
  "o": 947000,
  "p": 1090000,
  "q": 1090000,
  "r": 2440000,
  "s": 5100000,
  "t": 3190000,
  "u": 6680000
}
