{
  "b": 374.5072326660156,
  "c": 758.1427001953125,
  "d": 487.5491027832031,
  "e": 987.0635986328125,
  "f": 3970000000,
  "g": 7960000000,
  "h": 5450000000,
  "i": 10900000000,
  "j": 3890000000,
  "k": 7880000000,
  "l": 5360000000,
  "m": 10900000000,
  "n": 75800000,
  "o": 75800000,
  "p": 86500000,
  "q": 86500000,
  "r": 1130000000,
  "s": 2250000000,
  "t": 1560000000,
  "u": 3130000000
}
