{
  "b": 84.58846282958984,
  "c": 172.8966522216797,
  "d": 107.1880111694336,
  "e": 219.09970092773438,
  "f": 895000000,
  "g": 1810000000,
  "h": 1200000000,
  "i": 2430000000,
  "j": 880000000,
  "k": 1800000000,
  "l": 1180000000,
  "m": 2410000000,
  "n": 15000000,
  "o": 15000000,
  "p": 17800000,
  "q": 17800000,
  "r": 80800000,
  "s": 163000000,
  "t": 118000000,
  "u": 239000000
}
