{
  "b": 20.602811813354492,
  "c": 43.45188522338867,
  "d": 26.13651466369629,
  "e": 55.12275314331055,
  "f": 218000000,
  "g": 456000000,
  "h": 292000000,
  "i": 611000000,
  "j": 214000000,
  "k": 452000000,
  "l": 288000000,
  "m": 606000000,
  "n": 3660000,
  "o": 3660000,
  "p": 4510000,
  "q": 4510000,
  "r": 3650000,
  "s": 7600000,
  "t": 5100000,
  "u": 10600000
}
