{
  "b": 84.58846282958984,
  "c": 172.8966522216797,
  "d": 107.1880111694336,
  "e": 219.09970092773438,
  "f": 894570240,
  "g": 1813193600,
  "h": 1196690304,
  "i": 2427976960,
  "j": 879720000,
  "k": 1798125184,
  "l": 1179068160,
  "m": 2410096640,
  "n": 14850301,
  "o": 15068288,
  "p": 17622190,
  "q": 17880324,
  "r": 80765744,
  "s": 163416752,
  "t": 118051512,
  "u": 239232592
}
