{
  "b": 10.43563461303711,
  "c": 22.02704620361328,
  "d": 13.048360824584961,
  "e": 27.54195213317871,
  "f": 110000000,
  "g": 231000000,
  "h": 146000000,
  "i": 305000000,
  "j": 109000000,
  "k": 229000000,
  "l": 144000000,
  "m": 303000000,
  "n": 1850000,
  "o": 1850000,
  "p": 2210000,
  "q": 2210000,
  "r": 3090000,
  "s": 6450000,
  "t": 4210000,
  "u": 8790000
}
