{
  "b": 20.602811813354492,
  "c": 43.45188522338867,
  "d": 26.13651466369629,
  "e": 55.12275314331055,
  "f": 217852576,
  "g": 455644832,
  "h": 291907808,
  "i": 610955968,
  "j": 214269248,
  "k": 451899616,
  "l": 287501664,
  "m": 606350272,
  "n": 3583313,
  "o": 3745283,
  "p": 4406116,
  "q": 4605676,
  "r": 3646951,
  "s": 7601528,
  "t": 5100176,
  "u": 10640648
}
