{
  "b": 374.5072326660156,
  "c": 758.1427001953125,
  "d": 487.5491027832031,
  "e": 987.0635986328125,
  "f": 3970432512,
  "g": 7960786944,
  "h": 5449178112,
  "i": 10944463872,
  "j": 3894875136,
  "k": 7884684288,
  "l": 5363040256,
  "m": 10857699328,
  "n": 75557504,
  "o": 76102432,
  "p": 86138512,
  "q": 86764592,
  "r": 1126697984,
  "s": 2252416512,
  "t": 1563028992,
  "u": 3131220480
}
