{
  "b": 5.029534816741943,
  "c": 10.616836547851562,
  "d": 6.1032867431640625,
  "e": 12.883611679077148,
  "f": 53232544,
  "g": 111382848,
  "h": 68199760,
  "i": 142832080,
  "j": 52307164,
  "k": 110415096,
  "l": 67136152,
  "m": 141719728,
  "n": 925379,
  "o": 967758,
  "p": 1063604,
  "q": 1112353,
  "r": 2440087,
  "s": 5098789,
  "t": 3192796,
  "u": 6679852
}
