{
  "b": 14.71049976348877,
  "c": 31.026870727539062,
  "d": 16.858341217041016,
  "e": 35.55693817138672,
  "f": 156000000,
  "g": 325000000,
  "h": 188000000,
  "i": 394000000,
  "j": 153000000,
  "k": 323000000,
  "l": 185000000,
  "m": 391000000,
  "n": 2570000,
  "o": 2570000,
  "p": 2920000,
  "q": 2920000,
  "r": 2640000,
  "s": 5500000,
  "t": 3290000,
  "u": 6870000
}
