{
  "b": 14.71049976348877,
  "c": 31.026870727539062,
  "d": 16.858341217041016,
  "e": 35.55693817138672,
  "f": 155503904,
  "g": 325309536,
  "h": 188295792,
  "i": 394111488,
  "j": 152989200,
  "k": 322679456,
  "l": 185441744,
  "m": 391126304,
  "n": 2514694,
  "o": 2630089,
  "p": 2854060,
  "q": 2985177,
  "r": 2639025,
  "s": 5499513,
  "t": 3292674,
  "u": 6866286
}
