{
  "b": 0.6713061332702637,
  "c": 1.4482108354568481,
  "d": 0.7642630934715271,
  "e": 1.6487499475479126,
  "f": 7100000,
  "g": 15200000,
  "h": 8540000,
  "i": 18300000,
  "j": 6980000,
  "k": 15100000,
  "l": 8410000,
  "m": 18100000,
  "n": 121000,
  "o": 121000,
  "p": 133000,
  "q": 133000,
  "r": 839000,
  "s": 1800000,
  "t": 1030000,
  "u": 2210000
}
