{
  "b": 0.6713061332702637,
  "c": 1.4482108354568481,
  "d": 0.7642630934715271,
  "e": 1.6487499475479126,
  "f": 7098817,
  "g": 15186338,
  "h": 8536123,
  "i": 18273984,
  "j": 6981584,
  "k": 15061393,
  "l": 8406894,
  "m": 18136250,
  "n": 117233,
  "o": 124945,
  "p": 129229,
  "q": 137734,
  "r": 839131,
  "s": 1795233,
  "t": 1030024,
  "u": 2205506
}
