{
  "b": 1.940659761428833,
  "c": 4.113050937652588,
  "d": 2.2490789890289307,
  "e": 4.7667155265808105,
  "f": 20500000,
  "g": 43100000,
  "h": 25100000,
  "i": 52900000,
  "j": 20200000,
  "k": 42800000,
  "l": 24700000,
  "m": 52400000,
  "n": 345000,
  "o": 345000,
  "p": 415000,
  "q": 415000,
  "r": 817000,
  "s": 1710000,
  "t": 1030000,
  "u": 2170000
}
