{
  "b": 8.85446548461914,
  "c": 18.937074661254883,
  "d": 13.087850570678711,
  "e": 27.99072265625,
  "f": 93616832,
  "g": 198562544,
  "h": 145941392,
  "i": 309984704,
  "j": 92086440,
  "k": 196945568,
  "l": 143966352,
  "m": 307897952,
  "n": 1530385,
  "o": 1616961,
  "p": 1975037,
  "q": 2086752,
  "r": 6564917,
  "s": 13863689,
  "t": 10651976,
  "u": 22532424
}
