{
  "b": 116.43051147460938,
  "c": 238.7855682373047,
  "d": 146.72755432128906,
  "e": 300.9297180175781,
  "f": 1231400960,
  "g": 2504241152,
  "h": 1637886208,
  "i": 3334514688,
  "j": 1210877312,
  "k": 2483369984,
  "l": 1614003072,
  "m": 3310226944,
  "n": 20523452,
  "o": 20871180,
  "p": 23883108,
  "q": 24287542,
  "r": 114384808,
  "s": 232406496,
  "t": 174517424,
  "u": 355186560
}
