{
  "b": 6.4861555099487305,
  "c": 13.464564323425293,
  "d": 8.739279747009277,
  "e": 18.142480850219727,
  "f": 68656504,
  "g": 141267872,
  "h": 97532624,
  "i": 201009808,
  "j": 67456016,
  "k": 140031472,
  "l": 96132072,
  "m": 199567296,
  "n": 1200482,
  "o": 1236407,
  "p": 1400560,
  "q": 1442493,
  "r": 2693948,
  "s": 5534043,
  "t": 3827023,
  "u": 7877297
}
