{
  "b": 116.43051147460938,
  "c": 238.7855682373047,
  "d": 146.72755432128906,
  "e": 300.9297180175781,
  "f": 1230000000,
  "g": 2500000000,
  "h": 1640000000,
  "i": 3330000000,
  "j": 1210000000,
  "k": 2480000000,
  "l": 1610000000,
  "m": 3310000000,
  "n": 20700000,
  "o": 20700000,
  "p": 24100000,
  "q": 24100000,
  "r": 114000000,
  "s": 232000000,
  "t": 175000000,
  "u": 355000000
}
