{
  "b": 6.4861555099487305,
  "c": 13.464564323425293,
  "d": 8.739279747009277,
  "e": 18.142480850219727,
  "f": 68700000,
  "g": 141000000,
  "h": 97500000,
  "i": 201000000,
  "j": 67500000,
  "k": 140000000,
  "l": 96100000,
  "m": 200000000,
  "n": 1220000,
  "o": 1220000,
  "p": 1420000,
  "q": 1420000,
  "r": 2690000,
  "s": 5530000,
  "t": 3830000,
  "u": 7880000
}
