{
  "b": 145.62071228027344,
  "c": 303.29730224609375,
  "d": 170.831787109375,
  "e": 355.8056945800781,
  "f": 1539416320,
  "g": 3180045056,
  "h": 1906629504,
  "i": 3942215168,
  "j": 1514455424,
  "k": 3154291968,
  "l": 1879149696,
  "m": 3913862656,
  "n": 24960874,
  "o": 25753272,
  "p": 27479718,
  "q": 28352902,
  "r": 86597424,
  "s": 178307552,
  "t": 108495880,
  "u": 223651744
}
