{
  "b": 38.7061653137207,
  "c": 78.82657623291016,
  "d": 43.273109436035156,
  "e": 88.12606048583984,
  "f": 409299072,
  "g": 826620352,
  "h": 483645952,
  "i": 977106816,
  "j": 402544128,
  "k": 819796416,
  "l": 476004224,
  "m": 969386624,
  "n": 6754961,
  "o": 6824016,
  "p": 7641720,
  "q": 7720352,
  "r": 15549157,
  "s": 31300044,
  "t": 19235628,
  "u": 38745108
}
