{
  "b": 38.7061653137207,
  "c": 78.82657623291016,
  "d": 43.273109436035156,
  "e": 88.12606048583984,
  "f": 409000000,
  "g": 827000000,
  "h": 484000000,
  "i": 977000000,
  "j": 403000000,
  "k": 820000000,
  "l": 476000000,
  "m": 969000000,
  "n": 6790000,
  "o": 6790000,
  "p": 7680000,
  "q": 7680000,
  "r": 15500000,
  "s": 31300000,
  "t": 19200000,
  "u": 38700000
}
