{
  "b": 5.826878070831299,
  "c": 12.561478614807129,
  "d": 7.841390609741211,
  "e": 16.904232025146484,
  "f": 61600000,
  "g": 132000000,
  "h": 87400000,
  "i": 187000000,
  "j": 60600000,
  "k": 131000000,
  "l": 86300000,
  "m": 186000000,
  "n": 1040000,
  "o": 1040000,
  "p": 1180000,
  "q": 1180000,
  "r": 1970000,
  "s": 4190000,
  "t": 2910000,
  "u": 6210000
}
