{
  "b": 5.826878070831299,
  "c": 12.561478614807129,
  "d": 7.841390609741211,
  "e": 16.904232025146484,
  "f": 61601912,
  "g": 131708376,
  "h": 87393576,
  "i": 187160512,
  "j": 60599532,
  "k": 130639376,
  "l": 86255296,
  "m": 185946544,
  "n": 1002376,
  "o": 1068992,
  "p": 1138286,
  "q": 1213967,
  "r": 1970718,
  "s": 4191839,
  "t": 2913851,
  "u": 6209594
}
