{
  "b": 145.62071228027344,
  "c": 303.29730224609375,
  "d": 170.831787109375,
  "e": 355.8056945800781,
  "f": 1540000000,
  "g": 3180000000,
  "h": 1910000000,
  "i": 3940000000,
  "j": 1510000000,
  "k": 3150000000,
  "l": 1880000000,
  "m": 3910000000,
  "n": 25400000,
  "o": 25400000,
  "p": 27900000,
  "q": 27900000,
  "r": 86600000,
  "s": 178000000,
  "t": 108000000,
  "u": 224000000
}
