{
  "b": 36.47077560424805,
  "c": 74.96376037597656,
  "d": 41.647335052490234,
  "e": 85.6032943725586,
  "f": 385687424,
  "g": 786142848,
  "h": 465511552,
  "i": 949176320,
  "j": 379296064,
  "k": 779623104,
  "l": 458120704,
  "m": 941636224,
  "n": 6391400,
  "o": 6519783,
  "p": 7390854,
  "q": 7540191,
  "r": 11189576,
  "s": 22715942,
  "t": 13796109,
  "u": 28027086
}
