{
  "b": 44.609283447265625,
  "c": 88.88780212402344,
  "d": 55.406497955322266,
  "e": 110.40281677246094,
  "f": 472000000,
  "g": 932000000,
  "h": 618000000,
  "i": 1220000000,
  "j": 464000000,
  "k": 924000000,
  "l": 609000000,
  "m": 1210000000,
  "n": 7850000,
  "o": 7850000,
  "p": 8970000,
  "q": 8970000,
  "r": 13100000,
  "s": 25900000,
  "t": 17800000,
  "u": 35200000
}
