{
  "b": 34.2449836730957,
  "c": 71.92414093017578,
  "d": 40.84422302246094,
  "e": 85.78427124023438,
  "f": 362000000,
  "g": 754000000,
  "h": 456000000,
  "i": 950000000,
  "j": 356000000,
  "k": 748000000,
  "l": 449000000,
  "m": 944000000,
  "n": 5950000,
  "o": 5950000,
  "p": 6690000,
  "q": 6690000,
  "r": 8750000,
  "s": 18200000,
  "t": 11500000,
  "u": 23900000
}
