{
  "b": 44.609283447265625,
  "c": 88.88780212402344,
  "d": 55.406497955322266,
  "e": 110.40281677246094,
  "f": 471830176,
  "g": 932247616,
  "h": 618482176,
  "i": 1223351552,
  "j": 463936544,
  "k": 924433152,
  "l": 609471488,
  "m": 1214430976,
  "n": 7893636,
  "o": 7814499,
  "p": 9010664,
  "q": 8920640,
  "r": 13121784,
  "s": 25875608,
  "t": 17848182,
  "u": 35245788
}
