{
  "b": 36.47077560424805,
  "c": 74.96376037597656,
  "d": 41.647335052490234,
  "e": 85.6032943725586,
  "f": 386000000,
  "g": 786000000,
  "h": 466000000,
  "i": 949000000,
  "j": 379000000,
  "k": 780000000,
  "l": 458000000,
  "m": 942000000,
  "n": 6460000,
  "o": 6460000,
  "p": 7470000,
  "q": 7470000,
  "r": 11200000,
  "s": 22700000,
  "t": 13800000,
  "u": 28000000
}
