{
  "b": 2.6920928955078125,
  "c": 5.818136215209961,
  "d": 3.389942169189453,
  "e": 7.326273441314697,
  "f": 28449492,
  "g": 60991344,
  "h": 37802124,
  "i": 81136984,
  "j": 27997766,
  "k": 60508616,
  "l": 37289364,
  "m": 80589008,
  "n": 451727,
  "o": 482728,
  "p": 512760,
  "q": 547967,
  "r": 1504748,
  "s": 3224513,
  "t": 1983217,
  "u": 4255220
}
