{
  "b": 28.896677017211914,
  "c": 59.651668548583984,
  "d": 33.93109893798828,
  "e": 70.0443344116211,
  "f": 305541568,
  "g": 625506944,
  "h": 378826144,
  "i": 776198144,
  "j": 300525440,
  "k": 620377344,
  "l": 373242080,
  "m": 770487680,
  "n": 5016131,
  "o": 5129505,
  "p": 5584031,
  "q": 5710392,
  "r": 7774015,
  "s": 15881853,
  "t": 10032038,
  "u": 20519020
}
