{
  "b": 28.896677017211914,
  "c": 59.651668548583984,
  "d": 33.93109893798828,
  "e": 70.0443344116211,
  "f": 306000000,
  "g": 626000000,
  "h": 379000000,
  "i": 776000000,
  "j": 301000000,
  "k": 620000000,
  "l": 373000000,
  "m": 770000000,
  "n": 5070000,
  "o": 5070000,
  "p": 5650000,
  "q": 5650000,
  "r": 7770000,
  "s": 15900000,
  "t": 10000000,
  "u": 20500000
}
