{
  "b": 5.310725212097168,
  "c": 11.23410415649414,
  "d": 6.315122127532959,
  "e": 13.358963966369629,
  "f": 56214664,
  "g": 117863368,
  "h": 70594128,
  "i": 148128672,
  "j": 55231544,
  "k": 116834688,
  "l": 69466344,
  "m": 146948608,
  "n": 983117,
  "o": 1028688,
  "p": 1127776,
  "q": 1180075,
  "r": 3803746,
  "s": 7962012,
  "t": 4921471,
  "u": 10312283
}
