{
  "b": 209.5853271484375,
  "c": 427.96942138671875,
  "d": 261.4586181640625,
  "e": 533.8892822265625,
  "f": 2220000000,
  "g": 4490000000,
  "h": 2920000000,
  "i": 5920000000,
  "j": 2180000000,
  "k": 4450000000,
  "l": 2880000000,
  "m": 5870000000,
  "n": 37100000,
  "o": 37100000,
  "p": 43800000,
  "q": 43800000,
  "r": 144000000,
  "s": 290000000,
  "t": 193000000,
  "u": 389000000
}
