{
  "b": 209.5853271484375,
  "c": 427.96942138671875,
  "d": 261.4586181640625,
  "e": 533.8892822265625,
  "f": 2216603904,
  "g": 4488218112,
  "h": 2919593728,
  "i": 5916827648,
  "j": 2179687424,
  "k": 4450882048,
  "l": 2876044800,
  "m": 5872782336,
  "n": 36916608,
  "o": 37336128,
  "p": 43548832,
  "q": 44045536,
  "r": 143752336,
  "s": 289700576,
  "t": 192548816,
  "u": 388509024
}
