{
  "b": 179.3879852294922,
  "c": 340.2173156738281,
  "d": 280.0786437988281,
  "e": 531.1776733398438,
  "f": 1900000000,
  "g": 3570000000,
  "h": 3130000000,
  "i": 5890000000,
  "j": 1870000000,
  "k": 3540000000,
  "l": 3080000000,
  "m": 5840000000,
  "n": 35000000,
  "o": 35000000,
  "p": 45500000,
  "q": 45500000,
  "r": 276000000,
  "s": 519000000,
  "t": 472000000,
  "u": 888000000
}
