{
  "b": 3.4126641750335693,
  "c": 7.230221748352051,
  "d": 4.115725994110107,
  "e": 8.71936321258545,
  "f": 36103828,
  "g": 75831592,
  "h": 46016880,
  "i": 96687400,
  "j": 35491708,
  "k": 75194304,
  "l": 45272988,
  "m": 95912992,
  "n": 612119,
  "o": 637292,
  "p": 743892,
  "q": 774408,
  "r": 4073103,
  "s": 8539939,
  "t": 5363721,
  "u": 11254005
}
