{
  "b": 3.805136203765869,
  "c": 8.17248821258545,
  "d": 4.835255146026611,
  "e": 10.384522438049316,
  "f": 40300000,
  "g": 85700000,
  "h": 54000000,
  "i": 115000000,
  "j": 39600000,
  "k": 85000000,
  "l": 53200000,
  "m": 114000000,
  "n": 696000,
  "o": 696000,
  "p": 864000,
  "q": 864000,
  "r": 2120000,
  "s": 4500000,
  "t": 2920000,
  "u": 6200000
}
