{
  "b": 179.3879852294922,
  "c": 340.2173156738281,
  "d": 280.0786437988281,
  "e": 531.1776733398438,
  "f": 1900594176,
  "g": 3573289728,
  "h": 3126340352,
  "i": 5888517632,
  "j": 1865635072,
  "k": 3538259968,
  "l": 3080865024,
  "m": 5842954240,
  "n": 34959436,
  "o": 35029312,
  "p": 45475312,
  "q": 45563248,
  "r": 276358976,
  "s": 518984800,
  "t": 471917696,
  "u": 888079936
}
