{
  "b": 3.4126641750335693,
  "c": 7.230221748352051,
  "d": 4.115725994110107,
  "e": 8.71936321258545,
  "f": 36100000,
  "g": 75800000,
  "h": 46000000,
  "i": 96700000,
  "j": 35500000,
  "k": 75200000,
  "l": 45300000,
  "m": 95900000,
  "n": 625000,
  "o": 625000,
  "p": 759000,
  "q": 759000,
  "r": 4070000,
  "s": 8540000,
  "t": 5360000,
  "u": 11300000
}
