{
  "b": 7.0830769538879395,
  "c": 14.088981628417969,
  "d": 8.99814510345459,
  "e": 17.898128509521484,
  "f": 75000000,
  "g": 148000000,
  "h": 101000000,
  "i": 199000000,
  "j": 73700000,
  "k": 147000000,
  "l": 99000000,
  "m": 197000000,
  "n": 1320000,
  "o": 1320000,
  "p": 1710000,
  "q": 1710000,
  "r": 6880000,
  "s": 13600000,
  "t": 9340000,
  "u": 18400000
}
