{
  "b": 11.25930118560791,
  "c": 23.686397552490234,
  "d": 14.523551940917969,
  "e": 30.553428649902344,
  "f": 118993416,
  "g": 248309648,
  "h": 161952864,
  "i": 338367520,
  "j": 117096736,
  "k": 246338528,
  "l": 159759072,
  "m": 336087712,
  "n": 1896689,
  "o": 1971128,
  "p": 2193805,
  "q": 2279836,
  "r": 10852022,
  "s": 22622540,
  "t": 14201965,
  "u": 29643624
}
