{
  "b": 47.50638961791992,
  "c": 89.30978393554688,
  "d": 68.79814910888672,
  "e": 129.3358612060547,
  "f": 503036896,
  "g": 937678848,
  "h": 769117760,
  "i": 1434873216,
  "j": 494066464,
  "k": 928821760,
  "l": 756779648,
  "m": 1422694400,
  "n": 8970446,
  "o": 8857132,
  "p": 12338070,
  "q": 12178759,
  "r": 26468678,
  "s": 49291452,
  "t": 43552092,
  "u": 81202280
}
