{
  "b": 0.7059259414672852,
  "c": 1.4944921731948853,
  "d": 0.6582387089729309,
  "e": 1.3934580087661743,
  "f": 7467783,
  "g": 15674216,
  "h": 7374087,
  "i": 15467156,
  "j": 7341630,
  "k": 15542719,
  "l": 7240626,
  "m": 15328038,
  "n": 126154,
  "o": 131498,
  "p": 133461,
  "q": 139118,
  "r": 302306,
  "s": 633934,
  "t": 312949,
  "u": 656078
}
