{
  "b": 11.25930118560791,
  "c": 23.686397552490234,
  "d": 14.523551940917969,
  "e": 30.553428649902344,
  "f": 119000000,
  "g": 248000000,
  "h": 162000000,
  "i": 338000000,
  "j": 117000000,
  "k": 246000000,
  "l": 160000000,
  "m": 336000000,
  "n": 1930000,
  "o": 1930000,
  "p": 2240000,
  "q": 2240000,
  "r": 10900000,
  "s": 22600000,
  "t": 14200000,
  "u": 29600000
}
