{
  "b": 9.05239486694336,
  "c": 18.333723068237305,
  "d": 10.006428718566895,
  "e": 20.2650203704834,
  "f": 95800000,
  "g": 192000000,
  "h": 112000000,
  "i": 225000000,
  "j": 94100000,
  "k": 191000000,
  "l": 110000000,
  "m": 223000000,
  "n": 1610000,
  "o": 1610000,
  "p": 1980000,
  "q": 1980000,
  "r": 13300000,
  "s": 26800000,
  "t": 16000000,
  "u": 32100000
}
