{
  "b": 5.21102237701416,
  "c": 10.004711151123047,
  "d": 6.11157751083374,
  "e": 11.733428001403809,
  "f": 55100000,
  "g": 105000000,
  "h": 68300000,
  "i": 130000000,
  "j": 54200000,
  "k": 104000000,
  "l": 67200000,
  "m": 129000000,
  "n": 894000,
  "o": 894000,
  "p": 1010000,
  "q": 1010000,
  "r": 3220000,
  "s": 6130000,
  "t": 4140000,
  "u": 7890000
}
