{
  "b": 5.21102237701416,
  "c": 10.004711151123047,
  "d": 6.11157751083374,
  "e": 11.733428001403809,
  "f": 55105484,
  "g": 104925232,
  "h": 68259600,
  "i": 130061096,
  "j": 54194632,
  "k": 104048992,
  "l": 67227352,
  "m": 129067712,
  "n": 910854,
  "o": 876251,
  "p": 1032245,
  "q": 993391,
  "r": 3224812,
  "s": 6131636,
  "t": 4144452,
  "u": 7887709
}
