{
  "b": 47.50638961791992,
  "c": 89.30978393554688,
  "d": 68.79814910888672,
  "e": 129.3358612060547,
  "f": 503000000,
  "g": 938000000,
  "h": 769000000,
  "i": 1430000000,
  "j": 494000000,
  "k": 929000000,
  "l": 757000000,
  "m": 1420000000,
  "n": 8910000,
  "o": 8910000,
  "p": 12300000,
  "q": 12300000,
  "r": 26500000,
  "s": 49300000,
  "t": 43600000,
  "u": 81200000
}
