{
  "b": 11.450240135192871,
  "c": 23.46689224243164,
  "d": 15.364858627319336,
  "e": 31.4901123046875,
  "f": 121186304,
  "g": 246223552,
  "h": 171744800,
  "i": 349207232,
  "j": 119082496,
  "k": 244055680,
  "l": 169013440,
  "m": 346391232,
  "n": 2103799,
  "o": 2167891,
  "p": 2731374,
  "q": 2816022,
  "r": 12519559,
  "s": 25360568,
  "t": 17647064,
  "u": 35785520
}
