{
  "b": 3.3647069931030273,
  "c": 6.983254432678223,
  "d": 3.772707939147949,
  "e": 7.828361988067627,
  "f": 35648476,
  "g": 73293904,
  "h": 42282464,
  "i": 86909360,
  "j": 34992952,
  "k": 72625848,
  "l": 41499788,
  "m": 86111984,
  "n": 655529,
  "o": 668044,
  "p": 782676,
  "q": 797392,
  "r": 10433916,
  "s": 21510286,
  "t": 12852958,
  "u": 26503620
}
