{
  "b": 3.3647069931030273,
  "c": 6.983254432678223,
  "d": 3.772707939147949,
  "e": 7.828361988067627,
  "f": 35600000,
  "g": 73300000,
  "h": 42300000,
  "i": 86900000,
  "j": 35000000,
  "k": 72600000,
  "l": 41500000,
  "m": 86100000,
  "n": 662000,
  "o": 662000,
  "p": 790000,
  "q": 790000,
  "r": 10400000,
  "s": 21500000,
  "t": 12900000,
  "u": 26500000
}
