{
  "b": 1.0393438339233398,
  "c": 2.2291133403778076,
  "d": 1.0881034135818481,
  "e": 2.3336102962493896,
  "f": 11000000,
  "g": 23400000,
  "h": 12200000,
  "i": 25900000,
  "j": 10800000,
  "k": 23200000,
  "l": 12000000,
  "m": 25700000,
  "n": 190000,
  "o": 190000,
  "p": 221000,
  "q": 221000,
  "r": 507000,
  "s": 1080000,
  "t": 576000,
  "u": 1220000
}
