{
  "b": 8.616846084594727,
  "c": 18.281272888183594,
  "d": 10.328072547912598,
  "e": 21.911569595336914,
  "f": 91081040,
  "g": 191659696,
  "h": 115461032,
  "i": 242966048,
  "j": 89615200,
  "k": 190125232,
  "l": 113608800,
  "m": 241027264,
  "n": 1465839,
  "o": 1534466,
  "p": 1852240,
  "q": 1938789,
  "r": 2913985,
  "s": 6120170,
  "t": 3673786,
  "u": 7717455
}
