{
  "b": 8.616846084594727,
  "c": 18.281272888183594,
  "d": 10.328072547912598,
  "e": 21.911569595336914,
  "f": 91100000,
  "g": 192000000,
  "h": 115000000,
  "i": 243000000,
  "j": 89600000,
  "k": 190000000,
  "l": 114000000,
  "m": 241000000,
  "n": 1500000,
  "o": 1500000,
  "p": 1900000,
  "q": 1900000,
  "r": 2910000,
  "s": 6120000,
  "t": 3670000,
  "u": 7720000
}
