{
  "b": 2.1643574237823486,
  "c": 4.282190799713135,
  "d": 2.2993435859680176,
  "e": 4.549182415008545,
  "f": 22900000,
  "g": 44900000,
  "h": 25700000,
  "i": 50500000,
  "j": 22500000,
  "k": 44500000,
  "l": 25300000,
  "m": 50000000,
  "n": 378000,
  "o": 378000,
  "p": 415000,
  "q": 415000,
  "r": 1450000,
  "s": 2830000,
  "t": 1780000,
  "u": 3490000
}
