{
  "b": 2.1643574237823486,
  "c": 4.282190799713135,
  "d": 2.2993435859680176,
  "e": 4.549182415008545,
  "f": 22890220,
  "g": 44910228,
  "h": 25710648,
  "i": 50452952,
  "j": 22509318,
  "k": 44534784,
  "l": 25292780,
  "m": 50041008,
  "n": 380903,
  "o": 375447,
  "p": 417867,
  "q": 411940,
  "r": 1446108,
  "s": 2834699,
  "t": 1780275,
  "u": 3492137
}
