{
  "b": 1.6698459386825562,
  "c": 3.4035441875457764,
  "d": 1.7622203826904297,
  "e": 3.591691255569458,
  "f": 17661382,
  "g": 35694508,
  "h": 19711250,
  "i": 39838436,
  "j": 17366398,
  "k": 35396860,
  "l": 19384424,
  "m": 39508604,
  "n": 294985,
  "o": 297650,
  "p": 326826,
  "q": 329833,
  "r": 1151496,
  "s": 2323749,
  "t": 1340379,
  "u": 2705837
}
