{
  "b": 0.3013301193714142,
  "c": 0.6540716886520386,
  "d": 0.4114185571670532,
  "e": 0.8930416107177734,
  "f": 3190000,
  "g": 6860000,
  "h": 4600000,
  "i": 9900000,
  "j": 3130000,
  "k": 6800000,
  "l": 4530000,
  "m": 9820000,
  "n": 59500,
  "o": 59500,
  "p": 72200,
  "q": 72200,
  "r": 694000,
  "s": 1500000,
  "t": 1020000,
  "u": 2190000
}
