{
  "b": 104.07795715332031,
  "c": 201.59231567382812,
  "d": 183.32339477539062,
  "e": 355.12335205078125,
  "f": 1100000000,
  "g": 2120000000,
  "h": 2050000000,
  "i": 3940000000,
  "j": 1080000000,
  "k": 2100000000,
  "l": 2020000000,
  "m": 3910000000,
  "n": 20900000,
  "o": 20900000,
  "p": 29700000,
  "q": 29700000,
  "r": 277000000,
  "s": 531000000,
  "t": 623000000,
  "u": 1200000000
}
