{
  "b": 0.3013301193714142,
  "c": 0.6540716886520386,
  "d": 0.4114185571670532,
  "e": 0.8930416107177734,
  "f": 3191362,
  "g": 6863848,
  "h": 4595366,
  "i": 9898045,
  "j": 3133833,
  "k": 6802346,
  "l": 4525604,
  "m": 9823458,
  "n": 57528,
  "o": 61501,
  "p": 69762,
  "q": 74585,
  "r": 694157,
  "s": 1496069,
  "t": 1015964,
  "u": 2193352
}
