{
  "b": 9.250608444213867,
  "c": 19.304590225219727,
  "d": 12.037121772766113,
  "e": 25.118873596191406,
  "f": 97833784,
  "g": 202442656,
  "h": 134454992,
  "i": 278413920,
  "j": 96206328,
  "k": 200767744,
  "l": 132408336,
  "m": 276307616,
  "n": 1627449,
  "o": 1674899,
  "p": 2046656,
  "q": 2106304,
  "r": 13486519,
  "s": 27857106,
  "t": 18980800,
  "u": 39240964
}
