{
  "b": 104.07795715332031,
  "c": 201.59231567382812,
  "d": 183.32339477539062,
  "e": 355.12335205078125,
  "f": 1103292288,
  "g": 2117539200,
  "h": 2046128640,
  "i": 3936127488,
  "j": 1082410752,
  "k": 2096560128,
  "l": 2016557312,
  "m": 3906356736,
  "n": 20881516,
  "o": 20978924,
  "p": 29571228,
  "q": 29770562,
  "r": 277231328,
  "s": 530801280,
  "t": 623338560,
  "u": 1197519488
}
