{
  "b": 1.6698459386825562,
  "c": 3.4035441875457764,
  "d": 1.7622203826904297,
  "e": 3.591691255569458,
  "f": 17700000,
  "g": 35700000,
  "h": 19700000,
  "i": 39800000,
  "j": 17400000,
  "k": 35400000,
  "l": 19400000,
  "m": 39500000,
  "n": 296000,
  "o": 296000,
  "p": 328000,
  "q": 328000,
  "r": 1150000,
  "s": 2320000,
  "t": 1340000,
  "u": 2710000
}
