{
  "b": 9.250608444213867,
  "c": 19.304590225219727,
  "d": 12.037121772766113,
  "e": 25.118873596191406,
  "f": 97800000,
  "g": 202000000,
  "h": 134000000,
  "i": 278000000,
  "j": 96200000,
  "k": 201000000,
  "l": 132000000,
  "m": 276000000,
  "n": 1650000,
  "o": 1650000,
  "p": 2080000,
  "q": 2080000,
  "r": 13500000,
  "s": 27900000,
  "t": 19000000,
  "u": 39200000
}
