{
  "b": 3.510100841522217,
  "c": 6.660759449005127,
  "d": 4.769981861114502,
  "e": 9.051665306091309,
  "f": 37100000,
  "g": 69900000,
  "h": 53300000,
  "i": 100000000,
  "j": 36500000,
  "k": 69300000,
  "l": 52500000,
  "m": 99600000,
  "n": 625000,
  "o": 625000,
  "p": 791000,
  "q": 791000,
  "r": 1620000,
  "s": 3040000,
  "t": 2370000,
  "u": 4450000
}
