{
  "b": 3.510100841522217,
  "c": 6.660759449005127,
  "d": 4.769981861114502,
  "e": 9.051665306091309,
  "f": 37144908,
  "g": 69882528,
  "h": 53279288,
  "i": 100341168,
  "j": 36505048,
  "k": 69271896,
  "l": 52469800,
  "m": 99568320,
  "n": 639857,
  "o": 610628,
  "p": 809484,
  "q": 772833,
  "r": 1620356,
  "s": 3043288,
  "t": 2367105,
  "u": 4451441
}
