{
  "b": 7.488465309143066,
  "c": 15.321077346801758,
  "d": 7.867338180541992,
  "e": 16.095861434936523,
  "f": 79200000,
  "g": 161000000,
  "h": 88000000,
  "i": 179000000,
  "j": 77900000,
  "k": 159000000,
  "l": 86500000,
  "m": 177000000,
  "n": 1330000,
  "o": 1330000,
  "p": 1450000,
  "q": 1450000,
  "r": 5660000,
  "s": 11400000,
  "t": 6370000,
  "u": 12900000
}
