{
  "b": 2.9389941692352295,
  "c": 6.001419544219971,
  "d": 3.194589376449585,
  "e": 6.523151397705078,
  "f": 31080940,
  "g": 62937200,
  "h": 35690256,
  "i": 72312040,
  "j": 30565540,
  "k": 62414764,
  "l": 35140484,
  "m": 71754664,
  "n": 515400,
  "o": 522434,
  "p": 549773,
  "q": 557381,
  "r": 1968521,
  "s": 3976594,
  "t": 2311586,
  "u": 4673881
}
