{
  "b": 5.803191184997559,
  "c": 11.957107543945312,
  "d": 7.020936489105225,
  "e": 14.465885162353516,
  "f": 61400000,
  "g": 125000000,
  "h": 78500000,
  "i": 160000000,
  "j": 60400000,
  "k": 124000000,
  "l": 77200000,
  "m": 159000000,
  "n": 1040000,
  "o": 1040000,
  "p": 1270000,
  "q": 1270000,
  "r": 7160000,
  "s": 14600000,
  "t": 9320000,
  "u": 19000000
}
