{
  "b": 2.9389941692352295,
  "c": 6.001419544219971,
  "d": 3.194589376449585,
  "e": 6.523151397705078,
  "f": 31100000,
  "g": 62900000,
  "h": 35700000,
  "i": 72300000,
  "j": 30600000,
  "k": 62400000,
  "l": 35100000,
  "m": 71800000,
  "n": 519000,
  "o": 519000,
  "p": 554000,
  "q": 554000,
  "r": 1970000,
  "s": 3980000,
  "t": 2310000,
  "u": 4670000
}
