{
  "b": 5.766845703125,
  "c": 11.87791633605957,
  "d": 6.21518611907959,
  "e": 12.801060676574707,
  "f": 60987300,
  "g": 124565904,
  "h": 69511776,
  "i": 141983264,
  "j": 59975196,
  "k": 123530328,
  "l": 68367048,
  "m": 140811664,
  "n": 1012101,
  "o": 1035572,
  "p": 1144735,
  "q": 1171604,
  "r": 2973360,
  "s": 6057069,
  "t": 3505891,
  "u": 7144707
}
