{
  "b": 15.608741760253906,
  "c": 31.244140625,
  "d": 19.888103485107422,
  "e": 39.8104248046875,
  "f": 165181600,
  "g": 327833120,
  "h": 222339584,
  "i": 441545056,
  "j": 162330912,
  "k": 324939072,
  "l": 218769136,
  "m": 437914656,
  "n": 2850664,
  "o": 2894065,
  "p": 3570460,
  "q": 3630433,
  "r": 14501168,
  "s": 28780736,
  "t": 19479484,
  "u": 38694216
}
