{
  "b": 7.488465309143066,
  "c": 15.321077346801758,
  "d": 7.867338180541992,
  "e": 16.095861434936523,
  "f": 79195488,
  "g": 160677664,
  "h": 87977352,
  "i": 178516640,
  "j": 77880040,
  "k": 159339200,
  "l": 86540720,
  "m": 177054480,
  "n": 1315446,
  "o": 1338457,
  "p": 1436636,
  "q": 1462169,
  "r": 5657114,
  "s": 11441997,
  "t": 6367371,
  "u": 12884673
}
