{
  "b": 15.608741760253906,
  "c": 31.244140625,
  "d": 19.888103485107422,
  "e": 39.8104248046875,
  "f": 165000000,
  "g": 328000000,
  "h": 222000000,
  "i": 442000000,
  "j": 162000000,
  "k": 325000000,
  "l": 219000000,
  "m": 438000000,
  "n": 2870000,
  "o": 2870000,
  "p": 3600000,
  "q": 3600000,
  "r": 14500000,
  "s": 28800000,
  "t": 19500000,
  "u": 38700000
}
