{
  "b": 5.803191184997559,
  "c": 11.957107543945312,
  "d": 7.020936489105225,
  "e": 14.465885162353516,
  "f": 61383868,
  "g": 125403952,
  "h": 78488456,
  "i": 160406576,
  "j": 60353188,
  "k": 124353920,
  "l": 77230304,
  "m": 159124736,
  "n": 1030673,
  "o": 1050027,
  "p": 1258152,
  "q": 1281837,
  "r": 7160013,
  "s": 14603384,
  "t": 9317963,
  "u": 19017190
}
