{
  "b": 4.379094123840332,
  "c": 9.425230979919434,
  "d": 5.438917636871338,
  "e": 11.706181526184082,
  "f": 46300000,
  "g": 98800000,
  "h": 60700000,
  "i": 130000000,
  "j": 45500000,
  "k": 98000000,
  "l": 59800000,
  "m": 129000000,
  "n": 777000,
  "o": 777000,
  "p": 938000,
  "q": 938000,
  "r": 3270000,
  "s": 6970000,
  "t": 4270000,
  "u": 9110000
}
