{
  "b": 4.645743370056152,
  "c": 9.748233795166016,
  "d": 5.801271438598633,
  "e": 12.172661781311035,
  "f": 49126560,
  "g": 102224248,
  "h": 64735884,
  "i": 134857488,
  "j": 48315732,
  "k": 101381632,
  "l": 63813984,
  "m": 133899280,
  "n": 810829,
  "o": 842617,
  "p": 921904,
  "q": 958213,
  "r": 1326922,
  "s": 2754685,
  "t": 1809789,
  "u": 3762611
}
