{
  "b": 4.379094123840332,
  "c": 9.425230979919434,
  "d": 5.438917636871338,
  "e": 11.706181526184082,
  "f": 46296808,
  "g": 98823024,
  "h": 60738616,
  "i": 129734416,
  "j": 45542580,
  "k": 98022400,
  "l": 59828096,
  "m": 128768000,
  "n": 754232,
  "o": 800621,
  "p": 910520,
  "q": 966413,
  "r": 3270190,
  "s": 6967179,
  "t": 4274069,
  "u": 9113265
}
