{
  "b": 4.645743370056152,
  "c": 9.748233795166016,
  "d": 5.801271438598633,
  "e": 12.172661781311035,
  "f": 49100000,
  "g": 102000000,
  "h": 64700000,
  "i": 135000000,
  "j": 48300000,
  "k": 101000000,
  "l": 63800000,
  "m": 134000000,
  "n": 827000,
  "o": 827000,
  "p": 940000,
  "q": 940000,
  "r": 1330000,
  "s": 2750000,
  "t": 1810000,
  "u": 3760000
}
