{
  "b": 690.06884765625,
  "c": 1277.9720458984375,
  "d": 812.4765014648438,
  "e": 1504.6575927734375,
  "f": 7310000000,
  "g": 13400000000,
  "h": 9090000000,
  "i": 16700000000,
  "j": 7180000000,
  "k": 13300000000,
  "l": 8940000000,
  "m": 16600000000,
  "n": 133000000,
  "o": 133000000,
  "p": 156000000,
  "q": 156000000,
  "r": 3000000000,
  "s": 5500000000,
  "t": 3630000000,
  "u": 6660000000
}
