{
  "b": 690.06884765625,
  "c": 1277.9720458984375,
  "d": 812.4765014648438,
  "e": 1504.6575927734375,
  "f": 7311280640,
  "g": 13423136768,
  "h": 9094458368,
  "i": 16705719296,
  "j": 7176715776,
  "k": 13290908672,
  "l": 8937241600,
  "m": 16551233536,
  "n": 134564928,
  "o": 132229504,
  "p": 157217504,
  "q": 154485968,
  "r": 2998217216,
  "s": 5499786240,
  "t": 3628826368,
  "u": 6661228032
}
