{
  "b": 7.438414573669434,
  "c": 15.330780029296875,
  "d": 10.214991569519043,
  "e": 21.05350685119629,
  "f": 78800000,
  "g": 161000000,
  "h": 114000000,
  "i": 234000000,
  "j": 77400000,
  "k": 159000000,
  "l": 112000000,
  "m": 232000000,
  "n": 1440000,
  "o": 1440000,
  "p": 1880000,
  "q": 1880000,
  "r": 4220000,
  "s": 8610000,
  "t": 6410000,
  "u": 13100000
}
