{
  "b": 0.7797595262527466,
  "c": 1.5902496576309204,
  "d": 0.7542125582695007,
  "e": 1.5380992889404297,
  "f": 8249472,
  "g": 16679851,
  "h": 8448235,
  "i": 17072388,
  "j": 8109499,
  "k": 16538597,
  "l": 8296338,
  "m": 16919092,
  "n": 139972,
  "o": 141254,
  "p": 151897,
  "q": 153295,
  "r": 747476,
  "s": 1510369,
  "t": 787280,
  "u": 1590544
}
