{
  "b": 7.438414573669434,
  "c": 15.330780029296875,
  "d": 10.214991569519043,
  "e": 21.05350685119629,
  "f": 78769240,
  "g": 160906192,
  "h": 114206528,
  "i": 233504704,
  "j": 77359512,
  "k": 159440112,
  "l": 112364912,
  "m": 231588576,
  "n": 1409728,
  "o": 1466074,
  "p": 1841623,
  "q": 1916147,
  "r": 4220536,
  "s": 8607669,
  "t": 6412558,
  "u": 13093681
}
