{
  "b": 7.117227554321289,
  "c": 13.894318580627441,
  "d": 8.643097877502441,
  "e": 16.873327255249023,
  "f": 75318096,
  "g": 145771984,
  "h": 96667712,
  "i": 187166352,
  "j": 74019168,
  "k": 144500912,
  "l": 95074072,
  "m": 185606608,
  "n": 1298926,
  "o": 1271079,
  "p": 1593628,
  "q": 1559752,
  "r": 6809169,
  "s": 13169893,
  "t": 9447832,
  "u": 18289328
}
