{
  "b": 10.941444396972656,
  "c": 23.677400588989258,
  "d": 14.421630859375,
  "e": 31.208415985107422,
  "f": 115665224,
  "g": 248247136,
  "h": 160810976,
  "i": 345613824,
  "j": 113791024,
  "k": 246244960,
  "l": 158637936,
  "m": 343292576,
  "n": 1874204,
  "o": 2002163,
  "p": 2173033,
  "q": 2321234,
  "r": 10147189,
  "s": 21768188,
  "t": 14493318,
  "u": 31140544
}
