{
  "b": 1.5575122833251953,
  "c": 3.1771061420440674,
  "d": 1.6526983976364136,
  "e": 3.3711280822753906,
  "f": 16473022,
  "g": 33319276,
  "h": 18482024,
  "i": 37387500,
  "j": 16198128,
  "k": 33041904,
  "l": 18179682,
  "m": 37082408,
  "n": 274895,
  "o": 277372,
  "p": 302343,
  "q": 305094,
  "r": 1133083,
  "s": 2287410,
  "t": 1303291,
  "u": 2632363
}
