{
  "b": 2.532625436782837,
  "c": 5.327969551086426,
  "d": 3.4148945808410645,
  "e": 7.1839680671691895,
  "f": 26796112,
  "g": 55888292,
  "h": 38124080,
  "i": 79609264,
  "j": 26339304,
  "k": 55410884,
  "l": 37563840,
  "m": 79023648,
  "n": 456806,
  "o": 477406,
  "p": 560242,
  "q": 585609,
  "r": 1127901,
  "s": 2347252,
  "t": 1648639,
  "u": 3436066
}
