{
  "b": 7.117227554321289,
  "c": 13.894318580627441,
  "d": 8.643097877502441,
  "e": 16.873327255249023,
  "f": 75300000,
  "g": 146000000,
  "h": 96700000,
  "i": 187000000,
  "j": 74000000,
  "k": 145000000,
  "l": 95100000,
  "m": 186000000,
  "n": 1290000,
  "o": 1290000,
  "p": 1580000,
  "q": 1580000,
  "r": 6810000,
  "s": 13200000,
  "t": 9450000,
  "u": 18300000
}
