{
  "b": 0.4569590389728546,
  "c": 0.9728569388389587,
  "d": 0.5172128081321716,
  "e": 1.101083755493164,
  "f": 4840000,
  "g": 10200000,
  "h": 5780000,
  "i": 12200000,
  "j": 4750000,
  "k": 10100000,
  "l": 5690000,
  "m": 12100000,
  "n": 85100,
  "o": 85100,
  "p": 95100,
  "q": 95100,
  "r": 384000,
  "s": 811000,
  "t": 476000,
  "u": 1000000
}
