{
  "b": 1.5575122833251953,
  "c": 3.1771061420440674,
  "d": 1.6526983976364136,
  "e": 3.3711280822753906,
  "f": 16500000,
  "g": 33300000,
  "h": 18500000,
  "i": 37400000,
  "j": 16200000,
  "k": 33000000,
  "l": 18200000,
  "m": 37100000,
  "n": 276000,
  "o": 276000,
  "p": 304000,
  "q": 304000,
  "r": 1130000,
  "s": 2290000,
  "t": 1300000,
  "u": 2630000
}
