{
  "b": 0.4569590389728546,
  "c": 0.9728569388389587,
  "d": 0.5172128081321716,
  "e": 1.101083755493164,
  "f": 4835508,
  "g": 10204780,
  "h": 5782204,
  "i": 12209172,
  "j": 4752374,
  "k": 10117712,
  "l": 5689341,
  "m": 12111921,
  "n": 83134,
  "o": 87068,
  "p": 92863,
  "q": 97251,
  "r": 384356,
  "s": 810920,
  "t": 475636,
  "u": 1004366
}
