{
  "b": 10.941444396972656,
  "c": 23.677400588989258,
  "d": 14.421630859375,
  "e": 31.208415985107422,
  "f": 116000000,
  "g": 248000000,
  "h": 161000000,
  "i": 346000000,
  "j": 114000000,
  "k": 246000000,
  "l": 159000000,
  "m": 343000000,
  "n": 1940000,
  "o": 1940000,
  "p": 2250000,
  "q": 2250000,
  "r": 10100000,
  "s": 21800000,
  "t": 14500000,
  "u": 31100000
}
