{
  "b": 2.532625436782837,
  "c": 5.327969551086426,
  "d": 3.4148945808410645,
  "e": 7.1839680671691895,
  "f": 26800000,
  "g": 55900000,
  "h": 38100000,
  "i": 79600000,
  "j": 26300000,
  "k": 55400000,
  "l": 37600000,
  "m": 79000000,
  "n": 467000,
  "o": 467000,
  "p": 573000,
  "q": 573000,
  "r": 1130000,
  "s": 2350000,
  "t": 1650000,
  "u": 3440000
}
