{
  "b": 0.9740519523620605,
  "c": 1.934950351715088,
  "d": 1.0269325971603394,
  "e": 2.0399680137634277,
  "f": 10300000,
  "g": 20300000,
  "h": 11500000,
  "i": 22600000,
  "j": 10100000,
  "k": 20100000,
  "l": 11300000,
  "m": 22400000,
  "n": 170000,
  "o": 170000,
  "p": 188000,
  "q": 188000,
  "r": 803000,
  "s": 1580000,
  "t": 916000,
  "u": 1800000
}
