{
  "b": 0.8354651927947998,
  "c": 1.8057829141616821,
  "d": 1.0890597105026245,
  "e": 2.3539371490478516,
  "f": 8847575,
  "g": 18949226,
  "h": 12163762,
  "i": 26089422,
  "j": 8688838,
  "k": 18780142,
  "l": 11979657,
  "m": 25893308,
  "n": 158738,
  "o": 169084,
  "p": 184104,
  "q": 196115,
  "r": 1032265,
  "s": 2219441,
  "t": 1417534,
  "u": 3052629
}
