{
  "b": 0.6243898868560791,
  "c": 1.3631540536880493,
  "d": 0.7653077244758606,
  "e": 1.6707792282104492,
  "f": 6600000,
  "g": 14300000,
  "h": 8540000,
  "i": 18500000,
  "j": 6490000,
  "k": 14200000,
  "l": 8420000,
  "m": 18400000,
  "n": 113000,
  "o": 113000,
  "p": 129000,
  "q": 129000,
  "r": 312000,
  "s": 674000,
  "t": 408000,
  "u": 882000
}
