{
  "b": 0.6598524451255798,
  "c": 1.4317375421524048,
  "d": 0.8055180907249451,
  "e": 1.7478054761886597,
  "f": 6980000,
  "g": 15000000,
  "h": 8990000,
  "i": 19400000,
  "j": 6860000,
  "k": 14900000,
  "l": 8860000,
  "m": 19200000,
  "n": 121000,
  "o": 121000,
  "p": 135000,
  "q": 135000,
  "r": 400000,
  "s": 861000,
  "t": 511000,
  "u": 1100000
}
