{
  "b": 0.6243898868560791,
  "c": 1.3631540536880493,
  "d": 0.7653077244758606,
  "e": 1.6707792282104492,
  "f": 6602259,
  "g": 14293698,
  "h": 8543037,
  "i": 18512722,
  "j": 6493655,
  "k": 14176802,
  "l": 8418385,
  "m": 18378572,
  "n": 108604,
  "o": 116897,
  "p": 124652,
  "q": 134150,
  "r": 312165,
  "s": 673920,
  "t": 408155,
  "u": 882247
}
