{
  "b": 5.326518535614014,
  "c": 10.597273826599121,
  "d": 6.372417449951172,
  "e": 12.677810668945312,
  "f": 56360620,
  "g": 111173896,
  "h": 71263992,
  "i": 140620800,
  "j": 55395792,
  "k": 110211648,
  "l": 70096592,
  "m": 139455920,
  "n": 964837,
  "o": 962253,
  "p": 1167402,
  "q": 1164886,
  "r": 3644840,
  "s": 7177644,
  "t": 4704076,
  "u": 9270062
}
