{
  "b": 5.326518535614014,
  "c": 10.597273826599121,
  "d": 6.372417449951172,
  "e": 12.677810668945312,
  "f": 56400000,
  "g": 111000000,
  "h": 71300000,
  "i": 141000000,
  "j": 55400000,
  "k": 110000000,
  "l": 70100000,
  "m": 139000000,
  "n": 964000,
  "o": 964000,
  "p": 1170000,
  "q": 1170000,
  "r": 3640000,
  "s": 7180000,
  "t": 4700000,
  "u": 9270000
}
