{
  "b": 0.9740519523620605,
  "c": 1.934950351715088,
  "d": 1.0269325971603394,
  "e": 2.0399680137634277,
  "f": 10301691,
  "g": 20292906,
  "h": 11485822,
  "i": 22626884,
  "j": 10130140,
  "k": 20123484,
  "l": 11296258,
  "m": 22439648,
  "n": 171550,
  "o": 169423,
  "p": 189563,
  "q": 187237,
  "r": 803141,
  "s": 1580294,
  "t": 916325,
  "u": 1803505
}
