{
  "b": 0.6486626267433167,
  "c": 1.3944474458694458,
  "d": 0.706754744052887,
  "e": 1.5192574262619019,
  "f": 6860000,
  "g": 14600000,
  "h": 7910000,
  "i": 16900000,
  "j": 6750000,
  "k": 14500000,
  "l": 7770000,
  "m": 16700000,
  "n": 121000,
  "o": 121000,
  "p": 135000,
  "q": 135000,
  "r": 326000,
  "s": 695000,
  "t": 391000,
  "u": 834000
}
