{
  "b": 2.712080478668213,
  "c": 5.498864650726318,
  "d": 3.2051169872283936,
  "e": 6.498223304748535,
  "f": 28687926,
  "g": 57671548,
  "h": 35820172,
  "i": 72045632,
  "j": 28205638,
  "k": 57188192,
  "l": 35256288,
  "m": 71480456,
  "n": 482288,
  "o": 483360,
  "p": 563878,
  "q": 565176,
  "r": 3128054,
  "s": 6283449,
  "t": 3922197,
  "u": 7883758
}
