{
  "b": 0.6486626267433167,
  "c": 1.3944474458694458,
  "d": 0.706754744052887,
  "e": 1.5192574262619019,
  "f": 6863428,
  "g": 14626042,
  "h": 7905286,
  "i": 16850006,
  "j": 6746092,
  "k": 14502253,
  "l": 7774302,
  "m": 16711832,
  "n": 117336,
  "o": 123790,
  "p": 130984,
  "q": 138174,
  "r": 326263,
  "s": 695057,
  "t": 391105,
  "u": 833671
}
