{
  "b": 2.712080478668213,
  "c": 5.498864650726318,
  "d": 3.2051169872283936,
  "e": 6.498223304748535,
  "f": 28700000,
  "g": 57700000,
  "h": 35800000,
  "i": 72000000,
  "j": 28200000,
  "k": 57200000,
  "l": 35300000,
  "m": 71500000,
  "n": 483000,
  "o": 483000,
  "p": 565000,
  "q": 565000,
  "r": 3130000,
  "s": 6280000,
  "t": 3920000,
  "u": 7880000
}
