{
  "b": 0.5598785281181335,
  "c": 1.1718499660491943,
  "d": 0.5793356895446777,
  "e": 1.2125442028045654,
  "f": 5922769,
  "g": 12290072,
  "h": 6486770,
  "i": 13455244,
  "j": 5822737,
  "k": 12187240,
  "l": 6372693,
  "m": 13337986,
  "n": 100032,
  "o": 102832,
  "p": 114077,
  "q": 117259,
  "r": 399412,
  "s": 828172,
  "t": 447906,
  "u": 928702
}
