{
  "b": 0.5598785281181335,
  "c": 1.1718499660491943,
  "d": 0.5793356895446777,
  "e": 1.2125442028045654,
  "f": 5920000,
  "g": 12300000,
  "h": 6490000,
  "i": 13500000,
  "j": 5820000,
  "k": 12200000,
  "l": 6370000,
  "m": 13300000,
  "n": 101000,
  "o": 101000,
  "p": 116000,
  "q": 116000,
  "r": 399000,
  "s": 828000,
  "t": 448000,
  "u": 929000
}
