{
  "b": 0.7926853895187378,
  "c": 1.6338342428207397,
  "d": 0.7493197917938232,
  "e": 1.544376015663147,
  "f": 8385243,
  "g": 17135704,
  "h": 8394978,
  "i": 17143312,
  "j": 8243928,
  "k": 16991876,
  "l": 8242518,
  "m": 16988136,
  "n": 141315,
  "o": 143829,
  "p": 152461,
  "q": 155177,
  "r": 297142,
  "s": 606652,
  "t": 309397,
  "u": 631463
}
