{
  "b": 4.032506942749023,
  "c": 7.859879016876221,
  "d": 5.073841571807861,
  "e": 9.889751434326172,
  "f": 42685064,
  "g": 82475920,
  "h": 56708480,
  "i": 109667088,
  "j": 41938072,
  "k": 81742744,
  "l": 55812256,
  "m": 108787264,
  "n": 746996,
  "o": 733172,
  "p": 896228,
  "q": 879817,
  "r": 2161467,
  "s": 4171799,
  "t": 2922086,
  "u": 5646157
}
