{
  "b": 4.065376281738281,
  "c": 8.292649269104004,
  "d": 4.669371128082275,
  "e": 9.52432918548584,
  "f": 43000000,
  "g": 87000000,
  "h": 52100000,
  "i": 106000000,
  "j": 42300000,
  "k": 86200000,
  "l": 51400000,
  "m": 105000000,
  "n": 716000,
  "o": 716000,
  "p": 782000,
  "q": 782000,
  "r": 3700000,
  "s": 7470000,
  "t": 4560000,
  "u": 9210000
}
