{
  "b": 5.221205711364746,
  "c": 10.878963470458984,
  "d": 6.413949012756348,
  "e": 13.36393928527832,
  "f": 55246680,
  "g": 114122928,
  "h": 71730160,
  "i": 148224528,
  "j": 54300540,
  "k": 113141216,
  "l": 70553440,
  "m": 147003328,
  "n": 946146,
  "o": 981715,
  "p": 1176730,
  "q": 1221195,
  "r": 3809042,
  "s": 7851289,
  "t": 5076075,
  "u": 10469862
}
