{
  "b": 5.350701808929443,
  "c": 11.162762641906738,
  "d": 6.269586086273193,
  "e": 13.079307556152344,
  "f": 56591656,
  "g": 117066784,
  "h": 70068176,
  "i": 145009856,
  "j": 55647300,
  "k": 116092728,
  "l": 68965448,
  "m": 143872384,
  "n": 944360,
  "o": 974057,
  "p": 1102722,
  "q": 1137482,
  "r": 3838687,
  "s": 7921296,
  "t": 4856654,
  "u": 10029928
}
