{
  "b": 7.9399189949035645,
  "c": 15.68641185760498,
  "d": 9.023761749267578,
  "e": 17.827281951904297,
  "f": 84000000,
  "g": 165000000,
  "h": 101000000,
  "i": 198000000,
  "j": 82600000,
  "k": 163000000,
  "l": 99300000,
  "m": 196000000,
  "n": 1380000,
  "o": 1380000,
  "p": 1580000,
  "q": 1580000,
  "r": 6130000,
  "s": 12000000,
  "t": 7580000,
  "u": 14800000
}
