{
  "b": 4.065376281738281,
  "c": 8.292649269104004,
  "d": 4.669371128082275,
  "e": 9.52432918548584,
  "f": 42992344,
  "g": 86963944,
  "h": 52140800,
  "i": 105554144,
  "j": 42279912,
  "k": 86243552,
  "l": 51363084,
  "m": 104767616,
  "n": 712437,
  "o": 720403,
  "p": 777716,
  "q": 786529,
  "r": 3698784,
  "s": 7467386,
  "t": 4558973,
  "u": 9213664
}
