{
  "b": 5.350701808929443,
  "c": 11.162762641906738,
  "d": 6.269586086273193,
  "e": 13.079307556152344,
  "f": 56600000,
  "g": 117000000,
  "h": 70100000,
  "i": 145000000,
  "j": 55600000,
  "k": 116000000,
  "l": 69000000,
  "m": 144000000,
  "n": 959000,
  "o": 959000,
  "p": 1120000,
  "q": 1120000,
  "r": 3840000,
  "s": 7920000,
  "t": 4860000,
  "u": 10000000
}
