{
  "b": 5.221205711364746,
  "c": 10.878963470458984,
  "d": 6.413949012756348,
  "e": 13.36393928527832,
  "f": 55200000,
  "g": 114000000,
  "h": 71700000,
  "i": 148000000,
  "j": 54300000,
  "k": 113000000,
  "l": 70600000,
  "m": 147000000,
  "n": 964000,
  "o": 964000,
  "p": 1200000,
  "q": 1200000,
  "r": 3810000,
  "s": 7850000,
  "t": 5080000,
  "u": 10500000
}
