{
  "b": 0.7043614387512207,
  "c": 1.469143271446228,
  "d": 0.7226099967956543,
  "e": 1.5071580410003662,
  "f": 7450000,
  "g": 15400000,
  "h": 8090000,
  "i": 16700000,
  "j": 7330000,
  "k": 15300000,
  "l": 7950000,
  "m": 16600000,
  "n": 130000,
  "o": 130000,
  "p": 141000,
  "q": 141000,
  "r": 501000,
  "s": 1030000,
  "t": 565000,
  "u": 1170000
}
