{
  "b": 1.2943252325057983,
  "c": 2.6888949871063232,
  "d": 1.4276245832443237,
  "e": 2.965670585632324,
  "f": 13700000,
  "g": 28200000,
  "h": 16000000,
  "i": 32900000,
  "j": 13500000,
  "k": 28000000,
  "l": 15700000,
  "m": 32600000,
  "n": 232000,
  "o": 232000,
  "p": 256000,
  "q": 256000,
  "r": 429000,
  "s": 882000,
  "t": 523000,
  "u": 1080000
}
