{
  "b": 2.6727771759033203,
  "c": 5.54630184173584,
  "d": 3.069227933883667,
  "e": 6.368638515472412,
  "f": 28271734,
  "g": 58167172,
  "h": 34308052,
  "i": 70613984,
  "j": 27796882,
  "k": 57681540,
  "l": 33761508,
  "m": 70055024,
  "n": 474851,
  "o": 485628,
  "p": 546545,
  "q": 558950,
  "r": 1064211,
  "s": 2184966,
  "t": 1332106,
  "u": 2737097
}
