{
  "b": 25.233678817749023,
  "c": 49.389739990234375,
  "d": 34.07381820678711,
  "e": 66.69324493408203,
  "f": 267000000,
  "g": 518000000,
  "h": 381000000,
  "i": 740000000,
  "j": 262000000,
  "k": 514000000,
  "l": 375000000,
  "m": 734000000,
  "n": 4530000,
  "o": 4530000,
  "p": 5950000,
  "q": 5950000,
  "r": 36700000,
  "s": 71100000,
  "t": 56100000,
  "u": 109000000
}
