{
  "b": 5.146665573120117,
  "c": 9.72303581237793,
  "d": 6.073086738586426,
  "e": 11.472951889038086,
  "f": 54442520,
  "g": 101990712,
  "h": 67887104,
  "i": 127231600,
  "j": 53525320,
  "k": 101119568,
  "l": 66803956,
  "m": 126202472,
  "n": 917203,
  "o": 871134,
  "p": 1083142,
  "q": 1029140,
  "r": 3347246,
  "s": 6261486,
  "t": 4302128,
  "u": 8053201
}
