{
  "b": 25.233678817749023,
  "c": 49.389739990234375,
  "d": 34.07381820678711,
  "e": 66.69324493408203,
  "f": 267010160,
  "g": 518137408,
  "h": 380828000,
  "i": 739518976,
  "j": 262430256,
  "k": 513653312,
  "l": 374812000,
  "m": 733625664,
  "n": 4579904,
  "o": 4484104,
  "p": 6015988,
  "q": 5893288,
  "r": 36735568,
  "s": 71093528,
  "t": 56057084,
  "u": 108624592
}
