{
  "b": 2.6727771759033203,
  "c": 5.54630184173584,
  "d": 3.069227933883667,
  "e": 6.368638515472412,
  "f": 28300000,
  "g": 58200000,
  "h": 34300000,
  "i": 70600000,
  "j": 27800000,
  "k": 57700000,
  "l": 33800000,
  "m": 70100000,
  "n": 480000,
  "o": 480000,
  "p": 553000,
  "q": 553000,
  "r": 1060000,
  "s": 2180000,
  "t": 1330000,
  "u": 2740000
}
