{
  "b": 1.2943252325057983,
  "c": 2.6888949871063232,
  "d": 1.4276245832443237,
  "e": 2.965670585632324,
  "f": 13690221,
  "g": 28199592,
  "h": 15956974,
  "i": 32881942,
  "j": 13460983,
  "k": 27964508,
  "l": 15703870,
  "m": 32622376,
  "n": 229238,
  "o": 235082,
  "p": 253104,
  "q": 259565,
  "r": 428879,
  "s": 882299,
  "t": 523148,
  "u": 1077035
}
