{
  "b": 6.645606994628906,
  "c": 14.043929100036621,
  "d": 7.995921611785889,
  "e": 16.896770477294922,
  "f": 70305616,
  "g": 147295664,
  "h": 89349200,
  "i": 187314016,
  "j": 69114312,
  "k": 146056864,
  "l": 87955136,
  "m": 185864480,
  "n": 1191305,
  "o": 1238794,
  "p": 1394062,
  "q": 1449554,
  "r": 5194740,
  "s": 10866268,
  "t": 6284849,
  "u": 13155187
}
