{
  "b": 1.3532779216766357,
  "c": 2.849259853363037,
  "d": 1.5730410814285278,
  "e": 3.311885118484497,
  "f": 14314023,
  "g": 29880372,
  "h": 17580220,
  "i": 36716864,
  "j": 14074090,
  "k": 29632302,
  "l": 17303452,
  "m": 36430736,
  "n": 239933,
  "o": 248071,
  "p": 276766,
  "q": 286130,
  "r": 823936,
  "s": 1718348,
  "t": 1043692,
  "u": 2178400
}
