{
  "b": 6.645606994628906,
  "c": 14.043929100036621,
  "d": 7.995921611785889,
  "e": 16.896770477294922,
  "f": 70300000,
  "g": 147000000,
  "h": 89300000,
  "i": 187000000,
  "j": 69100000,
  "k": 146000000,
  "l": 88000000,
  "m": 186000000,
  "n": 1220000,
  "o": 1220000,
  "p": 1420000,
  "q": 1420000,
  "r": 5190000,
  "s": 10900000,
  "t": 6280000,
  "u": 13200000
}
