{
  "b": 1.2851946353912354,
  "c": 2.668713092803955,
  "d": 1.363078236579895,
  "e": 2.83030366897583,
  "f": 13595520,
  "g": 27989516,
  "h": 15242568,
  "i": 31387904,
  "j": 13366024,
  "k": 27754616,
  "l": 14993860,
  "m": 31133340,
  "n": 229494,
  "o": 234900,
  "p": 248708,
  "q": 254565,
  "r": 488651,
  "s": 1004549,
  "t": 570496,
  "u": 1173495
}
