{
  "b": 7.978672981262207,
  "c": 17.00741195678711,
  "d": 9.891212463378906,
  "e": 21.084102630615234,
  "f": 84300000,
  "g": 178000000,
  "h": 110000000,
  "i": 234000000,
  "j": 83000000,
  "k": 177000000,
  "l": 109000000,
  "m": 232000000,
  "n": 1400000,
  "o": 1400000,
  "p": 1650000,
  "q": 1650000,
  "r": 5810000,
  "s": 12300000,
  "t": 7210000,
  "u": 15200000
}
