{
  "b": 3.1531929969787598,
  "c": 6.660727500915527,
  "d": 3.277109146118164,
  "e": 6.92234468460083,
  "f": 33300000,
  "g": 69800000,
  "h": 36700000,
  "i": 76800000,
  "j": 32800000,
  "k": 69300000,
  "l": 36000000,
  "m": 76100000,
  "n": 567000,
  "o": 567000,
  "p": 636000,
  "q": 636000,
  "r": 2950000,
  "s": 6180000,
  "t": 3280000,
  "u": 6880000
}
