{
  "b": 7.978672981262207,
  "c": 17.00741195678711,
  "d": 9.891212463378906,
  "e": 21.084102630615234,
  "f": 84342216,
  "g": 178318416,
  "h": 110409512,
  "i": 233622272,
  "j": 82978200,
  "k": 176877088,
  "l": 108803336,
  "m": 231925136,
  "n": 1364017,
  "o": 1441338,
  "p": 1606170,
  "q": 1697153,
  "r": 5814394,
  "s": 12270748,
  "t": 7211941,
  "u": 15234517
}
