{
  "b": 1.2851946353912354,
  "c": 2.668713092803955,
  "d": 1.363078236579895,
  "e": 2.83030366897583,
  "f": 13600000,
  "g": 28000000,
  "h": 15200000,
  "i": 31400000,
  "j": 13400000,
  "k": 27800000,
  "l": 15000000,
  "m": 31100000,
  "n": 232000,
  "o": 232000,
  "p": 252000,
  "q": 252000,
  "r": 489000,
  "s": 1000000,
  "t": 570000,
  "u": 1170000
}
