{
  "b": 1.3532779216766357,
  "c": 2.849259853363037,
  "d": 1.5730410814285278,
  "e": 3.311885118484497,
  "f": 14300000,
  "g": 29900000,
  "h": 17600000,
  "i": 36700000,
  "j": 14100000,
  "k": 29600000,
  "l": 17300000,
  "m": 36400000,
  "n": 244000,
  "o": 244000,
  "p": 281000,
  "q": 281000,
  "r": 824000,
  "s": 1720000,
  "t": 1040000,
  "u": 2180000
}
