{
  "b": 3.1531929969787598,
  "c": 6.660727500915527,
  "d": 3.277109146118164,
  "e": 6.92234468460083,
  "f": 33349616,
  "g": 69848440,
  "h": 36672784,
  "i": 76793280,
  "j": 32793206,
  "k": 69271568,
  "l": 36048200,
  "m": 76145792,
  "n": 556409,
  "o": 576872,
  "p": 624579,
  "q": 647492,
  "r": 2949059,
  "s": 6184039,
  "t": 3279738,
  "u": 6877391
}
