{
  "b": 3.2841808795928955,
  "c": 6.663112163543701,
  "d": 3.5597105026245117,
  "e": 7.221930027008057,
  "f": 34732112,
  "g": 69878968,
  "h": 39779824,
  "i": 80070848,
  "j": 34155480,
  "k": 69296368,
  "l": 39156816,
  "m": 79441232,
  "n": 576633,
  "o": 582600,
  "p": 623009,
  "q": 629622,
  "r": 3854693,
  "s": 7758778,
  "t": 4492457,
  "u": 9047985
}
