{
  "b": 0.33894965052604675,
  "c": 0.7149237990379333,
  "d": 0.3670461177825928,
  "e": 0.7741619944572449,
  "f": 3585504,
  "g": 7497767,
  "h": 4105884,
  "i": 8586566,
  "j": 3525077,
  "k": 7435208,
  "l": 4037507,
  "m": 8515782,
  "n": 60427,
  "o": 62559,
  "p": 68377,
  "q": 70783,
  "r": 309202,
  "s": 645981,
  "t": 362024,
  "u": 756656
}
