{
  "b": 0.33894965052604675,
  "c": 0.7149237990379333,
  "d": 0.3670461177825928,
  "e": 0.7741619944572449,
  "f": 3590000,
  "g": 7500000,
  "h": 4110000,
  "i": 8590000,
  "j": 3530000,
  "k": 7440000,
  "l": 4040000,
  "m": 8520000,
  "n": 61500,
  "o": 61500,
  "p": 69600,
  "q": 69600,
  "r": 309000,
  "s": 646000,
  "t": 362000,
  "u": 757000
}
