{
  "b": 488.72552490234375,
  "c": 836.814453125,
  "d": 576.0551147460938,
  "e": 986.3385620117188,
  "f": 5170000000,
  "g": 8790000000,
  "h": 6450000000,
  "i": 11000000000,
  "j": 5080000000,
  "k": 8700000000,
  "l": 6340000000,
  "m": 10800000000,
  "n": 88600000,
  "o": 88600000,
  "p": 106000000,
  "q": 106000000,
  "r": 1050000000,
  "s": 1790000000,
  "t": 1260000000,
  "u": 2140000000
}
