{
  "b": 3.2841808795928955,
  "c": 6.663112163543701,
  "d": 3.5597105026245117,
  "e": 7.221930027008057,
  "f": 34700000,
  "g": 69900000,
  "h": 39800000,
  "i": 80100000,
  "j": 34200000,
  "k": 69300000,
  "l": 39200000,
  "m": 79400000,
  "n": 580000,
  "o": 580000,
  "p": 626000,
  "q": 626000,
  "r": 3850000,
  "s": 7760000,
  "t": 4490000,
  "u": 9050000
}
