{
  "b": 1.5593317747116089,
  "c": 3.1869759559631348,
  "d": 1.8373323678970337,
  "e": 3.7550575733184814,
  "f": 16492964,
  "g": 33423860,
  "h": 20527578,
  "i": 41626488,
  "j": 16217050,
  "k": 33144550,
  "l": 20210656,
  "m": 41305632,
  "n": 275914,
  "o": 279309,
  "p": 316924,
  "q": 320855,
  "r": 918378,
  "s": 1859165,
  "t": 1180475,
  "u": 2391948
}
