{
  "b": 1.5593317747116089,
  "c": 3.1869759559631348,
  "d": 1.8373323678970337,
  "e": 3.7550575733184814,
  "f": 16500000,
  "g": 33400000,
  "h": 20500000,
  "i": 41600000,
  "j": 16200000,
  "k": 33100000,
  "l": 20200000,
  "m": 41300000,
  "n": 278000,
  "o": 278000,
  "p": 319000,
  "q": 319000,
  "r": 918000,
  "s": 1860000,
  "t": 1180000,
  "u": 2390000
}
