{
  "b": 2.5240437984466553,
  "c": 5.1224894523620605,
  "d": 2.8402559757232666,
  "e": 5.764036178588867,
  "f": 26700000,
  "g": 53700000,
  "h": 31700000,
  "i": 63900000,
  "j": 26300000,
  "k": 53300000,
  "l": 31200000,
  "m": 63400000,
  "n": 444000,
  "o": 444000,
  "p": 482000,
  "q": 482000,
  "r": 1610000,
  "s": 3240000,
  "t": 1990000,
  "u": 4000000
}
