{
  "b": 488.72552490234375,
  "c": 836.814453125,
  "d": 576.0551147460938,
  "e": 986.3385620117188,
  "f": 5174867456,
  "g": 8788031488,
  "h": 6446321152,
  "i": 10951173120,
  "j": 5082745344,
  "k": 8702870528,
  "l": 6336606208,
  "m": 10849724416,
  "n": 92122584,
  "o": 85161712,
  "p": 109715152,
  "q": 101447936,
  "r": 1052669952,
  "s": 1786675968,
  "t": 1261054976,
  "u": 2141468544
}
