{
  "b": 8.81981372833252,
  "c": 19.105661392211914,
  "d": 10.71489429473877,
  "e": 23.210708618164062,
  "f": 93400000,
  "g": 201000000,
  "h": 120000000,
  "i": 257000000,
  "j": 91700000,
  "k": 199000000,
  "l": 118000000,
  "m": 255000000,
  "n": 1760000,
  "o": 1760000,
  "p": 2030000,
  "q": 2030000,
  "r": 10300000,
  "s": 22100000,
  "t": 13500000,
  "u": 29000000
}
