{
  "b": 1.4456536769866943,
  "c": 2.9400570392608643,
  "d": 1.6784517765045166,
  "e": 3.413362979888916,
  "f": 15296273,
  "g": 30838932,
  "h": 18755262,
  "i": 37840236,
  "j": 15034798,
  "k": 30576592,
  "l": 18462970,
  "m": 37546992,
  "n": 261474,
  "o": 262336,
  "p": 292293,
  "q": 293246,
  "r": 556130,
  "s": 1119578,
  "t": 700204,
  "u": 1411136
}
