{
  "b": 18.549467086791992,
  "c": 37.0216178894043,
  "d": 27.02839469909668,
  "e": 53.944820404052734,
  "f": 196652544,
  "g": 388807424,
  "h": 302568448,
  "i": 598717824,
  "j": 192914464,
  "k": 385024832,
  "l": 297312352,
  "m": 593393024,
  "n": 3738089,
  "o": 3782578,
  "p": 5256108,
  "q": 5324761,
  "r": 28818296,
  "s": 56917292,
  "t": 45237824,
  "u": 89441824
}
