{
  "b": 1.1303654909133911,
  "c": 2.4448466300964355,
  "d": 1.4474960565567017,
  "e": 3.1306281089782715,
  "f": 11958444,
  "g": 25641554,
  "h": 16154019,
  "i": 34682736,
  "j": 11755801,
  "k": 25426404,
  "l": 15922456,
  "m": 34436908,
  "n": 202642,
  "o": 215148,
  "p": 231562,
  "q": 245830,
  "r": 656172,
  "s": 1404056,
  "t": 912816,
  "u": 1956499
}
