{
  "b": 1.4456536769866943,
  "c": 2.9400570392608643,
  "d": 1.6784517765045166,
  "e": 3.413362979888916,
  "f": 15300000,
  "g": 30800000,
  "h": 18800000,
  "i": 37800000,
  "j": 15000000,
  "k": 30600000,
  "l": 18500000,
  "m": 37500000,
  "n": 262000,
  "o": 262000,
  "p": 293000,
  "q": 293000,
  "r": 556000,
  "s": 1120000,
  "t": 700000,
  "u": 1410000
}
