{
  "b": 11.288057327270508,
  "c": 23.09040069580078,
  "d": 13.42136001586914,
  "e": 27.453678131103516,
  "f": 119485976,
  "g": 242284960,
  "h": 150230720,
  "i": 304656320,
  "j": 117395800,
  "k": 240140176,
  "l": 147634960,
  "m": 301990464,
  "n": 2090169,
  "o": 2144787,
  "p": 2595760,
  "q": 2665852,
  "r": 10129686,
  "s": 20494894,
  "t": 13018421,
  "u": 26351144
}
