{
  "b": 1.1303654909133911,
  "c": 2.4448466300964355,
  "d": 1.4474960565567017,
  "e": 3.1306281089782715,
  "f": 12000000,
  "g": 25600000,
  "h": 16200000,
  "i": 34700000,
  "j": 11800000,
  "k": 25400000,
  "l": 15900000,
  "m": 34400000,
  "n": 209000,
  "o": 209000,
  "p": 239000,
  "q": 239000,
  "r": 656000,
  "s": 1400000,
  "t": 913000,
  "u": 1960000
}
