{
  "b": 8.81981372833252,
  "c": 19.105661392211914,
  "d": 10.71489429473877,
  "e": 23.210708618164062,
  "f": 93427456,
  "g": 200508384,
  "h": 119831416,
  "i": 257410368,
  "j": 91726064,
  "k": 198698880,
  "l": 117863840,
  "m": 255317792,
  "n": 1701385,
  "o": 1809474,
  "p": 1967583,
  "q": 2092570,
  "r": 10259508,
  "s": 22065262,
  "t": 13466694,
  "u": 29000266
}
