{
  "b": 11.288057327270508,
  "c": 23.09040069580078,
  "d": 13.42136001586914,
  "e": 27.453678131103516,
  "f": 119000000,
  "g": 242000000,
  "h": 150000000,
  "i": 305000000,
  "j": 117000000,
  "k": 240000000,
  "l": 148000000,
  "m": 302000000,
  "n": 2120000,
  "o": 2120000,
  "p": 2630000,
  "q": 2630000,
  "r": 10100000,
  "s": 20500000,
  "t": 13000000,
  "u": 26400000
}
