{
  "b": 2.878533363342285,
  "c": 5.666167736053467,
  "d": 3.1847527027130127,
  "e": 6.268835067749023,
  "f": 30458450,
  "g": 59444584,
  "h": 35626908,
  "i": 69546168,
  "j": 29936748,
  "k": 58928144,
  "l": 35032280,
  "m": 68957184,
  "n": 521699,
  "o": 516431,
  "p": 594624,
  "q": 588982,
  "r": 1683944,
  "s": 3281317,
  "t": 2004338,
  "u": 3907664
}
