{
  "b": 1.0147150754928589,
  "c": 2.0665624141693115,
  "d": 1.164943814277649,
  "e": 2.3724236488342285,
  "f": 10734518,
  "g": 21675074,
  "h": 13017836,
  "i": 26301636,
  "j": 10553037,
  "k": 21492250,
  "l": 12814382,
  "m": 26096660,
  "n": 181481,
  "o": 182826,
  "p": 203454,
  "q": 204975,
  "r": 849027,
  "s": 1712205,
  "t": 1070310,
  "u": 2160452
}
