{
  "b": 7.973360538482666,
  "c": 15.263693809509277,
  "d": 9.79454231262207,
  "e": 18.74986457824707,
  "f": 84300000,
  "g": 160000000,
  "h": 109000000,
  "i": 208000000,
  "j": 82900000,
  "k": 159000000,
  "l": 108000000,
  "m": 206000000,
  "n": 1400000,
  "o": 1400000,
  "p": 1700000,
  "q": 1700000,
  "r": 6130000,
  "s": 11600000,
  "t": 8130000,
  "u": 15400000
}
