{
  "b": 2.878533363342285,
  "c": 5.666167736053467,
  "d": 3.1847527027130127,
  "e": 6.268835067749023,
  "f": 30500000,
  "g": 59400000,
  "h": 35600000,
  "i": 69500000,
  "j": 29900000,
  "k": 58900000,
  "l": 35000000,
  "m": 69000000,
  "n": 519000,
  "o": 519000,
  "p": 592000,
  "q": 592000,
  "r": 1680000,
  "s": 3280000,
  "t": 2000000,
  "u": 3910000
}
