{
  "b": 1.0147150754928589,
  "c": 2.0665624141693115,
  "d": 1.164943814277649,
  "e": 2.3724236488342285,
  "f": 10700000,
  "g": 21700000,
  "h": 13000000,
  "i": 26300000,
  "j": 10600000,
  "k": 21500000,
  "l": 12800000,
  "m": 26100000,
  "n": 182000,
  "o": 182000,
  "p": 204000,
  "q": 204000,
  "r": 849000,
  "s": 1710000,
  "t": 1070000,
  "u": 2160000
}
