{
  "b": 7.973360538482666,
  "c": 15.263693809509277,
  "d": 9.79454231262207,
  "e": 18.74986457824707,
  "f": 84347200,
  "g": 160113360,
  "h": 109469488,
  "i": 207914144,
  "j": 82922952,
  "k": 158742416,
  "l": 107739968,
  "m": 206248512,
  "n": 1424255,
  "o": 1370950,
  "p": 1729524,
  "q": 1665605,
  "r": 6132424,
  "s": 11615728,
  "t": 8129199,
  "u": 15410364
}
