{
  "b": 13.466187477111816,
  "c": 27.04560089111328,
  "d": 20.389446258544922,
  "e": 40.951236724853516,
  "f": 142720736,
  "g": 283995776,
  "h": 227995680,
  "i": 454245376,
  "j": 140048352,
  "k": 281274240,
  "l": 224283904,
  "m": 450463616,
  "n": 2672373,
  "o": 2721558,
  "p": 3711792,
  "q": 3781784,
  "r": 24652362,
  "s": 49006932,
  "t": 42447016,
  "u": 84531008
}
