{
  "b": 13.466187477111816,
  "c": 27.04560089111328,
  "d": 20.389446258544922,
  "e": 40.951236724853516,
  "f": 143000000,
  "g": 284000000,
  "h": 228000000,
  "i": 454000000,
  "j": 140000000,
  "k": 281000000,
  "l": 224000000,
  "m": 450000000,
  "n": 2700000,
  "o": 2700000,
  "p": 3750000,
  "q": 3750000,
  "r": 24700000,
  "s": 49000000,
  "t": 42400000,
  "u": 84500000
}
