{
  "b": 15.341781616210938,
  "c": 31.58504295349121,
  "d": 21.452194213867188,
  "e": 44.16506576538086,
  "f": 162000000,
  "g": 331000000,
  "h": 240000000,
  "i": 490000000,
  "j": 160000000,
  "k": 328000000,
  "l": 236000000,
  "m": 486000000,
  "n": 2880000,
  "o": 2880000,
  "p": 3670000,
  "q": 3670000,
  "r": 33500000,
  "s": 68200000,
  "t": 50100000,
  "u": 102000000
}
