{
  "b": 1.3984200954437256,
  "c": 2.7804181575775146,
  "d": 1.5821789503097534,
  "e": 3.145747661590576,
  "f": 14789748,
  "g": 29159884,
  "h": 17670182,
  "i": 34866612,
  "j": 14543569,
  "k": 28916348,
  "l": 17403968,
  "m": 34603224,
  "n": 246179,
  "o": 243538,
  "p": 266214,
  "q": 263389,
  "r": 1264202,
  "s": 2492346,
  "t": 1499638,
  "u": 2959083
}
