{
  "b": 5.830106735229492,
  "c": 11.273307800292969,
  "d": 7.967801570892334,
  "e": 15.40716552734375,
  "f": 61680892,
  "g": 118261040,
  "h": 88928784,
  "i": 170726624,
  "j": 60633112,
  "k": 117242400,
  "l": 87645816,
  "m": 169478816,
  "n": 1047778,
  "o": 1018634,
  "p": 1282968,
  "q": 1247817,
  "r": 2003393,
  "s": 3832980,
  "t": 2895496,
  "u": 5548970
}
