{
  "b": 0.44143447279930115,
  "c": 0.9261314272880554,
  "d": 0.4739122688770294,
  "e": 0.9942300915718079,
  "f": 4670000,
  "g": 9710000,
  "h": 5300000,
  "i": 11000000,
  "j": 4590000,
  "k": 9630000,
  "l": 5210000,
  "m": 10900000,
  "n": 81200,
  "o": 81200,
  "p": 89000,
  "q": 89000,
  "r": 523000,
  "s": 1090000,
  "t": 615000,
  "u": 1280000
}
