{
  "b": 1.3984200954437256,
  "c": 2.7804181575775146,
  "d": 1.5821789503097534,
  "e": 3.145747661590576,
  "f": 14800000,
  "g": 29200000,
  "h": 17700000,
  "i": 34900000,
  "j": 14500000,
  "k": 28900000,
  "l": 17400000,
  "m": 34600000,
  "n": 245000,
  "o": 245000,
  "p": 265000,
  "q": 265000,
  "r": 1260000,
  "s": 2490000,
  "t": 1500000,
  "u": 2960000
}
