{
  "b": 0.44143447279930115,
  "c": 0.9261314272880554,
  "d": 0.4739122688770294,
  "e": 0.9942300915718079,
  "f": 4670771,
  "g": 9714380,
  "h": 5300489,
  "i": 11027009,
  "j": 4590919,
  "k": 9631767,
  "l": 5213035,
  "m": 10936531,
  "n": 79852,
  "o": 82612,
  "p": 87454,
  "q": 90477,
  "r": 522519,
  "s": 1086465,
  "t": 614672,
  "u": 1278823
}
