{
  "b": 3.0783822536468506,
  "c": 6.425902843475342,
  "d": 3.3991811275482178,
  "e": 7.095374584197998,
  "f": 32565106,
  "g": 67396424,
  "h": 38023480,
  "i": 78701320,
  "j": 32015176,
  "k": 66829392,
  "l": 37390992,
  "m": 78049120,
  "n": 549929,
  "o": 567031,
  "p": 632488,
  "q": 652199,
  "r": 2378709,
  "s": 4914408,
  "t": 2834267,
  "u": 5858507
}
