{
  "b": 2.0081610679626465,
  "c": 4.258668899536133,
  "d": 2.388322114944458,
  "e": 5.064651012420654,
  "f": 21239856,
  "g": 44660936,
  "h": 26680308,
  "i": 56138104,
  "j": 20884876,
  "k": 44290156,
  "l": 26271544,
  "m": 55711160,
  "n": 354981,
  "o": 370778,
  "p": 408762,
  "q": 426944,
  "r": 1372193,
  "s": 2880550,
  "t": 1786302,
  "u": 3753571
}
