{
  "b": 5.830106735229492,
  "c": 11.273307800292969,
  "d": 7.967801570892334,
  "e": 15.40716552734375,
  "f": 61700000,
  "g": 118000000,
  "h": 88900000,
  "i": 171000000,
  "j": 60600000,
  "k": 117000000,
  "l": 87600000,
  "m": 169000000,
  "n": 1030000,
  "o": 1030000,
  "p": 1270000,
  "q": 1270000,
  "r": 2000000,
  "s": 3830000,
  "t": 2900000,
  "u": 5550000
}
