{
  "b": 3.0783822536468506,
  "c": 6.425902843475342,
  "d": 3.3991811275482178,
  "e": 7.095374584197998,
  "f": 32600000,
  "g": 67400000,
  "h": 38000000,
  "i": 78700000,
  "j": 32000000,
  "k": 66800000,
  "l": 37400000,
  "m": 78000000,
  "n": 558000,
  "o": 558000,
  "p": 642000,
  "q": 642000,
  "r": 2380000,
  "s": 4910000,
  "t": 2830000,
  "u": 5860000
}
