{
  "b": 3.9766204357147217,
  "c": 7.738991737365723,
  "d": 4.856276035308838,
  "e": 9.450688362121582,
  "f": 42100000,
  "g": 81200000,
  "h": 54200000,
  "i": 105000000,
  "j": 41400000,
  "k": 80500000,
  "l": 53400000,
  "m": 104000000,
  "n": 699000,
  "o": 699000,
  "p": 805000,
  "q": 805000,
  "r": 2100000,
  "s": 4050000,
  "t": 2780000,
  "u": 5370000
}
