{
  "b": 3.9766204357147217,
  "c": 7.738991737365723,
  "d": 4.856276035308838,
  "e": 9.450688362121582,
  "f": 42064592,
  "g": 81176264,
  "h": 54234096,
  "i": 104753360,
  "j": 41356852,
  "k": 80485512,
  "l": 53419036,
  "m": 103957568,
  "n": 707737,
  "o": 690752,
  "p": 815056,
  "q": 795794,
  "r": 2103951,
  "s": 4053934,
  "t": 2784064,
  "u": 5370536
}
