{
  "b": 0.6972565650939941,
  "c": 1.4499471187591553,
  "d": 0.741980254650116,
  "e": 1.5428223609924316,
  "f": 7380000,
  "g": 15200000,
  "h": 8300000,
  "i": 17100000,
  "j": 7250000,
  "k": 15100000,
  "l": 8160000,
  "m": 17000000,
  "n": 129000,
  "o": 129000,
  "p": 139000,
  "q": 139000,
  "r": 759000,
  "s": 1570000,
  "t": 897000,
  "u": 1850000
}
