{
  "b": 0.6972565650939941,
  "c": 1.4499471187591553,
  "d": 0.741980254650116,
  "e": 1.5428223609924316,
  "f": 7379225,
  "g": 15210403,
  "h": 8298968,
  "i": 17111656,
  "j": 7251468,
  "k": 15079450,
  "l": 8161783,
  "m": 16971046,
  "n": 127756,
  "o": 130953,
  "p": 137185,
  "q": 140610,
  "r": 759254,
  "s": 1565113,
  "t": 897486,
  "u": 1851396
}
