{
  "b": 185.28436279296875,
  "c": 343.1916809082031,
  "d": 328.7749938964844,
  "e": 608.9727172851562,
  "f": 1960000000,
  "g": 3600000000,
  "h": 3670000000,
  "i": 6750000000,
  "j": 1930000000,
  "k": 3570000000,
  "l": 3620000000,
  "m": 6700000000,
  "n": 35000000,
  "o": 35000000,
  "p": 49000000,
  "q": 49000000,
  "r": 354000000,
  "s": 650000000,
  "t": 649000000,
  "u": 1200000000
}
