{
  "b": 10.919038772583008,
  "c": 21.88418960571289,
  "d": 13.40561580657959,
  "e": 26.868165969848633,
  "f": 115473520,
  "g": 229503920,
  "h": 149732512,
  "i": 297812544,
  "j": 113558000,
  "k": 227595568,
  "l": 147461776,
  "m": 295549824,
  "n": 1915530,
  "o": 1908358,
  "p": 2270739,
  "q": 2262742,
  "r": 5969329,
  "s": 11817373,
  "t": 7702063,
  "u": 15264601
}
