{
  "b": 2.250614881515503,
  "c": 4.388303279876709,
  "d": 2.232908010482788,
  "e": 4.353662014007568,
  "f": 23800000,
  "g": 46000000,
  "h": 25000000,
  "i": 48300000,
  "j": 23400000,
  "k": 45600000,
  "l": 24600000,
  "m": 47900000,
  "n": 389000,
  "o": 389000,
  "p": 429000,
  "q": 429000,
  "r": 1310000,
  "s": 2530000,
  "t": 1420000,
  "u": 2750000
}
