{
  "b": 185.28436279296875,
  "c": 343.1916809082031,
  "d": 328.7749938964844,
  "e": 608.9727172851562,
  "f": 1962198528,
  "g": 3603991040,
  "h": 3665865472,
  "i": 6747437568,
  "j": 1926957312,
  "k": 3569193472,
  "l": 3616525056,
  "m": 6698699776,
  "n": 35241048,
  "o": 34797396,
  "p": 49340176,
  "q": 48737904,
  "r": 353732448,
  "s": 649798272,
  "t": 649346560,
  "u": 1195413248
}
