{
  "b": 10.919038772583008,
  "c": 21.88418960571289,
  "d": 13.40561580657959,
  "e": 26.868165969848633,
  "f": 115000000,
  "g": 230000000,
  "h": 150000000,
  "i": 298000000,
  "j": 114000000,
  "k": 228000000,
  "l": 147000000,
  "m": 296000000,
  "n": 1910000,
  "o": 1910000,
  "p": 2270000,
  "q": 2270000,
  "r": 5970000,
  "s": 11800000,
  "t": 7700000,
  "u": 15300000
}
