{
  "b": 2.250614881515503,
  "c": 4.388303279876709,
  "d": 2.232908010482788,
  "e": 4.353662014007568,
  "f": 23801100,
  "g": 46022452,
  "h": 24996758,
  "i": 48313484,
  "j": 23406394,
  "k": 45638356,
  "l": 24561988,
  "m": 47890284,
  "n": 394706,
  "o": 384095,
  "p": 434770,
  "q": 423201,
  "r": 1309285,
  "s": 2528798,
  "t": 1424276,
  "u": 2750586
}
