{
  "b": 20.415719985961914,
  "c": 40.834930419921875,
  "d": 29.419546127319336,
  "e": 58.845706939697266,
  "f": 216416720,
  "g": 428847072,
  "h": 329249792,
  "i": 653036992,
  "j": 212323488,
  "k": 424683264,
  "l": 323615008,
  "m": 647302784,
  "n": 4093238,
  "o": 4163792,
  "p": 5634771,
  "q": 5734236,
  "r": 26766064,
  "s": 52902120,
  "t": 41239960,
  "u": 81613256
}
