{
  "b": 20.415719985961914,
  "c": 40.834930419921875,
  "d": 29.419546127319336,
  "e": 58.845706939697266,
  "f": 216000000,
  "g": 429000000,
  "h": 329000000,
  "i": 653000000,
  "j": 212000000,
  "k": 425000000,
  "l": 324000000,
  "m": 647000000,
  "n": 4130000,
  "o": 4130000,
  "p": 5680000,
  "q": 5680000,
  "r": 26800000,
  "s": 52900000,
  "t": 41200000,
  "u": 81600000
}
