{
  "b": 1.447772741317749,
  "c": 2.8663651943206787,
  "d": 1.4918665885925293,
  "e": 2.9535961151123047,
  "f": 15312354,
  "g": 30061642,
  "h": 16687228,
  "i": 32761882,
  "j": 15056836,
  "k": 29810198,
  "l": 16410532,
  "m": 32489556,
  "n": 255518,
  "o": 251444,
  "p": 276695,
  "q": 272326,
  "r": 883202,
  "s": 1732253,
  "t": 993705,
  "u": 1949643
}
