{
  "b": 4.643005847930908,
  "c": 9.760261535644531,
  "d": 4.916801452636719,
  "e": 10.33547306060791,
  "f": 49100000,
  "g": 102000000,
  "h": 55000000,
  "i": 115000000,
  "j": 48300000,
  "k": 102000000,
  "l": 54100000,
  "m": 114000000,
  "n": 798000,
  "o": 798000,
  "p": 902000,
  "q": 902000,
  "r": 803000,
  "s": 1670000,
  "t": 909000,
  "u": 1890000
}
