{
  "b": 4.085628986358643,
  "c": 8.42462158203125,
  "d": 4.44387149810791,
  "e": 9.162976264953613,
  "f": 43200000,
  "g": 88300000,
  "h": 49700000,
  "i": 102000000,
  "j": 42500000,
  "k": 87600000,
  "l": 48900000,
  "m": 101000000,
  "n": 708000,
  "o": 708000,
  "p": 799000,
  "q": 799000,
  "r": 489000,
  "s": 999000,
  "t": 592000,
  "u": 1210000
}
