{
  "b": 15.998781204223633,
  "c": 33.25574493408203,
  "d": 18.220354080200195,
  "e": 37.87260437011719,
  "f": 168977936,
  "g": 348517760,
  "h": 203361728,
  "i": 419613600,
  "j": 166387328,
  "k": 345859744,
  "l": 200423888,
  "m": 416598656,
  "n": 2590588,
  "o": 2658030,
  "p": 2937848,
  "q": 3014922,
  "r": 7874197,
  "s": 16215534,
  "t": 9852357,
  "u": 20301626
}
