{
  "b": 4.085628986358643,
  "c": 8.42462158203125,
  "d": 4.44387149810791,
  "e": 9.162976264953613,
  "f": 43191816,
  "g": 88330896,
  "h": 49674372,
  "i": 101599824,
  "j": 42490540,
  "k": 87616064,
  "l": 48882584,
  "m": 100792744,
  "n": 701279,
  "o": 714832,
  "p": 791790,
  "q": 807077,
  "r": 489478,
  "s": 999085,
  "t": 592135,
  "u": 1209216
}
