{
  "b": 4.643005847930908,
  "c": 9.760261535644531,
  "d": 4.916801452636719,
  "e": 10.33547306060791,
  "f": 49068548,
  "g": 102320688,
  "h": 54968244,
  "i": 114611104,
  "j": 48287260,
  "k": 101506720,
  "l": 54084816,
  "m": 113690200,
  "n": 781291,
  "o": 813978,
  "p": 883428,
  "q": 920905,
  "r": 803038,
  "s": 1671717,
  "t": 909083,
  "u": 1892850
}
