{
  "b": 20.797143936157227,
  "c": 42.66913604736328,
  "d": 22.443933486938477,
  "e": 46.04584503173828,
  "f": 219795968,
  "g": 447312352,
  "h": 250871920,
  "i": 510546944,
  "j": 216290288,
  "k": 443759008,
  "l": 246883264,
  "m": 506504288,
  "n": 3505716,
  "o": 3553285,
  "p": 3988658,
  "q": 4042624,
  "r": 6788903,
  "s": 13782820,
  "t": 8237779,
  "u": 16728718
}
