{
  "b": 20.797143936157227,
  "c": 42.66913604736328,
  "d": 22.443933486938477,
  "e": 46.04584503173828,
  "f": 220000000,
  "g": 447000000,
  "h": 251000000,
  "i": 511000000,
  "j": 216000000,
  "k": 444000000,
  "l": 247000000,
  "m": 507000000,
  "n": 3530000,
  "o": 3530000,
  "p": 4020000,
  "q": 4020000,
  "r": 6790000,
  "s": 13800000,
  "t": 8240000,
  "u": 16700000
}
