{
  "b": 9.894676208496094,
  "c": 20.294431686401367,
  "d": 10.294511795043945,
  "e": 21.11385154724121,
  "f": 105000000,
  "g": 213000000,
  "h": 115000000,
  "i": 234000000,
  "j": 103000000,
  "k": 211000000,
  "l": 113000000,
  "m": 232000000,
  "n": 1680000,
  "o": 1680000,
  "p": 1860000,
  "q": 1860000,
  "r": 1210000,
  "s": 2450000,
  "t": 1400000,
  "u": 2850000
}
