{
  "b": 15.998781204223633,
  "c": 33.25574493408203,
  "d": 18.220354080200195,
  "e": 37.87260437011719,
  "f": 169000000,
  "g": 349000000,
  "h": 203000000,
  "i": 420000000,
  "j": 166000000,
  "k": 346000000,
  "l": 200000000,
  "m": 417000000,
  "n": 2620000,
  "o": 2620000,
  "p": 2980000,
  "q": 2980000,
  "r": 7870000,
  "s": 16200000,
  "t": 9850000,
  "u": 20300000
}
