{
  "b": 9.894676208496094,
  "c": 20.294431686401367,
  "d": 10.294511795043945,
  "e": 21.11385154724121,
  "f": 104569976,
  "g": 212750144,
  "h": 115087352,
  "i": 234125376,
  "j": 102904632,
  "k": 211062080,
  "l": 113239632,
  "m": 232252368,
  "n": 1665336,
  "o": 1688050,
  "p": 1847722,
  "q": 1873026,
  "r": 1205529,
  "s": 2447404,
  "t": 1402889,
  "u": 2849026
}
