{
  "b": 3.1893539428710938,
  "c": 6.526569843292236,
  "d": 3.314347267150879,
  "e": 6.782201290130615,
  "f": 33700000,
  "g": 68400000,
  "h": 37000000,
  "i": 75200000,
  "j": 33200000,
  "k": 67900000,
  "l": 36500000,
  "m": 74600000,
  "n": 525000,
  "o": 525000,
  "p": 581000,
  "q": 581000,
  "r": 1550000,
  "s": 3150000,
  "t": 1720000,
  "u": 3480000
}
