{
  "b": 6.3475823402404785,
  "c": 12.990684509277344,
  "d": 7.008775234222412,
  "e": 14.3435697555542,
  "f": 67100000,
  "g": 136000000,
  "h": 78300000,
  "i": 159000000,
  "j": 66000000,
  "k": 135000000,
  "l": 77100000,
  "m": 158000000,
  "n": 1060000,
  "o": 1060000,
  "p": 1200000,
  "q": 1200000,
  "r": 690000,
  "s": 1400000,
  "t": 809000,
  "u": 1640000
}
