{
  "b": 14.7952241897583,
  "c": 30.502197265625,
  "d": 15.696035385131836,
  "e": 32.358001708984375,
  "f": 156000000,
  "g": 320000000,
  "h": 175000000,
  "i": 359000000,
  "j": 154000000,
  "k": 317000000,
  "l": 173000000,
  "m": 356000000,
  "n": 2490000,
  "o": 2490000,
  "p": 2690000,
  "q": 2690000,
  "r": 8080000,
  "s": 16500000,
  "t": 9720000,
  "u": 19900000
}
