{
  "b": 11.476609230041504,
  "c": 23.885622024536133,
  "d": 11.735250473022461,
  "e": 24.42327308654785,
  "f": 121000000,
  "g": 250000000,
  "h": 131000000,
  "i": 271000000,
  "j": 119000000,
  "k": 248000000,
  "l": 129000000,
  "m": 269000000,
  "n": 1940000,
  "o": 1940000,
  "p": 2140000,
  "q": 2140000,
  "r": 1600000,
  "s": 3300000,
  "t": 1820000,
  "u": 3750000
}
