{
  "b": 3.1893539428710938,
  "c": 6.526569843292236,
  "d": 3.314347267150879,
  "e": 6.782201290130615,
  "f": 33691948,
  "g": 68404192,
  "h": 37035448,
  "i": 75187592,
  "j": 33169282,
  "k": 67876328,
  "l": 36457820,
  "m": 74604216,
  "n": 522665,
  "o": 527857,
  "p": 577628,
  "q": 583373,
  "r": 1553602,
  "s": 3153695,
  "t": 1715684,
  "u": 3483179
}
