{
  "b": 14.7952241897583,
  "c": 30.502197265625,
  "d": 15.696035385131836,
  "e": 32.358001708984375,
  "f": 156336624,
  "g": 319730688,
  "h": 175324448,
  "i": 358650912,
  "j": 153870336,
  "k": 317222848,
  "l": 172656384,
  "m": 355938016,
  "n": 2466287,
  "o": 2507807,
  "p": 2668064,
  "q": 2712935,
  "r": 8076454,
  "s": 16507211,
  "t": 9718446,
  "u": 19872980
}
