{
  "b": 6.3475823402404785,
  "c": 12.990684509277344,
  "d": 7.008775234222412,
  "e": 14.3435697555542,
  "f": 67068224,
  "g": 136167648,
  "h": 78287496,
  "i": 158982880,
  "j": 66014856,
  "k": 135103120,
  "l": 77096528,
  "m": 157779264,
  "n": 1053359,
  "o": 1064535,
  "p": 1190962,
  "q": 1203598,
  "r": 689680,
  "s": 1397376,
  "t": 809065,
  "u": 1640080
}
