{
  "b": 7.554510116577148,
  "c": 15.69813346862793,
  "d": 8.17475700378418,
  "e": 16.98626708984375,
  "f": 79842032,
  "g": 164568576,
  "h": 91330624,
  "i": 188293488,
  "j": 78566904,
  "k": 163260592,
  "l": 89922328,
  "m": 186848944,
  "n": 1275128,
  "o": 1307979,
  "p": 1408290,
  "q": 1444538,
  "r": 1746546,
  "s": 3591108,
  "t": 2145438,
  "u": 4413732
}
