{
  "b": 11.476609230041504,
  "c": 23.885622024536133,
  "d": 11.735250473022461,
  "e": 24.42327308654785,
  "f": 121268752,
  "g": 250375408,
  "h": 131200440,
  "i": 270827136,
  "j": 119356736,
  "k": 248410464,
  "l": 129087760,
  "m": 268656000,
  "n": 1912018,
  "o": 1964937,
  "p": 2112682,
  "q": 2171100,
  "r": 1598576,
  "s": 3295534,
  "t": 1818914,
  "u": 3749875
}
