{
  "b": 3.9482526779174805,
  "c": 8.24544620513916,
  "d": 4.340211868286133,
  "e": 9.06375503540039,
  "f": 41700000,
  "g": 86400000,
  "h": 48500000,
  "i": 100000000,
  "j": 41100000,
  "k": 85800000,
  "l": 47700000,
  "m": 99700000,
  "n": 661000,
  "o": 661000,
  "p": 747000,
  "q": 747000,
  "r": 1380000,
  "s": 2850000,
  "t": 1680000,
  "u": 3470000
}
