{
  "b": 12.588869094848633,
  "c": 25.41094398498535,
  "d": 13.593852043151855,
  "e": 27.43854522705078,
  "f": 133000000,
  "g": 266000000,
  "h": 152000000,
  "i": 304000000,
  "j": 131000000,
  "k": 264000000,
  "l": 150000000,
  "m": 302000000,
  "n": 2110000,
  "o": 2110000,
  "p": 2350000,
  "q": 2350000,
  "r": 2050000,
  "s": 4110000,
  "t": 2510000,
  "u": 5030000
}
