{
  "b": 7.532886028289795,
  "c": 15.407646179199219,
  "d": 7.84856653213501,
  "e": 16.052837371826172,
  "f": 79600984,
  "g": 161510016,
  "h": 87744456,
  "i": 178004400,
  "j": 78342016,
  "k": 160239520,
  "l": 86334232,
  "m": 176581216,
  "n": 1258970,
  "o": 1270498,
  "p": 1410218,
  "q": 1423188,
  "r": 2366590,
  "s": 4798847,
  "t": 2786652,
  "u": 5651209
}
