{
  "b": 3.9482526779174805,
  "c": 8.24544620513916,
  "d": 4.340211868286133,
  "e": 9.06375503540039,
  "f": 41713540,
  "g": 86423304,
  "h": 48478320,
  "i": 100458744,
  "j": 41061828,
  "k": 85752640,
  "l": 47742328,
  "m": 99701304,
  "n": 651713,
  "o": 670672,
  "p": 735990,
  "q": 757447,
  "r": 1375174,
  "s": 2845775,
  "t": 1678198,
  "u": 3474172
}
