{
  "b": 7.532886028289795,
  "c": 15.407646179199219,
  "d": 7.84856653213501,
  "e": 16.052837371826172,
  "f": 79600000,
  "g": 162000000,
  "h": 87700000,
  "i": 178000000,
  "j": 78300000,
  "k": 160000000,
  "l": 86300000,
  "m": 177000000,
  "n": 1260000,
  "o": 1260000,
  "p": 1420000,
  "q": 1420000,
  "r": 2370000,
  "s": 4800000,
  "t": 2790000,
  "u": 5650000
}
