{
  "b": 12.588869094848633,
  "c": 25.41094398498535,
  "d": 13.593852043151855,
  "e": 27.43854522705078,
  "f": 133032672,
  "g": 266377728,
  "h": 151882080,
  "i": 304168672,
  "j": 130924240,
  "k": 264273824,
  "l": 149532368,
  "m": 301824000,
  "n": 2108424,
  "o": 2103887,
  "p": 2349711,
  "q": 2344670,
  "r": 2054854,
  "s": 4109151,
  "t": 2514757,
  "u": 5031223
}
