{
  "b": 10.66773796081543,
  "c": 22.503803253173828,
  "d": 11.486666679382324,
  "e": 24.230621337890625,
  "f": 113000000,
  "g": 236000000,
  "h": 128000000,
  "i": 269000000,
  "j": 111000000,
  "k": 234000000,
  "l": 126000000,
  "m": 267000000,
  "n": 1830000,
  "o": 1830000,
  "p": 2090000,
  "q": 2090000,
  "r": 2430000,
  "s": 5060000,
  "t": 2820000,
  "u": 5880000
}
