{
  "b": 8.930049896240234,
  "c": 18.153310775756836,
  "d": 9.952048301696777,
  "e": 20.230304718017578,
  "f": 94371472,
  "g": 190300512,
  "h": 111199896,
  "i": 224269168,
  "j": 92872520,
  "k": 188794432,
  "l": 109472536,
  "m": 222533360,
  "n": 1498947,
  "o": 1506092,
  "p": 1727370,
  "q": 1735817,
  "r": 2322227,
  "s": 4670985,
  "t": 2821244,
  "u": 5677419
}
