{
  "b": 3.5799477100372314,
  "c": 7.480286121368408,
  "d": 3.943432092666626,
  "e": 8.239519119262695,
  "f": 37800000,
  "g": 78400000,
  "h": 44100000,
  "i": 91300000,
  "j": 37200000,
  "k": 77800000,
  "l": 43400000,
  "m": 90600000,
  "n": 609000,
  "o": 609000,
  "p": 695000,
  "q": 695000,
  "r": 308000,
  "s": 637000,
  "t": 368000,
  "u": 762000
}
