{
  "b": 21.910892486572266,
  "c": 44.84353256225586,
  "d": 23.84453582763672,
  "e": 48.80146026611328,
  "f": 232000000,
  "g": 470000000,
  "h": 267000000,
  "i": 541000000,
  "j": 228000000,
  "k": 466000000,
  "l": 262000000,
  "m": 537000000,
  "n": 3740000,
  "o": 3740000,
  "p": 4360000,
  "q": 4360000,
  "r": 15000000,
  "s": 30500000,
  "t": 17900000,
  "u": 36200000
}
