{
  "b": 21.910892486572266,
  "c": 44.84353256225586,
  "d": 23.84453582763672,
  "e": 48.80146026611328,
  "f": 231594224,
  "g": 470125952,
  "h": 266626144,
  "i": 541190016,
  "j": 227873280,
  "k": 466372736,
  "l": 262289904,
  "m": 536816064,
  "n": 3720943,
  "o": 3753279,
  "p": 4336244,
  "q": 4373907,
  "r": 15047393,
  "s": 30460708,
  "t": 17876536,
  "u": 36196264
}
