{
  "b": 136.85525512695312,
  "c": 273.3487548828125,
  "d": 225.10980224609375,
  "e": 449.609130859375,
  "f": 1447927808,
  "g": 2867184896,
  "h": 2512487680,
  "i": 4981575680,
  "j": 1423294592,
  "k": 2842827008,
  "l": 2476207872,
  "m": 4945700352,
  "n": 24633216,
  "o": 24358256,
  "p": 36279704,
  "q": 35874984,
  "r": 75230576,
  "s": 148703728,
  "t": 142157056,
  "u": 281410144
}
