{
  "b": 136.85525512695312,
  "c": 273.3487548828125,
  "d": 225.10980224609375,
  "e": 449.609130859375,
  "f": 1450000000,
  "g": 2870000000,
  "h": 2510000000,
  "i": 4980000000,
  "j": 1420000000,
  "k": 2840000000,
  "l": 2480000000,
  "m": 4950000000,
  "n": 24500000,
  "o": 24500000,
  "p": 36100000,
  "q": 36100000,
  "r": 75200000,
  "s": 149000000,
  "t": 142000000,
  "u": 281000000
}
