{
  "b": 19.199121475219727,
  "c": 38.82453536987305,
  "d": 21.41753578186035,
  "e": 43.30857849121094,
  "f": 203000000,
  "g": 407000000,
  "h": 239000000,
  "i": 480000000,
  "j": 200000000,
  "k": 404000000,
  "l": 236000000,
  "m": 476000000,
  "n": 3100000,
  "o": 3100000,
  "p": 3780000,
  "q": 3780000,
  "r": 1460000,
  "s": 2920000,
  "t": 1870000,
  "u": 3740000
}
