{
  "b": 8.930049896240234,
  "c": 18.153310775756836,
  "d": 9.952048301696777,
  "e": 20.230304718017578,
  "f": 94400000,
  "g": 190000000,
  "h": 111000000,
  "i": 224000000,
  "j": 92900000,
  "k": 189000000,
  "l": 109000000,
  "m": 223000000,
  "n": 1500000,
  "o": 1500000,
  "p": 1730000,
  "q": 1730000,
  "r": 2320000,
  "s": 4670000,
  "t": 2820000,
  "u": 5680000
}
