{
  "b": 75.59103393554688,
  "c": 154.77468872070312,
  "d": 83.9704818725586,
  "e": 171.9296875,
  "f": 799017984,
  "g": 1622654848,
  "h": 938437504,
  "i": 1906135552,
  "j": 786146752,
  "k": 1609656704,
  "l": 923675264,
  "m": 1891226624,
  "n": 12871197,
  "o": 12998342,
  "p": 14762133,
  "q": 14908989,
  "r": 71188512,
  "s": 144035440,
  "t": 85158208,
  "u": 172404496
}
