{
  "b": 110.37359619140625,
  "c": 222.7130584716797,
  "d": 124.12638092041016,
  "e": 250.4523468017578,
  "f": 1165876608,
  "g": 2334081536,
  "h": 1386217728,
  "i": 2775661824,
  "j": 1147885440,
  "k": 2316215808,
  "l": 1365390208,
  "m": 2754975744,
  "n": 17991124,
  "o": 17865480,
  "p": 20827602,
  "q": 20685872,
  "r": 272326464,
  "s": 544989440,
  "t": 320461440,
  "u": 641538368
}
