{
  "b": 5.48626184463501,
  "c": 11.439443588256836,
  "d": 6.176457405090332,
  "e": 12.878119468688965,
  "f": 57969600,
  "g": 119906464,
  "h": 69017608,
  "i": 142763968,
  "j": 57057124,
  "k": 118970216,
  "l": 67941032,
  "m": 141659312,
  "n": 912477,
  "o": 936258,
  "p": 1076571,
  "q": 1104667,
  "r": 521819,
  "s": 1075949,
  "t": 665830,
  "u": 1373441
}
