{
  "b": 75.59103393554688,
  "c": 154.77468872070312,
  "d": 83.9704818725586,
  "e": 171.9296875,
  "f": 799000000,
  "g": 1620000000,
  "h": 938000000,
  "i": 1910000000,
  "j": 786000000,
  "k": 1610000000,
  "l": 924000000,
  "m": 1890000000,
  "n": 12900000,
  "o": 12900000,
  "p": 14800000,
  "q": 14800000,
  "r": 71200000,
  "s": 144000000,
  "t": 85200000,
  "u": 172000000
}
