{
  "b": 21.07526969909668,
  "c": 43.24154281616211,
  "d": 26.23670768737793,
  "e": 53.831459045410156,
  "f": 222776912,
  "g": 453358112,
  "h": 293089664,
  "i": 596698176,
  "j": 219182800,
  "k": 449712032,
  "l": 288603776,
  "m": 592146048,
  "n": 3594104,
  "o": 3646055,
  "p": 4485882,
  "q": 4552158,
  "r": 10594601,
  "s": 21508006,
  "t": 14120941,
  "u": 28688412
}
