{
  "b": 21.07526969909668,
  "c": 43.24154281616211,
  "d": 26.23670768737793,
  "e": 53.831459045410156,
  "f": 223000000,
  "g": 453000000,
  "h": 293000000,
  "i": 597000000,
  "j": 219000000,
  "k": 450000000,
  "l": 289000000,
  "m": 592000000,
  "n": 3620000,
  "o": 3620000,
  "p": 4520000,
  "q": 4520000,
  "r": 10600000,
  "s": 21500000,
  "t": 14100000,
  "u": 28700000
}
