{
  "b": 16.613086700439453,
  "c": 34.13751220703125,
  "d": 18.98853874206543,
  "e": 39.017818450927734,
  "f": 176000000,
  "g": 358000000,
  "h": 212000000,
  "i": 432000000,
  "j": 173000000,
  "k": 355000000,
  "l": 209000000,
  "m": 429000000,
  "n": 2780000,
  "o": 2780000,
  "p": 3160000,
  "q": 3160000,
  "r": 5500000,
  "s": 11200000,
  "t": 6860000,
  "u": 14000000
}
