{
  "b": 110.37359619140625,
  "c": 222.7130584716797,
  "d": 124.12638092041016,
  "e": 250.4523468017578,
  "f": 1170000000,
  "g": 2330000000,
  "h": 1390000000,
  "i": 2780000000,
  "j": 1150000000,
  "k": 2320000000,
  "l": 1370000000,
  "m": 2750000000,
  "n": 17900000,
  "o": 17900000,
  "p": 20800000,
  "q": 20800000,
  "r": 272000000,
  "s": 545000000,
  "t": 320000000,
  "u": 642000000
}
