{
  "b": 5.48626184463501,
  "c": 11.439443588256836,
  "d": 6.176457405090332,
  "e": 12.878119468688965,
  "f": 58000000,
  "g": 120000000,
  "h": 69000000,
  "i": 143000000,
  "j": 57100000,
  "k": 119000000,
  "l": 67900000,
  "m": 142000000,
  "n": 924000,
  "o": 924000,
  "p": 1090000,
  "q": 1090000,
  "r": 522000,
  "s": 1080000,
  "t": 666000,
  "u": 1370000
}
