{
  "b": 16.613086700439453,
  "c": 34.13751220703125,
  "d": 18.98853874206543,
  "e": 39.017818450927734,
  "f": 175539120,
  "g": 357834176,
  "h": 212005760,
  "i": 432374240,
  "j": 172776096,
  "k": 355030144,
  "l": 208873920,
  "m": 429196000,
  "n": 2763017,
  "o": 2804011,
  "p": 3131841,
  "q": 3178246,
  "r": 5495667,
  "s": 11185344,
  "t": 6861325,
  "u": 13973876
}
