{
  "b": 0.38368749618530273,
  "c": 0.7907378673553467,
  "d": 0.3843313753604889,
  "e": 0.7920408844947815,
  "f": 4050000,
  "g": 8290000,
  "h": 4290000,
  "i": 8780000,
  "j": 3990000,
  "k": 8220000,
  "l": 4230000,
  "m": 8710000,
  "n": 64000,
  "o": 64000,
  "p": 67100,
  "q": 67100,
  "r": 121000,
  "s": 248000,
  "t": 137000,
  "u": 280000
}
