{
  "b": 12.757143020629883,
  "c": 26.0743350982666,
  "d": 14.728753089904785,
  "e": 30.10272789001465,
  "f": 134823776,
  "g": 273344288,
  "h": 164467456,
  "i": 333605920,
  "j": 132674288,
  "k": 271173088,
  "l": 162016288,
  "m": 331130016,
  "n": 2149476,
  "o": 2171209,
  "p": 2451143,
  "q": 2475935,
  "r": 1623324,
  "s": 3282407,
  "t": 2114946,
  "u": 4280187
}
