{
  "b": 81.61986541748047,
  "c": 168.7244873046875,
  "d": 97.02886199951172,
  "e": 200.56719970703125,
  "f": 862083072,
  "g": 1768142720,
  "h": 1082369024,
  "i": 2221486080,
  "j": 848846592,
  "k": 1754734592,
  "l": 1067317504,
  "m": 2206239232,
  "n": 13236440,
  "o": 13407976,
  "p": 15051603,
  "q": 15247076,
  "r": 304491904,
  "s": 624531712,
  "t": 379802368,
  "u": 779622144
}
