{
  "b": 5.600156307220459,
  "c": 11.531866073608398,
  "d": 6.174836158752441,
  "e": 12.714974403381348,
  "f": 59200000,
  "g": 121000000,
  "h": 68900000,
  "i": 141000000,
  "j": 58200000,
  "k": 120000000,
  "l": 67900000,
  "m": 140000000,
  "n": 933000,
  "o": 933000,
  "p": 1030000,
  "q": 1030000,
  "r": 1040000,
  "s": 2130000,
  "t": 1310000,
  "u": 2670000
}
