{
  "b": 81.61986541748047,
  "c": 168.7244873046875,
  "d": 97.02886199951172,
  "e": 200.56719970703125,
  "f": 862000000,
  "g": 1770000000,
  "h": 1080000000,
  "i": 2220000000,
  "j": 849000000,
  "k": 1750000000,
  "l": 1070000000,
  "m": 2210000000,
  "n": 13300000,
  "o": 13300000,
  "p": 15100000,
  "q": 15100000,
  "r": 304000000,
  "s": 625000000,
  "t": 380000000,
  "u": 780000000
}
