{
  "b": 10.050732612609863,
  "c": 20.59290313720703,
  "d": 10.699431419372559,
  "e": 21.921566009521484,
  "f": 106196576,
  "g": 215854240,
  "h": 119519136,
  "i": 242983552,
  "j": 104527616,
  "k": 214166192,
  "l": 117693744,
  "m": 241137216,
  "n": 1668959,
  "o": 1688041,
  "p": 1825399,
  "q": 1846315,
  "r": 1831315,
  "s": 3716288,
  "t": 2129948,
  "u": 4324393
}
