{
  "b": 10.050732612609863,
  "c": 20.59290313720703,
  "d": 10.699431419372559,
  "e": 21.921566009521484,
  "f": 106000000,
  "g": 216000000,
  "h": 120000000,
  "i": 243000000,
  "j": 105000000,
  "k": 214000000,
  "l": 118000000,
  "m": 241000000,
  "n": 1680000,
  "o": 1680000,
  "p": 1840000,
  "q": 1840000,
  "r": 1830000,
  "s": 3720000,
  "t": 2130000,
  "u": 4320000
}
