{
  "b": 0.38368749618530273,
  "c": 0.7907378673553467,
  "d": 0.3843313753604889,
  "e": 0.7920408844947815,
  "f": 4053849,
  "g": 8288148,
  "h": 4294222,
  "i": 8780047,
  "j": 3990350,
  "k": 8223674,
  "l": 4227645,
  "m": 8712450,
  "n": 63499,
  "o": 64474,
  "p": 66577,
  "q": 67597,
  "r": 121320,
  "s": 247894,
  "t": 136907,
  "u": 279805
}
