{
  "b": 5.600156307220459,
  "c": 11.531866073608398,
  "d": 6.174836158752441,
  "e": 12.714974403381348,
  "f": 59166900,
  "g": 120871712,
  "h": 68941224,
  "i": 140899296,
  "j": 58241624,
  "k": 119931408,
  "l": 67923200,
  "m": 139864720,
  "n": 925279,
  "o": 940301,
  "p": 1018017,
  "q": 1034570,
  "r": 1041848,
  "s": 2127283,
  "t": 1307387,
  "u": 2671220
}
