{
  "b": 5.1230878829956055,
  "c": 10.286507606506348,
  "d": 5.117240905761719,
  "e": 10.274542808532715,
  "f": 54100000,
  "g": 108000000,
  "h": 57200000,
  "i": 114000000,
  "j": 53300000,
  "k": 107000000,
  "l": 56300000,
  "m": 113000000,
  "n": 854000,
  "o": 854000,
  "p": 947000,
  "q": 947000,
  "r": 663000,
  "s": 1320000,
  "t": 735000,
  "u": 1460000
}
