{
  "b": 3.6649372577667236,
  "c": 7.535583019256592,
  "d": 3.8973019123077393,
  "e": 8.013166427612305,
  "f": 38715548,
  "g": 78978864,
  "h": 43527408,
  "i": 88811360,
  "j": 38115348,
  "k": 78370064,
  "l": 42870320,
  "m": 88144832,
  "n": 600202,
  "o": 608803,
  "p": 657091,
  "q": 666527,
  "r": 371438,
  "s": 756895,
  "t": 467550,
  "u": 953261
}
