{
  "b": 2.86679744720459,
  "c": 5.958716869354248,
  "d": 3.2856051921844482,
  "e": 6.829044342041016,
  "f": 30300000,
  "g": 62500000,
  "h": 36700000,
  "i": 75700000,
  "j": 29800000,
  "k": 62000000,
  "l": 36100000,
  "m": 75100000,
  "n": 479000,
  "o": 479000,
  "p": 537000,
  "q": 537000,
  "r": 917000,
  "s": 1890000,
  "t": 1160000,
  "u": 2400000
}
