{
  "b": 7.2772040367126465,
  "c": 14.739500045776367,
  "d": 7.706611633300781,
  "e": 15.608682632446289,
  "f": 76900000,
  "g": 155000000,
  "h": 86100000,
  "i": 173000000,
  "j": 75700000,
  "k": 153000000,
  "l": 84800000,
  "m": 172000000,
  "n": 1220000,
  "o": 1220000,
  "p": 1370000,
  "q": 1370000,
  "r": 1180000,
  "s": 2370000,
  "t": 1370000,
  "u": 2750000
}
