{
  "b": 5.1230878829956055,
  "c": 10.286507606506348,
  "d": 5.117240905761719,
  "e": 10.274542808532715,
  "f": 54136780,
  "g": 107830464,
  "h": 57239928,
  "i": 113963872,
  "j": 53280112,
  "k": 106979680,
  "l": 56289648,
  "m": 113019976,
  "n": 856667,
  "o": 850783,
  "p": 950281,
  "q": 943899,
  "r": 662976,
  "s": 1318221,
  "t": 735000,
  "u": 1461409
}
