{
  "b": 20.806133270263672,
  "c": 42.94279479980469,
  "d": 22.010456085205078,
  "e": 45.42676544189453,
  "f": 220000000,
  "g": 450000000,
  "h": 246000000,
  "i": 504000000,
  "j": 216000000,
  "k": 447000000,
  "l": 242000000,
  "m": 500000000,
  "n": 3540000,
  "o": 3540000,
  "p": 4020000,
  "q": 4020000,
  "r": 10600000,
  "s": 21700000,
  "t": 12700000,
  "u": 26000000
}
