{
  "b": 7.2772040367126465,
  "c": 14.739500045776367,
  "d": 7.706611633300781,
  "e": 15.608682632446289,
  "f": 76905800,
  "g": 154514832,
  "h": 86139696,
  "i": 173063904,
  "j": 75682920,
  "k": 153290800,
  "l": 84772728,
  "m": 171695504,
  "n": 1222879,
  "o": 1224038,
  "p": 1366964,
  "q": 1368401,
  "r": 1184760,
  "s": 2374421,
  "t": 1371687,
  "u": 2749864
}
