{
  "b": 20.806133270263672,
  "c": 42.94279479980469,
  "d": 22.010456085205078,
  "e": 45.42676544189453,
  "f": 219888064,
  "g": 450171104,
  "h": 246095456,
  "i": 503745376,
  "j": 216383792,
  "k": 446605056,
  "l": 242115008,
  "m": 499694432,
  "n": 3504243,
  "o": 3566056,
  "p": 3980477,
  "q": 4050882,
  "r": 10633452,
  "s": 21703836,
  "t": 12741211,
  "u": 26011730
}
