{
  "b": 3.6649372577667236,
  "c": 7.535583019256592,
  "d": 3.8973019123077393,
  "e": 8.013166427612305,
  "f": 38700000,
  "g": 79000000,
  "h": 43500000,
  "i": 88800000,
  "j": 38100000,
  "k": 78400000,
  "l": 42900000,
  "m": 88100000,
  "n": 605000,
  "o": 605000,
  "p": 662000,
  "q": 662000,
  "r": 371000,
  "s": 757000,
  "t": 468000,
  "u": 953000
}
