{
  "b": 30.206117630004883,
  "c": 62.49799346923828,
  "d": 32.47531509399414,
  "e": 67.19051361083984,
  "f": 319000000,
  "g": 655000000,
  "h": 363000000,
  "i": 745000000,
  "j": 314000000,
  "k": 650000000,
  "l": 357000000,
  "m": 739000000,
  "n": 5120000,
  "o": 5120000,
  "p": 5760000,
  "q": 5760000,
  "r": 14000000,
  "s": 28600000,
  "t": 16600000,
  "u": 33900000
}
