{
  "b": 4.381784439086914,
  "c": 8.994990348815918,
  "d": 4.857227325439453,
  "e": 9.970732688903809,
  "f": 46300000,
  "g": 94300000,
  "h": 54300000,
  "i": 111000000,
  "j": 45600000,
  "k": 93500000,
  "l": 53400000,
  "m": 110000000,
  "n": 740000,
  "o": 740000,
  "p": 838000,
  "q": 838000,
  "r": 3000000,
  "s": 6120000,
  "t": 3550000,
  "u": 7230000
}
