{
  "b": 14.406524658203125,
  "c": 29.2616024017334,
  "d": 19.170757293701172,
  "e": 38.938819885253906,
  "f": 152000000,
  "g": 307000000,
  "h": 214000000,
  "i": 432000000,
  "j": 150000000,
  "k": 304000000,
  "l": 211000000,
  "m": 428000000,
  "n": 2460000,
  "o": 2460000,
  "p": 3330000,
  "q": 3330000,
  "r": 6380000,
  "s": 12800000,
  "t": 11300000,
  "u": 22700000
}
