{
  "b": 13.81632137298584,
  "c": 28.840959548950195,
  "d": 15.905848503112793,
  "e": 33.20097351074219,
  "f": 146080288,
  "g": 302405472,
  "h": 177991152,
  "i": 368324480,
  "j": 143689744,
  "k": 299945984,
  "l": 174964336,
  "m": 365210688,
  "n": 2390536,
  "o": 2459446,
  "p": 3026815,
  "q": 3113794,
  "r": 3434702,
  "s": 7087250,
  "t": 4543646,
  "u": 9374523
}
