{
  "b": 9.249763488769531,
  "c": 18.48158073425293,
  "d": 9.887959480285645,
  "e": 19.756160736083984,
  "f": 97753944,
  "g": 193746800,
  "h": 110563744,
  "i": 219093328,
  "j": 96197536,
  "k": 192208432,
  "l": 108767552,
  "m": 217317760,
  "n": 1556411,
  "o": 1538365,
  "p": 1796190,
  "q": 1775541,
  "r": 1687600,
  "s": 3339212,
  "t": 2027190,
  "u": 4011723
}
