{
  "b": 30.206117630004883,
  "c": 62.49799346923828,
  "d": 32.47531509399414,
  "e": 67.19051361083984,
  "f": 319212288,
  "g": 655151168,
  "h": 362925376,
  "i": 744909056,
  "j": 314143616,
  "k": 649979136,
  "l": 357228448,
  "m": 739095616,
  "n": 5068692,
  "o": 5172146,
  "p": 5696930,
  "q": 5813396,
  "r": 13977165,
  "s": 28584504,
  "t": 16577693,
  "u": 33917952
}
