{
  "b": 14.406524658203125,
  "c": 29.2616024017334,
  "d": 19.170757293701172,
  "e": 38.938819885253906,
  "f": 152281376,
  "g": 306777248,
  "h": 214202192,
  "i": 431655136,
  "j": 149827856,
  "k": 304320672,
  "l": 210878320,
  "m": 428327008,
  "n": 2453507,
  "o": 2456572,
  "p": 3323872,
  "q": 3328070,
  "r": 6380471,
  "s": 12781076,
  "t": 11300954,
  "u": 22698948
}
