{
  "b": 4.381784439086914,
  "c": 8.994990348815918,
  "d": 4.857227325439453,
  "e": 9.970732688903809,
  "f": 46305424,
  "g": 94293104,
  "h": 54261772,
  "i": 110522176,
  "j": 45570560,
  "k": 93547904,
  "l": 53429500,
  "m": 109678064,
  "n": 734867,
  "o": 745200,
  "p": 832268,
  "q": 844124,
  "r": 3003483,
  "s": 6121145,
  "t": 3547675,
  "u": 7233001
}
