{
  "b": 9.249763488769531,
  "c": 18.48158073425293,
  "d": 9.887959480285645,
  "e": 19.756160736083984,
  "f": 97800000,
  "g": 194000000,
  "h": 111000000,
  "i": 219000000,
  "j": 96200000,
  "k": 192000000,
  "l": 109000000,
  "m": 217000000,
  "n": 1550000,
  "o": 1550000,
  "p": 1790000,
  "q": 1790000,
  "r": 1690000,
  "s": 3340000,
  "t": 2030000,
  "u": 4010000
}
