{
  "b": 11.919425964355469,
  "c": 24.57412338256836,
  "d": 12.251440048217773,
  "e": 25.257827758789062,
  "f": 126000000,
  "g": 258000000,
  "h": 137000000,
  "i": 280000000,
  "j": 124000000,
  "k": 256000000,
  "l": 135000000,
  "m": 278000000,
  "n": 2010000,
  "o": 2010000,
  "p": 2190000,
  "q": 2190000,
  "r": 4790000,
  "s": 9790000,
  "t": 5600000,
  "u": 11400000
}
