{
  "b": 12.100716590881348,
  "c": 25.31009292602539,
  "d": 13.477143287658691,
  "e": 28.188352584838867,
  "f": 127883376,
  "g": 265328688,
  "h": 150585856,
  "i": 312487616,
  "j": 125847448,
  "k": 263224960,
  "l": 148248576,
  "m": 310071872,
  "n": 2035927,
  "o": 2103713,
  "p": 2337286,
  "q": 2415738,
  "r": 3625462,
  "s": 7499492,
  "t": 4373817,
  "u": 9052531
}
