{
  "b": 41.07292175292969,
  "c": 83.823974609375,
  "d": 48.072364807128906,
  "e": 98.104248046875,
  "f": 434000000,
  "g": 879000000,
  "h": 537000000,
  "i": 1090000000,
  "j": 427000000,
  "k": 872000000,
  "l": 529000000,
  "m": 1080000000,
  "n": 6950000,
  "o": 6950000,
  "p": 8450000,
  "q": 8450000,
  "r": 28300000,
  "s": 57100000,
  "t": 37200000,
  "u": 75100000
}
