{
  "b": 25.403587341308594,
  "c": 51.76953887939453,
  "d": 28.241737365722656,
  "e": 57.55104064941406,
  "f": 268000000,
  "g": 543000000,
  "h": 315000000,
  "i": 638000000,
  "j": 264000000,
  "k": 538000000,
  "l": 311000000,
  "m": 633000000,
  "n": 4280000,
  "o": 4280000,
  "p": 4830000,
  "q": 4830000,
  "r": 20500000,
  "s": 41500000,
  "t": 25400000,
  "u": 51300000
}
