{
  "b": 41.07292175292969,
  "c": 83.823974609375,
  "d": 48.072364807128906,
  "e": 98.104248046875,
  "f": 434080576,
  "g": 878748992,
  "h": 537211008,
  "i": 1087631104,
  "j": 427158400,
  "k": 871769344,
  "l": 528796032,
  "m": 1079146752,
  "n": 6922237,
  "o": 6979595,
  "p": 8414946,
  "q": 8484437,
  "r": 28273844,
  "s": 57103516,
  "t": 37176044,
  "u": 75110728
}
