{
  "b": 11.919425964355469,
  "c": 24.57412338256836,
  "d": 12.251440048217773,
  "e": 25.257827758789062,
  "f": 125955760,
  "g": 257598880,
  "h": 136932672,
  "i": 280040128,
  "j": 123962032,
  "k": 255570880,
  "l": 134765840,
  "m": 277836096,
  "n": 1993718,
  "o": 2027999,
  "p": 2166833,
  "q": 2204072,
  "r": 4790610,
  "s": 9786535,
  "t": 5598128,
  "u": 11439631
}
