{
  "b": 12.100716590881348,
  "c": 25.31009292602539,
  "d": 13.477143287658691,
  "e": 28.188352584838867,
  "f": 128000000,
  "g": 265000000,
  "h": 151000000,
  "i": 312000000,
  "j": 126000000,
  "k": 263000000,
  "l": 148000000,
  "m": 310000000,
  "n": 2070000,
  "o": 2070000,
  "p": 2380000,
  "q": 2380000,
  "r": 3630000,
  "s": 7500000,
  "t": 4370000,
  "u": 9050000
}
