{
  "b": 46.37753677368164,
  "c": 92.81976318359375,
  "d": 65.94934844970703,
  "e": 131.98899841308594,
  "f": 490000000,
  "g": 973000000,
  "h": 736000000,
  "i": 1460000000,
  "j": 482000000,
  "k": 965000000,
  "l": 725000000,
  "m": 1450000000,
  "n": 7850000,
  "o": 7850000,
  "p": 10300000,
  "q": 10300000,
  "r": 18400000,
  "s": 36500000,
  "t": 29400000,
  "u": 58300000
}
