{
  "b": 46.37753677368164,
  "c": 92.81976318359375,
  "d": 65.94934844970703,
  "e": 131.98899841308594,
  "f": 490219648,
  "g": 973137280,
  "h": 735753088,
  "i": 1462083072,
  "j": 482326400,
  "k": 965325504,
  "l": 725442816,
  "m": 1451878912,
  "n": 7893266,
  "o": 7811788,
  "p": 10310190,
  "q": 10204290,
  "r": 18429672,
  "s": 36495468,
  "t": 29413272,
  "u": 58324448
}
