{
  "b": 25.403587341308594,
  "c": 51.76953887939453,
  "d": 28.241737365722656,
  "e": 57.55104064941406,
  "f": 268461440,
  "g": 542694592,
  "h": 315478368,
  "i": 637911616,
  "j": 264197312,
  "k": 538403200,
  "l": 310659104,
  "m": 633061440,
  "n": 4264152,
  "o": 4291434,
  "p": 4819247,
  "q": 4850088,
  "r": 20518332,
  "s": 41453352,
  "t": 25402742,
  "u": 51344960
}
