{
  "b": 12.302042007446289,
  "c": 24.877479553222656,
  "d": 13.074945449829102,
  "e": 26.439823150634766,
  "f": 130000000,
  "g": 261000000,
  "h": 146000000,
  "i": 293000000,
  "j": 128000000,
  "k": 259000000,
  "l": 144000000,
  "m": 291000000,
  "n": 2010000,
  "o": 2010000,
  "p": 2280000,
  "q": 2280000,
  "r": 3360000,
  "s": 6730000,
  "t": 4010000,
  "u": 8030000
}
