{
  "b": 25.098100662231445,
  "c": 52.36012268066406,
  "d": 28.737106323242188,
  "e": 59.9501838684082,
  "f": 265000000,
  "g": 549000000,
  "h": 321000000,
  "i": 664000000,
  "j": 261000000,
  "k": 545000000,
  "l": 316000000,
  "m": 659000000,
  "n": 4240000,
  "o": 4240000,
  "p": 4710000,
  "q": 4710000,
  "r": 5630000,
  "s": 11600000,
  "t": 7170000,
  "u": 14800000
}
