{
  "b": 14.966445922851562,
  "c": 31.04819107055664,
  "d": 17.454212188720703,
  "e": 36.20761489868164,
  "f": 158227488,
  "g": 325541920,
  "h": 195005104,
  "i": 401367552,
  "j": 155651040,
  "k": 322901184,
  "l": 191996336,
  "m": 398283776,
  "n": 2576463,
  "o": 2640773,
  "p": 3008757,
  "q": 3083772,
  "r": 3390470,
  "s": 6954872,
  "t": 4338538,
  "u": 8907231
}
