{
  "b": 9.592958450317383,
  "c": 19.598562240600586,
  "d": 10.669992446899414,
  "e": 21.79941177368164,
  "f": 101000000,
  "g": 205000000,
  "h": 119000000,
  "i": 242000000,
  "j": 99800000,
  "k": 204000000,
  "l": 117000000,
  "m": 240000000,
  "n": 1630000,
  "o": 1630000,
  "p": 1890000,
  "q": 1890000,
  "r": 2270000,
  "s": 4590000,
  "t": 2780000,
  "u": 5620000
}
