{
  "b": 14.966445922851562,
  "c": 31.04819107055664,
  "d": 17.454212188720703,
  "e": 36.20761489868164,
  "f": 158000000,
  "g": 326000000,
  "h": 195000000,
  "i": 401000000,
  "j": 156000000,
  "k": 323000000,
  "l": 192000000,
  "m": 398000000,
  "n": 2610000,
  "o": 2610000,
  "p": 3050000,
  "q": 3050000,
  "r": 3390000,
  "s": 6950000,
  "t": 4340000,
  "u": 8910000
}
