{
  "b": 8.011075019836426,
  "c": 16.63935661315918,
  "d": 8.251472473144531,
  "e": 17.138431549072266,
  "f": 84600000,
  "g": 174000000,
  "h": 92200000,
  "i": 190000000,
  "j": 83300000,
  "k": 173000000,
  "l": 90800000,
  "m": 189000000,
  "n": 1330000,
  "o": 1330000,
  "p": 1440000,
  "q": 1440000,
  "r": 1020000,
  "s": 2110000,
  "t": 1140000,
  "u": 2350000
}
