{
  "b": 22.071414947509766,
  "c": 45.7166633605957,
  "d": 26.262798309326172,
  "e": 54.397499084472656,
  "f": 233000000,
  "g": 479000000,
  "h": 293000000,
  "i": 603000000,
  "j": 230000000,
  "k": 475000000,
  "l": 289000000,
  "m": 598000000,
  "n": 3790000,
  "o": 3790000,
  "p": 4650000,
  "q": 4650000,
  "r": 7410000,
  "s": 15200000,
  "t": 9600000,
  "u": 19700000
}
