{
  "b": 4.137636661529541,
  "c": 8.588080406188965,
  "d": 4.238946914672852,
  "e": 8.798020362854004,
  "f": 43727908,
  "g": 90029488,
  "h": 47369560,
  "i": 97537408,
  "j": 43031420,
  "k": 89316040,
  "l": 46628416,
  "m": 96778224,
  "n": 696486,
  "o": 713444,
  "p": 741142,
  "q": 759181,
  "r": 668627,
  "s": 1374984,
  "t": 779495,
  "u": 1603662
}
