{
  "b": 14.409095764160156,
  "c": 29.89464569091797,
  "d": 16.685426712036133,
  "e": 34.61605453491211,
  "f": 152000000,
  "g": 313000000,
  "h": 186000000,
  "i": 384000000,
  "j": 150000000,
  "k": 311000000,
  "l": 184000000,
  "m": 381000000,
  "n": 2490000,
  "o": 2490000,
  "p": 2860000,
  "q": 2860000,
  "r": 3840000,
  "s": 7880000,
  "t": 4900000,
  "u": 10100000
}
