{
  "b": 22.071414947509766,
  "c": 45.7166633605957,
  "d": 26.262798309326172,
  "e": 54.397499084472656,
  "f": 233292848,
  "g": 479284992,
  "h": 293486848,
  "i": 603069184,
  "j": 229542720,
  "k": 475453312,
  "l": 288890784,
  "m": 598372480,
  "n": 3750159,
  "o": 3831654,
  "p": 4596043,
  "q": 4696738,
  "r": 7405205,
  "s": 15170339,
  "t": 9603574,
  "u": 19684572
}
