{
  "b": 8.825366020202637,
  "c": 18.38150405883789,
  "d": 9.66003131866455,
  "e": 20.11922264099121,
  "f": 93271304,
  "g": 192696672,
  "h": 107935384,
  "i": 223033392,
  "j": 91783808,
  "k": 191167648,
  "l": 106260344,
  "m": 221311456,
  "n": 1487506,
  "o": 1529020,
  "p": 1675047,
  "q": 1721915,
  "r": 1747107,
  "s": 3596793,
  "t": 2086578,
  "u": 4298180
}
