{
  "b": 11.304920196533203,
  "c": 23.426517486572266,
  "d": 11.859871864318848,
  "e": 24.575315475463867,
  "f": 119489112,
  "g": 245593216,
  "h": 132755416,
  "i": 272672384,
  "j": 117571168,
  "k": 243635776,
  "l": 130458592,
  "m": 270328480,
  "n": 1917947,
  "o": 1957426,
  "p": 2296810,
  "q": 2343910,
  "r": 2804434,
  "s": 5746963,
  "t": 3391694,
  "u": 6947862
}
