{
  "b": 4.137636661529541,
  "c": 8.588080406188965,
  "d": 4.238946914672852,
  "e": 8.798020362854004,
  "f": 43700000,
  "g": 90000000,
  "h": 47400000,
  "i": 97500000,
  "j": 43000000,
  "k": 89300000,
  "l": 46600000,
  "m": 96800000,
  "n": 705000,
  "o": 705000,
  "p": 750000,
  "q": 750000,
  "r": 669000,
  "s": 1370000,
  "t": 779000,
  "u": 1600000
}
