{
  "b": 5.053699016571045,
  "c": 10.435834884643555,
  "d": 5.585662841796875,
  "e": 11.533992767333984,
  "f": 53400000,
  "g": 109000000,
  "h": 62400000,
  "i": 128000000,
  "j": 52600000,
  "k": 109000000,
  "l": 61400000,
  "m": 127000000,
  "n": 856000,
  "o": 856000,
  "p": 960000,
  "q": 960000,
  "r": 1450000,
  "s": 2960000,
  "t": 1690000,
  "u": 3460000
}
