{
  "b": 21.152118682861328,
  "c": 43.12010955810547,
  "d": 24.50055503845215,
  "e": 49.94465637207031,
  "f": 224000000,
  "g": 452000000,
  "h": 274000000,
  "i": 554000000,
  "j": 220000000,
  "k": 448000000,
  "l": 270000000,
  "m": 549000000,
  "n": 3540000,
  "o": 3540000,
  "p": 4200000,
  "q": 4200000,
  "r": 4880000,
  "s": 9850000,
  "t": 6400000,
  "u": 12900000
}
