{
  "b": 3.6273372173309326,
  "c": 7.366000652313232,
  "d": 3.7115795612335205,
  "e": 7.5368452072143555,
  "f": 38300000,
  "g": 77200000,
  "h": 41500000,
  "i": 83500000,
  "j": 37700000,
  "k": 76600000,
  "l": 40800000,
  "m": 82900000,
  "n": 613000,
  "o": 613000,
  "p": 632000,
  "q": 632000,
  "r": 627000,
  "s": 1260000,
  "t": 728000,
  "u": 1470000
}
