{
  "b": 21.152118682861328,
  "c": 43.12010955810547,
  "d": 24.50055503845215,
  "e": 49.94465637207031,
  "f": 223505936,
  "g": 451997696,
  "h": 273696032,
  "i": 553610304,
  "j": 219982032,
  "k": 448449152,
  "l": 269506112,
  "m": 549391232,
  "n": 3523897,
  "o": 3548515,
  "p": 4189921,
  "q": 4219029,
  "r": 4881524,
  "s": 9853716,
  "t": 6396444,
  "u": 12917189
}
