{
  "b": 3.6273372173309326,
  "c": 7.366000652313232,
  "d": 3.7115795612335205,
  "e": 7.5368452072143555,
  "f": 38335876,
  "g": 77220312,
  "h": 41457728,
  "i": 83538064,
  "j": 37724308,
  "k": 76606408,
  "l": 40827376,
  "m": 82905296,
  "n": 611566,
  "o": 613903,
  "p": 630356,
  "q": 632766,
  "r": 626784,
  "s": 1260956,
  "t": 727919,
  "u": 1465381
}
