{
  "b": 13.923056602478027,
  "c": 28.85279083251953,
  "d": 15.233455657958984,
  "e": 31.567522048950195,
  "f": 147000000,
  "g": 302000000,
  "h": 170000000,
  "i": 350000000,
  "j": 145000000,
  "k": 300000000,
  "l": 168000000,
  "m": 347000000,
  "n": 2370000,
  "o": 2370000,
  "p": 2720000,
  "q": 2720000,
  "r": 7260000,
  "s": 14900000,
  "t": 8630000,
  "u": 17700000
}
