{
  "b": 13.918630599975586,
  "c": 28.614953994750977,
  "d": 14.667211532592773,
  "e": 30.152599334716797,
  "f": 147000000,
  "g": 300000000,
  "h": 164000000,
  "i": 334000000,
  "j": 145000000,
  "k": 298000000,
  "l": 161000000,
  "m": 332000000,
  "n": 2370000,
  "o": 2370000,
  "p": 2650000,
  "q": 2650000,
  "r": 2620000,
  "s": 5330000,
  "t": 3130000,
  "u": 6370000
}
