{
  "b": 13.923056602478027,
  "c": 28.85279083251953,
  "d": 15.233455657958984,
  "e": 31.567522048950195,
  "f": 147144800,
  "g": 302472288,
  "h": 170258224,
  "i": 350000704,
  "j": 144799792,
  "k": 300069024,
  "l": 167568016,
  "m": 347242752,
  "n": 2345035,
  "o": 2403236,
  "p": 2690214,
  "q": 2757950,
  "r": 7263204,
  "s": 14892441,
  "t": 8631744,
  "u": 17705618
}
