{
  "b": 5.053699016571045,
  "c": 10.435834884643555,
  "d": 5.585662841796875,
  "e": 11.533992767333984,
  "f": 53407248,
  "g": 109396440,
  "h": 62393716,
  "i": 127842176,
  "j": 52558472,
  "k": 108532680,
  "l": 61442292,
  "m": 126873920,
  "n": 848779,
  "o": 863753,
  "p": 951424,
  "q": 968241,
  "r": 1448552,
  "s": 2964608,
  "t": 1691413,
  "u": 3463204
}
