{
  "b": 2.144505500793457,
  "c": 4.445932865142822,
  "d": 2.344386100769043,
  "e": 4.860157012939453,
  "f": 22700000,
  "g": 46600000,
  "h": 26200000,
  "i": 53800000,
  "j": 22300000,
  "k": 46200000,
  "l": 25800000,
  "m": 53500000,
  "n": 361000,
  "o": 361000,
  "p": 380000,
  "q": 380000,
  "r": 407000,
  "s": 837000,
  "t": 508000,
  "u": 1050000
}
