{
  "b": 43.222190856933594,
  "c": 87.16596984863281,
  "d": 52.88393783569336,
  "e": 106.64920806884766,
  "f": 457000000,
  "g": 914000000,
  "h": 591000000,
  "i": 1180000000,
  "j": 450000000,
  "k": 907000000,
  "l": 582000000,
  "m": 1170000000,
  "n": 7380000,
  "o": 7380000,
  "p": 9170000,
  "q": 9170000,
  "r": 58300000,
  "s": 117000000,
  "t": 78900000,
  "u": 158000000
}
