{
  "b": 5.933902263641357,
  "c": 12.198785781860352,
  "d": 6.311920166015625,
  "e": 12.975496292114258,
  "f": 62711880,
  "g": 127881936,
  "h": 70547448,
  "i": 143864000,
  "j": 61712584,
  "k": 126867376,
  "l": 69431120,
  "m": 142730464,
  "n": 999294,
  "o": 1014562,
  "p": 1116327,
  "q": 1133517,
  "r": 1129727,
  "s": 2299761,
  "t": 1309626,
  "u": 2666641
}
