{
  "b": 10.803394317626953,
  "c": 21.686920166015625,
  "d": 11.0791597366333,
  "e": 22.240060806274414,
  "f": 114000000,
  "g": 227000000,
  "h": 124000000,
  "i": 247000000,
  "j": 112000000,
  "k": 226000000,
  "l": 122000000,
  "m": 245000000,
  "n": 1820000,
  "o": 1820000,
  "p": 2050000,
  "q": 2050000,
  "r": 2590000,
  "s": 5150000,
  "t": 2900000,
  "u": 5770000
}
