{
  "b": 43.222190856933594,
  "c": 87.16596984863281,
  "d": 52.88393783569336,
  "e": 106.64920806884766,
  "f": 456903808,
  "g": 913886208,
  "h": 590909440,
  "i": 1182287104,
  "j": 449510784,
  "k": 906526080,
  "l": 581723328,
  "m": 1173141248,
  "n": 7392988,
  "o": 7360255,
  "p": 9186034,
  "q": 9145779,
  "r": 58292720,
  "s": 116576608,
  "t": 78850448,
  "u": 157780144
}
