{
  "b": 2.144505500793457,
  "c": 4.445932865142822,
  "d": 2.344386100769043,
  "e": 4.860157012939453,
  "f": 22660182,
  "g": 46603144,
  "h": 26164018,
  "i": 53846056,
  "j": 22302858,
  "k": 46237704,
  "l": 25788246,
  "m": 53461728,
  "n": 357324,
  "o": 365443,
  "p": 375773,
  "q": 384326,
  "r": 406829,
  "s": 836516,
  "t": 507767,
  "u": 1045043
}
