{
  "b": 10.803394317626953,
  "c": 21.686920166015625,
  "d": 11.0791597366333,
  "e": 22.240060806274414,
  "f": 114178056,
  "g": 227352688,
  "h": 123932416,
  "i": 246686624,
  "j": 112355296,
  "k": 225543968,
  "l": 121870752,
  "m": 244640672,
  "n": 1822763,
  "o": 1808737,
  "p": 2061654,
  "q": 2045940,
  "r": 2593302,
  "s": 5151586,
  "t": 2904056,
  "u": 5768967
}
