{
  "b": 12.254734992980957,
  "c": 25.21218490600586,
  "d": 12.779467582702637,
  "e": 26.290664672851562,
  "f": 129537520,
  "g": 264330288,
  "h": 142942752,
  "i": 291605888,
  "j": 127449240,
  "k": 262206720,
  "l": 140574144,
  "m": 289197312,
  "n": 2088282,
  "o": 2123540,
  "p": 2368600,
  "q": 2408537,
  "r": 2158890,
  "s": 4398306,
  "t": 2557995,
  "u": 5211877
}
