{
  "b": 12.56906795501709,
  "c": 25.836280822753906,
  "d": 12.7610445022583,
  "e": 26.23004722595215,
  "f": 132808792,
  "g": 270817984,
  "h": 142647088,
  "i": 290838976,
  "j": 130718304,
  "k": 268697312,
  "l": 140371488,
  "m": 288530528,
  "n": 2090488,
  "o": 2120692,
  "p": 2275586,
  "q": 2308445,
  "r": 4498578,
  "s": 9165619,
  "t": 5173975,
  "u": 10543877
}
