{
  "b": 9.505669593811035,
  "c": 19.426240921020508,
  "d": 12.023344993591309,
  "e": 24.570690155029297,
  "f": 100428144,
  "g": 203613232,
  "h": 134172152,
  "i": 272206880,
  "j": 98858968,
  "k": 202032912,
  "l": 132256792,
  "m": 270277600,
  "n": 1569171,
  "o": 1580303,
  "p": 1915353,
  "q": 1929270,
  "r": 1466075,
  "s": 2967731,
  "t": 2050175,
  "u": 4153690
}
