{
  "b": 19.91925621032715,
  "c": 40.460487365722656,
  "d": 21.513456344604492,
  "e": 43.697322845458984,
  "f": 210535936,
  "g": 424179392,
  "h": 240540896,
  "i": 484580256,
  "j": 207160272,
  "k": 420789088,
  "l": 236648016,
  "m": 480670560,
  "n": 3375666,
  "o": 3390283,
  "p": 3892876,
  "q": 3909750,
  "r": 3398228,
  "s": 6834657,
  "t": 3997083,
  "u": 8040560
}
