{
  "b": 9.194039344787598,
  "c": 19.269956588745117,
  "d": 8.947196960449219,
  "e": 18.752134323120117,
  "f": 97147648,
  "g": 201990064,
  "h": 100071800,
  "i": 207983216,
  "j": 95618008,
  "k": 200407552,
  "l": 98419168,
  "m": 206273488,
  "n": 1529646,
  "o": 1582509,
  "p": 1652638,
  "q": 1709718,
  "r": 1734082,
  "s": 3602155,
  "t": 1939027,
  "u": 4027396
}
