{
  "b": 12.56906795501709,
  "c": 25.836280822753906,
  "d": 12.7610445022583,
  "e": 26.23004722595215,
  "f": 133000000,
  "g": 271000000,
  "h": 143000000,
  "i": 291000000,
  "j": 131000000,
  "k": 269000000,
  "l": 140000000,
  "m": 289000000,
  "n": 2110000,
  "o": 2110000,
  "p": 2290000,
  "q": 2290000,
  "r": 4500000,
  "s": 9170000,
  "t": 5170000,
  "u": 10500000
}
