{
  "b": 19.91925621032715,
  "c": 40.460487365722656,
  "d": 21.513456344604492,
  "e": 43.697322845458984,
  "f": 211000000,
  "g": 424000000,
  "h": 241000000,
  "i": 485000000,
  "j": 207000000,
  "k": 421000000,
  "l": 237000000,
  "m": 481000000,
  "n": 3380000,
  "o": 3380000,
  "p": 3900000,
  "q": 3900000,
  "r": 3400000,
  "s": 6830000,
  "t": 4000000,
  "u": 8040000
}
