{
  "b": 4.296285629272461,
  "c": 8.85955810546875,
  "d": 5.015809535980225,
  "e": 10.342926979064941,
  "f": 45413688,
  "g": 92885152,
  "h": 56005596,
  "i": 114619136,
  "j": 44681372,
  "k": 92139408,
  "l": 55173904,
  "m": 113772192,
  "n": 732311,
  "o": 745734,
  "p": 831693,
  "q": 846940,
  "r": 1617711,
  "s": 3306536,
  "t": 2146367,
  "u": 4391152
}
