{
  "b": 6.593440532684326,
  "c": 13.536306381225586,
  "d": 7.1292619705200195,
  "e": 14.635988235473633,
  "f": 69680040,
  "g": 141902048,
  "h": 79707016,
  "i": 162300064,
  "j": 68571784,
  "k": 140777584,
  "l": 78421880,
  "m": 160995872,
  "n": 1108256,
  "o": 1124462,
  "p": 1285142,
  "q": 1304179,
  "r": 1507599,
  "s": 3065783,
  "t": 1808890,
  "u": 3679178
}
