{
  "b": 14.805564880371094,
  "c": 30.715085983276367,
  "d": 16.12186050415039,
  "e": 33.44435119628906,
  "f": 156484976,
  "g": 322005952,
  "h": 180255792,
  "i": 370875168,
  "j": 153977872,
  "k": 319436896,
  "l": 177340464,
  "m": 367887872,
  "n": 2507099,
  "o": 2569085,
  "p": 2915316,
  "q": 2987289,
  "r": 3606310,
  "s": 7401047,
  "t": 4400341,
  "u": 9032774
}
