{
  "b": 4.296285629272461,
  "c": 8.85955810546875,
  "d": 5.015809535980225,
  "e": 10.342926979064941,
  "f": 45400000,
  "g": 92900000,
  "h": 56000000,
  "i": 115000000,
  "j": 44700000,
  "k": 92100000,
  "l": 55200000,
  "m": 114000000,
  "n": 739000,
  "o": 739000,
  "p": 839000,
  "q": 839000,
  "r": 1620000,
  "s": 3310000,
  "t": 2150000,
  "u": 4390000
}
