{
  "b": 12.561076164245605,
  "c": 26.132816314697266,
  "d": 13.376200675964355,
  "e": 27.827356338500977,
  "f": 132760832,
  "g": 273965888,
  "h": 149488896,
  "i": 308516832,
  "j": 130635192,
  "k": 271781280,
  "l": 147138208,
  "m": 306100928,
  "n": 2125643,
  "o": 2184617,
  "p": 2350702,
  "q": 2415918,
  "r": 2212986,
  "s": 4555654,
  "t": 2686504,
  "u": 5532853
}
