{
  "b": 21.50387191772461,
  "c": 44.046199798583984,
  "d": 23.510026931762695,
  "e": 48.15483474731445,
  "f": 227000000,
  "g": 462000000,
  "h": 263000000,
  "i": 534000000,
  "j": 224000000,
  "k": 458000000,
  "l": 259000000,
  "m": 530000000,
  "n": 3620000,
  "o": 3620000,
  "p": 4160000,
  "q": 4160000,
  "r": 19200000,
  "s": 39000000,
  "t": 23000000,
  "u": 46700000
}
