{
  "b": 21.50387191772461,
  "c": 44.046199798583984,
  "d": 23.510026931762695,
  "e": 48.15483474731445,
  "f": 227245776,
  "g": 461721024,
  "h": 262747744,
  "i": 533880928,
  "j": 223640272,
  "k": 458080480,
  "l": 258610304,
  "m": 529703200,
  "n": 3605486,
  "o": 3640558,
  "p": 4137450,
  "q": 4177739,
  "r": 19210462,
  "s": 38988848,
  "t": 22981064,
  "u": 46650464
}
