{
  "b": 14.805564880371094,
  "c": 30.715085983276367,
  "d": 16.12186050415039,
  "e": 33.44435119628906,
  "f": 156000000,
  "g": 322000000,
  "h": 180000000,
  "i": 371000000,
  "j": 154000000,
  "k": 319000000,
  "l": 177000000,
  "m": 368000000,
  "n": 2540000,
  "o": 2540000,
  "p": 2950000,
  "q": 2950000,
  "r": 3610000,
  "s": 7400000,
  "t": 4400000,
  "u": 9030000
}
