{
  "b": 4.859243392944336,
  "c": 10.150834083557129,
  "d": 5.139988899230957,
  "e": 10.736997604370117,
  "f": 51325796,
  "g": 106385920,
  "h": 57424248,
  "i": 119022720,
  "j": 50536132,
  "k": 105568672,
  "l": 56539880,
  "m": 118106976,
  "n": 789663,
  "o": 817254,
  "p": 884368,
  "q": 915740,
  "r": 1238803,
  "s": 2564874,
  "t": 1429764,
  "u": 2960634
}
