{
  "b": 5.352570533752441,
  "c": 11.077138900756836,
  "d": 5.619264125823975,
  "e": 11.628799438476562,
  "f": 56500000,
  "g": 116000000,
  "h": 62800000,
  "i": 129000000,
  "j": 55700000,
  "k": 115000000,
  "l": 61800000,
  "m": 128000000,
  "n": 886000,
  "o": 886000,
  "p": 973000,
  "q": 973000,
  "r": 614000,
  "s": 1260000,
  "t": 732000,
  "u": 1500000
}
