{
  "b": 20.707530975341797,
  "c": 42.990234375,
  "d": 21.739622116088867,
  "e": 45.13088607788086,
  "f": 219000000,
  "g": 451000000,
  "h": 243000000,
  "i": 500000000,
  "j": 215000000,
  "k": 447000000,
  "l": 239000000,
  "m": 496000000,
  "n": 3510000,
  "o": 3510000,
  "p": 3850000,
  "q": 3850000,
  "r": 14700000,
  "s": 30200000,
  "t": 17200000,
  "u": 35400000
}
