{
  "b": 6.757022857666016,
  "c": 14.155137062072754,
  "d": 7.240111351013184,
  "e": 15.166533470153809,
  "f": 71400000,
  "g": 148000000,
  "h": 80900000,
  "i": 168000000,
  "j": 70300000,
  "k": 147000000,
  "l": 79600000,
  "m": 167000000,
  "n": 1150000,
  "o": 1150000,
  "p": 1290000,
  "q": 1290000,
  "r": 1250000,
  "s": 2590000,
  "t": 1500000,
  "u": 3120000
}
