{
  "b": 20.707530975341797,
  "c": 42.990234375,
  "d": 21.739622116088867,
  "e": 45.13088607788086,
  "f": 218831504,
  "g": 450652960,
  "h": 242944528,
  "i": 500337600,
  "j": 215358320,
  "k": 447098432,
  "l": 239135840,
  "m": 496439744,
  "n": 3473203,
  "o": 3554574,
  "p": 3808682,
  "q": 3897836,
  "r": 14698548,
  "s": 30234254,
  "t": 17194562,
  "u": 35380036
}
