{
  "b": 15.24428653717041,
  "c": 31.517147064208984,
  "d": 17.17562484741211,
  "e": 35.50929641723633,
  "f": 161075936,
  "g": 330364768,
  "h": 191789232,
  "i": 393517280,
  "j": 158540576,
  "k": 327778336,
  "l": 188931872,
  "m": 390602272,
  "n": 2535370,
  "o": 2586410,
  "p": 2857376,
  "q": 2914991,
  "r": 4797853,
  "s": 9831356,
  "t": 5824597,
  "u": 11942092
}
