{
  "b": 15.24428653717041,
  "c": 31.517147064208984,
  "d": 17.17562484741211,
  "e": 35.50929641723633,
  "f": 161000000,
  "g": 330000000,
  "h": 192000000,
  "i": 394000000,
  "j": 159000000,
  "k": 328000000,
  "l": 189000000,
  "m": 391000000,
  "n": 2560000,
  "o": 2560000,
  "p": 2890000,
  "q": 2890000,
  "r": 4800000,
  "s": 9830000,
  "t": 5820000,
  "u": 11900000
}
