{
  "b": 5.243631362915039,
  "c": 10.83051586151123,
  "d": 5.436863422393799,
  "e": 11.229194641113281,
  "f": 55429104,
  "g": 113551064,
  "h": 60807424,
  "i": 124543592,
  "j": 54533764,
  "k": 112637368,
  "l": 59805496,
  "m": 123521136,
  "n": 895337,
  "o": 913697,
  "p": 1001925,
  "q": 1022448,
  "r": 996363,
  "s": 2036367,
  "t": 1132990,
  "u": 2316133
}
