{
  "b": 5.243631362915039,
  "c": 10.83051586151123,
  "d": 5.436863422393799,
  "e": 11.229194641113281,
  "f": 55400000,
  "g": 114000000,
  "h": 60800000,
  "i": 125000000,
  "j": 54500000,
  "k": 113000000,
  "l": 59800000,
  "m": 124000000,
  "n": 905000,
  "o": 905000,
  "p": 1010000,
  "q": 1010000,
  "r": 996000,
  "s": 2040000,
  "t": 1130000,
  "u": 2320000
}
