{
  "b": 10.241087913513184,
  "c": 21.620973587036133,
  "d": 11.20797061920166,
  "e": 23.661865234375,
  "f": 108255856,
  "g": 226681664,
  "h": 125263648,
  "i": 262341120,
  "j": 106507312,
  "k": 224858128,
  "l": 123287680,
  "m": 260280512,
  "n": 1748544,
  "o": 1823539,
  "p": 1975959,
  "q": 2060599,
  "r": 1385630,
  "s": 2894679,
  "t": 1630672,
  "u": 3407936
}
