{
  "b": 9.14163875579834,
  "c": 19.09992218017578,
  "d": 10.128883361816406,
  "e": 21.16145133972168,
  "f": 96700000,
  "g": 200000000,
  "h": 113000000,
  "i": 235000000,
  "j": 95100000,
  "k": 199000000,
  "l": 111000000,
  "m": 233000000,
  "n": 1620000,
  "o": 1620000,
  "p": 1940000,
  "q": 1940000,
  "r": 1280000,
  "s": 2640000,
  "t": 1540000,
  "u": 3180000
}
