{
  "b": 10.241170883178711,
  "c": 21.322311401367188,
  "d": 10.177448272705078,
  "e": 21.188934326171875,
  "f": 108000000,
  "g": 224000000,
  "h": 114000000,
  "i": 235000000,
  "j": 107000000,
  "k": 222000000,
  "l": 112000000,
  "m": 233000000,
  "n": 1810000,
  "o": 1810000,
  "p": 2040000,
  "q": 2040000,
  "r": 2030000,
  "s": 4180000,
  "t": 2210000,
  "u": 4560000
}
