{
  "b": 10.241087913513184,
  "c": 21.620973587036133,
  "d": 11.20797061920166,
  "e": 23.661865234375,
  "f": 108000000,
  "g": 227000000,
  "h": 125000000,
  "i": 262000000,
  "j": 107000000,
  "k": 225000000,
  "l": 123000000,
  "m": 260000000,
  "n": 1790000,
  "o": 1790000,
  "p": 2020000,
  "q": 2020000,
  "r": 1390000,
  "s": 2890000,
  "t": 1630000,
  "u": 3410000
}
