{
  "b": 2.868427276611328,
  "c": 5.96826171875,
  "d": 3.2976810932159424,
  "e": 6.861058235168457,
  "f": 30300000,
  "g": 62600000,
  "h": 36900000,
  "i": 76100000,
  "j": 29800000,
  "k": 62100000,
  "l": 36300000,
  "m": 75500000,
  "n": 522000,
  "o": 522000,
  "p": 614000,
  "q": 614000,
  "r": 892000,
  "s": 1840000,
  "t": 1100000,
  "u": 2270000
}
