{
  "b": 2.868427276611328,
  "c": 5.96826171875,
  "d": 3.2976810932159424,
  "e": 6.861058235168457,
  "f": 30347432,
  "g": 62599116,
  "h": 36880228,
  "i": 76093152,
  "j": 29831644,
  "k": 62069924,
  "l": 36274492,
  "m": 75471640,
  "n": 515791,
  "o": 529194,
  "p": 605736,
  "q": 621512,
  "r": 892219,
  "s": 1835674,
  "t": 1103953,
  "u": 2273031
}
