{
  "b": 1.0607253313064575,
  "c": 2.231879949569702,
  "d": 0.9519448280334473,
  "e": 2.002889633178711,
  "f": 11220721,
  "g": 23407726,
  "h": 10672453,
  "i": 22240288,
  "j": 11031543,
  "k": 23211552,
  "l": 10471393,
  "m": 22031786,
  "n": 189180,
  "o": 196174,
  "p": 201060,
  "q": 208499,
  "r": 218743,
  "s": 455841,
  "t": 212102,
  "u": 441793
}
