{
  "b": 10.241170883178711,
  "c": 21.322311401367188,
  "d": 10.177448272705078,
  "e": 21.188934326171875,
  "f": 108290704,
  "g": 223587840,
  "h": 113963600,
  "i": 235150240,
  "j": 106508176,
  "k": 221752032,
  "l": 111951936,
  "m": 233078288,
  "n": 1782513,
  "o": 1835806,
  "p": 2011664,
  "q": 2071946,
  "r": 2027774,
  "s": 4175846,
  "t": 2213557,
  "u": 4556718
}
