{
  "b": 9.14163875579834,
  "c": 19.09992218017578,
  "d": 10.128883361816406,
  "e": 21.16145133972168,
  "f": 96674144,
  "g": 200287664,
  "h": 113326224,
  "i": 234741008,
  "j": 95073048,
  "k": 198639200,
  "l": 111417712,
  "m": 232775968,
  "n": 1601105,
  "o": 1648482,
  "p": 1908517,
  "q": 1965053,
  "r": 1279588,
  "s": 2641384,
  "t": 1542455,
  "u": 3184560
}
