{
  "b": 1.0607253313064575,
  "c": 2.231879949569702,
  "d": 0.9519448280334473,
  "e": 2.002889633178711,
  "f": 11200000,
  "g": 23400000,
  "h": 10700000,
  "i": 22200000,
  "j": 11000000,
  "k": 23200000,
  "l": 10500000,
  "m": 22000000,
  "n": 193000,
  "o": 193000,
  "p": 205000,
  "q": 205000,
  "r": 219000,
  "s": 456000,
  "t": 212000,
  "u": 442000
}
