{
  "b": 7.382352352142334,
  "c": 15.221285820007324,
  "d": 8.78030014038086,
  "e": 18.103261947631836,
  "f": 78029632,
  "g": 159582400,
  "h": 98031424,
  "i": 200616208,
  "j": 76776464,
  "k": 158301376,
  "l": 96583304,
  "m": 199135888,
  "n": 1253170,
  "o": 1281040,
  "p": 1448122,
  "q": 1480334,
  "r": 492761,
  "s": 1004836,
  "t": 642668,
  "u": 1311856
}
