{
  "b": 4.0162200927734375,
  "c": 8.36744213104248,
  "d": 4.364841938018799,
  "e": 9.09324836730957,
  "f": 42481028,
  "g": 87754352,
  "h": 48826768,
  "i": 100862864,
  "j": 41768688,
  "k": 87021400,
  "l": 48013260,
  "m": 100025736,
  "n": 712337,
  "o": 732962,
  "p": 813512,
  "q": 837125,
  "r": 670939,
  "s": 1383354,
  "t": 811482,
  "u": 1673871
}
