{
  "b": 13.384317398071289,
  "c": 28.336101531982422,
  "d": 15.345505714416504,
  "e": 32.487579345703125,
  "f": 141486368,
  "g": 297090400,
  "h": 171504416,
  "i": 360191776,
  "j": 139196896,
  "k": 294695456,
  "l": 168800560,
  "m": 357363392,
  "n": 2289474,
  "o": 2394925,
  "p": 2703863,
  "q": 2828390,
  "r": 1700429,
  "s": 3564246,
  "t": 2099369,
  "u": 4402364
}
