{
  "b": 13.384317398071289,
  "c": 28.336101531982422,
  "d": 15.345505714416504,
  "e": 32.487579345703125,
  "f": 141000000,
  "g": 297000000,
  "h": 172000000,
  "i": 360000000,
  "j": 139000000,
  "k": 295000000,
  "l": 169000000,
  "m": 357000000,
  "n": 2340000,
  "o": 2340000,
  "p": 2770000,
  "q": 2770000,
  "r": 1700000,
  "s": 3560000,
  "t": 2100000,
  "u": 4400000
}
