{
  "b": 46.56798553466797,
  "c": 97.1284408569336,
  "d": 65.63166046142578,
  "e": 136.88735961914062,
  "f": 492000000,
  "g": 1020000000,
  "h": 732000000,
  "i": 1520000000,
  "j": 484000000,
  "k": 1010000000,
  "l": 722000000,
  "m": 1510000000,
  "n": 8140000,
  "o": 8140000,
  "p": 10700000,
  "q": 10700000,
  "r": 19400000,
  "s": 39900000,
  "t": 31600000,
  "u": 65300000
}
