{
  "b": 7.382352352142334,
  "c": 15.221285820007324,
  "d": 8.78030014038086,
  "e": 18.103261947631836,
  "f": 78000000,
  "g": 160000000,
  "h": 98000000,
  "i": 201000000,
  "j": 76800000,
  "k": 158000000,
  "l": 96600000,
  "m": 199000000,
  "n": 1270000,
  "o": 1270000,
  "p": 1460000,
  "q": 1460000,
  "r": 493000,
  "s": 1000000,
  "t": 643000,
  "u": 1310000
}
