{
  "b": 4.0162200927734375,
  "c": 8.36744213104248,
  "d": 4.364841938018799,
  "e": 9.09324836730957,
  "f": 42500000,
  "g": 87800000,
  "h": 48800000,
  "i": 101000000,
  "j": 41800000,
  "k": 87000000,
  "l": 48000000,
  "m": 100000000,
  "n": 723000,
  "o": 723000,
  "p": 825000,
  "q": 825000,
  "r": 671000,
  "s": 1380000,
  "t": 811000,
  "u": 1670000
}
