{
  "b": 46.56798553466797,
  "c": 97.1284408569336,
  "d": 65.63166046142578,
  "e": 136.88735961914062,
  "f": 492332448,
  "g": 1018396608,
  "h": 732469312,
  "i": 1516589952,
  "j": 484307040,
  "k": 1010135808,
  "l": 721948224,
  "m": 1505761024,
  "n": 8025395,
  "o": 8260911,
  "p": 10521111,
  "q": 10829010,
  "r": 19362894,
  "s": 39933956,
  "t": 31608982,
  "u": 65285284
}
