{
  "b": 4.16663122177124,
  "c": 8.664939880371094,
  "d": 4.484865665435791,
  "e": 9.3262357711792,
  "f": 44100000,
  "g": 90900000,
  "h": 50200000,
  "i": 103000000,
  "j": 43300000,
  "k": 90100000,
  "l": 49300000,
  "m": 103000000,
  "n": 744000,
  "o": 744000,
  "p": 850000,
  "q": 850000,
  "r": 366000,
  "s": 754000,
  "t": 441000,
  "u": 909000
}
