{
  "b": 17.48403549194336,
  "c": 36.34156799316406,
  "d": 21.40088653564453,
  "e": 44.482479095458984,
  "f": 184831504,
  "g": 381032768,
  "h": 239015856,
  "i": 493012928,
  "j": 181833968,
  "k": 377952288,
  "l": 235409760,
  "m": 489307264,
  "n": 2997536,
  "o": 3080462,
  "p": 3606103,
  "q": 3705657,
  "r": 3002410,
  "s": 6175891,
  "t": 3795834,
  "u": 7814276
}
