{
  "b": 1.923780918121338,
  "c": 3.969566583633423,
  "d": 2.1024181842803955,
  "e": 4.338015079498291,
  "f": 20352010,
  "g": 41635424,
  "h": 23520494,
  "i": 48120376,
  "j": 20007322,
  "k": 41283492,
  "l": 23126600,
  "m": 47718164,
  "n": 344689,
  "o": 351933,
  "p": 393892,
  "q": 402210,
  "r": 280501,
  "s": 573071,
  "t": 337906,
  "u": 690695
}
