{
  "b": 24.36939811706543,
  "c": 51.01585388183594,
  "d": 30.011821746826172,
  "e": 62.826873779296875,
  "f": 258000000,
  "g": 535000000,
  "h": 335000000,
  "i": 697000000,
  "j": 253000000,
  "k": 531000000,
  "l": 330000000,
  "m": 691000000,
  "n": 4230000,
  "o": 4230000,
  "p": 5340000,
  "q": 5340000,
  "r": 4970000,
  "s": 10300000,
  "t": 6600000,
  "u": 13700000
}
