{
  "b": 24.36939811706543,
  "c": 51.01585388183594,
  "d": 30.011821746826172,
  "e": 62.826873779296875,
  "f": 257601648,
  "g": 534868960,
  "h": 335378464,
  "i": 696525824,
  "j": 253441744,
  "k": 530564896,
  "l": 330130048,
  "m": 691095616,
  "n": 4159896,
  "o": 4304084,
  "p": 5248378,
  "q": 5430208,
  "r": 4968519,
  "s": 10291919,
  "t": 6601911,
  "u": 13681489
}
