{
  "b": 1.923780918121338,
  "c": 3.969566583633423,
  "d": 2.1024181842803955,
  "e": 4.338015079498291,
  "f": 20400000,
  "g": 41600000,
  "h": 23500000,
  "i": 48100000,
  "j": 20000000,
  "k": 41300000,
  "l": 23100000,
  "m": 47700000,
  "n": 348000,
  "o": 348000,
  "p": 398000,
  "q": 398000,
  "r": 281000,
  "s": 573000,
  "t": 338000,
  "u": 691000
}
