{
  "b": 17.48403549194336,
  "c": 36.34156799316406,
  "d": 21.40088653564453,
  "e": 44.482479095458984,
  "f": 185000000,
  "g": 381000000,
  "h": 239000000,
  "i": 493000000,
  "j": 182000000,
  "k": 378000000,
  "l": 235000000,
  "m": 489000000,
  "n": 3040000,
  "o": 3040000,
  "p": 3660000,
  "q": 3660000,
  "r": 3000000,
  "s": 6180000,
  "t": 3800000,
  "u": 7810000
}
