{
  "b": 20.799577713012695,
  "c": 42.18970489501953,
  "d": 23.062410354614258,
  "e": 46.778778076171875,
  "f": 219860976,
  "g": 442335168,
  "h": 257795376,
  "i": 518695040,
  "j": 216315616,
  "k": 438772928,
  "l": 253686512,
  "m": 514566560,
  "n": 3545344,
  "o": 3562228,
  "p": 4108844,
  "q": 4128502,
  "r": 3669947,
  "s": 7356076,
  "t": 4490265,
  "u": 9003845
}
