{
  "b": 32.28453063964844,
  "c": 66.54756927490234,
  "d": 34.156307220458984,
  "e": 70.4048843383789,
  "f": 341000000,
  "g": 698000000,
  "h": 382000000,
  "i": 781000000,
  "j": 336000000,
  "k": 692000000,
  "l": 376000000,
  "m": 774000000,
  "n": 5660000,
  "o": 5660000,
  "p": 6440000,
  "q": 6440000,
  "r": 32000000,
  "s": 65300000,
  "t": 34400000,
  "u": 70300000
}
