{
  "b": 5.0831756591796875,
  "c": 10.631168365478516,
  "d": 5.730975151062012,
  "e": 11.985315322875977,
  "f": 53756472,
  "g": 111484640,
  "h": 64099732,
  "i": 132932096,
  "j": 52865028,
  "k": 110564152,
  "l": 63040728,
  "m": 131838464,
  "n": 891446,
  "o": 920507,
  "p": 1059002,
  "q": 1093629,
  "r": 582139,
  "s": 1205360,
  "t": 729699,
  "u": 1511396
}
