{
  "b": 2.3189666271209717,
  "c": 4.761205673217773,
  "d": 2.3849308490753174,
  "e": 4.896422386169434,
  "f": 24500000,
  "g": 49900000,
  "h": 26700000,
  "i": 54300000,
  "j": 24100000,
  "k": 49500000,
  "l": 26200000,
  "m": 53900000,
  "n": 411000,
  "o": 411000,
  "p": 444000,
  "q": 444000,
  "r": 359000,
  "s": 731000,
  "t": 416000,
  "u": 845000
}
