{
  "b": 3.2451939582824707,
  "c": 6.797309875488281,
  "d": 3.4101433753967285,
  "e": 7.142706871032715,
  "f": 34287588,
  "g": 71248592,
  "h": 38129256,
  "i": 79209280,
  "j": 33750016,
  "k": 70692024,
  "l": 37511576,
  "m": 78569776,
  "n": 537573,
  "o": 556568,
  "p": 617685,
  "q": 639502,
  "r": 360625,
  "s": 745135,
  "t": 417278,
  "u": 862034
}
