{
  "b": 41.1569709777832,
  "c": 84.88959503173828,
  "d": 53.798500061035156,
  "e": 110.96172332763672,
  "f": 435162944,
  "g": 890136512,
  "h": 601128640,
  "i": 1230126336,
  "j": 428032480,
  "k": 882851776,
  "l": 591783488,
  "m": 1220578944,
  "n": 7130513,
  "o": 7284772,
  "p": 9345139,
  "q": 9547439,
  "r": 21024230,
  "s": 42921984,
  "t": 30221332,
  "u": 61737248
}
