{
  "b": 41.1569709777832,
  "c": 84.88959503173828,
  "d": 53.798500061035156,
  "e": 110.96172332763672,
  "f": 435000000,
  "g": 890000000,
  "h": 601000000,
  "i": 1230000000,
  "j": 428000000,
  "k": 883000000,
  "l": 592000000,
  "m": 1220000000,
  "n": 7210000,
  "o": 7210000,
  "p": 9450000,
  "q": 9450000,
  "r": 21000000,
  "s": 42900000,
  "t": 30200000,
  "u": 61700000
}
