{
  "b": 2.3189666271209717,
  "c": 4.761205673217773,
  "d": 2.3849308490753174,
  "e": 4.896422386169434,
  "f": 24525226,
  "g": 49930792,
  "h": 26674366,
  "i": 54307596,
  "j": 24117252,
  "k": 49516540,
  "l": 26234240,
  "m": 53860644,
  "n": 407972,
  "o": 414254,
  "p": 440126,
  "q": 446947,
  "r": 359464,
  "s": 730736,
  "t": 415753,
  "u": 845475
}
