{
  "b": 5.0831756591796875,
  "c": 10.631168365478516,
  "d": 5.730975151062012,
  "e": 11.985315322875977,
  "f": 53800000,
  "g": 111000000,
  "h": 64100000,
  "i": 133000000,
  "j": 52900000,
  "k": 111000000,
  "l": 63000000,
  "m": 132000000,
  "n": 906000,
  "o": 906000,
  "p": 1080000,
  "q": 1080000,
  "r": 582000,
  "s": 1210000,
  "t": 730000,
  "u": 1510000
}
