{
  "b": 32.99945068359375,
  "c": 68.35711669921875,
  "d": 39.08573532104492,
  "e": 80.96270751953125,
  "f": 349000000,
  "g": 717000000,
  "h": 437000000,
  "i": 897000000,
  "j": 343000000,
  "k": 711000000,
  "l": 430000000,
  "m": 891000000,
  "n": 5670000,
  "o": 5670000,
  "p": 6780000,
  "q": 6780000,
  "r": 10600000,
  "s": 21800000,
  "t": 13900000,
  "u": 28500000
}
