{
  "b": 31.585119247436523,
  "c": 64.984375,
  "d": 45.408409118652344,
  "e": 93.42243194580078,
  "f": 334000000,
  "g": 681000000,
  "h": 507000000,
  "i": 1040000000,
  "j": 328000000,
  "k": 676000000,
  "l": 499000000,
  "m": 1030000000,
  "n": 5420000,
  "o": 5420000,
  "p": 7530000,
  "q": 7530000,
  "r": 7190000,
  "s": 14700000,
  "t": 11500000,
  "u": 23500000
}
