{
  "b": 2.5621211528778076,
  "c": 5.283029079437256,
  "d": 2.6207168102264404,
  "e": 5.4037017822265625,
  "f": 27089018,
  "g": 55395608,
  "h": 29306494,
  "i": 59929252,
  "j": 26646060,
  "k": 54943500,
  "l": 28827884,
  "m": 59440720,
  "n": 442956,
  "o": 452110,
  "p": 478612,
  "q": 488538,
  "r": 250645,
  "s": 511769,
  "t": 283615,
  "u": 579284
}
