{
  "b": 9.432263374328613,
  "c": 19.612276077270508,
  "d": 11.306415557861328,
  "e": 23.508874893188477,
  "f": 99700000,
  "g": 206000000,
  "h": 126000000,
  "i": 261000000,
  "j": 98100000,
  "k": 204000000,
  "l": 124000000,
  "m": 259000000,
  "n": 1660000,
  "o": 1660000,
  "p": 1970000,
  "q": 1970000,
  "r": 2760000,
  "s": 5670000,
  "t": 3440000,
  "u": 7080000
}
