{
  "b": 31.585119247436523,
  "c": 64.984375,
  "d": 45.408409118652344,
  "e": 93.42243194580078,
  "f": 333870816,
  "g": 681299456,
  "h": 506968096,
  "i": 1035227968,
  "j": 328485248,
  "k": 675837504,
  "l": 499492512,
  "m": 1027646720,
  "n": 5385552,
  "o": 5462003,
  "p": 7475582,
  "q": 7581227,
  "r": 7194817,
  "s": 14650020,
  "t": 11548479,
  "u": 23534768
}
