{
  "b": 100.6860122680664,
  "c": 197.00257873535156,
  "d": 134.26028442382812,
  "e": 262.6934814453125,
  "f": 1070000000,
  "g": 2070000000,
  "h": 1500000000,
  "i": 2910000000,
  "j": 1050000000,
  "k": 2050000000,
  "l": 1480000000,
  "m": 2890000000,
  "n": 17800000,
  "o": 17800000,
  "p": 23400000,
  "q": 23400000,
  "r": 92500000,
  "s": 179000000,
  "t": 137000000,
  "u": 266000000
}
