{
  "b": 2.107947587966919,
  "c": 4.337379455566406,
  "d": 2.055607557296753,
  "e": 4.229507923126221,
  "f": 22291020,
  "g": 45483472,
  "h": 23009988,
  "i": 46929808,
  "j": 21922656,
  "k": 45108748,
  "l": 22611682,
  "m": 46524588,
  "n": 368362,
  "o": 374727,
  "p": 398307,
  "q": 405222,
  "r": 384087,
  "s": 782894,
  "t": 413973,
  "u": 843726
}
