{
  "b": 9.432263374328613,
  "c": 19.612276077270508,
  "d": 11.306415557861328,
  "e": 23.508874893188477,
  "f": 99730304,
  "g": 205651344,
  "h": 126314192,
  "i": 260599328,
  "j": 98095544,
  "k": 203967680,
  "l": 124370568,
  "m": 258597616,
  "n": 1634760,
  "o": 1683659,
  "p": 1943612,
  "q": 2001721,
  "r": 2755991,
  "s": 5674567,
  "t": 3437514,
  "u": 7082983
}
