{
  "b": 2.5621211528778076,
  "c": 5.283029079437256,
  "d": 2.6207168102264404,
  "e": 5.4037017822265625,
  "f": 27100000,
  "g": 55400000,
  "h": 29300000,
  "i": 59900000,
  "j": 26600000,
  "k": 54900000,
  "l": 28800000,
  "m": 59400000,
  "n": 448000,
  "o": 448000,
  "p": 484000,
  "q": 484000,
  "r": 251000,
  "s": 512000,
  "t": 284000,
  "u": 579000
}
