{
  "b": 100.6860122680664,
  "c": 197.00257873535156,
  "d": 134.26028442382812,
  "e": 262.6934814453125,
  "f": 1065144768,
  "g": 2066499712,
  "h": 1500496000,
  "i": 2912817664,
  "j": 1047134528,
  "k": 2048826880,
  "l": 1476863104,
  "m": 2889628160,
  "n": 18010294,
  "o": 17672818,
  "p": 23632826,
  "q": 23189674,
  "r": 92539216,
  "s": 179117744,
  "t": 137343456,
  "u": 266081376
}
