{
  "b": 16.036373138427734,
  "c": 33.16356658935547,
  "d": 19.249032974243164,
  "e": 39.80609893798828,
  "f": 170000000,
  "g": 348000000,
  "h": 215000000,
  "i": 441000000,
  "j": 167000000,
  "k": 345000000,
  "l": 212000000,
  "m": 438000000,
  "n": 2850000,
  "o": 2850000,
  "p": 3320000,
  "q": 3320000,
  "r": 5460000,
  "s": 11100000,
  "t": 7140000,
  "u": 14600000
}
