{
  "b": 10.384626388549805,
  "c": 21.817211151123047,
  "d": 12.610320091247559,
  "e": 26.49271583557129,
  "f": 109768368,
  "g": 228733936,
  "h": 140851264,
  "i": 293638272,
  "j": 108000112,
  "k": 226898992,
  "l": 138713520,
  "m": 291419872,
  "n": 1768261,
  "o": 1834963,
  "p": 2137754,
  "q": 2218352,
  "r": 868803,
  "s": 1807060,
  "t": 1127979,
  "u": 2347671
}
