{
  "b": 10.384626388549805,
  "c": 21.817211151123047,
  "d": 12.610320091247559,
  "e": 26.49271583557129,
  "f": 110000000,
  "g": 229000000,
  "h": 141000000,
  "i": 294000000,
  "j": 108000000,
  "k": 227000000,
  "l": 139000000,
  "m": 291000000,
  "n": 1800000,
  "o": 1800000,
  "p": 2180000,
  "q": 2180000,
  "r": 869000,
  "s": 1810000,
  "t": 1130000,
  "u": 2350000
}
