{
  "b": 2.325610399246216,
  "c": 4.880871772766113,
  "d": 2.4070606231689453,
  "e": 5.051527500152588,
  "f": 24594434,
  "g": 51183572,
  "h": 26944586,
  "i": 56050256,
  "j": 24186348,
  "k": 50761064,
  "l": 26477668,
  "m": 55566804,
  "n": 408083,
  "o": 422505,
  "p": 466917,
  "q": 483455,
  "r": 184909,
  "s": 384463,
  "t": 214801,
  "u": 446601
}
