{
  "b": 20.36050796508789,
  "c": 42.52865982055664,
  "d": 21.81569480895996,
  "e": 45.56797790527344,
  "f": 215206336,
  "g": 445874528,
  "h": 243971216,
  "i": 505384224,
  "j": 211749280,
  "k": 442298080,
  "l": 239972640,
  "m": 501247744,
  "n": 3457070,
  "o": 3576436,
  "p": 3998575,
  "q": 4136537,
  "r": 4316024,
  "s": 8920160,
  "t": 4726034,
  "u": 9767279
}
