{
  "b": 16.036373138427734,
  "c": 33.16356658935547,
  "d": 19.249032974243164,
  "e": 39.80609893798828,
  "f": 169594736,
  "g": 347777664,
  "h": 215019408,
  "i": 441217280,
  "j": 166778272,
  "k": 344901088,
  "l": 211739360,
  "m": 437867104,
  "n": 2816455,
  "o": 2876544,
  "p": 3280041,
  "q": 3350138,
  "r": 5457455,
  "s": 11149506,
  "t": 7135278,
  "u": 14593046
}
