{
  "b": 1.7860567569732666,
  "c": 3.716108560562134,
  "d": 1.8303279876708984,
  "e": 3.8080904483795166,
  "f": 18900000,
  "g": 39000000,
  "h": 20500000,
  "i": 42300000,
  "j": 18600000,
  "k": 38600000,
  "l": 20100000,
  "m": 41900000,
  "n": 322000,
  "o": 322000,
  "p": 369000,
  "q": 369000,
  "r": 366000,
  "s": 752000,
  "t": 400000,
  "u": 822000
}
