{
  "b": 7.243319988250732,
  "c": 15.307238578796387,
  "d": 8.69797134399414,
  "e": 18.38118553161621,
  "f": 76500000,
  "g": 160000000,
  "h": 97100000,
  "i": 204000000,
  "j": 75300000,
  "k": 159000000,
  "l": 95700000,
  "m": 202000000,
  "n": 1230000,
  "o": 1230000,
  "p": 1480000,
  "q": 1480000,
  "r": 255000,
  "s": 533000,
  "t": 343000,
  "u": 717000
}
