{
  "b": 3.2981300354003906,
  "c": 6.78107213973999,
  "d": 3.475501775741577,
  "e": 7.145496845245361,
  "f": 34890340,
  "g": 71123312,
  "h": 38912524,
  "i": 79294544,
  "j": 34300552,
  "k": 70523152,
  "l": 38230520,
  "m": 78600464,
  "n": 589789,
  "o": 600163,
  "p": 682008,
  "q": 694089,
  "r": 668193,
  "s": 1359383,
  "t": 768300,
  "u": 1563217
}
