{
  "b": 7.243319988250732,
  "c": 15.307238578796387,
  "d": 8.69797134399414,
  "e": 18.38118553161621,
  "f": 76534264,
  "g": 160451648,
  "h": 97124656,
  "i": 203703216,
  "j": 75330528,
  "k": 159195280,
  "l": 95677680,
  "m": 202193040,
  "n": 1203737,
  "o": 1256365,
  "p": 1446966,
  "q": 1510177,
  "r": 254551,
  "s": 532582,
  "t": 342507,
  "u": 717029
}
