{
  "b": 3.2981300354003906,
  "c": 6.78107213973999,
  "d": 3.475501775741577,
  "e": 7.145496845245361,
  "f": 34900000,
  "g": 71100000,
  "h": 38900000,
  "i": 79300000,
  "j": 34300000,
  "k": 70500000,
  "l": 38200000,
  "m": 78600000,
  "n": 595000,
  "o": 595000,
  "p": 688000,
  "q": 688000,
  "r": 668000,
  "s": 1360000,
  "t": 768000,
  "u": 1560000
}
