{
  "b": 17.478166580200195,
  "c": 35.48741149902344,
  "d": 17.171588897705078,
  "e": 34.86436080932617,
  "f": 184724080,
  "g": 372035520,
  "h": 192138128,
  "i": 386775552,
  "j": 181772928,
  "k": 369069088,
  "l": 188887488,
  "m": 383507968,
  "n": 2951155,
  "o": 2966474,
  "p": 3250638,
  "q": 3267532,
  "r": 2459147,
  "s": 4936976,
  "t": 2671235,
  "u": 5361856
}
