{
  "b": 1.7860567569732666,
  "c": 3.716108560562134,
  "d": 1.8303279876708984,
  "e": 3.8080904483795166,
  "f": 18892688,
  "g": 38973940,
  "h": 20497802,
  "i": 42263204,
  "j": 18574990,
  "k": 38647528,
  "l": 20133608,
  "m": 41888996,
  "n": 317699,
  "o": 326415,
  "p": 364195,
  "q": 374204,
  "r": 365703,
  "s": 751915,
  "t": 399951,
  "u": 822352
}
