{
  "b": 17.478166580200195,
  "c": 35.48741149902344,
  "d": 17.171588897705078,
  "e": 34.86436080932617,
  "f": 185000000,
  "g": 372000000,
  "h": 192000000,
  "i": 387000000,
  "j": 182000000,
  "k": 369000000,
  "l": 189000000,
  "m": 384000000,
  "n": 2960000,
  "o": 2960000,
  "p": 3260000,
  "q": 3260000,
  "r": 2460000,
  "s": 4940000,
  "t": 2670000,
  "u": 5360000
}
