{
  "b": 9.733147621154785,
  "c": 20.435544967651367,
  "d": 10.660443305969238,
  "e": 22.382278442382812,
  "f": 102839352,
  "g": 214207520,
  "h": 119142216,
  "i": 248155808,
  "j": 101224736,
  "k": 212529664,
  "l": 117264880,
  "m": 246205056,
  "n": 1614610,
  "o": 1677863,
  "p": 1877325,
  "q": 1950776,
  "r": 324834,
  "s": 674888,
  "t": 397811,
  "u": 826636
}
