{
  "b": 72.20821380615234,
  "c": 149.16600036621094,
  "d": 85.52272033691406,
  "e": 176.67201232910156,
  "f": 763000000,
  "g": 1560000000,
  "h": 955000000,
  "i": 1960000000,
  "j": 751000000,
  "k": 1550000000,
  "l": 941000000,
  "m": 1940000000,
  "n": 12400000,
  "o": 12400000,
  "p": 14200000,
  "q": 14200000,
  "r": 226000000,
  "s": 463000000,
  "t": 281000000,
  "u": 576000000
}
