{
  "b": 72.20821380615234,
  "c": 149.16600036621094,
  "d": 85.52272033691406,
  "e": 176.67201232910156,
  "f": 763250880,
  "g": 1563902592,
  "h": 954825472,
  "i": 1957800704,
  "j": 750965440,
  "k": 1551326336,
  "l": 940749952,
  "m": 1943392128,
  "n": 12285556,
  "o": 12576422,
  "p": 14075556,
  "q": 14408551,
  "r": 226046320,
  "s": 463282688,
  "t": 280678624,
  "u": 575755072
}
