{
  "b": 1.5770928859710693,
  "c": 3.2941699028015137,
  "d": 1.437011957168579,
  "e": 3.0014402866363525,
  "f": 16700000,
  "g": 34500000,
  "h": 16100000,
  "i": 33300000,
  "j": 16400000,
  "k": 34300000,
  "l": 15800000,
  "m": 33000000,
  "n": 285000,
  "o": 285000,
  "p": 315000,
  "q": 315000,
  "r": 215000,
  "s": 444000,
  "t": 217000,
  "u": 449000
}
