{
  "b": 116.40853881835938,
  "c": 241.64662170410156,
  "d": 144.5635986328125,
  "e": 300.0844421386719,
  "f": 1230000000,
  "g": 2530000000,
  "h": 1610000000,
  "i": 3330000000,
  "j": 1210000000,
  "k": 2510000000,
  "l": 1590000000,
  "m": 3300000000,
  "n": 20100000,
  "o": 20100000,
  "p": 25100000,
  "q": 25100000,
  "r": 86400000,
  "s": 177000000,
  "t": 119000000,
  "u": 244000000
}
