{
  "b": 116.40853881835938,
  "c": 241.64662170410156,
  "d": 144.5635986328125,
  "e": 300.0844421386719,
  "f": 1230491008,
  "g": 2533433600,
  "h": 1614967680,
  "i": 3326277376,
  "j": 1210648832,
  "k": 2513124864,
  "l": 1590199552,
  "m": 3300928768,
  "n": 19842284,
  "o": 20308482,
  "p": 24768308,
  "q": 25348758,
  "r": 86394144,
  "s": 177481696,
  "t": 118648848,
  "u": 243893456
}
