{
  "b": 17.23639678955078,
  "c": 35.74412155151367,
  "d": 19.486064910888672,
  "e": 40.40953063964844,
  "f": 182180000,
  "g": 374738720,
  "h": 217589760,
  "i": 447834816,
  "j": 179258528,
  "k": 371738848,
  "l": 214346720,
  "m": 444504832,
  "n": 2921473,
  "o": 2999858,
  "p": 3243020,
  "q": 3329955,
  "r": 703981,
  "s": 1444181,
  "t": 844274,
  "u": 1733346
}
