{
  "b": 1.5770928859710693,
  "c": 3.2941699028015137,
  "d": 1.437011957168579,
  "e": 3.0014402866363525,
  "f": 16682454,
  "g": 34548680,
  "h": 16117178,
  "i": 33335432,
  "j": 16401766,
  "k": 34259368,
  "l": 15807132,
  "m": 33015844,
  "n": 280688,
  "o": 289312,
  "p": 310044,
  "q": 319590,
  "r": 214556,
  "s": 443803,
  "t": 217232,
  "u": 448998
}
