{
  "b": 17.23639678955078,
  "c": 35.74412155151367,
  "d": 19.486064910888672,
  "e": 40.40953063964844,
  "f": 182000000,
  "g": 375000000,
  "h": 218000000,
  "i": 448000000,
  "j": 179000000,
  "k": 372000000,
  "l": 214000000,
  "m": 445000000,
  "n": 2960000,
  "o": 2960000,
  "p": 3290000,
  "q": 3290000,
  "r": 704000,
  "s": 1440000,
  "t": 844000,
  "u": 1730000
}
