{
  "b": 16.06766700744629,
  "c": 33.543357849121094,
  "d": 16.920167922973633,
  "e": 35.32246398925781,
  "f": 169851504,
  "g": 351687072,
  "h": 189294976,
  "i": 391822336,
  "j": 167103728,
  "k": 348850912,
  "l": 186121840,
  "m": 388547104,
  "n": 2747776,
  "o": 2836155,
  "p": 3173144,
  "q": 3275252,
  "r": 5595280,
  "s": 11589409,
  "t": 6856345,
  "u": 14198898
}
