{
  "b": 5.841578960418701,
  "c": 12.248781204223633,
  "d": 6.73051118850708,
  "e": 14.112459182739258,
  "f": 61800000,
  "g": 128000000,
  "h": 75200000,
  "i": 156000000,
  "j": 60800000,
  "k": 127000000,
  "l": 74000000,
  "m": 155000000,
  "n": 1020000,
  "o": 1020000,
  "p": 1200000,
  "q": 1200000,
  "r": 458000,
  "s": 951000,
  "t": 565000,
  "u": 1170000
}
