{
  "b": 0.991073489189148,
  "c": 2.051114320755005,
  "d": 0.9509714841842651,
  "e": 1.9680383205413818,
  "f": 10483814,
  "g": 21512108,
  "h": 10651520,
  "i": 21843452,
  "j": 10307164,
  "k": 21331590,
  "l": 10460686,
  "m": 21648422,
  "n": 176649,
  "o": 180519,
  "p": 190835,
  "q": 195029,
  "r": 332239,
  "s": 680527,
  "t": 341110,
  "u": 698674
}
