{
  "b": 2.487185001373291,
  "c": 5.024604797363281,
  "d": 2.724292278289795,
  "e": 5.503422260284424,
  "f": 26302586,
  "g": 52691388,
  "h": 30459140,
  "i": 61029184,
  "j": 25866724,
  "k": 52255888,
  "l": 29967214,
  "m": 60537644,
  "n": 435863,
  "o": 435497,
  "p": 491925,
  "q": 491539,
  "r": 231954,
  "s": 463964,
  "t": 285653,
  "u": 571677
}
