{
  "b": 5.841578960418701,
  "c": 12.248781204223633,
  "d": 6.73051118850708,
  "e": 14.112459182739258,
  "f": 61750232,
  "g": 128421016,
  "h": 75219200,
  "i": 156463184,
  "j": 60752420,
  "k": 127387320,
  "l": 74035624,
  "m": 155237056,
  "n": 997812,
  "o": 1033697,
  "p": 1183579,
  "q": 1226143,
  "r": 457901,
  "s": 950564,
  "t": 564501,
  "u": 1172369
}
