{
  "b": 3.7816760540008545,
  "c": 8.034836769104004,
  "d": 3.5575053691864014,
  "e": 7.558437824249268,
  "f": 40000000,
  "g": 84200000,
  "h": 39900000,
  "i": 83900000,
  "j": 39300000,
  "k": 83600000,
  "l": 39100000,
  "m": 83100000,
  "n": 665000,
  "o": 665000,
  "p": 758000,
  "q": 758000,
  "r": 875000,
  "s": 1840000,
  "t": 849000,
  "u": 1780000
}
