{
  "b": 2.487185001373291,
  "c": 5.024604797363281,
  "d": 2.724292278289795,
  "e": 5.503422260284424,
  "f": 26300000,
  "g": 52700000,
  "h": 30500000,
  "i": 61000000,
  "j": 25900000,
  "k": 52300000,
  "l": 30000000,
  "m": 60500000,
  "n": 436000,
  "o": 436000,
  "p": 492000,
  "q": 492000,
  "r": 232000,
  "s": 464000,
  "t": 286000,
  "u": 572000
}
