{
  "b": 16.06766700744629,
  "c": 33.543357849121094,
  "d": 16.920167922973633,
  "e": 35.32246398925781,
  "f": 170000000,
  "g": 352000000,
  "h": 189000000,
  "i": 392000000,
  "j": 167000000,
  "k": 349000000,
  "l": 186000000,
  "m": 389000000,
  "n": 2790000,
  "o": 2790000,
  "p": 3220000,
  "q": 3220000,
  "r": 5600000,
  "s": 11600000,
  "t": 6860000,
  "u": 14200000
}
