{
  "b": 24.636825561523438,
  "c": 50.96499252319336,
  "d": 27.029958724975586,
  "e": 55.91228103637695,
  "f": 260580832,
  "g": 534477920,
  "h": 302395008,
  "i": 620198592,
  "j": 256222976,
  "k": 530035936,
  "l": 297329536,
  "m": 615035072,
  "n": 4357878,
  "o": 4441967,
  "p": 5065505,
  "q": 5163539,
  "r": 12727326,
  "s": 26018978,
  "t": 14769577,
  "u": 30202920
}
