{
  "b": 326.6202392578125,
  "c": 638.6337280273438,
  "d": 351.143310546875,
  "e": 686.5775756835938,
  "f": 3460000000,
  "g": 6700000000,
  "h": 3930000000,
  "i": 7620000000,
  "j": 3400000000,
  "k": 6640000000,
  "l": 3860000000,
  "m": 7550000000,
  "n": 59500000,
  "o": 59500000,
  "p": 68400000,
  "q": 68400000,
  "r": 975000000,
  "s": 1890000000,
  "t": 1090000000,
  "u": 2120000000
}
