{
  "b": 13.447049140930176,
  "c": 28.530614852905273,
  "d": 15.018750190734863,
  "e": 31.86387825012207,
  "f": 142000000,
  "g": 299000000,
  "h": 168000000,
  "i": 353000000,
  "j": 140000000,
  "k": 297000000,
  "l": 165000000,
  "m": 351000000,
  "n": 2360000,
  "o": 2360000,
  "p": 2770000,
  "q": 2770000,
  "r": 1850000,
  "s": 3870000,
  "t": 2270000,
  "u": 4750000
}
