{
  "b": 24.636825561523438,
  "c": 50.96499252319336,
  "d": 27.029958724975586,
  "e": 55.91228103637695,
  "f": 261000000,
  "g": 534000000,
  "h": 302000000,
  "i": 620000000,
  "j": 256000000,
  "k": 530000000,
  "l": 297000000,
  "m": 615000000,
  "n": 4400000,
  "o": 4400000,
  "p": 5110000,
  "q": 5110000,
  "r": 12700000,
  "s": 26000000,
  "t": 14800000,
  "u": 30200000
}
