{
  "b": 44.460731506347656,
  "c": 90.05120849609375,
  "d": 57.60997772216797,
  "e": 116.6872787475586,
  "f": 470832064,
  "g": 945072448,
  "h": 644132928,
  "i": 1294105856,
  "j": 462391616,
  "k": 936532608,
  "l": 633709760,
  "m": 1283560064,
  "n": 8440428,
  "o": 8539844,
  "p": 10423174,
  "q": 10545692,
  "r": 113166312,
  "s": 227249696,
  "t": 158899584,
  "u": 319480608
}
