{
  "b": 6.586490631103516,
  "c": 13.78908920288086,
  "d": 6.870282173156738,
  "e": 14.38320255279541,
  "f": 69613104,
  "g": 144562064,
  "h": 76821336,
  "i": 159510448,
  "j": 68499504,
  "k": 143406528,
  "l": 75573104,
  "m": 158215232,
  "n": 1113602,
  "o": 1155555,
  "p": 1248235,
  "q": 1295206,
  "r": 17350166,
  "s": 36087112,
  "t": 20088368,
  "u": 41783700
}
