{
  "b": 13.447049140930176,
  "c": 28.530614852905273,
  "d": 15.018750190734863,
  "e": 31.86387825012207,
  "f": 142156784,
  "g": 299133920,
  "h": 167912080,
  "i": 353335072,
  "j": 139849312,
  "k": 296718400,
  "l": 165206256,
  "m": 350502656,
  "n": 2307495,
  "o": 2415501,
  "p": 2705809,
  "q": 2832458,
  "r": 1847271,
  "s": 3869480,
  "t": 2268072,
  "u": 4752648
}
