{
  "b": 6.586490631103516,
  "c": 13.78908920288086,
  "d": 6.870282173156738,
  "e": 14.38320255279541,
  "f": 69600000,
  "g": 145000000,
  "h": 76800000,
  "i": 160000000,
  "j": 68500000,
  "k": 143000000,
  "l": 75600000,
  "m": 158000000,
  "n": 1130000,
  "o": 1130000,
  "p": 1270000,
  "q": 1270000,
  "r": 17400000,
  "s": 36100000,
  "t": 20100000,
  "u": 41800000
}
