{
  "b": 326.6202392578125,
  "c": 638.6337280273438,
  "d": 351.143310546875,
  "e": 686.5775756835938,
  "f": 3456924672,
  "g": 6700808192,
  "h": 3931565312,
  "i": 7620130816,
  "j": 3396850432,
  "k": 6641790464,
  "l": 3862576384,
  "m": 7552353280,
  "n": 60074104,
  "o": 59018208,
  "p": 68989112,
  "q": 67777880,
  "r": 975067456,
  "s": 1887168256,
  "t": 1093306624,
  "u": 2116309248
}
