{
  "b": 44.460731506347656,
  "c": 90.05120849609375,
  "d": 57.60997772216797,
  "e": 116.6872787475586,
  "f": 471000000,
  "g": 945000000,
  "h": 644000000,
  "i": 1290000000,
  "j": 462000000,
  "k": 937000000,
  "l": 634000000,
  "m": 1280000000,
  "n": 8490000,
  "o": 8490000,
  "p": 10500000,
  "q": 10500000,
  "r": 113000000,
  "s": 227000000,
  "t": 159000000,
  "u": 319000000
}
