{
  "b": 10.938742637634277,
  "c": 22.80233383178711,
  "d": 12.279508590698242,
  "e": 25.595857620239258,
  "f": 116000000,
  "g": 239000000,
  "h": 137000000,
  "i": 284000000,
  "j": 114000000,
  "k": 237000000,
  "l": 135000000,
  "m": 282000000,
  "n": 1940000,
  "o": 1940000,
  "p": 2280000,
  "q": 2280000,
  "r": 2120000,
  "s": 4370000,
  "t": 2540000,
  "u": 5230000
}
