{
  "b": 1.8148423433303833,
  "c": 3.842275857925415,
  "d": 1.8168723583221436,
  "e": 3.846517562866211,
  "f": 19183500,
  "g": 40283208,
  "h": 20318332,
  "i": 42659908,
  "j": 18874360,
  "k": 39959668,
  "l": 19985596,
  "m": 42311692,
  "n": 309142,
  "o": 323543,
  "p": 332734,
  "q": 348219,
  "r": 122133,
  "s": 256179,
  "t": 134277,
  "u": 281679
}
