{
  "b": 24.581422805786133,
  "c": 51.8194694519043,
  "d": 26.39534568786621,
  "e": 55.64243698120117,
  "f": 259825632,
  "g": 543275840,
  "h": 295254528,
  "i": 617177344,
  "j": 255646800,
  "k": 538922496,
  "l": 290348800,
  "m": 612066816,
  "n": 4178819,
  "o": 4353302,
  "p": 4905730,
  "q": 5110476,
  "r": 3928668,
  "s": 8194895,
  "t": 4360326,
  "u": 9094194
}
