{
  "b": 7.679875373840332,
  "c": 15.732718467712402,
  "d": 8.444693565368652,
  "e": 17.298830032348633,
  "f": 81200000,
  "g": 165000000,
  "h": 94500000,
  "i": 192000000,
  "j": 79900000,
  "k": 164000000,
  "l": 92900000,
  "m": 190000000,
  "n": 1390000,
  "o": 1390000,
  "p": 1600000,
  "q": 1600000,
  "r": 2760000,
  "s": 5590000,
  "t": 3270000,
  "u": 6620000
}
