{
  "b": 8.021002769470215,
  "c": 16.476194381713867,
  "d": 9.16592025756836,
  "e": 18.827098846435547,
  "f": 84853240,
  "g": 172806496,
  "h": 102501224,
  "i": 208796800,
  "j": 83418432,
  "k": 171352416,
  "l": 100825128,
  "m": 207098080,
  "n": 1434801,
  "o": 1454092,
  "p": 1676111,
  "q": 1698732,
  "r": 2365572,
  "s": 4799773,
  "t": 2959341,
  "u": 6009173
}
