{
  "b": 24.581422805786133,
  "c": 51.8194694519043,
  "d": 26.39534568786621,
  "e": 55.64243698120117,
  "f": 260000000,
  "g": 543000000,
  "h": 295000000,
  "i": 617000000,
  "j": 256000000,
  "k": 539000000,
  "l": 290000000,
  "m": 612000000,
  "n": 4270000,
  "o": 4270000,
  "p": 5010000,
  "q": 5010000,
  "r": 3930000,
  "s": 8190000,
  "t": 4360000,
  "u": 9090000
}
