{
  "b": 1.8148423433303833,
  "c": 3.842275857925415,
  "d": 1.8168723583221436,
  "e": 3.846517562866211,
  "f": 19200000,
  "g": 40300000,
  "h": 20300000,
  "i": 42700000,
  "j": 18900000,
  "k": 40000000,
  "l": 20000000,
  "m": 42300000,
  "n": 316000,
  "o": 316000,
  "p": 340000,
  "q": 340000,
  "r": 122000,
  "s": 256000,
  "t": 134000,
  "u": 282000
}
