{
  "b": 10.938742637634277,
  "c": 22.80233383178711,
  "d": 12.279508590698242,
  "e": 25.595857620239258,
  "f": 115679224,
  "g": 239114368,
  "h": 137321920,
  "i": 283865024,
  "j": 113762928,
  "k": 237144272,
  "l": 135074592,
  "m": 281554432,
  "n": 1916296,
  "o": 1970124,
  "p": 2247309,
  "q": 2310584,
  "r": 2120887,
  "s": 4369622,
  "t": 2535139,
  "u": 5225411
}
