{
  "b": 2.8663768768310547,
  "c": 5.972212314605713,
  "d": 2.9439148902893066,
  "e": 6.133616924285889,
  "f": 30300000,
  "g": 62600000,
  "h": 32900000,
  "i": 68000000,
  "j": 29800000,
  "k": 62100000,
  "l": 32400000,
  "m": 67500000,
  "n": 503000,
  "o": 503000,
  "p": 555000,
  "q": 555000,
  "r": 281000,
  "s": 579000,
  "t": 321000,
  "u": 661000
}
