{
  "b": 6.362309455871582,
  "c": 13.080201148986816,
  "d": 7.121626377105713,
  "e": 14.640789985656738,
  "f": 67299040,
  "g": 137180384,
  "h": 79678496,
  "i": 162407376,
  "j": 66168016,
  "k": 136034096,
  "l": 78337888,
  "m": 161048688,
  "n": 1131033,
  "o": 1146279,
  "p": 1340610,
  "q": 1358688,
  "r": 799059,
  "s": 1624647,
  "t": 954684,
  "u": 1941743
}
