{
  "b": 24.975984573364258,
  "c": 51.34339141845703,
  "d": 32.674964904785156,
  "e": 67.16959381103516,
  "f": 264000000,
  "g": 538000000,
  "h": 365000000,
  "i": 744000000,
  "j": 260000000,
  "k": 534000000,
  "l": 359000000,
  "m": 739000000,
  "n": 4320000,
  "o": 4320000,
  "p": 5430000,
  "q": 5430000,
  "r": 5720000,
  "s": 11600000,
  "t": 8140000,
  "u": 16600000
}
