{
  "b": 6.55486536026001,
  "c": 13.731825828552246,
  "d": 7.350709915161133,
  "e": 15.398792266845703,
  "f": 69292104,
  "g": 143971664,
  "h": 82139864,
  "i": 170713504,
  "j": 68170600,
  "k": 142810992,
  "l": 80857808,
  "m": 169386720,
  "n": 1121508,
  "o": 1160683,
  "p": 1282060,
  "q": 1326787,
  "r": 730111,
  "s": 1513129,
  "t": 1005770,
  "u": 2086430
}
