{
  "b": 3.223609685897827,
  "c": 6.692430019378662,
  "d": 3.626222610473633,
  "e": 7.527974605560303,
  "f": 34089032,
  "g": 70179208,
  "h": 40516540,
  "i": 83451920,
  "j": 33525540,
  "k": 69601272,
  "l": 39888448,
  "m": 82807720,
  "n": 563491,
  "o": 577936,
  "p": 628090,
  "q": 644214,
  "r": 463676,
  "s": 951998,
  "t": 581857,
  "u": 1195613
}
