{
  "b": 6.55486536026001,
  "c": 13.731825828552246,
  "d": 7.350709915161133,
  "e": 15.398792266845703,
  "f": 69300000,
  "g": 144000000,
  "h": 82100000,
  "i": 171000000,
  "j": 68200000,
  "k": 143000000,
  "l": 80900000,
  "m": 169000000,
  "n": 1140000,
  "o": 1140000,
  "p": 1300000,
  "q": 1300000,
  "r": 730000,
  "s": 1510000,
  "t": 1010000,
  "u": 2090000
}
