{
  "b": 3.223609685897827,
  "c": 6.692430019378662,
  "d": 3.626222610473633,
  "e": 7.527974605560303,
  "f": 34100000,
  "g": 70200000,
  "h": 40500000,
  "i": 83500000,
  "j": 33500000,
  "k": 69600000,
  "l": 39900000,
  "m": 82800000,
  "n": 571000,
  "o": 571000,
  "p": 636000,
  "q": 636000,
  "r": 464000,
  "s": 952000,
  "t": 582000,
  "u": 1200000
}
