{
  "b": 2.8663768768310547,
  "c": 5.972212314605713,
  "d": 2.9439148902893066,
  "e": 6.133616924285889,
  "f": 30306196,
  "g": 62621756,
  "h": 32929464,
  "i": 68032584,
  "j": 29810320,
  "k": 62111008,
  "l": 32383064,
  "m": 67469784,
  "n": 495879,
  "o": 510754,
  "p": 546398,
  "q": 562799,
  "r": 280917,
  "s": 579360,
  "t": 320502,
  "u": 661141
}
