{
  "b": 0.7099621891975403,
  "c": 1.5003403425216675,
  "d": 0.7009201049804688,
  "e": 1.4811688661575317,
  "f": 7509074,
  "g": 15734304,
  "h": 7845939,
  "i": 16434411,
  "j": 7383607,
  "k": 15603540,
  "l": 7710121,
  "m": 16292857,
  "n": 125467,
  "o": 130765,
  "p": 135817,
  "q": 141554,
  "r": 42887,
  "s": 89779,
  "t": 47112,
  "u": 98631
}
