{
  "b": 9.010343551635742,
  "c": 19.076152801513672,
  "d": 9.31811809539795,
  "e": 19.72743797302246,
  "f": 95200000,
  "g": 200000000,
  "h": 104000000,
  "i": 219000000,
  "j": 93700000,
  "k": 198000000,
  "l": 102000000,
  "m": 217000000,
  "n": 1570000,
  "o": 1570000,
  "p": 1770000,
  "q": 1770000,
  "r": 1060000,
  "s": 2220000,
  "t": 1190000,
  "u": 2500000
}
