{
  "b": 12.300094604492188,
  "c": 25.179630279541016,
  "d": 12.57593059539795,
  "e": 25.743764877319336,
  "f": 130041792,
  "g": 264018688,
  "h": 140724592,
  "i": 285604384,
  "j": 127920984,
  "k": 261868160,
  "l": 138335232,
  "m": 283181408,
  "n": 2120815,
  "o": 2150533,
  "p": 2389364,
  "q": 2422960,
  "r": 4658195,
  "s": 9443879,
  "t": 5226678,
  "u": 10594977
}
