{
  "b": 12.300094604492188,
  "c": 25.179630279541016,
  "d": 12.57593059539795,
  "e": 25.743764877319336,
  "f": 130000000,
  "g": 264000000,
  "h": 141000000,
  "i": 286000000,
  "j": 128000000,
  "k": 262000000,
  "l": 138000000,
  "m": 283000000,
  "n": 2140000,
  "o": 2140000,
  "p": 2410000,
  "q": 2410000,
  "r": 4660000,
  "s": 9440000,
  "t": 5230000,
  "u": 10600000
}
