{
  "b": 15.702691078186035,
  "c": 32.620635986328125,
  "d": 16.407379150390625,
  "e": 34.08462905883789,
  "f": 165915808,
  "g": 341940704,
  "h": 183509888,
  "i": 378050336,
  "j": 163307984,
  "k": 339254624,
  "l": 180481168,
  "m": 374930912,
  "n": 2607845,
  "o": 2686074,
  "p": 3028728,
  "q": 3119447,
  "r": 619152,
  "s": 1271784,
  "t": 692326,
  "u": 1421812
}
