{
  "b": 5.5302910804748535,
  "c": 11.603167533874512,
  "d": 6.138746738433838,
  "e": 12.879636764526367,
  "f": 58500000,
  "g": 122000000,
  "h": 68600000,
  "i": 143000000,
  "j": 57500000,
  "k": 121000000,
  "l": 67500000,
  "m": 142000000,
  "n": 959000,
  "o": 959000,
  "p": 1140000,
  "q": 1140000,
  "r": 259000,
  "s": 538000,
  "t": 311000,
  "u": 645000
}
