{
  "b": 9.010343551635742,
  "c": 19.076152801513672,
  "d": 9.31811809539795,
  "e": 19.72743797302246,
  "f": 95243608,
  "g": 199999232,
  "h": 104225016,
  "i": 218807456,
  "j": 93707568,
  "k": 198391984,
  "l": 102499304,
  "m": 217001808,
  "n": 1536036,
  "o": 1607237,
  "p": 1725719,
  "q": 1805636,
  "r": 1061422,
  "s": 2224866,
  "t": 1192463,
  "u": 2499532
}
