{
  "b": 0.7099621891975403,
  "c": 1.5003403425216675,
  "d": 0.7009201049804688,
  "e": 1.4811688661575317,
  "f": 7510000,
  "g": 15700000,
  "h": 7850000,
  "i": 16400000,
  "j": 7380000,
  "k": 15600000,
  "l": 7710000,
  "m": 16300000,
  "n": 128000,
  "o": 128000,
  "p": 139000,
  "q": 139000,
  "r": 42900,
  "s": 89800,
  "t": 47100,
  "u": 98600
}
