{
  "b": 5.026396751403809,
  "c": 10.421526908874512,
  "d": 5.745548248291016,
  "e": 11.912125587463379,
  "f": 53155604,
  "g": 109286728,
  "h": 64256900,
  "i": 132115384,
  "j": 52274528,
  "k": 108383880,
  "l": 63201032,
  "m": 131033384,
  "n": 881076,
  "o": 902846,
  "p": 1055873,
  "q": 1082012,
  "r": 406119,
  "s": 833267,
  "t": 512551,
  "u": 1052041
}
