{
  "b": 15.689953804016113,
  "c": 33.045684814453125,
  "d": 17.907730102539062,
  "e": 37.71611022949219,
  "f": 165850720,
  "g": 346460512,
  "h": 200128256,
  "i": 418149728,
  "j": 163175520,
  "k": 343675136,
  "l": 196985040,
  "m": 414877216,
  "n": 2675185,
  "o": 2785315,
  "p": 3143214,
  "q": 3272526,
  "r": 1464719,
  "s": 3053014,
  "t": 1790104,
  "u": 3732764
}
