{
  "b": 2.3181185722351074,
  "c": 4.794920921325684,
  "d": 2.3624796867370605,
  "e": 4.886496067047119,
  "f": 24500000,
  "g": 50300000,
  "h": 26400000,
  "i": 54200000,
  "j": 24100000,
  "k": 49900000,
  "l": 26000000,
  "m": 53800000,
  "n": 408000,
  "o": 408000,
  "p": 452000,
  "q": 452000,
  "r": 286000,
  "s": 585000,
  "t": 324000,
  "u": 664000
}
