{
  "b": 2.3181185722351074,
  "c": 4.794920921325684,
  "d": 2.3624796867370605,
  "e": 4.886496067047119,
  "f": 24512166,
  "g": 50280168,
  "h": 26434344,
  "i": 54208796,
  "j": 24108432,
  "k": 49867176,
  "l": 25987276,
  "m": 53751456,
  "n": 403735,
  "o": 412990,
  "p": 447068,
  "q": 457340,
  "r": 285638,
  "s": 584882,
  "t": 324010,
  "u": 663526
}
