{
  "b": 15.948025703430176,
  "c": 32.401390075683594,
  "d": 15.463800430297852,
  "e": 31.418012619018555,
  "f": 168543776,
  "g": 339675712,
  "h": 173047824,
  "i": 348562752,
  "j": 165859472,
  "k": 336974464,
  "l": 170101808,
  "m": 345598144,
  "n": 2684333,
  "o": 2701277,
  "p": 2946036,
  "q": 2964594,
  "r": 1187906,
  "s": 2381520,
  "t": 1245777,
  "u": 2497070
}
