{
  "b": 7.6284308433532715,
  "c": 15.792572021484375,
  "d": 8.500155448913574,
  "e": 17.59710121154785,
  "f": 80637408,
  "g": 165577648,
  "h": 94968392,
  "i": 195072128,
  "j": 79335680,
  "k": 164242752,
  "l": 93501712,
  "m": 193568112,
  "n": 1301726,
  "o": 1334894,
  "p": 1466674,
  "q": 1504028,
  "r": 1193229,
  "s": 2446190,
  "t": 1395015,
  "u": 2861517
}
