{
  "b": 3.5811614990234375,
  "c": 7.6003007888793945,
  "d": 3.826509714126587,
  "e": 8.120513916015625,
  "f": 37900000,
  "g": 79700000,
  "h": 42800000,
  "i": 90100000,
  "j": 37200000,
  "k": 79000000,
  "l": 42100000,
  "m": 89300000,
  "n": 656000,
  "o": 656000,
  "p": 745000,
  "q": 745000,
  "r": 639000,
  "s": 1340000,
  "t": 761000,
  "u": 1600000
}
