{
  "b": 4.855139255523682,
  "c": 10.30631160736084,
  "d": 5.544318675994873,
  "e": 11.769022941589355,
  "f": 51300320,
  "g": 108031168,
  "h": 61911952,
  "i": 130428016,
  "j": 50493448,
  "k": 107185640,
  "l": 60987508,
  "m": 129459248,
  "n": 806875,
  "o": 845520,
  "p": 924449,
  "q": 968757,
  "r": 303750,
  "s": 637744,
  "t": 380360,
  "u": 799117
}
