{
  "b": 14.590617179870605,
  "c": 29.56475067138672,
  "d": 15.349924087524414,
  "e": 31.103429794311523,
  "f": 154000000,
  "g": 310000000,
  "h": 171000000,
  "i": 345000000,
  "j": 152000000,
  "k": 307000000,
  "l": 169000000,
  "m": 342000000,
  "n": 2450000,
  "o": 2450000,
  "p": 2650000,
  "q": 2650000,
  "r": 53300000,
  "s": 107000000,
  "t": 60800000,
  "u": 122000000
}
