{
  "b": 4.855139255523682,
  "c": 10.30631160736084,
  "d": 5.544318675994873,
  "e": 11.769022941589355,
  "f": 51300000,
  "g": 108000000,
  "h": 61900000,
  "i": 130000000,
  "j": 50500000,
  "k": 107000000,
  "l": 61000000,
  "m": 129000000,
  "n": 826000,
  "o": 826000,
  "p": 947000,
  "q": 947000,
  "r": 304000,
  "s": 638000,
  "t": 380000,
  "u": 799000
}
