{
  "b": 6.291403293609619,
  "c": 13.232024192810059,
  "d": 6.765639305114746,
  "e": 14.228750228881836,
  "f": 66532424,
  "g": 138757648,
  "h": 75684752,
  "i": 157828016,
  "j": 65430592,
  "k": 137613056,
  "l": 74422032,
  "m": 156516256,
  "n": 1101837,
  "o": 1144585,
  "p": 1262719,
  "q": 1311783,
  "r": 857406,
  "s": 1783891,
  "t": 1006009,
  "u": 2093686
}
