{
  "b": 14.590617179870605,
  "c": 29.56475067138672,
  "d": 15.349924087524414,
  "e": 31.103429794311523,
  "f": 154190000,
  "g": 309929120,
  "h": 171498576,
  "i": 344795968,
  "j": 151742416,
  "k": 307473408,
  "l": 168849168,
  "m": 342137728,
  "n": 2447577,
  "o": 2455743,
  "p": 2649415,
  "q": 2658272,
  "r": 53338576,
  "s": 107279968,
  "t": 60777664,
  "u": 122293544
}
