{
  "b": 14.756649017333984,
  "c": 30.478483200073242,
  "d": 17.52647590637207,
  "e": 36.197383880615234,
  "f": 156070528,
  "g": 319624896,
  "h": 196034288,
  "i": 401473472,
  "j": 153469152,
  "k": 316976224,
  "l": 192791232,
  "m": 398171232,
  "n": 2601389,
  "o": 2648700,
  "p": 3243056,
  "q": 3302274,
  "r": 2941146,
  "s": 6003745,
  "t": 3835324,
  "u": 7831871
}
