{
  "b": 6.291403293609619,
  "c": 13.232024192810059,
  "d": 6.765639305114746,
  "e": 14.228750228881836,
  "f": 66500000,
  "g": 139000000,
  "h": 75700000,
  "i": 158000000,
  "j": 65400000,
  "k": 138000000,
  "l": 74400000,
  "m": 157000000,
  "n": 1120000,
  "o": 1120000,
  "p": 1290000,
  "q": 1290000,
  "r": 857000,
  "s": 1780000,
  "t": 1010000,
  "u": 2090000
}
