{
  "b": 3.5811614990234375,
  "c": 7.6003007888793945,
  "d": 3.826509714126587,
  "e": 8.120513916015625,
  "f": 37885768,
  "g": 79713048,
  "h": 42820740,
  "i": 90086856,
  "j": 37244080,
  "k": 79043128,
  "l": 42091608,
  "m": 89325656,
  "n": 641693,
  "o": 669922,
  "p": 729132,
  "q": 761207,
  "r": 638818,
  "s": 1342421,
  "t": 760522,
  "u": 1598663
}
