{
  "b": 8.715033531188965,
  "c": 18.020660400390625,
  "d": 9.670112609863281,
  "e": 19.99457359313965,
  "f": 92200000,
  "g": 189000000,
  "h": 108000000,
  "i": 222000000,
  "j": 90600000,
  "k": 187000000,
  "l": 106000000,
  "m": 220000000,
  "n": 1550000,
  "o": 1550000,
  "p": 1790000,
  "q": 1790000,
  "r": 2350000,
  "s": 4800000,
  "t": 2880000,
  "u": 5880000
}
