{
  "b": 7.737802505493164,
  "c": 16.41888427734375,
  "d": 8.236574172973633,
  "e": 17.476913452148438,
  "f": 81800000,
  "g": 172000000,
  "h": 92100000,
  "i": 194000000,
  "j": 80500000,
  "k": 171000000,
  "l": 90600000,
  "m": 192000000,
  "n": 1340000,
  "o": 1340000,
  "p": 1540000,
  "q": 1540000,
  "r": 305000,
  "s": 640000,
  "t": 354000,
  "u": 744000
}
