{
  "b": 7.737802505493164,
  "c": 16.41888427734375,
  "d": 8.236574172973633,
  "e": 17.476913452148438,
  "f": 81779152,
  "g": 172125024,
  "h": 92109584,
  "i": 193825568,
  "j": 80473144,
  "k": 170756400,
  "l": 90602312,
  "m": 192246048,
  "n": 1306013,
  "o": 1368634,
  "p": 1507275,
  "q": 1579504,
  "r": 304544,
  "s": 639574,
  "t": 354231,
  "u": 743941
}
