{
  "b": 8.715033531188965,
  "c": 18.020660400390625,
  "d": 9.670112609863281,
  "e": 19.99457359313965,
  "f": 92173456,
  "g": 188984032,
  "h": 108141872,
  "i": 221747984,
  "j": 90636344,
  "k": 187414864,
  "l": 106371240,
  "m": 219940304,
  "n": 1537122,
  "o": 1569191,
  "p": 1770632,
  "q": 1807688,
  "r": 2347290,
  "s": 4797268,
  "t": 2877582,
  "u": 5884436
}
