{
  "b": 31.557966232299805,
  "c": 62.26240539550781,
  "d": 35.703189849853516,
  "e": 70.44056701660156,
  "f": 333370752,
  "g": 652637952,
  "h": 398565312,
  "i": 780609024,
  "j": 328202848,
  "k": 647529024,
  "l": 392735104,
  "m": 774846208,
  "n": 5167877,
  "o": 5108994,
  "p": 5830222,
  "q": 5762787,
  "r": 1502205,
  "s": 2933433,
  "t": 1783724,
  "u": 3485093
}
