{
  "b": 10.052414894104004,
  "c": 20.363954544067383,
  "d": 9.765003204345703,
  "e": 19.78109359741211,
  "f": 106274624,
  "g": 213520672,
  "h": 109245400,
  "i": 219428848,
  "j": 104545112,
  "k": 211785120,
  "l": 107415032,
  "m": 217592032,
  "n": 1729503,
  "o": 1735567,
  "p": 1830363,
  "q": 1836816,
  "r": 1786397,
  "s": 3572420,
  "t": 1867282,
  "u": 3734784
}
