{
  "b": 31.557966232299805,
  "c": 62.26240539550781,
  "d": 35.703189849853516,
  "e": 70.44056701660156,
  "f": 333000000,
  "g": 653000000,
  "h": 399000000,
  "i": 781000000,
  "j": 328000000,
  "k": 648000000,
  "l": 393000000,
  "m": 775000000,
  "n": 5140000,
  "o": 5140000,
  "p": 5800000,
  "q": 5800000,
  "r": 1500000,
  "s": 2930000,
  "t": 1780000,
  "u": 3490000
}
