{
  "b": 20.691997528076172,
  "c": 43.04871368408203,
  "d": 23.701440811157227,
  "e": 49.30922317504883,
  "f": 218721408,
  "g": 451332672,
  "h": 264908384,
  "i": 546714624,
  "j": 215196768,
  "k": 447706624,
  "l": 260715840,
  "m": 542401472,
  "n": 3524652,
  "o": 3626046,
  "p": 4192544,
  "q": 4313059,
  "r": 3647770,
  "s": 7508134,
  "t": 4375137,
  "u": 9008242
}
