{
  "b": 16.34897804260254,
  "c": 34.09759521484375,
  "d": 19.684722900390625,
  "e": 41.05376052856445,
  "f": 173000000,
  "g": 357000000,
  "h": 220000000,
  "i": 455000000,
  "j": 170000000,
  "k": 355000000,
  "l": 217000000,
  "m": 452000000,
  "n": 2830000,
  "o": 2830000,
  "p": 3600000,
  "q": 3600000,
  "r": 1700000,
  "s": 3520000,
  "t": 2230000,
  "u": 4600000
}
