{
  "b": 20.691997528076172,
  "c": 43.04871368408203,
  "d": 23.701440811157227,
  "e": 49.30922317504883,
  "f": 219000000,
  "g": 451000000,
  "h": 265000000,
  "i": 547000000,
  "j": 215000000,
  "k": 448000000,
  "l": 261000000,
  "m": 542000000,
  "n": 3580000,
  "o": 3580000,
  "p": 4250000,
  "q": 4250000,
  "r": 3650000,
  "s": 7510000,
  "t": 4380000,
  "u": 9010000
}
