{
  "b": 30.68633460998535,
  "c": 62.45779037475586,
  "d": 44.465599060058594,
  "e": 90.50218200683594,
  "f": 325000000,
  "g": 655000000,
  "h": 497000000,
  "i": 1000000000,
  "j": 319000000,
  "k": 650000000,
  "l": 489000000,
  "m": 996000000,
  "n": 5490000,
  "o": 5490000,
  "p": 7520000,
  "q": 7520000,
  "r": 29100000,
  "s": 58700000,
  "t": 48000000,
  "u": 96900000
}
