{
  "b": 6.078019142150879,
  "c": 12.385347366333008,
  "d": 6.476441383361816,
  "e": 13.196993827819824,
  "f": 64300000,
  "g": 130000000,
  "h": 72400000,
  "i": 146000000,
  "j": 63200000,
  "k": 129000000,
  "l": 71200000,
  "m": 145000000,
  "n": 1060000,
  "o": 1060000,
  "p": 1210000,
  "q": 1210000,
  "r": 1980000,
  "s": 3990000,
  "t": 2350000,
  "u": 4740000
}
