{
  "b": 11.975035667419434,
  "c": 24.938343048095703,
  "d": 12.037657737731934,
  "e": 25.06825065612793,
  "f": 127000000,
  "g": 261000000,
  "h": 135000000,
  "i": 278000000,
  "j": 125000000,
  "k": 259000000,
  "l": 132000000,
  "m": 276000000,
  "n": 2080000,
  "o": 2080000,
  "p": 2370000,
  "q": 2370000,
  "r": 1870000,
  "s": 3860000,
  "t": 2010000,
  "u": 4140000
}
