{
  "b": 16.34897804260254,
  "c": 34.09759521484375,
  "d": 19.684722900390625,
  "e": 41.05376052856445,
  "f": 172816352,
  "g": 357482688,
  "h": 220077920,
  "i": 455239808,
  "j": 170029376,
  "k": 354615008,
  "l": 216531952,
  "m": 451591360,
  "n": 2786992,
  "o": 2867660,
  "p": 3545969,
  "q": 3648481,
  "r": 1703772,
  "s": 3517377,
  "t": 2226484,
  "u": 4597339
}
