{
  "b": 11.975035667419434,
  "c": 24.938343048095703,
  "d": 12.037657737731934,
  "e": 25.06825065612793,
  "f": 126596240,
  "g": 261470080,
  "h": 134756720,
  "i": 278156224,
  "j": 124540368,
  "k": 259358768,
  "l": 132414240,
  "m": 275750752,
  "n": 2055878,
  "o": 2111326,
  "p": 2342476,
  "q": 2405499,
  "r": 1873214,
  "s": 3858732,
  "t": 2012512,
  "u": 4144118
}
