{
  "b": 3.6588218212127686,
  "c": 7.543423175811768,
  "d": 4.36112117767334,
  "e": 8.991188049316406,
  "f": 38700000,
  "g": 79100000,
  "h": 48700000,
  "i": 99700000,
  "j": 38100000,
  "k": 78500000,
  "l": 48000000,
  "m": 98900000,
  "n": 640000,
  "o": 640000,
  "p": 744000,
  "q": 744000,
  "r": 604000,
  "s": 1230000,
  "t": 797000,
  "u": 1630000
}
