{
  "b": 1.319557547569275,
  "c": 2.7653145790100098,
  "d": 1.293531060218811,
  "e": 2.7106549739837646,
  "f": 13953971,
  "g": 28997988,
  "h": 14480824,
  "i": 30078102,
  "j": 13723398,
  "k": 28759272,
  "l": 14228842,
  "m": 29817204,
  "n": 230573,
  "o": 238715,
  "p": 251982,
  "q": 260896,
  "r": 67088,
  "s": 139269,
  "t": 74217,
  "u": 154053
}
