{
  "b": 2.920119285583496,
  "c": 6.150695323944092,
  "d": 2.9339873790740967,
  "e": 6.179880142211914,
  "f": 30900000,
  "g": 64500000,
  "h": 32800000,
  "i": 68500000,
  "j": 30400000,
  "k": 64000000,
  "l": 32300000,
  "m": 68000000,
  "n": 492000,
  "o": 492000,
  "p": 559000,
  "q": 559000,
  "r": 179000,
  "s": 373000,
  "t": 196000,
  "u": 409000
}
