{
  "b": 7.554892539978027,
  "c": 15.571083068847656,
  "d": 7.892886638641357,
  "e": 16.267051696777344,
  "f": 79900000,
  "g": 163000000,
  "h": 88300000,
  "i": 180000000,
  "j": 78600000,
  "k": 162000000,
  "l": 86800000,
  "m": 179000000,
  "n": 1320000,
  "o": 1320000,
  "p": 1510000,
  "q": 1510000,
  "r": 8210000,
  "s": 16800000,
  "t": 9040000,
  "u": 18500000
}
