{
  "b": 14.85631275177002,
  "c": 30.660205841064453,
  "d": 16.66112518310547,
  "e": 34.384647369384766,
  "f": 157072112,
  "g": 321494368,
  "h": 186314544,
  "i": 381346400,
  "j": 154505648,
  "k": 318866144,
  "l": 183272384,
  "m": 378231104,
  "n": 2566479,
  "o": 2628252,
  "p": 3042149,
  "q": 3115305,
  "r": 3501561,
  "s": 7156507,
  "t": 4199829,
  "u": 8585649
}
