{
  "b": 3.6588218212127686,
  "c": 7.543423175811768,
  "d": 4.36112117767334,
  "e": 8.991188049316406,
  "f": 38684960,
  "g": 79097968,
  "h": 48708456,
  "i": 99654520,
  "j": 38051748,
  "k": 78451600,
  "l": 47972332,
  "m": 98903072,
  "n": 633212,
  "o": 646372,
  "p": 736122,
  "q": 751453,
  "r": 604106,
  "s": 1234552,
  "t": 796774,
  "u": 1629733
}
