{
  "b": 7.554892539978027,
  "c": 15.571083068847656,
  "d": 7.892886638641357,
  "e": 16.267051696777344,
  "f": 79880912,
  "g": 163273536,
  "h": 88321288,
  "i": 180464944,
  "j": 78570880,
  "k": 161939264,
  "l": 86821752,
  "m": 178937568,
  "n": 1310033,
  "o": 1334280,
  "p": 1499536,
  "q": 1527364,
  "r": 8211319,
  "s": 16782226,
  "t": 9036168,
  "u": 18465520
}
