{
  "b": 1.319557547569275,
  "c": 2.7653145790100098,
  "d": 1.293531060218811,
  "e": 2.7106549739837646,
  "f": 14000000,
  "g": 29000000,
  "h": 14500000,
  "i": 30100000,
  "j": 13700000,
  "k": 28800000,
  "l": 14200000,
  "m": 29800000,
  "n": 235000,
  "o": 235000,
  "p": 256000,
  "q": 256000,
  "r": 67100,
  "s": 139000,
  "t": 74200,
  "u": 154000
}
