{
  "b": 2.920119285583496,
  "c": 6.150695323944092,
  "d": 2.9339873790740967,
  "e": 6.179880142211914,
  "f": 30851184,
  "g": 64469308,
  "h": 32821490,
  "i": 68549200,
  "j": 30369240,
  "k": 63967232,
  "l": 32273860,
  "m": 67978680,
  "n": 481943,
  "o": 502080,
  "p": 547632,
  "q": 570523,
  "r": 179062,
  "s": 372907,
  "t": 196427,
  "u": 408954
}
