{
  "b": 6.090409278869629,
  "c": 12.651809692382812,
  "d": 6.486634254455566,
  "e": 13.474462509155273,
  "f": 64400000,
  "g": 133000000,
  "h": 72600000,
  "i": 149000000,
  "j": 63300000,
  "k": 132000000,
  "l": 71400000,
  "m": 148000000,
  "n": 1050000,
  "o": 1050000,
  "p": 1220000,
  "q": 1220000,
  "r": 410000,
  "s": 841000,
  "t": 486000,
  "u": 998000
}
