{
  "b": 231.13043212890625,
  "c": 466.3246154785156,
  "d": 352.8698425292969,
  "e": 711.9561767578125,
  "f": 2445024256,
  "g": 4891293696,
  "h": 3934149376,
  "i": 7884414976,
  "j": 2403756544,
  "k": 4849776128,
  "l": 3881568256,
  "m": 7831517696,
  "n": 41267564,
  "o": 41517260,
  "p": 52581044,
  "q": 52896256,
  "r": 430216768,
  "s": 859500672,
  "t": 720856704,
  "u": 1443347584
}
