{
  "b": 231.13043212890625,
  "c": 466.3246154785156,
  "d": 352.8698425292969,
  "e": 711.9561767578125,
  "f": 2450000000,
  "g": 4890000000,
  "h": 3930000000,
  "i": 7880000000,
  "j": 2400000000,
  "k": 4850000000,
  "l": 3880000000,
  "m": 7830000000,
  "n": 41400000,
  "o": 41400000,
  "p": 52700000,
  "q": 52700000,
  "r": 430000000,
  "s": 860000000,
  "t": 721000000,
  "u": 1440000000
}
