{
  "b": 6.090409278869629,
  "c": 12.651809692382812,
  "d": 6.486634254455566,
  "e": 13.474462509155273,
  "f": 64378920,
  "g": 132645584,
  "h": 72559496,
  "i": 149458256,
  "j": 63340256,
  "k": 131578816,
  "l": 71352976,
  "m": 148219088,
  "n": 1038662,
  "o": 1066763,
  "p": 1206528,
  "q": 1239180,
  "r": 409703,
  "s": 841202,
  "t": 485846,
  "u": 997633
}
