{
  "b": 16.61346435546875,
  "c": 34.333106994628906,
  "d": 19.87724494934082,
  "e": 41.07804870605469,
  "f": 176000000,
  "g": 360000000,
  "h": 222000000,
  "i": 455000000,
  "j": 173000000,
  "k": 357000000,
  "l": 219000000,
  "m": 452000000,
  "n": 2830000,
  "o": 2830000,
  "p": 3280000,
  "q": 3280000,
  "r": 7410000,
  "s": 15200000,
  "t": 9650000,
  "u": 19800000
}
