{
  "b": 62.79369354248047,
  "c": 128.11996459960938,
  "d": 73.69554901123047,
  "e": 150.36798095703125,
  "f": 664000000,
  "g": 1340000000,
  "h": 824000000,
  "i": 1670000000,
  "j": 653000000,
  "k": 1330000000,
  "l": 811000000,
  "m": 1650000000,
  "n": 10900000,
  "o": 10900000,
  "p": 13500000,
  "q": 13500000,
  "r": 8390000,
  "s": 16900000,
  "t": 10500000,
  "u": 21100000
}
