{
  "b": 1841.4659423828125,
  "c": 3587.084228515625,
  "d": 2038.0869140625,
  "e": 3969.9765625,
  "f": 19460401152,
  "g": 37608747008,
  "h": 22752931840,
  "i": 43997097984,
  "j": 19151245312,
  "k": 37305675776,
  "l": 22418956288,
  "m": 43669741568,
  "n": 309157248,
  "o": 303072864,
  "p": 333974496,
  "q": 327352320,
  "r": 2432097536,
  "s": 4680772096,
  "t": 3065471232,
  "u": 5905698304
}
