{
  "b": 16.61346435546875,
  "c": 34.333106994628906,
  "d": 19.87724494934082,
  "e": 41.07804870605469,
  "f": 175574352,
  "g": 359932224,
  "h": 221887376,
  "i": 455181312,
  "j": 172780032,
  "k": 357064320,
  "l": 218649696,
  "m": 451858528,
  "n": 2794325,
  "o": 2867871,
  "p": 3237692,
  "q": 3322744,
  "r": 7408034,
  "s": 15190636,
  "t": 9646953,
  "u": 19799384
}
