{
  "b": 1841.4659423828125,
  "c": 3587.084228515625,
  "d": 2038.0869140625,
  "e": 3969.9765625,
  "f": 19500000000,
  "g": 37600000000,
  "h": 22800000000,
  "i": 44000000000,
  "j": 19200000000,
  "k": 37300000000,
  "l": 22400000000,
  "m": 43700000000,
  "n": 306000000,
  "o": 306000000,
  "p": 331000000,
  "q": 331000000,
  "r": 2430000000,
  "s": 4680000000,
  "t": 3070000000,
  "u": 5910000000
}
