{
  "b": 5.610754013061523,
  "c": 11.776349067687988,
  "d": 5.816219806671143,
  "e": 12.207355499267578,
  "f": 59300000,
  "g": 123000000,
  "h": 65100000,
  "i": 135000000,
  "j": 58400000,
  "k": 122000000,
  "l": 64000000,
  "m": 134000000,
  "n": 976000,
  "o": 976000,
  "p": 1120000,
  "q": 1120000,
  "r": 390000,
  "s": 811000,
  "t": 436000,
  "u": 906000
}
