{
  "b": 62.79369354248047,
  "c": 128.11996459960938,
  "d": 73.69554901123047,
  "e": 150.36798095703125,
  "f": 663863040,
  "g": 1343426560,
  "h": 824005504,
  "i": 1667612544,
  "j": 653054400,
  "k": 1332447616,
  "l": 810651008,
  "m": 1654047872,
  "n": 10808680,
  "o": 10978994,
  "p": 13354501,
  "q": 13564622,
  "r": 8387614,
  "s": 16913628,
  "t": 10468480,
  "u": 21114492
}
