{
  "b": 6.70131254196167,
  "c": 13.790098190307617,
  "d": 7.1328582763671875,
  "e": 14.677489280700684,
  "f": 70900000,
  "g": 145000000,
  "h": 79800000,
  "i": 163000000,
  "j": 69700000,
  "k": 143000000,
  "l": 78500000,
  "m": 161000000,
  "n": 1190000,
  "o": 1190000,
  "p": 1330000,
  "q": 1330000,
  "r": 1580000,
  "s": 3220000,
  "t": 1830000,
  "u": 3710000
}
