{
  "b": 1.0515774488449097,
  "c": 2.193028450012207,
  "d": 1.0441547632217407,
  "e": 2.1774590015411377,
  "f": 11100000,
  "g": 23000000,
  "h": 11700000,
  "i": 24200000,
  "j": 10900000,
  "k": 22800000,
  "l": 11500000,
  "m": 24000000,
  "n": 186000,
  "o": 186000,
  "p": 213000,
  "q": 213000,
  "r": 106000,
  "s": 219000,
  "t": 117000,
  "u": 242000
}
