{
  "b": 1.1446547508239746,
  "c": 2.410127878189087,
  "d": 1.0921921730041504,
  "e": 2.2995760440826416,
  "f": 12100000,
  "g": 25300000,
  "h": 12200000,
  "i": 25500000,
  "j": 11900000,
  "k": 25100000,
  "l": 12000000,
  "m": 25300000,
  "n": 203000,
  "o": 203000,
  "p": 224000,
  "q": 224000,
  "r": 95300,
  "s": 199000,
  "t": 103000,
  "u": 214000
}
