{
  "b": 6.70131254196167,
  "c": 13.790098190307617,
  "d": 7.1328582763671875,
  "e": 14.677489280700684,
  "f": 70869848,
  "g": 144613744,
  "h": 79778344,
  "i": 162792384,
  "j": 69693648,
  "k": 143417024,
  "l": 78461440,
  "m": 161452384,
  "n": 1176194,
  "o": 1196712,
  "p": 1316907,
  "q": 1340003,
  "r": 1584109,
  "s": 3220503,
  "t": 1825575,
  "u": 3713509
}
