{
  "b": 1.1446547508239746,
  "c": 2.410127878189087,
  "d": 1.0921921730041504,
  "e": 2.2995760440826416,
  "f": 12103769,
  "g": 25272556,
  "h": 12233475,
  "i": 25523354,
  "j": 11904409,
  "k": 25065330,
  "l": 12014114,
  "m": 25295336,
  "n": 199360,
  "o": 207224,
  "p": 219360,
  "q": 228020,
  "r": 95266,
  "s": 198717,
  "t": 102651,
  "u": 214030
}
