{
  "b": 1.0515774488449097,
  "c": 2.193028450012207,
  "d": 1.0441547632217407,
  "e": 2.1774590015411377,
  "f": 11120090,
  "g": 22996740,
  "h": 11695137,
  "i": 24167830,
  "j": 10936405,
  "k": 22807496,
  "l": 11485702,
  "m": 23952048,
  "n": 183684,
  "o": 189242,
  "p": 209435,
  "q": 215781,
  "r": 106098,
  "s": 219073,
  "t": 117223,
  "u": 241957
}
