{
  "b": 1.8515304327011108,
  "c": 3.8506531715393066,
  "d": 1.849364161491394,
  "e": 3.8460187911987305,
  "f": 19576846,
  "g": 40376784,
  "h": 20690422,
  "i": 42663436,
  "j": 19255916,
  "k": 40046792,
  "l": 20343006,
  "m": 42306208,
  "n": 320931,
  "o": 329989,
  "p": 347415,
  "q": 357233,
  "r": 205394,
  "s": 423080,
  "t": 229181,
  "u": 472131
}
