{
  "b": 11.5559663772583,
  "c": 23.897706985473633,
  "d": 14.305832862854004,
  "e": 29.583023071289062,
  "f": 122000000,
  "g": 251000000,
  "h": 160000000,
  "i": 328000000,
  "j": 120000000,
  "k": 249000000,
  "l": 157000000,
  "m": 325000000,
  "n": 2040000,
  "o": 2040000,
  "p": 2520000,
  "q": 2520000,
  "r": 2620000,
  "s": 5360000,
  "t": 3570000,
  "u": 7310000
}
