{
  "b": 22.355113983154297,
  "c": 44.50925064086914,
  "d": 23.31018829345703,
  "e": 46.41004180908203,
  "f": 236000000,
  "g": 467000000,
  "h": 261000000,
  "i": 515000000,
  "j": 232000000,
  "k": 463000000,
  "l": 256000000,
  "m": 511000000,
  "n": 3750000,
  "o": 3750000,
  "p": 4210000,
  "q": 4210000,
  "r": 5370000,
  "s": 10600000,
  "t": 6260000,
  "u": 12300000
}
