{
  "b": 15.798964500427246,
  "c": 32.83113479614258,
  "d": 16.63142204284668,
  "e": 34.56013870239258,
  "f": 166982192,
  "g": 344193024,
  "h": 185962224,
  "i": 383264160,
  "j": 164309232,
  "k": 341443808,
  "l": 182945632,
  "m": 380161536,
  "n": 2672970,
  "o": 2749200,
  "p": 3016591,
  "q": 3102617,
  "r": 2314325,
  "s": 4752413,
  "t": 2706216,
  "u": 5558459
}
