{
  "b": 11.5559663772583,
  "c": 23.897706985473633,
  "d": 14.305832862854004,
  "e": 29.583023071289062,
  "f": 122198432,
  "g": 250595104,
  "h": 159852928,
  "i": 327954656,
  "j": 120182048,
  "k": 248536160,
  "l": 157364160,
  "m": 325413248,
  "n": 2016390,
  "o": 2058914,
  "p": 2488783,
  "q": 2541393,
  "r": 2620817,
  "s": 5364418,
  "t": 3567436,
  "u": 7307556
}
