{
  "b": 15.798964500427246,
  "c": 32.83113479614258,
  "d": 16.63142204284668,
  "e": 34.56013870239258,
  "f": 167000000,
  "g": 344000000,
  "h": 186000000,
  "i": 383000000,
  "j": 164000000,
  "k": 341000000,
  "l": 183000000,
  "m": 380000000,
  "n": 2710000,
  "o": 2710000,
  "p": 3060000,
  "q": 3060000,
  "r": 2310000,
  "s": 4750000,
  "t": 2710000,
  "u": 5560000
}
