{
  "b": 4.225363254547119,
  "c": 8.973061561584473,
  "d": 4.505620956420898,
  "e": 9.568109512329102,
  "f": 44643948,
  "g": 94054704,
  "h": 50351400,
  "i": 106077920,
  "j": 43943780,
  "k": 93319840,
  "l": 49561828,
  "m": 105249200,
  "n": 700166,
  "o": 734871,
  "p": 789575,
  "q": 828704,
  "r": 224830,
  "s": 471183,
  "t": 264613,
  "u": 554632
}
