{
  "b": 25.081235885620117,
  "c": 50.77766799926758,
  "d": 29.328636169433594,
  "e": 59.37679672241211,
  "f": 265000000,
  "g": 532000000,
  "h": 328000000,
  "i": 658000000,
  "j": 261000000,
  "k": 528000000,
  "l": 323000000,
  "m": 653000000,
  "n": 4300000,
  "o": 4300000,
  "p": 5250000,
  "q": 5250000,
  "r": 3770000,
  "s": 7540000,
  "t": 4740000,
  "u": 9490000
}
