{
  "b": 6.424375534057617,
  "c": 13.364866256713867,
  "d": 7.15977144241333,
  "e": 14.89381217956543,
  "f": 67900000,
  "g": 140000000,
  "h": 80000000,
  "i": 165000000,
  "j": 66800000,
  "k": 139000000,
  "l": 78800000,
  "m": 164000000,
  "n": 1140000,
  "o": 1140000,
  "p": 1290000,
  "q": 1290000,
  "r": 744000,
  "s": 1530000,
  "t": 921000,
  "u": 1900000
}
