{
  "b": 1.642077922821045,
  "c": 3.4403553009033203,
  "d": 1.5365875959396362,
  "e": 3.2191929817199707,
  "f": 17365008,
  "g": 36077024,
  "h": 17217682,
  "i": 35737240,
  "j": 17077610,
  "k": 35779696,
  "l": 16902464,
  "m": 35411124,
  "n": 287399,
  "o": 297327,
  "p": 315216,
  "q": 326117,
  "r": 148449,
  "s": 307604,
  "t": 153127,
  "u": 317170
}
