{
  "b": 15.404199600219727,
  "c": 32.70071029663086,
  "d": 16.513029098510742,
  "e": 35.05430603027344,
  "f": 162762160,
  "g": 342772384,
  "h": 184622592,
  "i": 388723872,
  "j": 160203680,
  "k": 340087392,
  "l": 181643312,
  "m": 385597376,
  "n": 2558492,
  "o": 2685026,
  "p": 2979291,
  "q": 3126521,
  "r": 1328629,
  "s": 2790560,
  "t": 1533337,
  "u": 3220169
}
