{
  "b": 6.424375534057617,
  "c": 13.364866256713867,
  "d": 7.15977144241333,
  "e": 14.89381217956543,
  "f": 67943088,
  "g": 140154656,
  "h": 80034968,
  "i": 165144016,
  "j": 66813504,
  "k": 138994608,
  "l": 78757488,
  "m": 163831936,
  "n": 1129584,
  "o": 1160057,
  "p": 1277487,
  "q": 1312091,
  "r": 743886,
  "s": 1531791,
  "t": 920981,
  "u": 1897649
}
