{
  "b": 13.71955680847168,
  "c": 28.84291648864746,
  "d": 16.2763671875,
  "e": 34.21603012084961,
  "f": 145000000,
  "g": 302000000,
  "h": 182000000,
  "i": 380000000,
  "j": 143000000,
  "k": 300000000,
  "l": 179000000,
  "m": 376000000,
  "n": 2430000,
  "o": 2430000,
  "p": 3120000,
  "q": 3120000,
  "r": 4300000,
  "s": 8940000,
  "t": 5630000,
  "u": 11700000
}
