{
  "b": 13.71955680847168,
  "c": 28.84291648864746,
  "d": 16.2763671875,
  "e": 34.21603012084961,
  "f": 145075488,
  "g": 302443872,
  "h": 182103056,
  "i": 379548704,
  "j": 142683392,
  "k": 299966336,
  "l": 179040048,
  "m": 376376320,
  "n": 2392072,
  "o": 2477538,
  "p": 3063009,
  "q": 3172401,
  "r": 4300372,
  "s": 8938570,
  "t": 5632275,
  "u": 11708480
}
