{
  "b": 25.081235885620117,
  "c": 50.77766799926758,
  "d": 29.328636169433594,
  "e": 59.37679672241211,
  "f": 265134448,
  "g": 532392608,
  "h": 327855072,
  "i": 658403264,
  "j": 260844848,
  "k": 528087744,
  "l": 322615008,
  "m": 653144768,
  "n": 4289607,
  "o": 4304863,
  "p": 5240027,
  "q": 5258569,
  "r": 3766379,
  "s": 7541276,
  "t": 4736948,
  "u": 9487151
}
