{
  "b": 15.404199600219727,
  "c": 32.70071029663086,
  "d": 16.513029098510742,
  "e": 35.05430603027344,
  "f": 163000000,
  "g": 343000000,
  "h": 185000000,
  "i": 389000000,
  "j": 160000000,
  "k": 340000000,
  "l": 182000000,
  "m": 386000000,
  "n": 2620000,
  "o": 2620000,
  "p": 3050000,
  "q": 3050000,
  "r": 1330000,
  "s": 2790000,
  "t": 1530000,
  "u": 3220000
}
