{
  "b": 1.642077922821045,
  "c": 3.4403553009033203,
  "d": 1.5365875959396362,
  "e": 3.2191929817199707,
  "f": 17400000,
  "g": 36100000,
  "h": 17200000,
  "i": 35700000,
  "j": 17100000,
  "k": 35800000,
  "l": 16900000,
  "m": 35400000,
  "n": 292000,
  "o": 292000,
  "p": 321000,
  "q": 321000,
  "r": 148000,
  "s": 308000,
  "t": 153000,
  "u": 317000
}
