{
  "b": 16.885068893432617,
  "c": 35.130306243896484,
  "d": 19.54717254638672,
  "e": 40.668006896972656,
  "f": 178475840,
  "g": 368302944,
  "h": 218509312,
  "i": 450931488,
  "j": 175604720,
  "k": 365355168,
  "l": 215018896,
  "m": 447348096,
  "n": 2871121,
  "o": 2947800,
  "p": 3490422,
  "q": 3583418,
  "r": 2358832,
  "s": 4857160,
  "t": 2870867,
  "u": 5912837
}
