{
  "b": 13.240450859069824,
  "c": 28.011938095092773,
  "d": 15.232903480529785,
  "e": 32.22687530517578,
  "f": 139921760,
  "g": 293649248,
  "h": 170201584,
  "i": 357258912,
  "j": 137700688,
  "k": 291324160,
  "l": 167561936,
  "m": 354495616,
  "n": 2221085,
  "o": 2325095,
  "p": 2639645,
  "q": 2763263,
  "r": 950782,
  "s": 1988841,
  "t": 1167117,
  "u": 2442358
}
