{
  "b": 0.3616032600402832,
  "c": 0.7501937747001648,
  "d": 0.35385558009147644,
  "e": 0.7340872287750244,
  "f": 3824985,
  "g": 7867870,
  "h": 3961234,
  "i": 8145440,
  "j": 3760674,
  "k": 7802016,
  "l": 3892411,
  "m": 8074960,
  "n": 64310,
  "o": 65854,
  "p": 68823,
  "q": 70480,
  "r": 30047,
  "s": 61785,
  "t": 33110,
  "u": 68084
}
