{
  "b": 0.3616032600402832,
  "c": 0.7501937747001648,
  "d": 0.35385558009147644,
  "e": 0.7340872287750244,
  "f": 3820000,
  "g": 7870000,
  "h": 3960000,
  "i": 8150000,
  "j": 3760000,
  "k": 7800000,
  "l": 3890000,
  "m": 8070000,
  "n": 65100,
  "o": 65100,
  "p": 69700,
  "q": 69700,
  "r": 30000,
  "s": 61800,
  "t": 33100,
  "u": 68100
}
