{
  "b": 13.240450859069824,
  "c": 28.011938095092773,
  "d": 15.232903480529785,
  "e": 32.22687530517578,
  "f": 140000000,
  "g": 294000000,
  "h": 170000000,
  "i": 357000000,
  "j": 138000000,
  "k": 291000000,
  "l": 168000000,
  "m": 354000000,
  "n": 2270000,
  "o": 2270000,
  "p": 2700000,
  "q": 2700000,
  "r": 951000,
  "s": 1990000,
  "t": 1170000,
  "u": 2440000
}
