{
  "b": 18.363218307495117,
  "c": 37.598297119140625,
  "d": 21.72711944580078,
  "e": 44.4858512878418,
  "f": 194077792,
  "g": 394172896,
  "h": 242582416,
  "i": 492986240,
  "j": 190977472,
  "k": 391022304,
  "l": 238998304,
  "m": 489344352,
  "n": 3100320,
  "o": 3150598,
  "p": 3584096,
  "q": 3641894,
  "r": 1835355,
  "s": 3718402,
  "t": 2245670,
  "u": 4553298
}
