{
  "b": 13.411104202270508,
  "c": 28.19057273864746,
  "d": 14.380301475524902,
  "e": 30.227338790893555,
  "f": 141746624,
  "g": 295541440,
  "h": 160781472,
  "i": 335199872,
  "j": 139475488,
  "k": 293181952,
  "l": 158183312,
  "m": 332500736,
  "n": 2271131,
  "o": 2359490,
  "p": 2598161,
  "q": 2699175,
  "r": 828968,
  "s": 1724896,
  "t": 948521,
  "u": 1973903
}
