{
  "b": 16.885068893432617,
  "c": 35.130306243896484,
  "d": 19.54717254638672,
  "e": 40.668006896972656,
  "f": 178000000,
  "g": 368000000,
  "h": 219000000,
  "i": 451000000,
  "j": 176000000,
  "k": 365000000,
  "l": 215000000,
  "m": 447000000,
  "n": 2910000,
  "o": 2910000,
  "p": 3540000,
  "q": 3540000,
  "r": 2360000,
  "s": 4860000,
  "t": 2870000,
  "u": 5910000
}
