{
  "b": 299.8424377441406,
  "c": 535.8281860351562,
  "d": 295.1856994628906,
  "e": 527.5178833007812,
  "f": 3170000000,
  "g": 5620000000,
  "h": 3300000000,
  "i": 5860000000,
  "j": 3120000000,
  "k": 5570000000,
  "l": 3250000000,
  "m": 5800000000,
  "n": 51900000,
  "o": 51900000,
  "p": 54900000,
  "q": 54900000,
  "r": 690000000,
  "s": 1220000000,
  "t": 688000000,
  "u": 1220000000
}
