{
  "b": 0.7190738320350647,
  "c": 1.585940957069397,
  "d": 0.8445995450019836,
  "e": 1.8627889156341553,
  "f": 7610000,
  "g": 16600000,
  "h": 9450000,
  "i": 20700000,
  "j": 7480000,
  "k": 16500000,
  "l": 9290000,
  "m": 20500000,
  "n": 136000,
  "o": 136000,
  "p": 165000,
  "q": 165000,
  "r": 117000,
  "s": 255000,
  "t": 141000,
  "u": 307000
}
