{
  "b": 0.265987366437912,
  "c": 0.5852662324905396,
  "d": 0.3134494721889496,
  "e": 0.6897110342979431,
  "f": 2818162,
  "g": 6142132,
  "h": 3508663,
  "i": 7651601,
  "j": 2766269,
  "k": 6086769,
  "l": 3447944,
  "m": 7586822,
  "n": 51893,
  "o": 55363,
  "p": 60719,
  "q": 64778,
  "r": 86960,
  "s": 189509,
  "t": 114861,
  "u": 250506
}
