{
  "b": 1.6457419395446777,
  "c": 3.589056968688965,
  "d": 2.141828775405884,
  "e": 4.671117305755615,
  "f": 17400000,
  "g": 37600000,
  "h": 23900000,
  "i": 51800000,
  "j": 17100000,
  "k": 37300000,
  "l": 23600000,
  "m": 51400000,
  "n": 301000,
  "o": 301000,
  "p": 378000,
  "q": 378000,
  "r": 312000,
  "s": 673000,
  "t": 417000,
  "u": 903000
}
