{
  "b": 1.6457419395446777,
  "c": 3.589056968688965,
  "d": 2.141828775405884,
  "e": 4.671117305755615,
  "f": 17407438,
  "g": 37635508,
  "h": 23927282,
  "i": 51771648,
  "j": 17115716,
  "k": 37326192,
  "l": 23560116,
  "m": 51382288,
  "n": 291724,
  "o": 309318,
  "p": 367165,
  "q": 389365,
  "r": 311594,
  "s": 673368,
  "t": 417388,
  "u": 902828
}
