{
  "b": 0.1979728639125824,
  "c": 0.4327996075153351,
  "d": 0.278270423412323,
  "e": 0.6083352565765381,
  "f": 2097125,
  "g": 4541600,
  "h": 3111365,
  "i": 6745079,
  "j": 2058918,
  "k": 4501116,
  "l": 3060975,
  "m": 6691688,
  "n": 38207,
  "o": 40484,
  "p": 50390,
  "q": 53391,
  "r": 99659,
  "s": 215602,
  "t": 149941,
  "u": 324744
}
