{
  "b": 0.265987366437912,
  "c": 0.5852662324905396,
  "d": 0.3134494721889496,
  "e": 0.6897110342979431,
  "f": 2820000,
  "g": 6140000,
  "h": 3510000,
  "i": 7650000,
  "j": 2770000,
  "k": 6090000,
  "l": 3450000,
  "m": 7590000,
  "n": 53600,
  "o": 53600,
  "p": 62700,
  "q": 62700,
  "r": 87000,
  "s": 190000,
  "t": 115000,
  "u": 251000
}
