{
  "b": 1.2929353713989258,
  "c": 2.8320653438568115,
  "d": 1.7457876205444336,
  "e": 3.8240556716918945,
  "f": 13681632,
  "g": 29704176,
  "h": 19502092,
  "i": 42382840,
  "j": 13446528,
  "k": 29453480,
  "l": 19203664,
  "m": 42064612,
  "n": 235105,
  "o": 250699,
  "p": 298427,
  "q": 318227,
  "r": 430438,
  "s": 933995,
  "t": 610854,
  "u": 1327046
}
