{
  "b": 0.1979728639125824,
  "c": 0.4327996075153351,
  "d": 0.278270423412323,
  "e": 0.6083352565765381,
  "f": 2100000,
  "g": 4540000,
  "h": 3110000,
  "i": 6750000,
  "j": 2060000,
  "k": 4500000,
  "l": 3060000,
  "m": 6690000,
  "n": 39300,
  "o": 39300,
  "p": 51900,
  "q": 51900,
  "r": 99700,
  "s": 216000,
  "t": 150000,
  "u": 325000
}
