{
  "b": 1.2929353713989258,
  "c": 2.8320653438568115,
  "d": 1.7457876205444336,
  "e": 3.8240556716918945,
  "f": 13700000,
  "g": 29700000,
  "h": 19500000,
  "i": 42400000,
  "j": 13400000,
  "k": 29500000,
  "l": 19200000,
  "m": 42100000,
  "n": 243000,
  "o": 243000,
  "p": 308000,
  "q": 308000,
  "r": 430000,
  "s": 934000,
  "t": 611000,
  "u": 1330000
}
