{
  "b": 0.7190738320350647,
  "c": 1.585940957069397,
  "d": 0.8445995450019836,
  "e": 1.8627889156341553,
  "f": 7609991,
  "g": 16635111,
  "h": 9449576,
  "i": 20661392,
  "j": 7478368,
  "k": 16493786,
  "l": 9290595,
  "m": 20490678,
  "n": 131622,
  "o": 141325,
  "p": 158980,
  "q": 170713,
  "r": 116619,
  "s": 254777,
  "t": 140610,
  "u": 307344
}
