{
  "b": 0.24402786791324615,
  "c": 0.534454345703125,
  "d": 0.3127204179763794,
  "e": 0.6848955750465393,
  "f": 2583995,
  "g": 5607286,
  "h": 3494391,
  "i": 7591690,
  "j": 2537890,
  "k": 5558325,
  "l": 3439925,
  "m": 7533852,
  "n": 46105,
  "o": 48961,
  "p": 54466,
  "q": 57838,
  "r": 131503,
  "s": 285973,
  "t": 183047,
  "u": 398570
}
