{
  "b": 3.278412342071533,
  "c": 7.157788276672363,
  "d": 4.072982311248779,
  "e": 8.89271068572998,
  "f": 34709088,
  "g": 75089448,
  "h": 45529692,
  "i": 98587960,
  "j": 34095488,
  "k": 74441000,
  "l": 44802808,
  "m": 97819816,
  "n": 613598,
  "o": 648446,
  "p": 726886,
  "q": 768148,
  "r": 5381238,
  "s": 11663424,
  "t": 7214492,
  "u": 15654130
}
