{
  "b": 0.15958906710147858,
  "c": 0.35032910108566284,
  "d": 0.17540864646434784,
  "e": 0.3850625455379486,
  "f": 1690000,
  "g": 3670000,
  "h": 1960000,
  "i": 4270000,
  "j": 1660000,
  "k": 3640000,
  "l": 1930000,
  "m": 4240000,
  "n": 29600,
  "o": 29600,
  "p": 32700,
  "q": 32700,
  "r": 41800,
  "s": 91000,
  "t": 50300,
  "u": 110000
}
