{
  "b": 3.278412342071533,
  "c": 7.157788276672363,
  "d": 4.072982311248779,
  "e": 8.89271068572998,
  "f": 34700000,
  "g": 75100000,
  "h": 45500000,
  "i": 98600000,
  "j": 34100000,
  "k": 74400000,
  "l": 44800000,
  "m": 97800000,
  "n": 631000,
  "o": 631000,
  "p": 748000,
  "q": 748000,
  "r": 5380000,
  "s": 11700000,
  "t": 7210000,
  "u": 15700000
}
