{
  "b": 0.15958906710147858,
  "c": 0.35032910108566284,
  "d": 0.17540864646434784,
  "e": 0.3850625455379486,
  "f": 1688317,
  "g": 3674058,
  "h": 1961027,
  "i": 4269474,
  "j": 1659726,
  "k": 3643423,
  "l": 1929495,
  "m": 4235688,
  "n": 28591,
  "o": 30635,
  "p": 31532,
  "q": 33785,
  "r": 41755,
  "s": 90954,
  "t": 50346,
  "u": 109734
}
