{
  "b": 1.5624358654022217,
  "c": 3.4272139072418213,
  "d": 2.034823417663574,
  "e": 4.4643354415893555,
  "f": 16500000,
  "g": 36000000,
  "h": 22800000,
  "i": 49500000,
  "j": 16200000,
  "k": 35600000,
  "l": 22400000,
  "m": 49100000,
  "n": 305000,
  "o": 305000,
  "p": 383000,
  "q": 383000,
  "r": 306000,
  "s": 667000,
  "t": 410000,
  "u": 893000
}
