{
  "b": 0.07116960734128952,
  "c": 0.15440258383750916,
  "d": 0.07669185101985931,
  "e": 0.16641606390476227,
  "f": 754000,
  "g": 1620000,
  "h": 859000,
  "i": 1850000,
  "j": 740000,
  "k": 1610000,
  "l": 844000,
  "m": 1830000,
  "n": 14300,
  "o": 14300,
  "p": 16000,
  "q": 16000,
  "r": 8110,
  "s": 17500,
  "t": 9470,
  "u": 20400
}
