{
  "b": 0.24402786791324615,
  "c": 0.534454345703125,
  "d": 0.3127204179763794,
  "e": 0.6848955750465393,
  "f": 2580000,
  "g": 5610000,
  "h": 3490000,
  "i": 7590000,
  "j": 2540000,
  "k": 5560000,
  "l": 3440000,
  "m": 7530000,
  "n": 47500,
  "o": 47500,
  "p": 56200,
  "q": 56200,
  "r": 132000,
  "s": 286000,
  "t": 183000,
  "u": 399000
}
