{
  "b": 0.07116960734128952,
  "c": 0.15440258383750916,
  "d": 0.07669185101985931,
  "e": 0.16641606390476227,
  "f": 754070,
  "g": 1620461,
  "h": 859161,
  "i": 1846990,
  "j": 740164,
  "k": 1605787,
  "l": 843610,
  "m": 1830577,
  "n": 13906,
  "o": 14674,
  "p": 15551,
  "q": 16413,
  "r": 8108,
  "s": 17502,
  "t": 9470,
  "u": 20447
}
