{
  "b": 3.1301045417785645,
  "c": 6.877313613891602,
  "d": 4.653943061828613,
  "e": 10.225377082824707,
  "f": 33141776,
  "g": 72147280,
  "h": 51999364,
  "i": 113332424,
  "j": 32553088,
  "k": 71524064,
  "l": 51193372,
  "m": 112479152,
  "n": 588693,
  "o": 623215,
  "p": 805993,
  "q": 853266,
  "r": 4491373,
  "s": 9786030,
  "t": 7013257,
  "u": 15299739
}
