{
  "b": 0.35296642780303955,
  "c": 0.7735084891319275,
  "d": 0.3869321346282959,
  "e": 0.8480218052864075,
  "f": 3736870,
  "g": 8115014,
  "h": 4331956,
  "i": 9409116,
  "j": 3670851,
  "k": 8044489,
  "l": 4256254,
  "m": 9328240,
  "n": 66019,
  "o": 70526,
  "p": 75702,
  "q": 80875,
  "r": 66704,
  "s": 144977,
  "t": 84005,
  "u": 182572
}
