{
  "b": 0.8953024744987488,
  "c": 1.9543575048446655,
  "d": 1.0693031549453735,
  "e": 2.334257125854492,
  "f": 9470000,
  "g": 20500000,
  "h": 12000000,
  "i": 25900000,
  "j": 9310000,
  "k": 20300000,
  "l": 11800000,
  "m": 25700000,
  "n": 168000,
  "o": 168000,
  "p": 195000,
  "q": 195000,
  "r": 255000,
  "s": 552000,
  "t": 326000,
  "u": 706000
}
