{
  "b": 0.7356231808662415,
  "c": 1.623281717300415,
  "d": 0.8752114772796631,
  "e": 1.9312934875488281,
  "f": 7790000,
  "g": 17000000,
  "h": 9790000,
  "i": 21400000,
  "j": 7650000,
  "k": 16900000,
  "l": 9630000,
  "m": 21200000,
  "n": 145000,
  "o": 145000,
  "p": 168000,
  "q": 168000,
  "r": 279000,
  "s": 611000,
  "t": 359000,
  "u": 786000
}
