{
  "b": 1.0713801383972168,
  "c": 2.3501627445220947,
  "d": 1.1796066761016846,
  "e": 2.587590217590332,
  "f": 11300000,
  "g": 24600000,
  "h": 13200000,
  "i": 28700000,
  "j": 11100000,
  "k": 24400000,
  "l": 13000000,
  "m": 28500000,
  "n": 198000,
  "o": 198000,
  "p": 218000,
  "q": 218000,
  "r": 293000,
  "s": 637000,
  "t": 337000,
  "u": 734000
}
