{
  "b": 3.1301045417785645,
  "c": 6.877313613891602,
  "d": 4.653943061828613,
  "e": 10.225377082824707,
  "f": 33100000,
  "g": 72100000,
  "h": 52000000,
  "i": 113000000,
  "j": 32600000,
  "k": 71500000,
  "l": 51200000,
  "m": 112000000,
  "n": 606000,
  "o": 606000,
  "p": 830000,
  "q": 830000,
  "r": 4490000,
  "s": 9790000,
  "t": 7010000,
  "u": 15300000
}
