{
  "b": 1.0713801383972168,
  "c": 2.3501627445220947,
  "d": 1.1796066761016846,
  "e": 2.587590217590332,
  "f": 11333727,
  "g": 24645754,
  "h": 13186737,
  "i": 28688580,
  "j": 11142353,
  "k": 24441692,
  "l": 12975673,
  "m": 28463492,
  "n": 191373,
  "o": 204063,
  "p": 211064,
  "q": 225085,
  "r": 292928,
  "s": 637069,
  "t": 337118,
  "u": 733667
}
