{
  "b": 0.7356231808662415,
  "c": 1.623281717300415,
  "d": 0.8752114772796631,
  "e": 1.9312934875488281,
  "f": 7789871,
  "g": 17031744,
  "h": 9789705,
  "i": 21418516,
  "j": 7650481,
  "k": 16882130,
  "l": 9627326,
  "m": 21244228,
  "n": 139390,
  "o": 149615,
  "p": 162379,
  "q": 174285,
  "r": 279134,
  "s": 611213,
  "t": 358653,
  "u": 786021
}
