{
  "b": 0.35296642780303955,
  "c": 0.7735084891319275,
  "d": 0.3869321346282959,
  "e": 0.8480218052864075,
  "f": 3740000,
  "g": 8120000,
  "h": 4330000,
  "i": 9410000,
  "j": 3670000,
  "k": 8040000,
  "l": 4260000,
  "m": 9330000,
  "n": 68300,
  "o": 68300,
  "p": 78300,
  "q": 78300,
  "r": 66700,
  "s": 145000,
  "t": 84000,
  "u": 183000
}
