{
  "b": 0.8953024744987488,
  "c": 1.9543575048446655,
  "d": 1.0693031549453735,
  "e": 2.334257125854492,
  "f": 9474093,
  "g": 20498794,
  "h": 11950768,
  "i": 25877432,
  "j": 9311146,
  "k": 20325318,
  "l": 11762335,
  "m": 25676828,
  "n": 162946,
  "o": 173476,
  "p": 188434,
  "q": 200604,
  "r": 254765,
  "s": 551530,
  "t": 325763,
  "u": 705820
}
