{
  "b": 0.03844891116023064,
  "c": 0.08390742540359497,
  "d": 0.049307066947221756,
  "e": 0.10760410130023956,
  "f": 407000,
  "g": 880000,
  "h": 551000,
  "i": 1190000,
  "j": 400000,
  "k": 873000,
  "l": 542000,
  "m": 1180000,
  "n": 7520,
  "o": 7520,
  "p": 8640,
  "q": 8640,
  "r": 5710,
  "s": 12400,
  "t": 7880,
  "u": 17100
}
