{
  "b": 0.23408004641532898,
  "c": 0.5144340395927429,
  "d": 0.25917282700538635,
  "e": 0.5695798993110657,
  "f": 2480000,
  "g": 5400000,
  "h": 2900000,
  "i": 6320000,
  "j": 2430000,
  "k": 5350000,
  "l": 2850000,
  "m": 6270000,
  "n": 43600,
  "o": 43600,
  "p": 52600,
  "q": 52600,
  "r": 56900,
  "s": 124000,
  "t": 67000,
  "u": 146000
}
