{
  "b": 5.255195617675781,
  "c": 11.455233573913574,
  "d": 9.306891441345215,
  "e": 20.287033081054688,
  "f": 55617676,
  "g": 120153416,
  "h": 103789976,
  "i": 224652752,
  "j": 54654032,
  "k": 119134432,
  "l": 102375808,
  "m": 223157360,
  "n": 963643,
  "o": 1018989,
  "p": 1414176,
  "q": 1495390,
  "r": 7189372,
  "s": 15525200,
  "t": 13714798,
  "u": 29678488
}
