{
  "b": 0.8322694301605225,
  "c": 1.8373409509658813,
  "d": 0.9920634627342224,
  "e": 2.190096855163574,
  "f": 8806358,
  "g": 19269348,
  "h": 11093898,
  "i": 24284614,
  "j": 8655602,
  "k": 19108346,
  "l": 10912698,
  "m": 24091066,
  "n": 150754,
  "o": 161003,
  "p": 181201,
  "q": 193544,
  "r": 404370,
  "s": 884132,
  "t": 522526,
  "u": 1143088
}
