{
  "b": 0.23408004641532898,
  "c": 0.5144340395927429,
  "d": 0.25917282700538635,
  "e": 0.5695798993110657,
  "f": 2476618,
  "g": 5395141,
  "h": 2901770,
  "i": 6319682,
  "j": 2434433,
  "k": 5350114,
  "l": 2850901,
  "m": 6265379,
  "n": 42185,
  "o": 45027,
  "p": 50869,
  "q": 54303,
  "r": 56860,
  "s": 123621,
  "t": 66965,
  "u": 145572
}
