{
  "b": 0.8322694301605225,
  "c": 1.8373409509658813,
  "d": 0.9920634627342224,
  "e": 2.190096855163574,
  "f": 8810000,
  "g": 19300000,
  "h": 11100000,
  "i": 24300000,
  "j": 8660000,
  "k": 19100000,
  "l": 10900000,
  "m": 24100000,
  "n": 156000,
  "o": 156000,
  "p": 187000,
  "q": 187000,
  "r": 404000,
  "s": 884000,
  "t": 523000,
  "u": 1140000
}
