{
  "b": 0.03253251314163208,
  "c": 0.07094855606555939,
  "d": 0.03308481723070145,
  "e": 0.07215838879346848,
  "f": 345000,
  "g": 745000,
  "h": 372000,
  "i": 802000,
  "j": 338000,
  "k": 738000,
  "l": 364000,
  "m": 794000,
  "n": 6880,
  "o": 6880,
  "p": 7780,
  "q": 7780,
  "r": 5280,
  "s": 11500,
  "t": 5890,
  "u": 12800
}
