{
  "b": 5.255195617675781,
  "c": 11.455233573913574,
  "d": 9.306891441345215,
  "e": 20.287033081054688,
  "f": 55600000,
  "g": 120000000,
  "h": 104000000,
  "i": 225000000,
  "j": 54700000,
  "k": 119000000,
  "l": 102000000,
  "m": 223000000,
  "n": 991000,
  "o": 991000,
  "p": 1450000,
  "q": 1450000,
  "r": 7190000,
  "s": 15500000,
  "t": 13700000,
  "u": 29700000
}

