{
  "b": 0.03844891116023064,
  "c": 0.08390742540359497,
  "d": 0.049307066947221756,
  "e": 0.10760410130023956,
  "f": 407171,
  "g": 880377,
  "h": 550766,
  "i": 1192536,
  "j": 399869,
  "k": 872637,
  "l": 542378,
  "m": 1183645,
  "n": 7303,
  "o": 7740,
  "p": 8388,
  "q": 8891,
  "r": 5712,
  "s": 12381,
  "t": 7879,
  "u": 17105
}
