{
  "b": 0.03253251314163208,
  "c": 0.07094855606555939,
  "d": 0.03308481723070145,
  "e": 0.07215838879346848,
  "f": 345031,
  "g": 744926,
  "h": 371509,
  "i": 801735,
  "j": 338338,
  "k": 737865,
  "l": 363933,
  "m": 793742,
  "n": 6693,
  "o": 7061,
  "p": 7576,
  "q": 7993,
  "r": 5281,
  "s": 11460,
  "t": 5885,
  "u": 12767
}
