{
  "b": 1.3723766803741455,
  "c": 2.9869747161865234,
  "d": 1.7607345581054688,
  "e": 3.8322384357452393,
  "f": 14500000,
  "g": 31300000,
  "h": 19700000,
  "i": 42500000,
  "j": 14300000,
  "k": 31100000,
  "l": 19400000,
  "m": 42200000,
  "n": 266000,
  "o": 266000,
  "p": 334000,
  "q": 334000,
  "r": 1200000,
  "s": 2580000,
  "t": 1620000,
  "u": 3500000
}
