{
  "b": 0.5842886567115784,
  "c": 1.2857788801193237,
  "d": 0.7824491858482361,
  "e": 1.721856951713562,
  "f": 6189574,
  "g": 13492739,
  "h": 8756155,
  "i": 19099772,
  "j": 6076602,
  "k": 13372100,
  "l": 8606941,
  "m": 18940426,
  "n": 112972,
  "o": 120639,
  "p": 149214,
  "q": 159346,
  "r": 517538,
  "s": 1130021,
  "t": 721688,
  "u": 1577193
}
