{
  "b": 0.637814462184906,
  "c": 1.394966721534729,
  "d": 0.7676356434822083,
  "e": 1.6789120435714722,
  "f": 6755425,
  "g": 14637149,
  "h": 8589044,
  "i": 18621800,
  "j": 6633271,
  "k": 14507654,
  "l": 8443992,
  "m": 18468032,
  "n": 122155,
  "o": 129496,
  "p": 145053,
  "q": 153770,
  "r": 402744,
  "s": 874144,
  "t": 524753,
  "u": 1139872
}
