{
  "b": 1.3723766803741455,
  "c": 2.9869747161865234,
  "d": 1.7607345581054688,
  "e": 3.8322384357452393,
  "f": 14532508,
  "g": 31337058,
  "h": 19694242,
  "i": 42496784,
  "j": 14272718,
  "k": 31064538,
  "l": 19368080,
  "m": 42154624,
  "n": 259789,
  "o": 272520,
  "p": 326161,
  "q": 342157,
  "r": 1198216,
  "s": 2584829,
  "t": 1619319,
  "u": 3496881
}
