{
  "b": 0.07832567393779755,
  "c": 0.17115518450737,
  "d": 0.09901123493909836,
  "e": 0.21635249257087708,
  "f": 829341,
  "g": 1795671,
  "h": 1106026,
  "i": 2397815,
  "j": 814587,
  "k": 1780014,
  "l": 1089124,
  "m": 2379878,
  "n": 14754,
  "o": 15658,
  "p": 16903,
  "q": 17937,
  "r": 21042,
  "s": 45652,
  "t": 28818,
  "u": 62611
}
