{
  "b": 2.6119210720062256,
  "c": 5.697726249694824,
  "d": 4.0572590827941895,
  "e": 8.85069751739502,
  "f": 27651512,
  "g": 59770400,
  "h": 45280012,
  "i": 98043200,
  "j": 27163980,
  "k": 59256352,
  "l": 44629848,
  "m": 97357672,
  "n": 487534,
  "o": 514052,
  "p": 650166,
  "q": 685527,
  "r": 1612753,
  "s": 3475859,
  "t": 2661071,
  "u": 5746411
}
