{
  "b": 2.6119210720062256,
  "c": 5.697726249694824,
  "d": 4.0572590827941895,
  "e": 8.85069751739502,
  "f": 27700000,
  "g": 59800000,
  "h": 45300000,
  "i": 98000000,
  "j": 27200000,
  "k": 59300000,
  "l": 44600000,
  "m": 97400000,
  "n": 501000,
  "o": 501000,
  "p": 668000,
  "q": 668000,
  "r": 1610000,
  "s": 3480000,
  "t": 2660000,
  "u": 5750000
}
