{
  "b": 0.07832567393779755,
  "c": 0.17115518450737,
  "d": 0.09901123493909836,
  "e": 0.21635249257087708,
  "f": 829000,
  "g": 1800000,
  "h": 1110000,
  "i": 2400000,
  "j": 815000,
  "k": 1780000,
  "l": 1090000,
  "m": 2380000,
  "n": 15200,
  "o": 15200,
  "p": 17400,
  "q": 17400,
  "r": 21000,
  "s": 45700,
  "t": 28800,
  "u": 62600
}
