{
  "b": 1.031260371208191,
  "c": 2.2672362327575684,
  "d": 1.4099421501159668,
  "e": 3.0998454093933105,
  "f": 10915922,
  "g": 23781206,
  "h": 15736578,
  "i": 34338788,
  "j": 10725108,
  "k": 23579258,
  "l": 15509363,
  "m": 34098300,
  "n": 190813,
  "o": 201949,
  "p": 227214,
  "q": 240494,
  "r": 428448,
  "s": 930062,
  "t": 620312,
  "u": 1349099
}
