{
  "b": 0.1379920095205307,
  "c": 0.30234721302986145,
  "d": 0.16218219697475433,
  "e": 0.3553483784198761,
  "f": 1460958,
  "g": 3171923,
  "h": 1816071,
  "i": 3942971,
  "j": 1435117,
  "k": 3144411,
  "l": 1784004,
  "m": 3908832,
  "n": 25841,
  "o": 27511,
  "p": 32067,
  "q": 34139,
  "r": 16941,
  "s": 36849,
  "t": 21570,
  "u": 46930
}
