{
  "b": 0.1379920095205307,
  "c": 0.30234721302986145,
  "d": 0.16218219697475433,
  "e": 0.3553483784198761,
  "f": 1460000,
  "g": 3170000,
  "h": 1820000,
  "i": 3940000,
  "j": 1440000,
  "k": 3140000,
  "l": 1780000,
  "m": 3910000,
  "n": 26700,
  "o": 26700,
  "p": 33100,
  "q": 33100,
  "r": 16900,
  "s": 36800,
  "t": 21600,
  "u": 46900
}
