{
  "b": 1.031260371208191,
  "c": 2.2672362327575684,
  "d": 1.4099421501159668,
  "e": 3.0998454093933105,
  "f": 10900000,
  "g": 23800000,
  "h": 15700000,
  "i": 34300000,
  "j": 10700000,
  "k": 23600000,
  "l": 15500000,
  "m": 34100000,
  "n": 196000,
  "o": 196000,
  "p": 234000,
  "q": 234000,
  "r": 428000,
  "s": 930000,
  "t": 620000,
  "u": 1350000
}
