{
  "b": 0.8207365274429321,
  "c": 1.8031718730926514,
  "d": 1.0882360935211182,
  "e": 2.3908677101135254,
  "f": 8685192,
  "g": 18912972,
  "h": 12161272,
  "i": 26503556,
  "j": 8535660,
  "k": 18752988,
  "l": 11970597,
  "m": 26299544,
  "n": 149533,
  "o": 159987,
  "p": 190675,
  "q": 204012,
  "r": 134301,
  "s": 292507,
  "t": 190572,
  "u": 415474
}
