{
  "b": 0.08211971074342728,
  "c": 0.17835880815982819,
  "d": 0.09997784346342087,
  "e": 0.21714767813682556,
  "f": 869623,
  "g": 1871343,
  "h": 1118213,
  "i": 2408068,
  "j": 854045,
  "k": 1854932,
  "l": 1099756,
  "m": 2388625,
  "n": 15578,
  "o": 16412,
  "p": 18456,
  "q": 19444,
  "r": 47274,
  "s": 101942,
  "t": 62343,
  "u": 134550
}
