{
  "b": 0.16658277809619904,
  "c": 0.3644174039363861,
  "d": 0.20751681923866272,
  "e": 0.453998863697052,
  "f": 1763186,
  "g": 3822738,
  "h": 2316847,
  "i": 5030454,
  "j": 1732461,
  "k": 3789941,
  "l": 2282685,
  "m": 4993988,
  "n": 30726,
  "o": 32797,
  "p": 34162,
  "q": 36466,
  "r": 29205,
  "s": 63445,
  "t": 39646,
  "u": 86254
}
