{
  "b": 2.0965969562530518,
  "c": 4.587589740753174,
  "d": 2.7204368114471436,
  "e": 5.952706336975098,
  "f": 22200000,
  "g": 48100000,
  "h": 30400000,
  "i": 66000000,
  "j": 21800000,
  "k": 47700000,
  "l": 29900000,
  "m": 65500000,
  "n": 388000,
  "o": 388000,
  "p": 487000,
  "q": 487000,
  "r": 991000,
  "s": 2150000,
  "t": 1350000,
  "u": 2930000
}
