{
  "b": 0.1916791796684265,
  "c": 0.416703999042511,
  "d": 0.2382470667362213,
  "e": 0.5179447531700134,
  "f": 2029838,
  "g": 4371860,
  "h": 2665552,
  "i": 5744404,
  "j": 1993464,
  "k": 4333722,
  "l": 2620718,
  "m": 5697392,
  "n": 36375,
  "o": 38139,
  "p": 44834,
  "q": 47011,
  "r": 79579,
  "s": 170165,
  "t": 102167,
  "u": 218610
}
