{
  "b": 0.1916791796684265,
  "c": 0.416703999042511,
  "d": 0.2382470667362213,
  "e": 0.5179447531700134,
  "f": 2030000,
  "g": 4370000,
  "h": 2670000,
  "i": 5740000,
  "j": 1990000,
  "k": 4330000,
  "l": 2620000,
  "m": 5700000,
  "n": 37300,
  "o": 37300,
  "p": 45900,
  "q": 45900,
  "r": 79600,
  "s": 170000,
  "t": 102000,
  "u": 219000
}
