{
  "b": 0.4187701940536499,
  "c": 0.9177525043487549,
  "d": 0.5141582489013672,
  "e": 1.1268310546875,
  "f": 4432284,
  "g": 9626669,
  "h": 5752309,
  "i": 12497936,
  "j": 4355210,
  "k": 9544626,
  "l": 5655741,
  "m": 12395142,
  "n": 77073,
  "o": 82043,
  "p": 96568,
  "q": 102793,
  "r": 48592,
  "s": 105582,
  "t": 64139,
  "u": 139437
}
