{
  "b": 2.0965969562530518,
  "c": 4.587589740753174,
  "d": 2.7204368114471436,
  "e": 5.952706336975098,
  "f": 22180770,
  "g": 48111764,
  "h": 30396360,
  "i": 65982288,
  "j": 21804608,
  "k": 47710932,
  "l": 29924804,
  "m": 65479768,
  "n": 376162,
  "o": 400832,
  "p": 471556,
  "q": 502515,
  "r": 991447,
  "s": 2148959,
  "t": 1349800,
  "u": 2928427
}
