{
  "b": 0.4187701940536499,
  "c": 0.9177525043487549,
  "d": 0.5141582489013672,
  "e": 1.1268310546875,
  "f": 4430000,
  "g": 9630000,
  "h": 5750000,
  "i": 12500000,
  "j": 4360000,
  "k": 9540000,
  "l": 5660000,
  "m": 12400000,
  "n": 79600,
  "o": 79600,
  "p": 99700,
  "q": 99700,
  "r": 48600,
  "s": 106000,
  "t": 64100,
  "u": 139000
}

