{
  "b": 0.016784027218818665,
  "c": 0.03672898933291435,
  "d": 0.017832066863775253,
  "e": 0.03902329131960869,
  "f": 177830,
  "g": 385463,
  "h": 199895,
  "i": 433234,
  "j": 174554,
  "k": 381982,
  "l": 196153,
  "m": 429256,
  "n": 3276,
  "o": 3482,
  "p": 3742,
  "q": 3977,
  "r": 1898,
  "s": 4130,
  "t": 2189,
  "u": 4762
}
