{
  "b": 5.5658345222473145,
  "c": 12.181428909301758,
  "d": 7.532487869262695,
  "e": 16.48577117919922,
  "f": 58900000,
  "g": 128000000,
  "h": 84100000,
  "i": 183000000,
  "j": 57900000,
  "k": 127000000,
  "l": 82900000,
  "m": 181000000,
  "n": 1040000,
  "o": 1040000,
  "p": 1310000,
  "q": 1310000,
  "r": 10400000,
  "s": 22400000,
  "t": 14800000,
  "u": 32100000
}
