{
  "b": 5.5658345222473145,
  "c": 12.181428909301758,
  "d": 7.532487869262695,
  "e": 16.48577117919922,
  "f": 58894772,
  "g": 127755160,
  "h": 84129248,
  "i": 182688896,
  "j": 57884680,
  "k": 126686864,
  "l": 82857368,
  "m": 181343488,
  "n": 1010088,
  "o": 1068285,
  "p": 1271892,
  "q": 1345412,
  "r": 10357218,
  "s": 22448022,
  "t": 14789698,
  "u": 32094852
}
