{
  "b": 0.3021124601364136,
  "c": 0.6601114273071289,
  "d": 0.3396163284778595,
  "e": 0.7420578598976135,
  "f": 3200000,
  "g": 6930000,
  "h": 3800000,
  "i": 8230000,
  "j": 3140000,
  "k": 6870000,
  "l": 3740000,
  "m": 8160000,
  "n": 59300,
  "o": 59300,
  "p": 69600,
  "q": 69600,
  "r": 170000,
  "s": 369000,
  "t": 206000,
  "u": 447000
}
