{
  "b": 0.3021124601364136,
  "c": 0.6601114273071289,
  "d": 0.3396163284778595,
  "e": 0.7420578598976135,
  "f": 3199599,
  "g": 6926113,
  "h": 3803470,
  "i": 8234232,
  "j": 3141970,
  "k": 6865159,
  "l": 3735780,
  "m": 8162637,
  "n": 57629,
  "o": 60954,
  "p": 67690,
  "q": 71595,
  "r": 170154,
  "s": 369000,
  "t": 206166,
  "u": 447253
}
