{
  "b": 0.19938699901103973,
  "c": 0.43524548411369324,
  "d": 0.24528618156909943,
  "e": 0.5355820655822754,
  "f": 2110000,
  "g": 4570000,
  "h": 2740000,
  "i": 5940000,
  "j": 2070000,
  "k": 4530000,
  "l": 2700000,
  "m": 5890000,
  "n": 39800,
  "o": 39800,
  "p": 45700,
  "q": 45700,
  "r": 17900,
  "s": 38900,
  "t": 23400,
  "u": 50900
}
