{
  "b": 0.2386484146118164,
  "c": 0.5247061848640442,
  "d": 0.25979557633399963,
  "e": 0.5712315440177917,
  "f": 2530000,
  "g": 5510000,
  "h": 2910000,
  "i": 6340000,
  "j": 2480000,
  "k": 5460000,
  "l": 2860000,
  "m": 6280000,
  "n": 48500,
  "o": 48500,
  "p": 55200,
  "q": 55200,
  "r": 42900,
  "s": 93700,
  "t": 50900,
  "u": 111000
}
