{
  "b": 0.5841250419616699,
  "c": 1.2883110046386719,
  "d": 0.64266037940979,
  "e": 1.4174044132232666,
  "f": 6180000,
  "g": 13500000,
  "h": 7190000,
  "i": 15700000,
  "j": 6070000,
  "k": 13400000,
  "l": 7070000,
  "m": 15600000,
  "n": 109000,
  "o": 109000,
  "p": 129000,
  "q": 129000,
  "r": 173000,
  "s": 377000,
  "t": 201000,
  "u": 439000
}
