{
  "b": 0.19938699901103973,
  "c": 0.43524548411369324,
  "d": 0.24528618156909943,
  "e": 0.5355820655822754,
  "f": 2112155,
  "g": 4567552,
  "h": 2742429,
  "i": 5938540,
  "j": 2073625,
  "k": 4526553,
  "l": 2698148,
  "m": 5891403,
  "n": 38530,
  "o": 40999,
  "p": 44280,
  "q": 47136,
  "r": 17924,
  "s": 38891,
  "t": 23421,
  "u": 50868
}
