{
  "b": 0.1337278187274933,
  "c": 0.2931036055088043,
  "d": 0.1503642350435257,
  "e": 0.32958075404167175,
  "f": 1415108,
  "g": 3074322,
  "h": 1681332,
  "i": 3654628,
  "j": 1390769,
  "k": 3048278,
  "l": 1654007,
  "m": 3625388,
  "n": 24339,
  "o": 26044,
  "p": 27325,
  "q": 29240,
  "r": 18770,
  "s": 40799,
  "t": 22461,
  "u": 48856
}
