{
  "b": 0.5841250419616699,
  "c": 1.2883110046386719,
  "d": 0.64266037940979,
  "e": 1.4174044132232666,
  "f": 6180326,
  "g": 13511354,
  "h": 7193358,
  "i": 15724378,
  "j": 6074901,
  "k": 13398435,
  "l": 7069265,
  "m": 15591448,
  "n": 105425,
  "o": 112920,
  "p": 124093,
  "q": 132929,
  "r": 172889,
  "s": 377114,
  "t": 201119,
  "u": 438702
}
