{
  "b": 0.1337278187274933,
  "c": 0.2931036055088043,
  "d": 0.1503642350435257,
  "e": 0.32958075404167175,
  "f": 1420000,
  "g": 3070000,
  "h": 1680000,
  "i": 3650000,
  "j": 1390000,
  "k": 3050000,
  "l": 1650000,
  "m": 3630000,
  "n": 25200,
  "o": 25200,
  "p": 28300,
  "q": 28300,
  "r": 18800,
  "s": 40800,
  "t": 22500,
  "u": 48900
}
