{
  "b": 1.7001042366027832,
  "c": 3.7240076065063477,
  "d": 2.1823482513427734,
  "e": 4.78045654296875,
  "f": 17988298,
  "g": 39058224,
  "h": 24379686,
  "i": 52984812,
  "j": 17681084,
  "k": 38729680,
  "l": 24005830,
  "m": 52585024,
  "n": 307216,
  "o": 328546,
  "p": 373856,
  "q": 399785,
  "r": 682847,
  "s": 1482256,
  "t": 1004543,
  "u": 2181917
}
