{
  "b": 2.7789814472198486,
  "c": 6.105004787445068,
  "d": 3.820009708404541,
  "e": 8.391986846923828,
  "f": 29405162,
  "g": 64030032,
  "h": 42658576,
  "i": 92993864,
  "j": 28901408,
  "k": 63492048,
  "l": 42020108,
  "m": 92311856,
  "n": 503753,
  "o": 537987,
  "p": 638465,
  "q": 682000,
  "r": 1982395,
  "s": 4312612,
  "t": 2783460,
  "u": 6063259
}
