{
  "b": 0.5798802375793457,
  "c": 1.2679166793823242,
  "d": 0.7440552711486816,
  "e": 1.6269015073776245,
  "f": 6138872,
  "g": 13300314,
  "h": 8317163,
  "i": 18035666,
  "j": 6030755,
  "k": 13186334,
  "l": 8184608,
  "m": 17895916,
  "n": 108117,
  "o": 113980,
  "p": 132555,
  "q": 139750,
  "r": 184009,
  "s": 394550,
  "t": 255262,
  "u": 547852
}
