{
  "b": 1.7001042366027832,
  "c": 3.7240076065063477,
  "d": 2.1823482513427734,
  "e": 4.78045654296875,
  "f": 18000000,
  "g": 39100000,
  "h": 24400000,
  "i": 53000000,
  "j": 17700000,
  "k": 38700000,
  "l": 24000000,
  "m": 52600000,
  "n": 318000,
  "o": 318000,
  "p": 387000,
  "q": 387000,
  "r": 683000,
  "s": 1480000,
  "t": 1000000,
  "u": 2180000
}
