{
  "b": 0.9914005994796753,
  "c": 2.178349733352661,
  "d": 1.1242680549621582,
  "e": 2.470553398132324,
  "f": 10495993,
  "g": 22853154,
  "h": 12596390,
  "i": 27421520,
  "j": 10310566,
  "k": 22654838,
  "l": 12366948,
  "m": 27176088,
  "n": 185427,
  "o": 198319,
  "p": 229441,
  "q": 245431,
  "r": 73541,
  "s": 160004,
  "t": 353995,
  "u": 772039
}
