{
  "b": 0.5499652028083801,
  "c": 1.2012792825698853,
  "d": 0.6596193313598633,
  "e": 1.4407879114151,
  "f": 5826593,
  "g": 12606775,
  "h": 7383523,
  "i": 15984137,
  "j": 5719638,
  "k": 12493304,
  "l": 7255813,
  "m": 15848667,
  "n": 106955,
  "o": 113471,
  "p": 127709,
  "q": 135470,
  "r": 232264,
  "s": 503848,
  "t": 305312,
  "u": 662792
}
