{
  "b": 0.5499652028083801,
  "c": 1.2012792825698853,
  "d": 0.6596193313598633,
  "e": 1.4407879114151,
  "f": 5830000,
  "g": 12600000,
  "h": 7380000,
  "i": 16000000,
  "j": 5720000,
  "k": 12500000,
  "l": 7260000,
  "m": 15800000,
  "n": 110000,
  "o": 110000,
  "p": 132000,
  "q": 132000,
  "r": 232000,
  "s": 504000,
  "t": 305000,
  "u": 663000
}
