{
  "b": 0.5664535164833069,
  "c": 1.2364526987075806,
  "d": 0.7806722521781921,
  "e": 1.7040488719940186,
  "f": 6001537,
  "g": 12976153,
  "h": 8732498,
  "i": 18898344,
  "j": 5891117,
  "k": 12859108,
  "l": 8587395,
  "m": 18744538,
  "n": 110421,
  "o": 117046,
  "p": 145103,
  "q": 153806,
  "r": 196758,
  "s": 424615,
  "t": 288735,
  "u": 623729
}
