{
  "b": 0.2843853235244751,
  "c": 0.6232129335403442,
  "d": 0.322355180978775,
  "e": 0.7064178586006165,
  "f": 3010000,
  "g": 6540000,
  "h": 3610000,
  "i": 7840000,
  "j": 2960000,
  "k": 6480000,
  "l": 3550000,
  "m": 7770000,
  "n": 54800,
  "o": 54800,
  "p": 64900,
  "q": 64900,
  "r": 130000,
  "s": 282000,
  "t": 158000,
  "u": 344000
}
