{
  "b": 0.5664535164833069,
  "c": 1.2364526987075806,
  "d": 0.7806722521781921,
  "e": 1.7040488719940186,
  "f": 6000000,
  "g": 13000000,
  "h": 8730000,
  "i": 18900000,
  "j": 5890000,
  "k": 12900000,
  "l": 8590000,
  "m": 18700000,
  "n": 114000,
  "o": 114000,
  "p": 149000,
  "q": 149000,
  "r": 197000,
  "s": 425000,
  "t": 289000,
  "u": 624000
}
