{
  "b": 0.6555920243263245,
  "c": 1.445298433303833,
  "d": 0.7217968702316284,
  "e": 1.591267466545105,
  "f": 6935704,
  "g": 15157713,
  "h": 8071222,
  "i": 17645520,
  "j": 6818157,
  "k": 15031104,
  "l": 7939766,
  "m": 17503942,
  "n": 117547,
  "o": 126609,
  "p": 131456,
  "q": 141579,
  "r": 177138,
  "s": 387536,
  "t": 212491,
  "u": 465111
}
