{
  "b": 2.9803950786590576,
  "c": 6.530418395996094,
  "d": 3.5591745376586914,
  "e": 7.798684597015381,
  "f": 31529492,
  "g": 68484120,
  "h": 39801728,
  "i": 86478368,
  "j": 30996108,
  "k": 67916352,
  "l": 39150920,
  "m": 85785528,
  "n": 533383,
  "o": 567762,
  "p": 650807,
  "q": 692833,
  "r": 1959108,
  "s": 4248550,
  "t": 2428070,
  "u": 5268034
}
