{
  "b": 0.6555920243263245,
  "c": 1.445298433303833,
  "d": 0.7217968702316284,
  "e": 1.591267466545105,
  "f": 6940000,
  "g": 15200000,
  "h": 8070000,
  "i": 17600000,
  "j": 6820000,
  "k": 15000000,
  "l": 7940000,
  "m": 17500000,
  "n": 122000,
  "o": 122000,
  "p": 137000,
  "q": 137000,
  "r": 177000,
  "s": 388000,
  "t": 212000,
  "u": 465000
}
