{
  "b": 0.6318528652191162,
  "c": 1.3861043453216553,
  "d": 0.7911248207092285,
  "e": 1.7355254888534546,
  "f": 6680000,
  "g": 14500000,
  "h": 8840000,
  "i": 19200000,
  "j": 6570000,
  "k": 14400000,
  "l": 8700000,
  "m": 19100000,
  "n": 117000,
  "o": 117000,
  "p": 145000,
  "q": 145000,
  "r": 185000,
  "s": 402000,
  "t": 246000,
  "u": 536000
}
