{
  "b": 0.2843853235244751,
  "c": 0.6232129335403442,
  "d": 0.322355180978775,
  "e": 0.7064178586006165,
  "f": 3010828,
  "g": 6537894,
  "h": 3608835,
  "i": 7837377,
  "j": 2957608,
  "k": 6481415,
  "l": 3545907,
  "m": 7770597,
  "n": 53220,
  "o": 56479,
  "p": 62928,
  "q": 66781,
  "r": 129537,
  "s": 281769,
  "t": 158122,
  "u": 344073
}
