{
  "b": 2.9803950786590576,
  "c": 6.530418395996094,
  "d": 3.5591745376586914,
  "e": 7.798684597015381,
  "f": 31500000,
  "g": 68500000,
  "h": 39800000,
  "i": 86500000,
  "j": 31000000,
  "k": 67900000,
  "l": 39200000,
  "m": 85800000,
  "n": 551000,
  "o": 551000,
  "p": 672000,
  "q": 672000,
  "r": 1960000,
  "s": 4250000,
  "t": 2430000,
  "u": 5270000
}
