{
  "b": 0.8205618262290955,
  "c": 1.8090612888336182,
  "d": 0.9039203524589539,
  "e": 1.9929475784301758,
  "f": 8684130,
  "g": 18975828,
  "h": 10110412,
  "i": 22102304,
  "j": 8533843,
  "k": 18814238,
  "l": 9943124,
  "m": 21922424,
  "n": 150287,
  "o": 161590,
  "p": 167289,
  "q": 179879,
  "r": 152069,
  "s": 332563,
  "t": 182042,
  "u": 398330
}
