{
  "b": 0.1023387536406517,
  "c": 0.2243533581495285,
  "d": 0.10991910099983215,
  "e": 0.24097593128681183,
  "f": 1080000,
  "g": 2350000,
  "h": 1230000,
  "i": 2670000,
  "j": 1060000,
  "k": 2330000,
  "l": 1210000,
  "m": 2650000,
  "n": 20200,
  "o": 20200,
  "p": 23100,
  "q": 23100,
  "r": 22200,
  "s": 48400,
  "t": 25600,
  "u": 55700
}
