{
  "b": 0.8205618262290955,
  "c": 1.8090612888336182,
  "d": 0.9039203524589539,
  "e": 1.9929475784301758,
  "f": 8680000,
  "g": 19000000,
  "h": 10100000,
  "i": 22100000,
  "j": 8530000,
  "k": 18800000,
  "l": 9940000,
  "m": 21900000,
  "n": 156000,
  "o": 156000,
  "p": 174000,
  "q": 174000,
  "r": 152000,
  "s": 333000,
  "t": 182000,
  "u": 398000
}
