{
  "b": 0.2101936787366867,
  "c": 0.4595946967601776,
  "d": 0.2530439496040344,
  "e": 0.5532879829406738,
  "f": 2226357,
  "g": 4822547,
  "h": 2830446,
  "i": 6135947,
  "j": 2186014,
  "k": 4779785,
  "l": 2783484,
  "m": 6086168,
  "n": 40343,
  "o": 42762,
  "p": 46962,
  "q": 49780,
  "r": 125689,
  "s": 272351,
  "t": 166220,
  "u": 360503
}
