{
  "b": 0.045491624623537064,
  "c": 0.09901579469442368,
  "d": 0.05610855668783188,
  "e": 0.12213445454835892,
  "f": 482000,
  "g": 1040000,
  "h": 627000,
  "i": 1350000,
  "j": 473000,
  "k": 1030000,
  "l": 617000,
  "m": 1340000,
  "n": 8780,
  "o": 8780,
  "p": 10200,
  "q": 10200,
  "r": 5810,
  "s": 12500,
  "t": 7350,
  "u": 15900
}
