{
  "b": 0.054390013217926025,
  "c": 0.11837602406740189,
  "d": 0.06106151267886162,
  "e": 0.13290628790855408,
  "f": 577000,
  "g": 1240000,
  "h": 684000,
  "i": 1480000,
  "j": 566000,
  "k": 1230000,
  "l": 672000,
  "m": 1460000,
  "n": 11400,
  "o": 11400,
  "p": 13000,
  "q": 13000,
  "r": 12100,
  "s": 26200,
  "t": 15100,
  "u": 32600
}
