{
  "b": 0.2101936787366867,
  "c": 0.4595946967601776,
  "d": 0.2530439496040344,
  "e": 0.5532879829406738,
  "f": 2230000,
  "g": 4820000,
  "h": 2830000,
  "i": 6140000,
  "j": 2190000,
  "k": 4780000,
  "l": 2780000,
  "m": 6090000,
  "n": 41600,
  "o": 41600,
  "p": 48400,
  "q": 48400,
  "r": 126000,
  "s": 272000,
  "t": 166000,
  "u": 361000
}
