{
  "b": 9.578261375427246,
  "c": 20.8702392578125,
  "d": 13.527630805969238,
  "e": 29.47635269165039,
  "f": 101000000,
  "g": 219000000,
  "h": 151000000,
  "i": 327000000,
  "j": 99600000,
  "k": 217000000,
  "l": 149000000,
  "m": 324000000,
  "n": 1830000,
  "o": 1830000,
  "p": 2390000,
  "q": 2390000,
  "r": 37100000,
  "s": 80200000,
  "t": 57300000,
  "u": 124000000
}
