{
  "b": 9.578261375427246,
  "c": 20.8702392578125,
  "d": 13.527630805969238,
  "e": 29.47635269165039,
  "f": 101394408,
  "g": 218930688,
  "h": 151128800,
  "i": 326694848,
  "j": 99613920,
  "k": 217050496,
  "l": 148803936,
  "m": 324239872,
  "n": 1780500,
  "o": 1880211,
  "p": 2324861,
  "q": 2454974,
  "r": 37053872,
  "s": 80212072,
  "t": 57310996,
  "u": 124210480
}
