{
  "b": 0.03701545670628548,
  "c": 0.07896776497364044,
  "d": 0.03490372747182846,
  "e": 0.07446993142366409,
  "f": 392000,
  "g": 829000,
  "h": 392000,
  "i": 828000,
  "j": 385000,
  "k": 821000,
  "l": 384000,
  "m": 819000,
  "n": 7170,
  "o": 7170,
  "p": 8320,
  "q": 8320,
  "r": 1210,
  "s": 2570,
  "t": 1260,
  "u": 2670
}
