{
  "b": 0.04643905535340309,
  "c": 0.09800053387880325,
  "d": 0.04841381683945656,
  "e": 0.10217886418104172,
  "f": 493000,
  "g": 1030000,
  "h": 543000,
  "i": 1130000,
  "j": 483000,
  "k": 1020000,
  "l": 533000,
  "m": 1120000,
  "n": 9990,
  "o": 9990,
  "p": 10800,
  "q": 10800,
  "r": 7160,
  "s": 15100,
  "t": 8240,
  "u": 17300
}

