{
  "b": 0.04643905535340309,
  "c": 0.09800053387880325,
  "d": 0.04841381683945656,
  "e": 0.10217886418104172,
  "f": 492799,
  "g": 1029343,
  "h": 543208,
  "i": 1134953,
  "j": 482966,
  "k": 1019206,
  "l": 532552,
  "m": 1123968,
  "n": 9833,
  "o": 10137,
  "p": 10656,
  "q": 10986,
  "r": 7156,
  "s": 15059,
  "t": 8239,
  "u": 17343
}
