{
  "b": 4.340677738189697,
  "c": 8.895041465759277,
  "d": 4.944383144378662,
  "e": 10.131274223327637,
  "f": 45940228,
  "g": 93313424,
  "h": 55300220,
  "i": 112365056,
  "j": 45143048,
  "k": 92508432,
  "l": 54388212,
  "m": 111444016,
  "n": 797179,
  "o": 804990,
  "p": 912008,
  "q": 921039,
  "r": 3300136,
  "s": 6698831,
  "t": 4119354,
  "u": 8365706
}
