{
  "b": 0.6205856800079346,
  "c": 1.3238872289657593,
  "d": 0.6296653151512146,
  "e": 1.3431590795516968,
  "f": 6567594,
  "g": 13887162,
  "h": 7048273,
  "i": 14902323,
  "j": 6454091,
  "k": 13768427,
  "l": 6926319,
  "m": 14774750,
  "n": 113503,
  "o": 118736,
  "p": 121955,
  "q": 127573,
  "r": 132299,
  "s": 279981,
  "t": 150066,
  "u": 317696
}
