{
  "b": 0.028278671205043793,
  "c": 0.060616832226514816,
  "d": 0.031989868730306625,
  "e": 0.06856660544872284,
  "f": 300000,
  "g": 636000,
  "h": 358000,
  "i": 760000,
  "j": 294000,
  "k": 630000,
  "l": 352000,
  "m": 754000,
  "n": 5680,
  "o": 5680,
  "p": 5990,
  "q": 5990,
  "r": 2390,
  "s": 5030,
  "t": 3020,
  "u": 6370
}
