{
  "b": 0.03701545670628548,
  "c": 0.07896776497364044,
  "d": 0.03490372747182846,
  "e": 0.07446993142366409,
  "f": 391996,
  "g": 828567,
  "h": 392106,
  "i": 827645,
  "j": 384961,
  "k": 821265,
  "l": 383941,
  "m": 819169,
  "n": 7035,
  "o": 7302,
  "p": 8165,
  "q": 8476,
  "r": 1212,
  "s": 2571,
  "t": 1261,
  "u": 2672
}
