{
  "b": 0.6205856800079346,
  "c": 1.3238872289657593,
  "d": 0.6296653151512146,
  "e": 1.3431590795516968,
  "f": 6570000,
  "g": 13900000,
  "h": 7050000,
  "i": 14900000,
  "j": 6450000,
  "k": 13800000,
  "l": 6930000,
  "m": 14800000,
  "n": 116000,
  "o": 116000,
  "p": 125000,
  "q": 125000,
  "r": 132000,
  "s": 280000,
  "t": 150000,
  "u": 318000
}
