{
  "b": 4.340677738189697,
  "c": 8.895041465759277,
  "d": 4.944383144378662,
  "e": 10.131274223327637,
  "f": 45900000,
  "g": 93300000,
  "h": 55300000,
  "i": 112000000,
  "j": 45100000,
  "k": 92500000,
  "l": 54400000,
  "m": 111000000,
  "n": 801000,
  "o": 801000,
  "p": 917000,
  "q": 917000,
  "r": 3300000,
  "s": 6700000,
  "t": 4120000,
  "u": 8370000
}
