{
  "b": 0.028278671205043793,
  "c": 0.060616832226514816,
  "d": 0.031989868730306625,
  "e": 0.06856660544872284,
  "f": 299653,
  "g": 636222,
  "h": 357746,
  "i": 760355,
  "j": 294098,
  "k": 630415,
  "l": 351889,
  "m": 754233,
  "n": 5555,
  "o": 5807,
  "p": 5857,
  "q": 6123,
  "r": 2389,
  "s": 5029,
  "t": 3022,
  "u": 6371
}
