{
  "b": 3.596465826034546,
  "c": 7.495417594909668,
  "d": 4.546115398406982,
  "e": 9.473654747009277,
  "f": 38100000,
  "g": 78700000,
  "h": 50900000,
  "i": 105000000,
  "j": 37400000,
  "k": 78000000,
  "l": 50000000,
  "m": 104000000,
  "n": 692000,
  "o": 692000,
  "p": 853000,
  "q": 853000,
  "r": 2910000,
  "s": 5990000,
  "t": 4030000,
  "u": 8300000
}
