{
  "b": 1.2483739852905273,
  "c": 2.6599435806274414,
  "d": 1.0165129899978638,
  "e": 2.1657698154449463,
  "f": 13209659,
  "g": 27900780,
  "h": 11425868,
  "i": 24079342,
  "j": 12983090,
  "k": 27663412,
  "l": 11181643,
  "m": 23823468,
  "n": 226570,
  "o": 237369,
  "p": 244226,
  "q": 255873,
  "r": 284327,
  "s": 601348,
  "t": 261855,
  "u": 552974
}
