{
  "b": 0.9909993410110474,
  "c": 2.0976650714874268,
  "d": 1.1690973043441772,
  "e": 2.475121021270752,
  "f": 10500000,
  "g": 22000000,
  "h": 13100000,
  "i": 27500000,
  "j": 10300000,
  "k": 21800000,
  "l": 12900000,
  "m": 27200000,
  "n": 226000,
  "o": 226000,
  "p": 261000,
  "q": 261000,
  "r": 351000,
  "s": 739000,
  "t": 449000,
  "u": 946000
}
