{
  "b": 0.2840956151485443,
  "c": 0.6088759303092957,
  "d": 0.28481510281562805,
  "e": 0.6103692650794983,
  "f": 3010000,
  "g": 6390000,
  "h": 3190000,
  "i": 6770000,
  "j": 2950000,
  "k": 6330000,
  "l": 3130000,
  "m": 6710000,
  "n": 53300,
  "o": 53300,
  "p": 55500,
  "q": 55500,
  "r": 36600,
  "s": 77900,
  "t": 41300,
  "u": 87900
}
