{
  "b": 0.3306303024291992,
  "c": 0.7160655856132507,
  "d": 0.3785344064235687,
  "e": 0.819756805896759,
  "f": 3501513,
  "g": 7513817,
  "h": 4233029,
  "i": 9090622,
  "j": 3438555,
  "k": 7447082,
  "l": 4163879,
  "m": 9017325,
  "n": 62958,
  "o": 66734,
  "p": 69150,
  "q": 73296,
  "r": 49443,
  "s": 106252,
  "t": 63002,
  "u": 135550
}
