{
  "b": 0.9909993410110474,
  "c": 2.0976650714874268,
  "d": 1.1690973043441772,
  "e": 2.475121021270752,
  "f": 10527912,
  "g": 22045212,
  "h": 13116028,
  "i": 27491522,
  "j": 10306393,
  "k": 21815716,
  "l": 12860070,
  "m": 27226332,
  "n": 221521,
  "o": 229495,
  "p": 255959,
  "q": 265190,
  "r": 350903,
  "s": 738675,
  "t": 449077,
  "u": 946060
}
