{
  "b": 0.2840956151485443,
  "c": 0.6088759303092957,
  "d": 0.28481510281562805,
  "e": 0.6103692650794983,
  "f": 3006584,
  "g": 6386974,
  "h": 3187064,
  "i": 6770943,
  "j": 2954594,
  "k": 6332310,
  "l": 3132966,
  "m": 6714062,
  "n": 51990,
  "o": 54665,
  "p": 54098,
  "q": 56880,
  "r": 36637,
  "s": 77943,
  "t": 41287,
  "u": 87877
}
