{
  "b": 1.2483739852905273,
  "c": 2.6599435806274414,
  "d": 1.0165129899978638,
  "e": 2.1657698154449463,
  "f": 13200000,
  "g": 27900000,
  "h": 11400000,
  "i": 24100000,
  "j": 13000000,
  "k": 27700000,
  "l": 11200000,
  "m": 23800000,
  "n": 232000,
  "o": 232000,
  "p": 250000,
  "q": 250000,
  "r": 284000,
  "s": 601000,
  "t": 262000,
  "u": 553000
}
