{
  "b": 1.5867902040481567,
  "c": 3.3465023040771484,
  "d": 1.4989993572235107,
  "e": 3.1611878871917725,
  "f": 16787836,
  "g": 35100076,
  "h": 16798224,
  "i": 35094488,
  "j": 16502618,
  "k": 34803624,
  "l": 16488993,
  "m": 34773068,
  "n": 285219,
  "o": 296456,
  "p": 309230,
  "q": 321425,
  "r": 358189,
  "s": 749031,
  "t": 377023,
  "u": 788179
}
