{
  "b": 2.2572126388549805,
  "c": 4.819455623626709,
  "d": 1.7617671489715576,
  "e": 3.761397123336792,
  "f": 23879144,
  "g": 50546856,
  "h": 19815600,
  "i": 41833524,
  "j": 23475012,
  "k": 50122340,
  "l": 19379438,
  "m": 41375368,
  "n": 404132,
  "o": 424510,
  "p": 436162,
  "q": 458157,
  "r": 562618,
  "s": 1191252,
  "t": 492838,
  "u": 1041549
}
