{
  "b": 5.730472087860107,
  "c": 11.891561508178711,
  "d": 7.447037220001221,
  "e": 15.452794075012207,
  "f": 60672956,
  "g": 124773616,
  "h": 83263008,
  "i": 171358112,
  "j": 59596912,
  "k": 123672240,
  "l": 81917408,
  "m": 169980736,
  "n": 1076040,
  "o": 1101378,
  "p": 1345592,
  "q": 1377367,
  "r": 3140994,
  "s": 6466006,
  "t": 4423947,
  "u": 9116826
}
