{
  "b": 1.5867902040481567,
  "c": 3.3465023040771484,
  "d": 1.4989993572235107,
  "e": 3.1611878871917725,
  "f": 16800000,
  "g": 35100000,
  "h": 16800000,
  "i": 35100000,
  "j": 16500000,
  "k": 34800000,
  "l": 16500000,
  "m": 34800000,
  "n": 291000,
  "o": 291000,
  "p": 315000,
  "q": 315000,
  "r": 358000,
  "s": 749000,
  "t": 377000,
  "u": 788000
}
