{
  "b": 1.6261898279190063,
  "c": 3.4571542739868164,
  "d": 1.7022923231124878,
  "e": 3.618699550628662,
  "f": 17207972,
  "g": 36263496,
  "h": 19053248,
  "i": 40148712,
  "j": 16912374,
  "k": 35954404,
  "l": 18725216,
  "m": 39805696,
  "n": 295600,
  "o": 309095,
  "p": 328033,
  "q": 343018,
  "r": 340568,
  "s": 718279,
  "t": 399377,
  "u": 842571
}
