{
  "b": 2.2572126388549805,
  "c": 4.819455623626709,
  "d": 1.7617671489715576,
  "e": 3.761397123336792,
  "f": 23900000,
  "g": 50500000,
  "h": 19800000,
  "i": 41800000,
  "j": 23500000,
  "k": 50100000,
  "l": 19400000,
  "m": 41400000,
  "n": 414000,
  "o": 414000,
  "p": 447000,
  "q": 447000,
  "r": 563000,
  "s": 1190000,
  "t": 493000,
  "u": 1040000
}
