{
  "b": 0.7010422348976135,
  "c": 1.4731024503707886,
  "d": 0.6258944869041443,
  "e": 1.315206527709961,
  "f": 7430000,
  "g": 15500000,
  "h": 7040000,
  "i": 14600000,
  "j": 7290000,
  "k": 15300000,
  "l": 6880000,
  "m": 14500000,
  "n": 141000,
  "o": 141000,
  "p": 161000,
  "q": 161000,
  "r": 208000,
  "s": 436000,
  "t": 207000,
  "u": 431000
}
