{
  "b": 0.7010422348976135,
  "c": 1.4731024503707886,
  "d": 0.6258944869041443,
  "e": 1.315206527709961,
  "f": 7429397,
  "g": 15463408,
  "h": 7042899,
  "i": 14630559,
  "j": 7290839,
  "k": 15320266,
  "l": 6884840,
  "m": 14467272,
  "n": 138557,
  "o": 143140,
  "p": 158060,
  "q": 163286,
  "r": 208487,
  "s": 435582,
  "t": 206602,
  "u": 431097
}
