{
  "b": 1.6261898279190063,
  "c": 3.4571542739868164,
  "d": 1.7022923231124878,
  "e": 3.618699550628662,
  "f": 17200000,
  "g": 36300000,
  "h": 19100000,
  "i": 40100000,
  "j": 16900000,
  "k": 36000000,
  "l": 18700000,
  "m": 39800000,
  "n": 302000,
  "o": 302000,
  "p": 336000,
  "q": 336000,
  "r": 341000,
  "s": 718000,
  "t": 399000,
  "u": 843000
}
