{
  "b": 5.730472087860107,
  "c": 11.891561508178711,
  "d": 7.447037220001221,
  "e": 15.452794075012207,
  "f": 60700000,
  "g": 125000000,
  "h": 83300000,
  "i": 171000000,
  "j": 59600000,
  "k": 124000000,
  "l": 81900000,
  "m": 170000000,
  "n": 1090000,
  "o": 1090000,
  "p": 1360000,
  "q": 1360000,
  "r": 3140000,
  "s": 6470000,
  "t": 4420000,
  "u": 9120000
}
