{
  "b": 1.7549262046813965,
  "c": 3.8452346324920654,
  "d": 1.5753254890441895,
  "e": 3.4518604278564453,
  "f": 18572590,
  "g": 40335172,
  "h": 17689636,
  "i": 38357788,
  "j": 18251232,
  "k": 39990440,
  "l": 17328580,
  "m": 37970464,
  "n": 321359,
  "o": 344738,
  "p": 361057,
  "q": 387326,
  "r": 116500,
  "s": 253314,
  "t": 114375,
  "u": 248384
}
