{
  "b": 0.800321102142334,
  "c": 1.685887098312378,
  "d": 1.0808846950531006,
  "e": 2.2771084308624268,
  "f": 8489092,
  "g": 17703726,
  "h": 12090984,
  "i": 25255214,
  "j": 8323340,
  "k": 17533226,
  "l": 11889731,
  "m": 25048192,
  "n": 165752,
  "o": 170501,
  "p": 201254,
  "q": 207022,
  "r": 375007,
  "s": 782488,
  "t": 535137,
  "u": 1118540
}
