{
  "b": 0.7051560878753662,
  "c": 1.4405637979507446,
  "d": 0.7728779315948486,
  "e": 1.578795075416565,
  "f": 7462945,
  "g": 15111994,
  "h": 8642978,
  "i": 17508960,
  "j": 7333624,
  "k": 14981864,
  "l": 8501657,
  "m": 17366746,
  "n": 129322,
  "o": 130131,
  "p": 141320,
  "q": 142214,
  "r": 150153,
  "s": 304429,
  "t": 184709,
  "u": 374738
}
