{
  "b": 2.624293804168701,
  "c": 5.4340643882751465,
  "d": 2.337395668029785,
  "e": 4.839696884155273,
  "f": 27763598,
  "g": 56995224,
  "h": 26259834,
  "i": 53796844,
  "j": 27292656,
  "k": 56514268,
  "l": 25711352,
  "m": 53236664,
  "n": 470946,
  "o": 480954,
  "p": 548483,
  "q": 560183,
  "r": 536398,
  "s": 1100030,
  "t": 533767,
  "u": 1092991
}
