{
  "b": 1.7549262046813965,
  "c": 3.8452346324920654,
  "d": 1.5753254890441895,
  "e": 3.4518604278564453,
  "f": 18600000,
  "g": 40300000,
  "h": 17700000,
  "i": 38400000,
  "j": 18300000,
  "k": 40000000,
  "l": 17300000,
  "m": 38000000,
  "n": 333000,
  "o": 333000,
  "p": 374000,
  "q": 374000,
  "r": 116000,
  "s": 253000,
  "t": 114000,
  "u": 248000
}
