{
  "b": 2.1263532638549805,
  "c": 4.45595645904541,
  "d": 1.843151330947876,
  "e": 3.862279176712036,
  "f": 22500000,
  "g": 46700000,
  "h": 20700000,
  "i": 42900000,
  "j": 22100000,
  "k": 46300000,
  "l": 20300000,
  "m": 42500000,
  "n": 389000,
  "o": 389000,
  "p": 426000,
  "q": 426000,
  "r": 517000,
  "s": 1070000,
  "t": 502000,
  "u": 1040000
}
