{
  "b": 2.1263532638549805,
  "c": 4.45595645904541,
  "d": 1.843151330947876,
  "e": 3.862279176712036,
  "f": 22497186,
  "g": 46737760,
  "h": 20693962,
  "i": 42918296,
  "j": 22114074,
  "k": 46341948,
  "l": 20274664,
  "m": 42485072,
  "n": 383113,
  "o": 395814,
  "p": 419299,
  "q": 433224,
  "r": 516755,
  "s": 1073665,
  "t": 502176,
  "u": 1042200
}
