{
  "b": 1.8950175046920776,
  "c": 4.0732879638671875,
  "d": 2.141770601272583,
  "e": 4.605855464935303,
  "f": 20139026,
  "g": 42814728,
  "h": 24053164,
  "i": 51183112,
  "j": 19708182,
  "k": 42362196,
  "l": 23559476,
  "m": 50664408,
  "n": 430844,
  "o": 452530,
  "p": 493688,
  "q": 518703,
  "r": 480465,
  "s": 1032785,
  "t": 579100,
  "u": 1245342
}
