{
  "b": 3.0133423805236816,
  "c": 6.132529258728027,
  "d": 3.4013800621032715,
  "e": 6.9217352867126465,
  "f": 31876080,
  "g": 64317752,
  "h": 38036024,
  "i": 76762432,
  "j": 31338760,
  "k": 63778304,
  "l": 37415180,
  "m": 76139088,
  "n": 537317,
  "o": 539447,
  "p": 620842,
  "q": 623344,
  "r": 1227782,
  "s": 2468145,
  "t": 1521640,
  "u": 3060624
}
