{
  "b": 3.0133423805236816,
  "c": 6.132529258728027,
  "d": 3.4013800621032715,
  "e": 6.9217352867126465,
  "f": 31900000,
  "g": 64300000,
  "h": 38000000,
  "i": 76800000,
  "j": 31300000,
  "k": 63800000,
  "l": 37400000,
  "m": 76100000,
  "n": 538000,
  "o": 538000,
  "p": 622000,
  "q": 622000,
  "r": 1230000,
  "s": 2470000,
  "t": 1520000,
  "u": 3060000
}
