{
  "b": 1.8950175046920776,
  "c": 4.0732879638671875,
  "d": 2.141770601272583,
  "e": 4.605855464935303,
  "f": 20100000,
  "g": 42800000,
  "h": 24100000,
  "i": 51200000,
  "j": 19700000,
  "k": 42400000,
  "l": 23600000,
  "m": 50700000,
  "n": 442000,
  "o": 442000,
  "p": 506000,
  "q": 506000,
  "r": 480000,
  "s": 1030000,
  "t": 579000,
  "u": 1250000
}
