{
  "b": 0.1323377788066864,
  "c": 0.2790304720401764,
  "d": 0.15016235411167145,
  "e": 0.31663793325424194,
  "f": 1403480,
  "g": 2929905,
  "h": 1681235,
  "i": 3513357,
  "j": 1376313,
  "k": 2901917,
  "l": 1651786,
  "m": 3483017,
  "n": 27167,
  "o": 27989,
  "p": 29449,
  "q": 30340,
  "r": 59252,
  "s": 123921,
  "t": 70362,
  "u": 147337
}
