{
  "b": 1.0429047346115112,
  "c": 2.2405645847320557,
  "d": 1.186362862586975,
  "e": 2.548604965209961,
  "f": 11047871,
  "g": 23513916,
  "h": 13269197,
  "i": 28265138,
  "j": 10846209,
  "k": 23301872,
  "l": 13049992,
  "m": 28034654,
  "n": 201663,
  "o": 212042,
  "p": 219204,
  "q": 230484,
  "r": 192879,
  "s": 410445,
  "t": 244653,
  "u": 521212
}
