{
  "b": 0.1323377788066864,
  "c": 0.2790304720401764,
  "d": 0.15016235411167145,
  "e": 0.31663793325424194,
  "f": 1400000,
  "g": 2930000,
  "h": 1680000,
  "i": 3510000,
  "j": 1380000,
  "k": 2900000,
  "l": 1650000,
  "m": 3480000,
  "n": 27600,
  "o": 27600,
  "p": 29900,
  "q": 29900,
  "r": 59300,
  "s": 124000,
  "t": 70400,
  "u": 147000
}
