{
  "b": 2.5262551307678223,
  "c": 5.308569431304932,
  "d": 2.7388622760772705,
  "e": 5.755010604858398,
  "f": 26762480,
  "g": 55713576,
  "h": 30690938,
  "i": 63885892,
  "j": 26273054,
  "k": 55209120,
  "l": 30127484,
  "m": 63305116,
  "n": 489424,
  "o": 504453,
  "p": 563454,
  "q": 580773,
  "r": 1350476,
  "s": 2803696,
  "t": 1565878,
  "u": 3252103
}
