{
  "b": 2.5262551307678223,
  "c": 5.308569431304932,
  "d": 2.7388622760772705,
  "e": 5.755010604858398,
  "f": 26800000,
  "g": 55700000,
  "h": 30700000,
  "i": 63900000,
  "j": 26300000,
  "k": 55200000,
  "l": 30100000,
  "m": 63300000,
  "n": 497000,
  "o": 497000,
  "p": 572000,
  "q": 572000,
  "r": 1350000,
  "s": 2800000,
  "t": 1570000,
  "u": 3250000
}
