{
  "b": 1.641169786453247,
  "c": 3.4349918365478516,
  "d": 1.4118547439575195,
  "e": 2.9548850059509277,
  "f": 17359564,
  "g": 36024592,
  "h": 15847180,
  "i": 32830612,
  "j": 17068166,
  "k": 35723916,
  "l": 15530402,
  "m": 32503734,
  "n": 291397,
  "o": 300676,
  "p": 316778,
  "q": 326877,
  "r": 297235,
  "s": 616934,
  "t": 284423,
  "u": 589734
}
