{
  "b": 5.420489311218262,
  "c": 11.352564811706543,
  "d": 5.9444661140441895,
  "e": 12.449300765991211,
  "f": 57400000,
  "g": 119000000,
  "h": 66500000,
  "i": 138000000,
  "j": 56400000,
  "k": 118000000,
  "l": 65400000,
  "m": 137000000,
  "n": 1000000,
  "o": 1000000,
  "p": 1160000,
  "q": 1160000,
  "r": 2430000,
  "s": 5040000,
  "t": 3050000,
  "u": 6320000
}
