{
  "b": 5.420489311218262,
  "c": 11.352564811706543,
  "d": 5.9444661140441895,
  "e": 12.449300765991211,
  "f": 57362380,
  "g": 119086672,
  "h": 66531972,
  "i": 138120640,
  "j": 56373088,
  "k": 118066672,
  "l": 65389128,
  "m": 136942304,
  "n": 989289,
  "o": 1019989,
  "p": 1142844,
  "q": 1178333,
  "r": 2432243,
  "s": 5037429,
  "t": 3048054,
  "u": 6316111
}
