{
  "b": 1.641169786453247,
  "c": 3.4349918365478516,
  "d": 1.4118547439575195,
  "e": 2.9548850059509277,
  "f": 17400000,
  "g": 36000000,
  "h": 15800000,
  "i": 32800000,
  "j": 17100000,
  "k": 35700000,
  "l": 15500000,
  "m": 32500000,
  "n": 296000,
  "o": 296000,
  "p": 322000,
  "q": 322000,
  "r": 297000,
  "s": 617000,
  "t": 284000,
  "u": 590000
}
