{
  "b": 1.852036714553833,
  "c": 3.8675014972686768,
  "d": 1.5438156127929688,
  "e": 3.223661422729492,
  "f": 19598116,
  "g": 40568988,
  "h": 17346058,
  "i": 35835244,
  "j": 19261182,
  "k": 40222016,
  "l": 16981972,
  "m": 35460276,
  "n": 336936,
  "o": 346971,
  "p": 364084,
  "q": 374965,
  "r": 439996,
  "s": 911577,
  "t": 411640,
  "u": 851637
}
