{
  "b": 0.41047999262809753,
  "c": 0.8576624989509583,
  "d": 0.3671211898326874,
  "e": 0.7670755386352539,
  "f": 4348789,
  "g": 9001776,
  "h": 4127176,
  "i": 8529220,
  "j": 4268992,
  "k": 8919690,
  "l": 4038333,
  "m": 8437831,
  "n": 79796,
  "o": 82085,
  "p": 88842,
  "q": 91389,
  "r": 70290,
  "s": 145777,
  "t": 69540,
  "u": 144055
}
