{
  "b": 0.41047999262809753,
  "c": 0.8576624989509583,
  "d": 0.3671211898326874,
  "e": 0.7670755386352539,
  "f": 4350000,
  "g": 9000000,
  "h": 4130000,
  "i": 8530000,
  "j": 4270000,
  "k": 8920000,
  "l": 4040000,
  "m": 8440000,
  "n": 80900,
  "o": 80900,
  "p": 90100,
  "q": 90100,
  "r": 70300,
  "s": 146000,
  "t": 69500,
  "u": 144000
}
