{
  "b": 1.852036714553833,
  "c": 3.8675014972686768,
  "d": 1.5438156127929688,
  "e": 3.223661422729492,
  "f": 19600000,
  "g": 40600000,
  "h": 17300000,
  "i": 35800000,
  "j": 19300000,
  "k": 40200000,
  "l": 17000000,
  "m": 35500000,
  "n": 342000,
  "o": 342000,
  "p": 370000,
  "q": 370000,
  "r": 440000,
  "s": 912000,
  "t": 412000,
  "u": 852000
}
