{
  "b": 0.8067103028297424,
  "c": 1.7041822671890259,
  "d": 0.7863257527351379,
  "e": 1.661025047302246,
  "f": 8544416,
  "g": 17884038,
  "h": 8817529,
  "i": 18445656,
  "j": 8389787,
  "k": 17723496,
  "l": 8649583,
  "m": 18271276,
  "n": 154630,
  "o": 160542,
  "p": 167946,
  "q": 174377,
  "r": 239799,
  "s": 503069,
  "t": 261162,
  "u": 547849
}
