{
  "b": 0.27781805396080017,
  "c": 0.5870851874351501,
  "d": 0.30226993560791016,
  "e": 0.638727068901062,
  "f": 2940000,
  "g": 6160000,
  "h": 3380000,
  "i": 7090000,
  "j": 2890000,
  "k": 6110000,
  "l": 3320000,
  "m": 7030000,
  "n": 55600,
  "o": 55600,
  "p": 60100,
  "q": 60100,
  "r": 57100,
  "s": 120000,
  "t": 69300,
  "u": 146000
}
