{
  "b": 0.19120906293392181,
  "c": 0.41068515181541443,
  "d": 0.21179115772247314,
  "e": 0.4549247622489929,
  "f": 2030000,
  "g": 4310000,
  "h": 2370000,
  "i": 5050000,
  "j": 1990000,
  "k": 4270000,
  "l": 2330000,
  "m": 5000000,
  "n": 41200,
  "o": 41200,
  "p": 44200,
  "q": 44200,
  "r": 28900,
  "s": 61700,
  "t": 35200,
  "u": 75100
}
