{
  "b": 0.8112661242485046,
  "c": 1.6884188652038574,
  "d": 0.6625204682350159,
  "e": 1.3787457942962646,
  "f": 8590000,
  "g": 17700000,
  "h": 7450000,
  "i": 15300000,
  "j": 8440000,
  "k": 17600000,
  "l": 7290000,
  "m": 15200000,
  "n": 152000,
  "o": 152000,
  "p": 165000,
  "q": 165000,
  "r": 178000,
  "s": 369000,
  "t": 165000,
  "u": 341000
}
