{
  "b": 0.19120906293392181,
  "c": 0.41068515181541443,
  "d": 0.21179115772247314,
  "e": 0.4549247622489929,
  "f": 2028752,
  "g": 4313320,
  "h": 2372850,
  "i": 5049486,
  "j": 1988574,
  "k": 4271126,
  "l": 2329703,
  "m": 5004173,
  "n": 40178,
  "o": 42194,
  "p": 43147,
  "q": 45314,
  "r": 28945,
  "s": 61712,
  "t": 35192,
  "u": 75096
}
