{
  "b": 0.8112661242485046,
  "c": 1.6884188652038574,
  "d": 0.6625204682350159,
  "e": 1.3787457942962646,
  "f": 8587178,
  "g": 17713502,
  "h": 7450122,
  "i": 15332887,
  "j": 8437168,
  "k": 17559556,
  "l": 7287725,
  "m": 15166204,
  "n": 150010,
  "o": 153946,
  "p": 162397,
  "q": 166682,
  "r": 178449,
  "s": 368893,
  "t": 165219,
  "u": 341022
}
