{
  "b": 0.8067103028297424,
  "c": 1.7041822671890259,
  "d": 0.7863257527351379,
  "e": 1.661025047302246,
  "f": 8540000,
  "g": 17900000,
  "h": 8820000,
  "i": 18400000,
  "j": 8390000,
  "k": 17700000,
  "l": 8650000,
  "m": 18300000,
  "n": 158000,
  "o": 158000,
  "p": 171000,
  "q": 171000,
  "r": 240000,
  "s": 503000,
  "t": 261000,
  "u": 548000
}
