{
  "b": 0.057222019881010056,
  "c": 0.12316908687353134,
  "d": 0.06526201218366623,
  "e": 0.14048893749713898,
  "f": 606000,
  "g": 1290000,
  "h": 730000,
  "i": 1560000,
  "j": 595000,
  "k": 1280000,
  "l": 718000,
  "m": 1550000,
  "n": 11100,
  "o": 11100,
  "p": 12600,
  "q": 12600,
  "r": 11400,
  "s": 24300,
  "t": 14500,
  "u": 31000
}
