{
  "b": 0.355918824672699,
  "c": 0.7621764540672302,
  "d": 0.41155681014060974,
  "e": 0.8812557458877563,
  "f": 3770000,
  "g": 8000000,
  "h": 4600000,
  "i": 9770000,
  "j": 3700000,
  "k": 7930000,
  "l": 4530000,
  "m": 9690000,
  "n": 67800,
  "o": 67800,
  "p": 74100,
  "q": 74100,
  "r": 45800,
  "s": 97300,
  "t": 59700,
  "u": 127000
}
