{
  "b": 5.628823757171631,
  "c": 11.57205581665039,
  "d": 6.515837669372559,
  "e": 13.394402503967285,
  "f": 59600000,
  "g": 121000000,
  "h": 72900000,
  "i": 149000000,
  "j": 58500000,
  "k": 120000000,
  "l": 71700000,
  "m": 147000000,
  "n": 1060000,
  "o": 1060000,
  "p": 1230000,
  "q": 1230000,
  "r": 5010000,
  "s": 10200000,
  "t": 6370000,
  "u": 12900000
}
