{
  "b": 0.24919702112674713,
  "c": 0.5146894454956055,
  "d": 0.3015403151512146,
  "e": 0.6227713227272034,
  "f": 2640000,
  "g": 5400000,
  "h": 3370000,
  "i": 6910000,
  "j": 2590000,
  "k": 5350000,
  "l": 3320000,
  "m": 6850000,
  "n": 48400,
  "o": 48400,
  "p": 55000,
  "q": 55000,
  "r": 43900,
  "s": 90200,
  "t": 59900,
  "u": 123000
}
