{
  "b": 0.057222019881010056,
  "c": 0.12316908687353134,
  "d": 0.06526201218366623,
  "e": 0.14048893749713898,
  "f": 605970,
  "g": 1292355,
  "h": 730159,
  "i": 1558262,
  "j": 595109,
  "k": 1280959,
  "l": 717882,
  "m": 1545378,
  "n": 10861,
  "o": 11397,
  "p": 12277,
  "q": 12884,
  "r": 11388,
  "s": 24319,
  "t": 14508,
  "u": 31003
}
