{
  "b": 5.628823757171631,
  "c": 11.57205581665039,
  "d": 6.515837669372559,
  "e": 13.394402503967285,
  "f": 59592776,
  "g": 121412376,
  "h": 72898872,
  "i": 148574704,
  "j": 58539768,
  "k": 120349376,
  "l": 71674216,
  "m": 147338432,
  "n": 1053013,
  "o": 1062995,
  "p": 1224655,
  "q": 1236283,
  "r": 5014943,
  "s": 10183999,
  "t": 6366232,
  "u": 12938304
}
