{
  "b": 0.355918824672699,
  "c": 0.7621764540672302,
  "d": 0.41155681014060974,
  "e": 0.8812557458877563,
  "f": 3767620,
  "g": 7996104,
  "h": 4599376,
  "i": 9769790,
  "j": 3701556,
  "k": 7926635,
  "l": 4527125,
  "m": 9693813,
  "n": 66064,
  "o": 69469,
  "p": 72250,
  "q": 75976,
  "r": 45781,
  "s": 97305,
  "t": 59740,
  "u": 127118
}
