{
  "b": 0.24919702112674713,
  "c": 0.5146894454956055,
  "d": 0.3015403151512146,
  "e": 0.6227713227272034,
  "f": 2639665,
  "g": 5401615,
  "h": 3371496,
  "i": 6905983,
  "j": 2591649,
  "k": 5352770,
  "l": 3316944,
  "m": 6850485,
  "n": 48016,
  "o": 48845,
  "p": 54552,
  "q": 55498,
  "r": 43933,
  "s": 90243,
  "t": 59852,
  "u": 123079
}
