{
  "b": 0.2803722023963928,
  "c": 0.5911800861358643,
  "d": 0.26530027389526367,
  "e": 0.5593550801277161,
  "f": 2970000,
  "g": 6200000,
  "h": 2970000,
  "i": 6210000,
  "j": 2920000,
  "k": 6150000,
  "l": 2920000,
  "m": 6150000,
  "n": 52700,
  "o": 52700,
  "p": 55900,
  "q": 55900,
  "r": 50700,
  "s": 106000,
  "t": 53800,
  "u": 113000
}
