{
  "b": 0.2803722023963928,
  "c": 0.5911800861358643,
  "d": 0.26530027389526367,
  "e": 0.5593550801277161,
  "f": 2967665,
  "g": 6201905,
  "h": 2973211,
  "i": 6209764,
  "j": 2915871,
  "k": 6148273,
  "l": 2918303,
  "m": 6152906,
  "n": 51794,
  "o": 53631,
  "p": 54908,
  "q": 56857,
  "r": 50658,
  "s": 106020,
  "t": 53759,
  "u": 112500
}
