{
  "b": 0.5093289017677307,
  "c": 1.0833767652511597,
  "d": 0.4313768148422241,
  "e": 0.9175453782081604,
  "f": 5396658,
  "g": 11371150,
  "h": 4853237,
  "i": 10205863,
  "j": 5297021,
  "k": 11267118,
  "l": 4745145,
  "m": 10092999,
  "n": 99637,
  "o": 104032,
  "p": 108092,
  "q": 112864,
  "r": 129638,
  "s": 274075,
  "t": 123541,
  "u": 260823
}
