{
  "b": 1.5007790327072144,
  "c": 3.25728702545166,
  "d": 1.6496859788894653,
  "e": 3.5801477432250977,
  "f": 15884450,
  "g": 34169632,
  "h": 18447328,
  "i": 39701444,
  "j": 15608102,
  "k": 33875784,
  "l": 18146546,
  "m": 39381624,
  "n": 276348,
  "o": 293853,
  "p": 300782,
  "q": 319819,
  "r": 222256,
  "s": 478412,
  "t": 274933,
  "u": 592289
}
