{
  "b": 0.07031804323196411,
  "c": 0.1484452188014984,
  "d": 0.08146477490663528,
  "e": 0.1719702184200287,
  "f": 745000,
  "g": 1560000,
  "h": 912000,
  "i": 1910000,
  "j": 731000,
  "k": 1540000,
  "l": 896000,
  "m": 1890000,
  "n": 14200,
  "o": 14200,
  "p": 16000,
  "q": 16000,
  "r": 10500,
  "s": 22200,
  "t": 13800,
  "u": 28900
}
