{
  "b": 0.07031804323196411,
  "c": 0.1484452188014984,
  "d": 0.08146477490663528,
  "e": 0.1719702184200287,
  "f": 745286,
  "g": 1558268,
  "h": 911863,
  "i": 1907940,
  "j": 731308,
  "k": 1543830,
  "l": 896113,
  "m": 1891672,
  "n": 13979,
  "o": 14438,
  "p": 15751,
  "q": 16268,
  "r": 10547,
  "s": 22157,
  "t": 13763,
  "u": 28938
}
