{
  "b": 0.5093289017677307,
  "c": 1.0833767652511597,
  "d": 0.4313768148422241,
  "e": 0.9175453782081604,
  "f": 5400000,
  "g": 11400000,
  "h": 4850000,
  "i": 10200000,
  "j": 5300000,
  "k": 11300000,
  "l": 4750000,
  "m": 10100000,
  "n": 102000,
  "o": 102000,
  "p": 110000,
  "q": 110000,
  "r": 130000,
  "s": 274000,
  "t": 124000,
  "u": 261000
}
