{
  "b": 2.549276113510132,
  "c": 5.365530967712402,
  "d": 2.335491180419922,
  "e": 4.915255546569824,
  "f": 26977482,
  "g": 56283512,
  "h": 26217764,
  "i": 54614460,
  "j": 26512472,
  "k": 55801524,
  "l": 25690404,
  "m": 54067812,
  "n": 465010,
  "o": 481984,
  "p": 527357,
  "q": 546648,
  "r": 875320,
  "s": 1826156,
  "t": 886989,
  "u": 1848787
}
