{
  "b": 0.5336241126060486,
  "c": 1.1185743808746338,
  "d": 0.5390372276306152,
  "e": 1.1298459768295288,
  "f": 5649908,
  "g": 11736484,
  "h": 6039067,
  "i": 12541356,
  "j": 5549691,
  "k": 11633174,
  "l": 5929410,
  "m": 12428306,
  "n": 100217,
  "o": 103310,
  "p": 109658,
  "q": 113050,
  "r": 142168,
  "s": 295927,
  "t": 160407,
  "u": 333940
}
