{
  "b": 1.7540086507797241,
  "c": 3.6127383708953857,
  "d": 1.7180898189544678,
  "e": 3.5385091304779053,
  "f": 18600000,
  "g": 37900000,
  "h": 19200000,
  "i": 39300000,
  "j": 18200000,
  "k": 37600000,
  "l": 18900000,
  "m": 38900000,
  "n": 321000,
  "o": 321000,
  "p": 349000,
  "q": 349000,
  "r": 311000,
  "s": 635000,
  "t": 341000,
  "u": 695000
}
