{
  "b": 1.62605619430542,
  "c": 3.458127021789551,
  "d": 1.4763851165771484,
  "e": 3.1395654678344727,
  "f": 17210552,
  "g": 36277736,
  "h": 16577908,
  "i": 34888300,
  "j": 16910984,
  "k": 35964520,
  "l": 16240236,
  "m": 34535220,
  "n": 299568,
  "o": 313218,
  "p": 337671,
  "q": 353080,
  "r": 510024,
  "s": 1076249,
  "t": 518051,
  "u": 1092239
}
