{
  "b": 0.6466227173805237,
  "c": 1.2978203296661377,
  "d": 0.7232431769371033,
  "e": 1.4514923095703125,
  "f": 6850000,
  "g": 13600000,
  "h": 8090000,
  "i": 16100000,
  "j": 6720000,
  "k": 13500000,
  "l": 7960000,
  "m": 16000000,
  "n": 120000,
  "o": 120000,
  "p": 135000,
  "q": 135000,
  "r": 207000,
  "s": 412000,
  "t": 259000,
  "u": 516000
}
