{
  "b": 0.17526927590370178,
  "c": 0.38118401169776917,
  "d": 0.20523640513420105,
  "e": 0.4463801681995392,
  "f": 1860000,
  "g": 4000000,
  "h": 2290000,
  "i": 4950000,
  "j": 1820000,
  "k": 3960000,
  "l": 2260000,
  "m": 4910000,
  "n": 33400,
  "o": 33400,
  "p": 36800,
  "q": 36800,
  "r": 18800,
  "s": 40600,
  "t": 24600,
  "u": 53200
}
