{
  "b": 0.6466227173805237,
  "c": 1.2978203296661377,
  "d": 0.7232431769371033,
  "e": 1.4514923095703125,
  "f": 6845479,
  "g": 13616744,
  "h": 8091118,
  "i": 16100536,
  "j": 6724876,
  "k": 13497331,
  "l": 7955675,
  "m": 15966416,
  "n": 120604,
  "o": 119412,
  "p": 135443,
  "q": 134120,
  "r": 206737,
  "s": 412127,
  "t": 258615,
  "u": 515893
}
