{
  "b": 1.62605619430542,
  "c": 3.458127021789551,
  "d": 1.4763851165771484,
  "e": 3.1395654678344727,
  "f": 17200000,
  "g": 36300000,
  "h": 16600000,
  "i": 34900000,
  "j": 16900000,
  "k": 36000000,
  "l": 16200000,
  "m": 34500000,
  "n": 306000,
  "o": 306000,
  "p": 345000,
  "q": 345000,
  "r": 510000,
  "s": 1080000,
  "t": 518000,
  "u": 1090000
}
