{
  "b": 1.5569206476211548,
  "c": 3.267352342605591,
  "d": 1.4643642902374268,
  "e": 3.0729024410247803,
  "f": 16500000,
  "g": 34300000,
  "h": 16400000,
  "i": 34100000,
  "j": 16200000,
  "k": 34000000,
  "l": 16100000,
  "m": 33800000,
  "n": 285000,
  "o": 285000,
  "p": 336000,
  "q": 336000,
  "r": 194000,
  "s": 403000,
  "t": 206000,
  "u": 427000
}
