{
  "b": 1.5569206476211548,
  "c": 3.267352342605591,
  "d": 1.4643642902374268,
  "e": 3.0729024410247803,
  "f": 16472448,
  "g": 34270560,
  "h": 16438062,
  "i": 34143320,
  "j": 16191975,
  "k": 33980464,
  "l": 16108007,
  "m": 33801928,
  "n": 280473,
  "o": 290094,
  "p": 330054,
  "q": 341393,
  "r": 193936,
  "s": 403238,
  "t": 205645,
  "u": 427071
}
