{
  "b": 1.7540086507797241,
  "c": 3.6127383708953857,
  "d": 1.7180898189544678,
  "e": 3.5385091304779053,
  "f": 18559970,
  "g": 37895940,
  "h": 19245490,
  "i": 39275768,
  "j": 18241690,
  "k": 37572480,
  "l": 18898988,
  "m": 38923600,
  "n": 318282,
  "o": 323458,
  "p": 346501,
  "q": 352170,
  "r": 310762,
  "s": 634670,
  "t": 340567,
  "u": 695444
}
