{
  "b": 1.1646053791046143,
  "c": 2.4601669311523438,
  "d": 1.2326387166976929,
  "e": 2.6038622856140137,
  "f": 12344970,
  "g": 25827376,
  "h": 13822726,
  "i": 28915880,
  "j": 12111896,
  "k": 25585736,
  "l": 13559026,
  "m": 28642484,
  "n": 233073,
  "o": 241641,
  "p": 263700,
  "q": 273393,
  "r": 580807,
  "s": 1214708,
  "t": 655864,
  "u": 1371918
}
