{
  "b": 1.4440568685531616,
  "c": 3.069317579269409,
  "d": 1.382032036781311,
  "e": 2.937298059463501,
  "f": 15300000,
  "g": 32200000,
  "h": 15500000,
  "i": 32600000,
  "j": 15000000,
  "k": 31900000,
  "l": 15200000,
  "m": 32300000,
  "n": 267000,
  "o": 267000,
  "p": 288000,
  "q": 288000,
  "r": 289000,
  "s": 609000,
  "t": 311000,
  "u": 655000
}
