{
  "b": 28.112445831298828,
  "c": 59.35096740722656,
  "d": 37.58348846435547,
  "e": 79.3392105102539,
  "f": 297674080,
  "g": 622721600,
  "h": 420099264,
  "i": 879621376,
  "j": 292369440,
  "k": 617250048,
  "l": 413418368,
  "m": 872731328,
  "n": 5304622,
  "o": 5471525,
  "p": 6680948,
  "q": 6890019,
  "r": 41548708,
  "s": 86440544,
  "t": 61340592,
  "u": 127801520
}
