{
  "b": 28.112445831298828,
  "c": 59.35096740722656,
  "d": 37.58348846435547,
  "e": 79.3392105102539,
  "f": 298000000,
  "g": 623000000,
  "h": 420000000,
  "i": 880000000,
  "j": 292000000,
  "k": 617000000,
  "l": 413000000,
  "m": 873000000,
  "n": 5390000,
  "o": 5390000,
  "p": 6790000,
  "q": 6790000,
  "r": 41500000,
  "s": 86400000,
  "t": 61300000,
  "u": 128000000
}
