{
  "b": 0.5299837589263916,
  "c": 1.1105252504348755,
  "d": 0.5558817982673645,
  "e": 1.1648972034454346,
  "f": 5620000,
  "g": 11700000,
  "h": 6230000,
  "i": 12900000,
  "j": 5510000,
  "k": 11500000,
  "l": 6110000,
  "m": 12800000,
  "n": 112000,
  "o": 112000,
  "p": 121000,
  "q": 121000,
  "r": 170000,
  "s": 352000,
  "t": 184000,
  "u": 381000
}
