{
  "b": 0.06652213633060455,
  "c": 0.14281946420669556,
  "d": 0.07417185604572296,
  "e": 0.15923082828521729,
  "f": 704395,
  "g": 1498527,
  "h": 829424,
  "i": 1765761,
  "j": 691830,
  "k": 1485323,
  "l": 815890,
  "m": 1751539,
  "n": 12565,
  "o": 13204,
  "p": 13534,
  "q": 14222,
  "r": 4448,
  "s": 9488,
  "t": 5612,
  "u": 11982
}
