{
  "b": 0.5299837589263916,
  "c": 1.1105252504348755,
  "d": 0.5558817982673645,
  "e": 1.1648972034454346,
  "f": 5621988,
  "g": 11662710,
  "h": 6234387,
  "i": 12936907,
  "j": 5511831,
  "k": 11549462,
  "l": 6114700,
  "m": 12813869,
  "n": 110156,
  "o": 113248,
  "p": 119686,
  "q": 123038,
  "r": 169749,
  "s": 352084,
  "t": 183549,
  "u": 380932
}
