{
  "b": 1.4440568685531616,
  "c": 3.069317579269409,
  "d": 1.382032036781311,
  "e": 2.937298059463501,
  "f": 15279746,
  "g": 32194092,
  "h": 15483903,
  "i": 32604344,
  "j": 15018191,
  "k": 31920902,
  "l": 15202352,
  "m": 32310278,
  "n": 261555,
  "o": 273187,
  "p": 281552,
  "q": 294068,
  "r": 288897,
  "s": 609105,
  "t": 310748,
  "u": 655077
}
