{
  "b": 4.883382320404053,
  "c": 10.330483436584473,
  "d": 5.430792331695557,
  "e": 11.48768138885498,
  "f": 51668000,
  "g": 108352224,
  "h": 60740108,
  "i": 127404952,
  "j": 50787176,
  "k": 107437024,
  "l": 59738716,
  "m": 126364496,
  "n": 880824,
  "o": 915200,
  "p": 1001390,
  "q": 1040459,
  "r": 2080481,
  "s": 4353285,
  "t": 2547441,
  "u": 5333457
}
