{
  "b": 0.04267121106386185,
  "c": 0.09044571220874786,
  "d": 0.05006509646773338,
  "e": 0.10611099749803543,
  "f": 452351,
  "g": 949498,
  "h": 560407,
  "i": 1177242,
  "j": 443781,
  "k": 940635,
  "l": 550716,
  "m": 1167221,
  "n": 8571,
  "o": 8863,
  "p": 9691,
  "q": 10021,
  "r": 3368,
  "s": 7104,
  "t": 4430,
  "u": 9354
}
