{
  "b": 0.04117705672979355,
  "c": 0.08793477714061737,
  "d": 0.04728902876377106,
  "e": 0.10097867995500565,
  "f": 436093,
  "g": 922729,
  "h": 529031,
  "i": 1120018,
  "j": 428241,
  "k": 914522,
  "l": 520179,
  "m": 1110766,
  "n": 7851,
  "o": 8207,
  "p": 8851,
  "q": 9252,
  "r": 3734,
  "s": 7918,
  "t": 4855,
  "u": 10305
}
