{
  "b": 0.04267121106386185,
  "c": 0.09044571220874786,
  "d": 0.05006509646773338,
  "e": 0.10611099749803543,
  "f": 452000,
  "g": 949000,
  "h": 560000,
  "i": 1180000,
  "j": 444000,
  "k": 941000,
  "l": 551000,
  "m": 1170000,
  "n": 8720,
  "o": 8720,
  "p": 9860,
  "q": 9860,
  "r": 3370,
  "s": 7100,
  "t": 4430,
  "u": 9350
}

