{
  "b": 0.060368601232767105,
  "c": 0.12982793152332306,
  "d": 0.07188963890075684,
  "e": 0.15461209416389465,
  "f": 639009,
  "g": 1361947,
  "h": 803490,
  "i": 1714076,
  "j": 627833,
  "k": 1350211,
  "l": 790786,
  "m": 1700733,
  "n": 11175,
  "o": 11737,
  "p": 12704,
  "q": 13342,
  "r": 2150,
  "s": 4589,
  "t": 2826,
  "u": 6039
}
