{
  "b": 4.883382320404053,
  "c": 10.330483436584473,
  "d": 5.430792331695557,
  "e": 11.48768138885498,
  "f": 51700000,
  "g": 108000000,
  "h": 60700000,
  "i": 127000000,
  "j": 50800000,
  "k": 107000000,
  "l": 59700000,
  "m": 126000000,
  "n": 898000,
  "o": 898000,
  "p": 1020000,
  "q": 1020000,
  "r": 2080000,
  "s": 4350000,
  "t": 2550000,
  "u": 5330000
}
