{
  "b": 0.060368601232767105,
  "c": 0.12982793152332306,
  "d": 0.07188963890075684,
  "e": 0.15461209416389465,
  "f": 639000,
  "g": 1360000,
  "h": 803000,
  "i": 1710000,
  "j": 628000,
  "k": 1350000,
  "l": 791000,
  "m": 1700000,
  "n": 11500,
  "o": 11500,
  "p": 13000,
  "q": 13000,
  "r": 2150,
  "s": 4590,
  "t": 2830,
  "u": 6040
}
