{
  "b": 6.445119380950928,
  "c": 13.917388916015625,
  "d": 7.587574005126953,
  "e": 16.384906768798828,
  "f": 68206864,
  "g": 145984160,
  "h": 84858256,
  "i": 181706768,
  "j": 67029240,
  "k": 144740848,
  "l": 83463312,
  "m": 180233984,
  "n": 1177625,
  "o": 1243297,
  "p": 1394946,
  "q": 1472778,
  "r": 5857585,
  "s": 12551928,
  "t": 7205888,
  "u": 15448897
}
