{
  "b": 0.9048959612846375,
  "c": 1.874313473701477,
  "d": 0.7215832471847534,
  "e": 1.4945203065872192,
  "f": 9573708,
  "g": 19659152,
  "h": 8114253,
  "i": 16620382,
  "j": 9410918,
  "k": 19492860,
  "l": 7937416,
  "m": 16439724,
  "n": 162790,
  "o": 166292,
  "p": 176837,
  "q": 180659,
  "r": 123903,
  "s": 254834,
  "t": 111631,
  "u": 229208
}
