{
  "b": 1.3571618795394897,
  "c": 2.8169636726379395,
  "d": 1.3327710628509521,
  "e": 2.7661702632904053,
  "f": 14359896,
  "g": 29547370,
  "h": 14932931,
  "i": 30706482,
  "j": 14114484,
  "k": 29296422,
  "l": 14660482,
  "m": 30427872,
  "n": 245414,
  "o": 250947,
  "p": 272449,
  "q": 278611,
  "r": 308446,
  "s": 634475,
  "t": 338432,
  "u": 695987
}
