{
  "b": 1.3571618795394897,
  "c": 2.8169636726379395,
  "d": 1.3327710628509521,
  "e": 2.7661702632904053,
  "f": 14400000,
  "g": 29500000,
  "h": 14900000,
  "i": 30700000,
  "j": 14100000,
  "k": 29300000,
  "l": 14700000,
  "m": 30400000,
  "n": 248000,
  "o": 248000,
  "p": 276000,
  "q": 276000,
  "r": 308000,
  "s": 634000,
  "t": 338000,
  "u": 696000
}
