{
  "b": 0.624000072479248,
  "c": 1.3267520666122437,
  "d": 0.6378292441368103,
  "e": 1.3563088178634644,
  "f": 6620000,
  "g": 13900000,
  "h": 7160000,
  "i": 15100000,
  "j": 6490000,
  "k": 13800000,
  "l": 7020000,
  "m": 14900000,
  "n": 136000,
  "o": 136000,
  "p": 150000,
  "q": 150000,
  "r": 321000,
  "s": 678000,
  "t": 362000,
  "u": 764000
}
