{
  "b": 1.0990720987319946,
  "c": 2.2725799083709717,
  "d": 0.829822838306427,
  "e": 1.7157084941864014,
  "f": 11600000,
  "g": 23800000,
  "h": 9340000,
  "i": 19100000,
  "j": 11400000,
  "k": 23600000,
  "l": 9130000,
  "m": 18900000,
  "n": 202000,
  "o": 202000,
  "p": 213000,
  "q": 213000,
  "r": 183000,
  "s": 376000,
  "t": 157000,
  "u": 322000
}
