{
  "b": 1.0990720987319946,
  "c": 2.2725799083709717,
  "d": 0.829822838306427,
  "e": 1.7157084941864014,
  "f": 11630251,
  "g": 23838756,
  "h": 9338909,
  "i": 19087926,
  "j": 11430350,
  "k": 23634832,
  "l": 9128051,
  "m": 18872794,
  "n": 199902,
  "o": 203927,
  "p": 210858,
  "q": 215134,
  "r": 183220,
  "s": 376153,
  "t": 157328,
  "u": 322322
}
