{
  "b": 0.624000072479248,
  "c": 1.3267520666122437,
  "d": 0.6378292441368103,
  "e": 1.3563088178634644,
  "f": 6622556,
  "g": 13936722,
  "h": 7163355,
  "i": 15072774,
  "j": 6489601,
  "k": 13798222,
  "l": 7016122,
  "m": 14919397,
  "n": 132956,
  "o": 138501,
  "p": 147232,
  "q": 153376,
  "r": 321223,
  "s": 677805,
  "t": 362192,
  "u": 764228
}
