{
  "b": 0.6022956371307373,
  "c": 1.258154273033142,
  "d": 0.6164512038230896,
  "e": 1.2876406908035278,
  "f": 6370000,
  "g": 13200000,
  "h": 6900000,
  "i": 14300000,
  "j": 6260000,
  "k": 13100000,
  "l": 6780000,
  "m": 14200000,
  "n": 110000,
  "o": 110000,
  "p": 117000,
  "q": 117000,
  "r": 82200,
  "s": 170000,
  "t": 94900,
  "u": 196000
}
