{
  "b": 1.5229898691177368,
  "c": 3.181744337081909,
  "d": 1.2410328388214111,
  "e": 2.5925686359405518,
  "f": 16100000,
  "g": 33400000,
  "h": 14000000,
  "i": 28800000,
  "j": 15800000,
  "k": 33100000,
  "l": 13700000,
  "m": 28500000,
  "n": 277000,
  "o": 277000,
  "p": 306000,
  "q": 306000,
  "r": 339000,
  "s": 703000,
  "t": 308000,
  "u": 636000
}
