{
  "b": 0.5106803178787231,
  "c": 1.0656051635742188,
  "d": 0.4513547420501709,
  "e": 0.9418026208877563,
  "f": 5412527,
  "g": 11186458,
  "h": 5077221,
  "i": 10475150,
  "j": 5311075,
  "k": 11082294,
  "l": 4964902,
  "m": 10359829,
  "n": 101452,
  "o": 104163,
  "p": 112319,
  "q": 115322,
  "r": 140296,
  "s": 291367,
  "t": 139596,
  "u": 289591
}
