{
  "b": 0.5106803178787231,
  "c": 1.0656051635742188,
  "d": 0.4513547420501709,
  "e": 0.9418026208877563,
  "f": 5410000,
  "g": 11200000,
  "h": 5080000,
  "i": 10500000,
  "j": 5310000,
  "k": 11100000,
  "l": 4960000,
  "m": 10400000,
  "n": 103000,
  "o": 103000,
  "p": 114000,
  "q": 114000,
  "r": 140000,
  "s": 291000,
  "t": 140000,
  "u": 290000
}
