{
  "b": 2.4911391735076904,
  "c": 5.0858659744262695,
  "d": 2.2712581157684326,
  "e": 4.636674404144287,
  "f": 26373890,
  "g": 53363440,
  "h": 25509012,
  "i": 51533640,
  "j": 25907848,
  "k": 52893008,
  "l": 24983840,
  "m": 51003416,
  "n": 466040,
  "o": 470437,
  "p": 525177,
  "q": 530223,
  "r": 1019282,
  "s": 2065433,
  "t": 1041477,
  "u": 2108478
}
