{
  "b": 0.6022956371307373,
  "c": 1.258154273033142,
  "d": 0.6164512038230896,
  "e": 1.2876406908035278,
  "f": 6372388,
  "g": 13196522,
  "h": 6896365,
  "i": 14282861,
  "j": 6263875,
  "k": 13084805,
  "l": 6780964,
  "m": 14164047,
  "n": 108514,
  "o": 111718,
  "p": 115401,
  "q": 118814,
  "r": 82169,
  "s": 170039,
  "t": 94897,
  "u": 196450
}
