{
  "b": 1.5229898691177368,
  "c": 3.181744337081909,
  "d": 1.2410328388214111,
  "e": 2.5925686359405518,
  "f": 16112084,
  "g": 33371038,
  "h": 13952536,
  "i": 28828156,
  "j": 15839095,
  "k": 33090142,
  "l": 13651361,
  "m": 28518256,
  "n": 272991,
  "o": 280895,
  "p": 301175,
  "q": 309901,
  "r": 339416,
  "s": 703395,
  "t": 307622,
  "u": 636476
}
