{
  "b": 3.3262112140655518,
  "c": 7.035265922546387,
  "d": 3.7876782417297363,
  "e": 8.010821342468262,
  "f": 35200000,
  "g": 73800000,
  "h": 42300000,
  "i": 88800000,
  "j": 34600000,
  "k": 73200000,
  "l": 41700000,
  "m": 88100000,
  "n": 615000,
  "o": 615000,
  "p": 698000,
  "q": 698000,
  "r": 1620000,
  "s": 3380000,
  "t": 1940000,
  "u": 4070000
}
