{
  "b": 4.30164909362793,
  "c": 9.08150577545166,
  "d": 4.744160175323486,
  "e": 10.01487922668457,
  "f": 45500000,
  "g": 95300000,
  "h": 53100000,
  "i": 111000000,
  "j": 44700000,
  "k": 94400000,
  "l": 52200000,
  "m": 110000000,
  "n": 790000,
  "o": 790000,
  "p": 920000,
  "q": 920000,
  "r": 2960000,
  "s": 6200000,
  "t": 3380000,
  "u": 7080000
}
