{
  "b": 2.3194851875305176,
  "c": 4.805358409881592,
  "d": 2.3007547855377197,
  "e": 4.766355514526367,
  "f": 24500000,
  "g": 50400000,
  "h": 25800000,
  "i": 52900000,
  "j": 24100000,
  "k": 50000000,
  "l": 25300000,
  "m": 52400000,
  "n": 418000,
  "o": 418000,
  "p": 449000,
  "q": 449000,
  "r": 486000,
  "s": 996000,
  "t": 539000,
  "u": 1110000
}
