{
  "b": 4.30164909362793,
  "c": 9.08150577545166,
  "d": 4.744160175323486,
  "e": 10.01487922668457,
  "f": 45513344,
  "g": 95252440,
  "h": 53089468,
  "i": 111100688,
  "j": 44737152,
  "k": 94447656,
  "l": 52185760,
  "m": 110163672,
  "n": 776190,
  "o": 804789,
  "p": 903708,
  "q": 937012,
  "r": 2960241,
  "s": 6200209,
  "t": 3380069,
  "u": 7079278
}
