{
  "b": 1.297491192817688,
  "c": 2.668653964996338,
  "d": 1.1723110675811768,
  "e": 2.411036252975464,
  "f": 13726992,
  "g": 27990626,
  "h": 13152872,
  "i": 26782792,
  "j": 13493908,
  "k": 27754002,
  "l": 12895422,
  "m": 26521400,
  "n": 233085,
  "o": 236626,
  "p": 257450,
  "q": 261392,
  "r": 275351,
  "s": 562108,
  "t": 279415,
  "u": 569939
}
