{
  "b": 1.0478363037109375,
  "c": 2.204756259918213,
  "d": 1.230190396308899,
  "e": 2.58833909034729,
  "f": 11100000,
  "g": 23100000,
  "h": 13800000,
  "i": 28700000,
  "j": 10900000,
  "k": 22900000,
  "l": 13500000,
  "m": 28500000,
  "n": 207000,
  "o": 207000,
  "p": 230000,
  "q": 230000,
  "r": 332000,
  "s": 694000,
  "t": 432000,
  "u": 903000
}
