{
  "b": 2.3194851875305176,
  "c": 4.805358409881592,
  "d": 2.3007547855377197,
  "e": 4.766355514526367,
  "f": 24535494,
  "g": 50398044,
  "h": 25752204,
  "i": 52884032,
  "j": 24122646,
  "k": 49975728,
  "l": 25308302,
  "m": 52429912,
  "n": 412847,
  "o": 422316,
  "p": 443900,
  "q": 454122,
  "r": 485623,
  "s": 996275,
  "t": 539245,
  "u": 1106388
}
