{
  "b": 0.18842799961566925,
  "c": 0.40665432810783386,
  "d": 0.1887805014848709,
  "e": 0.40738508105278015,
  "f": 1990000,
  "g": 4270000,
  "h": 2120000,
  "i": 4520000,
  "j": 1960000,
  "k": 4230000,
  "l": 2080000,
  "m": 4480000,
  "n": 36400,
  "o": 36400,
  "p": 40100,
  "q": 40100,
  "r": 26200,
  "s": 56000,
  "t": 29500,
  "u": 63200
}
