{
  "b": 0.18842799961566925,
  "c": 0.40665432810783386,
  "d": 0.1887805014848709,
  "e": 0.40738508105278015,
  "f": 1994989,
  "g": 4266579,
  "h": 2115604,
  "i": 4522501,
  "j": 1959651,
  "k": 4229205,
  "l": 2076586,
  "m": 4481236,
  "n": 35338,
  "o": 37373,
  "p": 39018,
  "q": 41264,
  "r": 26162,
  "s": 56045,
  "t": 29513,
  "u": 63222
}
