{
  "b": 1.0478363037109375,
  "c": 2.204756259918213,
  "d": 1.230190396308899,
  "e": 2.58833909034729,
  "f": 11101322,
  "g": 23139766,
  "h": 13758837,
  "i": 28705682,
  "j": 10897497,
  "k": 22929464,
  "l": 13532095,
  "m": 28471730,
  "n": 203825,
  "o": 210300,
  "p": 226742,
  "q": 233950,
  "r": 332418,
  "s": 694102,
  "t": 431916,
  "u": 902938
}
