{
  "b": 3.0419344902038574,
  "c": 6.432380199432373,
  "d": 3.4872500896453857,
  "e": 7.375147819519043,
  "f": 32283686,
  "g": 67565584,
  "h": 39107520,
  "i": 81898968,
  "j": 31636118,
  "k": 66896752,
  "l": 38359752,
  "m": 81126624,
  "n": 647567,
  "o": 668827,
  "p": 747765,
  "q": 772340,
  "r": 2491863,
  "s": 5234203,
  "t": 3003915,
  "u": 6313872
}
