{
  "b": 3.0419344902038574,
  "c": 6.432380199432373,
  "d": 3.4872500896453857,
  "e": 7.375147819519043,
  "f": 32300000,
  "g": 67600000,
  "h": 39100000,
  "i": 81900000,
  "j": 31600000,
  "k": 66900000,
  "l": 38400000,
  "m": 81100000,
  "n": 658000,
  "o": 658000,
  "p": 760000,
  "q": 760000,
  "r": 2490000,
  "s": 5230000,
  "t": 3000000,
  "u": 6310000
}
