{
  "b": 2.2125587463378906,
  "c": 4.674627304077148,
  "d": 2.5384480953216553,
  "e": 5.3627238273620605,
  "f": 23400000,
  "g": 49000000,
  "h": 28400000,
  "i": 59500000,
  "j": 23000000,
  "k": 48600000,
  "l": 27900000,
  "m": 59000000,
  "n": 412000,
  "o": 412000,
  "p": 481000,
  "q": 481000,
  "r": 452000,
  "s": 946000,
  "t": 587000,
  "u": 1230000
}
