{
  "b": 23.733121871948242,
  "c": 48.32033157348633,
  "d": 38.55693054199219,
  "e": 78.49799346923828,
  "f": 251575024,
  "g": 507291904,
  "h": 430827840,
  "i": 870193536,
  "j": 246824464,
  "k": 502531456,
  "l": 424126240,
  "m": 863477888,
  "n": 4750565,
  "o": 4760445,
  "p": 6701555,
  "q": 6715638,
  "r": 35281132,
  "s": 70989736,
  "t": 64094212,
  "u": 129245488
}
