{
  "b": 2.2125587463378906,
  "c": 4.674627304077148,
  "d": 2.5384480953216553,
  "e": 5.3627238273620605,
  "f": 23414672,
  "g": 49035440,
  "h": 28395242,
  "i": 59480108,
  "j": 23010610,
  "k": 48616124,
  "l": 27922928,
  "m": 58989964,
  "n": 404063,
  "o": 419317,
  "p": 472314,
  "q": 490143,
  "r": 451691,
  "s": 945700,
  "t": 587265,
  "u": 1230290
}
