{
  "b": 3.6073715686798096,
  "c": 7.594452381134033,
  "d": 4.103244304656982,
  "e": 8.63778305053711,
  "f": 38190592,
  "g": 79678984,
  "h": 45935876,
  "i": 95842784,
  "j": 37516664,
  "k": 78982304,
  "l": 45135688,
  "m": 95015616,
  "n": 673925,
  "o": 696690,
  "p": 800192,
  "q": 827175,
  "r": 1056000,
  "s": 2202135,
  "t": 1312850,
  "u": 2739107
}
