{
  "b": 3.6073715686798096,
  "c": 7.594452381134033,
  "d": 4.103244304656982,
  "e": 8.63778305053711,
  "f": 38200000,
  "g": 79700000,
  "h": 45900000,
  "i": 95800000,
  "j": 37500000,
  "k": 79000000,
  "l": 45100000,
  "m": 95000000,
  "n": 685000,
  "o": 685000,
  "p": 814000,
  "q": 814000,
  "r": 1060000,
  "s": 2200000,
  "t": 1310000,
  "u": 2740000
}
