{
  "b": 23.733121871948242,
  "c": 48.32033157348633,
  "d": 38.55693054199219,
  "e": 78.49799346923828,
  "f": 252000000,
  "g": 507000000,
  "h": 431000000,
  "i": 870000000,
  "j": 247000000,
  "k": 503000000,
  "l": 424000000,
  "m": 863000000,
  "n": 4760000,
  "o": 4760000,
  "p": 6710000,
  "q": 6710000,
  "r": 35300000,
  "s": 71000000,
  "t": 64100000,
  "u": 129000000
}
