{
  "b": 2.439229726791382,
  "c": 5.156517028808594,
  "d": 2.9506592750549316,
  "e": 6.23723840713501,
  "f": 25819872,
  "g": 54097000,
  "h": 32996170,
  "i": 69169216,
  "j": 25367988,
  "k": 53627776,
  "l": 32457252,
  "m": 68609624,
  "n": 451884,
  "o": 469228,
  "p": 538920,
  "q": 559598,
  "r": 787836,
  "s": 1649823,
  "t": 1056524,
  "u": 2214710
}
