{
  "b": 2.439229726791382,
  "c": 5.156517028808594,
  "d": 2.9506592750549316,
  "e": 6.23723840713501,
  "f": 25800000,
  "g": 54100000,
  "h": 33000000,
  "i": 69200000,
  "j": 25400000,
  "k": 53600000,
  "l": 32500000,
  "m": 68600000,
  "n": 461000,
  "o": 461000,
  "p": 549000,
  "q": 549000,
  "r": 788000,
  "s": 1650000,
  "t": 1060000,
  "u": 2210000
}
