{
  "b": 1.6308295726776123,
  "c": 3.5579731464385986,
  "d": 1.470054030418396,
  "e": 3.207644462585449,
  "f": 17300000,
  "g": 37300000,
  "h": 16500000,
  "i": 35600000,
  "j": 17000000,
  "k": 37000000,
  "l": 16200000,
  "m": 35300000,
  "n": 324000,
  "o": 324000,
  "p": 353000,
  "q": 353000,
  "r": 258000,
  "s": 560000,
  "t": 249000,
  "u": 540000
}
