{
  "b": 0.8405937552452087,
  "c": 1.7334682941436768,
  "d": 0.8354476094245911,
  "e": 1.722733497619629,
  "f": 8895703,
  "g": 18184130,
  "h": 9355729,
  "i": 19118622,
  "j": 8742175,
  "k": 18028070,
  "l": 9189924,
  "m": 18950068,
  "n": 153528,
  "o": 156060,
  "p": 165805,
  "q": 168555,
  "r": 182823,
  "s": 373824,
  "t": 203207,
  "u": 415533
}
