{
  "b": 0.15508684515953064,
  "c": 0.3318578898906708,
  "d": 0.20739427208900452,
  "e": 0.4439963698387146,
  "f": 1650000,
  "g": 3490000,
  "h": 2320000,
  "i": 4920000,
  "j": 1610000,
  "k": 3450000,
  "l": 2280000,
  "m": 4880000,
  "n": 34800,
  "o": 34800,
  "p": 39600,
  "q": 39600,
  "r": 17000,
  "s": 36200,
  "t": 24700,
  "u": 52800
}
