{
  "b": 0.7368240356445312,
  "c": 1.527392864227295,
  "d": 0.8313050270080566,
  "e": 1.7231465578079224,
  "f": 7800000,
  "g": 16000000,
  "h": 9290000,
  "i": 19100000,
  "j": 7660000,
  "k": 15900000,
  "l": 9140000,
  "m": 19000000,
  "n": 134000,
  "o": 134000,
  "p": 150000,
  "q": 150000,
  "r": 180000,
  "s": 371000,
  "t": 225000,
  "u": 464000
}
