{
  "b": 0.8405937552452087,
  "c": 1.7334682941436768,
  "d": 0.8354476094245911,
  "e": 1.722733497619629,
  "f": 8900000,
  "g": 18200000,
  "h": 9360000,
  "i": 19100000,
  "j": 8740000,
  "k": 18000000,
  "l": 9190000,
  "m": 19000000,
  "n": 155000,
  "o": 155000,
  "p": 167000,
  "q": 167000,
  "r": 183000,
  "s": 374000,
  "t": 203000,
  "u": 416000
}
