{
  "b": 0.44306308031082153,
  "c": 0.9257457852363586,
  "d": 0.46475791931152344,
  "e": 0.9710001945495605,
  "f": 4691207,
  "g": 9713442,
  "h": 5201072,
  "i": 10772231,
  "j": 4607856,
  "k": 9627756,
  "l": 5112337,
  "m": 10681002,
  "n": 83350,
  "o": 85687,
  "p": 88735,
  "q": 91229,
  "r": 94213,
  "s": 194788,
  "t": 110387,
  "u": 228355
}
