{
  "b": 0.44306308031082153,
  "c": 0.9257457852363586,
  "d": 0.46475791931152344,
  "e": 0.9710001945495605,
  "f": 4690000,
  "g": 9710000,
  "h": 5200000,
  "i": 10800000,
  "j": 4610000,
  "k": 9630000,
  "l": 5110000,
  "m": 10700000,
  "n": 84500,
  "o": 84500,
  "p": 90000,
  "q": 90000,
  "r": 94200,
  "s": 195000,
  "t": 110000,
  "u": 228000
}
