{
  "b": 0.15508684515953064,
  "c": 0.3318578898906708,
  "d": 0.20739427208900452,
  "e": 0.4439963698387146,
  "f": 1647029,
  "g": 3486848,
  "h": 2320113,
  "i": 4924344,
  "j": 1612903,
  "k": 3451322,
  "l": 2281337,
  "m": 4883960,
  "n": 34126,
  "o": 35526,
  "p": 38776,
  "q": 40383,
  "r": 16958,
  "s": 36221,
  "t": 24676,
  "u": 52797
}
