{
  "b": 0.7368240356445312,
  "c": 1.527392864227295,
  "d": 0.8313050270080566,
  "e": 1.7231465578079224,
  "f": 7795642,
  "g": 16020228,
  "h": 9292578,
  "i": 19105820,
  "j": 7662970,
  "k": 15884886,
  "l": 9144355,
  "m": 18954612,
  "n": 132672,
  "o": 135341,
  "p": 148223,
  "q": 151207,
  "r": 180267,
  "s": 370856,
  "t": 225146,
  "u": 463550
}
