{
  "b": 1.6308295726776123,
  "c": 3.5579731464385986,
  "d": 1.470054030418396,
  "e": 3.207644462585449,
  "f": 17274414,
  "g": 37337756,
  "h": 16512520,
  "i": 35648980,
  "j": 16960628,
  "k": 37002920,
  "l": 16170594,
  "m": 35284088,
  "n": 313786,
  "o": 334835,
  "p": 341925,
  "q": 364890,
  "r": 258202,
  "s": 559859,
  "t": 249052,
  "u": 539505
}
