{
  "b": 0.4907269775867462,
  "c": 1.0340145826339722,
  "d": 0.5145254731178284,
  "e": 1.0840786695480347,
  "f": 5200000,
  "g": 10800000,
  "h": 5760000,
  "i": 12000000,
  "j": 5100000,
  "k": 10800000,
  "l": 5660000,
  "m": 11900000,
  "n": 93400,
  "o": 93400,
  "p": 101000,
  "q": 101000,
  "r": 113000,
  "s": 236000,
  "t": 133000,
  "u": 279000
}
