{
  "b": 2.056349277496338,
  "c": 4.377723693847656,
  "d": 1.8979185819625854,
  "e": 4.040185928344727,
  "f": 21800000,
  "g": 45900000,
  "h": 21300000,
  "i": 44900000,
  "j": 21400000,
  "k": 45500000,
  "l": 20900000,
  "m": 44400000,
  "n": 378000,
  "o": 378000,
  "p": 424000,
  "q": 424000,
  "r": 415000,
  "s": 875000,
  "t": 432000,
  "u": 911000
}
