{
  "b": 0.4907269775867462,
  "c": 1.0340145826339722,
  "d": 0.5145254731178284,
  "e": 1.0840786695480347,
  "f": 5195361,
  "g": 10848763,
  "h": 5758943,
  "i": 12027501,
  "j": 5103561,
  "k": 10753752,
  "l": 5659781,
  "m": 11924866,
  "n": 91801,
  "o": 95012,
  "p": 99163,
  "q": 102635,
  "r": 112938,
  "s": 236333,
  "t": 133292,
  "u": 279068
}
