{
  "b": 0.052903492003679276,
  "c": 0.11382174491882324,
  "d": 0.062701515853405,
  "e": 0.1349070966243744,
  "f": 560000,
  "g": 1190000,
  "h": 701000,
  "i": 1500000,
  "j": 550000,
  "k": 1180000,
  "l": 690000,
  "m": 1480000,
  "n": 10000,
  "o": 10000,
  "p": 11200,
  "q": 11200,
  "r": 11400,
  "s": 24400,
  "t": 15300,
  "u": 32600
}
