{
  "b": 3.412060499191284,
  "c": 6.967144012451172,
  "d": 4.890284538269043,
  "e": 9.985270500183105,
  "f": 36100000,
  "g": 73100000,
  "h": 54600000,
  "i": 111000000,
  "j": 35500000,
  "k": 72500000,
  "l": 53800000,
  "m": 110000000,
  "n": 658000,
  "o": 658000,
  "p": 809000,
  "q": 809000,
  "r": 842000,
  "s": 1700000,
  "t": 1310000,
  "u": 2660000
}
