{
  "b": 3.412060499191284,
  "c": 6.967144012451172,
  "d": 4.890284538269043,
  "e": 9.985270500183105,
  "f": 36140968,
  "g": 73119616,
  "h": 54598624,
  "i": 110650608,
  "j": 35485428,
  "k": 72458296,
  "l": 53793132,
  "m": 109837976,
  "n": 655537,
  "o": 661312,
  "p": 805492,
  "q": 812629,
  "r": 842181,
  "s": 1704511,
  "t": 1310203,
  "u": 2657151
}
