{
  "b": 1.427330732345581,
  "c": 2.9545061588287354,
  "d": 1.396324872970581,
  "e": 2.890089750289917,
  "f": 15100000,
  "g": 31000000,
  "h": 15600000,
  "i": 32100000,
  "j": 14800000,
  "k": 30700000,
  "l": 15400000,
  "m": 31800000,
  "n": 257000,
  "o": 257000,
  "p": 289000,
  "q": 289000,
  "r": 264000,
  "s": 543000,
  "t": 291000,
  "u": 597000
}
