{
  "b": 2.056349277496338,
  "c": 4.377723693847656,
  "d": 1.8979185819625854,
  "e": 4.040185928344727,
  "f": 21755044,
  "g": 45914752,
  "h": 21291086,
  "i": 44875564,
  "j": 21386032,
  "k": 45528324,
  "l": 20877104,
  "m": 44442044,
  "n": 369011,
  "o": 386428,
  "p": 413980,
  "q": 433522,
  "r": 414633,
  "s": 875086,
  "t": 432161,
  "u": 911351
}
