{
  "b": 0.052903492003679276,
  "c": 0.11382174491882324,
  "d": 0.062701515853405,
  "e": 0.1349070966243744,
  "f": 559978,
  "g": 1194005,
  "h": 700641,
  "i": 1495435,
  "j": 550196,
  "k": 1183746,
  "l": 689717,
  "m": 1483978,
  "n": 9781,
  "o": 10259,
  "p": 10924,
  "q": 11458,
  "r": 11427,
  "s": 24352,
  "t": 15282,
  "u": 32603
}
