{
  "b": 1.0788060426712036,
  "c": 2.2181947231292725,
  "d": 0.9645564556121826,
  "e": 1.9831233024597168,
  "f": 11416546,
  "g": 23269202,
  "h": 10829954,
  "i": 22037588,
  "j": 11219583,
  "k": 23069226,
  "l": 10610121,
  "m": 21814356,
  "n": 196962,
  "o": 199975,
  "p": 219833,
  "q": 223231,
  "r": 286596,
  "s": 584767,
  "t": 290085,
  "u": 591316
}
