{
  "b": 1.650692343711853,
  "c": 3.4915337562561035,
  "d": 1.9615505933761597,
  "e": 4.1487321853637695,
  "f": 17469888,
  "g": 36626276,
  "h": 21921374,
  "i": 45993608,
  "j": 17167200,
  "k": 36311952,
  "l": 21577056,
  "m": 45636052,
  "n": 302688,
  "o": 314322,
  "p": 344318,
  "q": 357555,
  "r": 641853,
  "s": 1343853,
  "t": 834760,
  "u": 1749775
}
