{
  "b": 0.05153373256325722,
  "c": 0.10887736827135086,
  "d": 0.0548609159886837,
  "e": 0.11589629203081131,
  "f": 545513,
  "g": 1142223,
  "h": 613811,
  "i": 1285563,
  "j": 535951,
  "k": 1132325,
  "l": 603470,
  "m": 1274859,
  "n": 9563,
  "o": 9898,
  "p": 10341,
  "q": 10704,
  "r": 6693,
  "s": 14035,
  "t": 8002,
  "u": 16789
}
