{
  "b": 1.0788060426712036,
  "c": 2.2181947231292725,
  "d": 0.9645564556121826,
  "e": 1.9831233024597168,
  "f": 11400000,
  "g": 23300000,
  "h": 10800000,
  "i": 22000000,
  "j": 11200000,
  "k": 23100000,
  "l": 10600000,
  "m": 21800000,
  "n": 198000,
  "o": 198000,
  "p": 222000,
  "q": 222000,
  "r": 287000,
  "s": 585000,
  "t": 290000,
  "u": 591000
}
