{
  "b": 0.05153373256325722,
  "c": 0.10887736827135086,
  "d": 0.0548609159886837,
  "e": 0.11589629203081131,
  "f": 546000,
  "g": 1140000,
  "h": 614000,
  "i": 1290000,
  "j": 536000,
  "k": 1130000,
  "l": 603000,
  "m": 1270000,
  "n": 9730,
  "o": 9730,
  "p": 10500,
  "q": 10500,
  "r": 6690,
  "s": 14000,
  "t": 8000,
  "u": 16800
}
