{
  "b": 1.0622344017028809,
  "c": 2.3305070400238037,
  "d": 1.3879821300506592,
  "e": 3.0450234413146973,
  "f": 11300000,
  "g": 24500000,
  "h": 15600000,
  "i": 33800000,
  "j": 11000000,
  "k": 24200000,
  "l": 15300000,
  "m": 33500000,
  "n": 233000,
  "o": 233000,
  "p": 315000,
  "q": 315000,
  "r": 424000,
  "s": 922000,
  "t": 599000,
  "u": 1300000
}
