{
  "b": 9.271429061889648,
  "c": 20.068918228149414,
  "d": 12.094170570373535,
  "e": 26.1811580657959,
  "f": 98056256,
  "g": 210427584,
  "h": 135053600,
  "i": 290104800,
  "j": 96422864,
  "k": 208716752,
  "l": 133035880,
  "m": 287992736,
  "n": 1633403,
  "o": 1710819,
  "p": 2017717,
  "q": 2112096,
  "r": 26131248,
  "s": 56208396,
  "t": 36825440,
  "u": 79295544
}
