{
  "b": 0.056254103779792786,
  "c": 0.1229192391037941,
  "d": 0.06356679648160934,
  "e": 0.1388925462961197,
  "f": 596000,
  "g": 1290000,
  "h": 713000,
  "i": 1540000,
  "j": 585000,
  "k": 1280000,
  "l": 699000,
  "m": 1530000,
  "n": 11900,
  "o": 11900,
  "p": 14600,
  "q": 14600,
  "r": 7840,
  "s": 17000,
  "t": 10100,
  "u": 21900
}
