{
  "b": 2.263028383255005,
  "c": 4.992905616760254,
  "d": 3.000202178955078,
  "e": 6.619279384613037,
  "f": 24000000,
  "g": 52400000,
  "h": 33600000,
  "i": 73500000,
  "j": 23500000,
  "k": 51900000,
  "l": 33000000,
  "m": 72800000,
  "n": 460000,
  "o": 460000,
  "p": 643000,
  "q": 643000,
  "r": 1230000,
  "s": 2690000,
  "t": 1780000,
  "u": 3900000
}
