{
  "b": 280.954833984375,
  "c": 600.7225952148438,
  "d": 437.83660888671875,
  "e": 936.1844482421875,
  "f": 2980000000,
  "g": 6310000000,
  "h": 4900000000,
  "i": 10400000000,
  "j": 2920000000,
  "k": 6250000000,
  "l": 4820000000,
  "m": 10300000000,
  "n": 61300000,
  "o": 61300000,
  "p": 85300000,
  "q": 85300000,
  "r": 1800000000,
  "s": 3820000000,
  "t": 3020000000,
  "u": 6410000000
}
