{
  "b": 1.0622344017028809,
  "c": 2.3305070400238037,
  "d": 1.3879821300506592,
  "e": 3.0450234413146973,
  "f": 11272436,
  "g": 24477624,
  "h": 15572626,
  "i": 33820536,
  "j": 11047238,
  "k": 24237272,
  "l": 15267804,
  "m": 33495258,
  "n": 225198,
  "o": 240354,
  "p": 304824,
  "q": 325281,
  "r": 424112,
  "s": 921654,
  "t": 599255,
  "u": 1303661
}
