{
  "b": 9.271429061889648,
  "c": 20.068918228149414,
  "d": 12.094170570373535,
  "e": 26.1811580657959,
  "f": 98100000,
  "g": 210000000,
  "h": 135000000,
  "i": 290000000,
  "j": 96400000,
  "k": 209000000,
  "l": 133000000,
  "m": 288000000,
  "n": 1670000,
  "o": 1670000,
  "p": 2060000,
  "q": 2060000,
  "r": 26100000,
  "s": 56200000,
  "t": 36800000,
  "u": 79300000
}
