{
  "b": 2.263028383255005,
  "c": 4.992905616760254,
  "d": 3.000202178955078,
  "e": 6.619279384613037,
  "f": 23978478,
  "g": 52402956,
  "h": 33622036,
  "i": 73478848,
  "j": 23535494,
  "k": 51926216,
  "l": 33002224,
  "m": 72812072,
  "n": 442983,
  "o": 476744,
  "p": 619814,
  "q": 666782,
  "r": 1226532,
  "s": 2685898,
  "t": 1779133,
  "u": 3897909
}
