{
  "b": 280.954833984375,
  "c": 600.7225952148438,
  "d": 437.83660888671875,
  "e": 936.1844482421875,
  "f": 2982298112,
  "g": 6309699072,
  "h": 4900299776,
  "i": 10384590848,
  "j": 2921930240,
  "k": 6247515136,
  "l": 4816202752,
  "m": 10298029056,
  "n": 60368128,
  "o": 62184176,
  "p": 84097384,
  "q": 86562120,
  "r": 1804921856,
  "s": 3821092864,
  "t": 3020423168,
  "u": 6405892608
}
