{
  "b": 0.3694444000720978,
  "c": 0.8158860802650452,
  "d": 0.43982431292533875,
  "e": 0.9712821841239929,
  "f": 3915411,
  "g": 8565406,
  "h": 4933169,
  "i": 10788281,
  "j": 3842222,
  "k": 8485215,
  "l": 4838068,
  "m": 10684104,
  "n": 73189,
  "o": 80191,
  "p": 95101,
  "q": 104177,
  "r": 26641,
  "s": 58452,
  "t": 35806,
  "u": 78562
}
