{
  "b": 0.6793256998062134,
  "c": 1.5028300285339355,
  "d": 0.9090347290039062,
  "e": 2.0110185146331787,
  "f": 7200000,
  "g": 15800000,
  "h": 10200000,
  "i": 22300000,
  "j": 7060000,
  "k": 15600000,
  "l": 10000000,
  "m": 22100000,
  "n": 137000,
  "o": 137000,
  "p": 184000,
  "q": 184000,
  "r": 308000,
  "s": 675000,
  "t": 468000,
  "u": 1030000
}
