{
  "b": 0.399477481842041,
  "c": 0.8777198195457458,
  "d": 0.45128053426742554,
  "e": 0.991543173789978,
  "f": 4226710,
  "g": 9205592,
  "h": 5055363,
  "i": 11004769,
  "j": 4154566,
  "k": 9128286,
  "l": 4964086,
  "m": 10906975,
  "n": 72144,
  "o": 77307,
  "p": 91277,
  "q": 97793,
  "r": 79890,
  "s": 174123,
  "t": 98014,
  "u": 213582
}
