{
  "b": 4.5684590339660645,
  "c": 9.97323226928711,
  "d": 6.495418071746826,
  "e": 14.180693626403809,
  "f": 48400000,
  "g": 105000000,
  "h": 72600000,
  "i": 157000000,
  "j": 47500000,
  "k": 104000000,
  "l": 71400000,
  "m": 156000000,
  "n": 897000,
  "o": 897000,
  "p": 1200000,
  "q": 1200000,
  "r": 7780000,
  "s": 16900000,
  "t": 12000000,
  "u": 26100000
}
