{
  "b": 0.3694444000720978,
  "c": 0.8158860802650452,
  "d": 0.43982431292533875,
  "e": 0.9712821841239929,
  "f": 3920000,
  "g": 8570000,
  "h": 4930000,
  "i": 10800000,
  "j": 3840000,
  "k": 8490000,
  "l": 4840000,
  "m": 10700000,
  "n": 76700,
  "o": 76700,
  "p": 99600,
  "q": 99600,
  "r": 26600,
  "s": 58500,
  "t": 35800,
  "u": 78600
}

