{
  "b": 0.04578269273042679,
  "c": 0.10001703351736069,
  "d": 0.06191374361515045,
  "e": 0.13525767624378204,
  "f": 484943,
  "g": 1049607,
  "h": 693272,
  "i": 1500923,
  "j": 476140,
  "k": 1040177,
  "l": 681051,
  "m": 1487835,
  "n": 8803,
  "o": 9430,
  "p": 12221,
  "q": 13089,
  "r": 27924,
  "s": 60581,
  "t": 40723,
  "u": 88398
}
