{
  "b": 4.5684590339660645,
  "c": 9.97323226928711,
  "d": 6.495418071746826,
  "e": 14.180693626403809,
  "f": 48384640,
  "g": 104643872,
  "h": 72615456,
  "i": 157219168,
  "j": 47511976,
  "k": 103721616,
  "l": 71449600,
  "m": 155987632,
  "n": 872664,
  "o": 922267,
  "p": 1165855,
  "q": 1231536,
  "r": 7776907,
  "s": 16862842,
  "t": 12010849,
  "u": 26077604
}
