{
  "b": 0.6793256998062134,
  "c": 1.5028300285339355,
  "d": 0.9090347290039062,
  "e": 2.0110185146331787,
  "f": 7197597,
  "g": 15771467,
  "h": 10177006,
  "i": 22311396,
  "j": 7064987,
  "k": 15629432,
  "l": 9999382,
  "m": 22121204,
  "n": 132609,
  "o": 142036,
  "p": 177626,
  "q": 190194,
  "r": 307534,
  "s": 675500,
  "t": 467861,
  "u": 1028616
}
