{
  "b": 0.48894673585891724,
  "c": 1.075258493423462,
  "d": 0.5113214254379272,
  "e": 1.124445915222168,
  "f": 5180000,
  "g": 11300000,
  "h": 5730000,
  "i": 12500000,
  "j": 5090000,
  "k": 11200000,
  "l": 5620000,
  "m": 12400000,
  "n": 97500,
  "o": 97500,
  "p": 109000,
  "q": 109000,
  "r": 122000,
  "s": 268000,
  "t": 144000,
  "u": 314000
}

