{
  "b": 0.24496077001094818,
  "c": 0.5362610816955566,
  "d": 0.33173665404319763,
  "e": 0.726279616355896,
  "f": 2590000,
  "g": 5630000,
  "h": 3710000,
  "i": 8050000,
  "j": 2550000,
  "k": 5580000,
  "l": 3650000,
  "m": 7990000,
  "n": 48700,
  "o": 48700,
  "p": 62400,
  "q": 62400,
  "r": 72300,
  "s": 157000,
  "t": 104000,
  "u": 226000
}
