{
  "b": 0.47623082995414734,
  "c": 1.0380232334136963,
  "d": 0.5891565084457397,
  "e": 1.284129023551941,
  "f": 5039268,
  "g": 10886509,
  "h": 6600029,
  "i": 14250998,
  "j": 4952801,
  "k": 10795442,
  "l": 6480722,
  "m": 14125419,
  "n": 86467,
  "o": 91066,
  "p": 119306,
  "q": 125579,
  "r": 817291,
  "s": 1772911,
  "t": 1084099,
  "u": 2349208
}
