{
  "b": 5.492947101593018,
  "c": 12.120523452758789,
  "d": 7.068213939666748,
  "e": 15.595962524414062,
  "f": 58212616,
  "g": 127249984,
  "h": 79168536,
  "i": 173117856,
  "j": 57126648,
  "k": 126053440,
  "l": 77750352,
  "m": 171555584,
  "n": 1085969,
  "o": 1196548,
  "p": 1418180,
  "q": 1562263,
  "r": 434878,
  "s": 952290,
  "t": 633349,
  "u": 1387753
}
