{
  "b": 5.492947101593018,
  "c": 12.120523452758789,
  "d": 7.068213939666748,
  "e": 15.595962524414062,
  "f": 58200000,
  "g": 127000000,
  "h": 79200000,
  "i": 173000000,
  "j": 57100000,
  "k": 126000000,
  "l": 77800000,
  "m": 172000000,
  "n": 1140000,
  "o": 1140000,
  "p": 1490000,
  "q": 1490000,
  "r": 435000,
  "s": 952000,
  "t": 633000,
  "u": 1390000
}
