{
  "b": 0.48894673585891724,
  "c": 1.075258493423462,
  "d": 0.5113214254379272,
  "e": 1.124445915222168,
  "f": 5178754,
  "g": 11284008,
  "h": 5728922,
  "i": 12481720,
  "j": 5085046,
  "k": 11182688,
  "l": 5624536,
  "m": 12368905,
  "n": 93708,
  "o": 101320,
  "p": 104386,
  "q": 112815,
  "r": 122459,
  "s": 267652,
  "t": 143598,
  "u": 313923
}
