{
  "b": 0.7370039224624634,
  "c": 1.6334084272384644,
  "d": 0.7777102589607239,
  "e": 1.723598599433899,
  "f": 7804884,
  "g": 17140764,
  "h": 8718478,
  "i": 19138732,
  "j": 7664841,
  "k": 16987448,
  "l": 8554813,
  "m": 18959584,
  "n": 140042,
  "o": 153315,
  "p": 163666,
  "q": 179148,
  "r": 199826,
  "s": 439899,
  "t": 236775,
  "u": 521172
}
