{
  "b": 0.7370039224624634,
  "c": 1.6334084272384644,
  "d": 0.7777102589607239,
  "e": 1.723598599433899,
  "f": 7800000,
  "g": 17100000,
  "h": 8720000,
  "i": 19100000,
  "j": 7660000,
  "k": 17000000,
  "l": 8550000,
  "m": 19000000,
  "n": 147000,
  "o": 147000,
  "p": 171000,
  "q": 171000,
  "r": 200000,
  "s": 440000,
  "t": 237000,
  "u": 521000
}
