{
  "b": 18.955427169799805,
  "c": 41.554141998291016,
  "d": 26.287700653076172,
  "e": 57.63175964355469,
  "f": 201000000,
  "g": 436000000,
  "h": 294000000,
  "i": 639000000,
  "j": 197000000,
  "k": 432000000,
  "l": 289000000,
  "m": 634000000,
  "n": 3670000,
  "o": 3670000,
  "p": 4870000,
  "q": 4870000,
  "r": 52300000,
  "s": 114000000,
  "t": 78900000,
  "u": 172000000
}
