{
  "b": 18.955427169799805,
  "c": 41.554141998291016,
  "d": 26.287700653076172,
  "e": 57.63175964355469,
  "f": 200708240,
  "g": 435927904,
  "h": 293908064,
  "i": 638947008,
  "j": 197136448,
  "k": 432163072,
  "l": 289164704,
  "m": 633949376,
  "n": 3571803,
  "o": 3764829,
  "p": 4743328,
  "q": 4997592,
  "r": 52327088,
  "s": 113708960,
  "t": 78906784,
  "u": 171679744
}
