{
  "b": 12.190960884094238,
  "c": 26.24637794494629,
  "d": 18.22433853149414,
  "e": 39.24064254760742,
  "f": 129000000,
  "g": 275000000,
  "h": 203000000,
  "i": 434000000,
  "j": 127000000,
  "k": 273000000,
  "l": 200000000,
  "m": 432000000,
  "n": 2030000,
  "o": 2030000,
  "p": 2770000,
  "q": 2770000,
  "r": 45300000,
  "s": 96900000,
  "t": 73400000,
  "u": 157000000
}
