{
  "b": 12.190960884094238,
  "c": 26.24637794494629,
  "d": 18.22433853149414,
  "e": 39.24064254760742,
  "f": 128783008,
  "g": 275021856,
  "h": 203192976,
  "i": 434455840,
  "j": 126785992,
  "k": 272962336,
  "l": 200467728,
  "m": 431647072,
  "n": 1997006,
  "o": 2059505,
  "p": 2725266,
  "q": 2808798,
  "r": 45290812,
  "s": 96856880,
  "t": 73356112,
  "u": 157056096
}
