{
  "b": 68.27648162841797,
  "c": 143.30142211914062,
  "d": 89.79042053222656,
  "e": 188.4591064453125,
  "f": 721968512,
  "g": 1502554496,
  "h": 1001566080,
  "i": 2087293952,
  "j": 710075392,
  "k": 1490334848,
  "l": 987694656,
  "m": 2073050112,
  "n": 11893222,
  "o": 12219882,
  "p": 13871394,
  "q": 14243802,
  "r": 53242756,
  "s": 110781104,
  "t": 78463256,
  "u": 163514992
}
