{
  "b": 52.198585510253906,
  "c": 109.2253189086914,
  "d": 59.96822738647461,
  "e": 125.48668670654297,
  "f": 552237120,
  "g": 1145570816,
  "h": 670470080,
  "i": 1391462912,
  "j": 542865280,
  "k": 1135943296,
  "l": 659650496,
  "m": 1380353536,
  "n": 9371890,
  "o": 9627402,
  "p": 10819633,
  "q": 11109472,
  "r": 28856900,
  "s": 59878944,
  "t": 37260884,
  "u": 77369208
}
