{
  "b": 52.198585510253906,
  "c": 109.2253189086914,
  "d": 59.96822738647461,
  "e": 125.48668670654297,
  "f": 552000000,
  "g": 1150000000,
  "h": 670000000,
  "i": 1390000000,
  "j": 543000000,
  "k": 1140000000,
  "l": 660000000,
  "m": 1380000000,
  "n": 9500000,
  "o": 9500000,
  "p": 11000000,
  "q": 11000000,
  "r": 28900000,
  "s": 59900000,
  "t": 37300000,
  "u": 77400000
}
