{
  "b": 64.22908020019531,
  "c": 137.67124938964844,
  "d": 77.4107437133789,
  "e": 165.92474365234375,
  "f": 679028352,
  "g": 1443415552,
  "h": 864542592,
  "i": 1838883840,
  "j": 667982464,
  "k": 1431780992,
  "l": 851518144,
  "m": 1825172224,
  "n": 11045899,
  "o": 11634418,
  "p": 13024440,
  "q": 13711474,
  "r": 42460856,
  "s": 90253288,
  "t": 58195104,
  "u": 123799752
}
