{
  "b": 68.27648162841797,
  "c": 143.30142211914062,
  "d": 89.79042053222656,
  "e": 188.4591064453125,
  "f": 722000000,
  "g": 1500000000,
  "h": 1000000000,
  "i": 2090000000,
  "j": 710000000,
  "k": 1490000000,
  "l": 988000000,
  "m": 2070000000,
  "n": 12100000,
  "o": 12100000,
  "p": 14100000,
  "q": 14100000,
  "r": 53200000,
  "s": 111000000,
  "t": 78500000,
  "u": 164000000
}
