{
  "b": 64.22908020019531,
  "c": 137.67124938964844,
  "d": 77.4107437133789,
  "e": 165.92474365234375,
  "f": 679000000,
  "g": 1440000000,
  "h": 865000000,
  "i": 1840000000,
  "j": 668000000,
  "k": 1430000000,
  "l": 852000000,
  "m": 1830000000,
  "n": 11300000,
  "o": 11300000,
  "p": 13400000,
  "q": 13400000,
  "r": 42500000,
  "s": 90300000,
  "t": 58200000,
  "u": 124000000
}
