{
  "b": 295.3386535644531,
  "c": 614.3828735351562,
  "d": 446.396728515625,
  "e": 928.6723022460938,
  "f": 3125403392,
  "g": 6444429824,
  "h": 4977260544,
  "i": 10283457536,
  "j": 3071522048,
  "k": 6389581824,
  "l": 4910364160,
  "m": 10215395328,
  "n": 53881376,
  "o": 54847436,
  "p": 66896520,
  "q": 68062160,
  "r": 593108480,
  "s": 1223113344,
  "t": 982353536,
  "u": 2030425216
}
