{
  "b": 109.24526977539062,
  "c": 226.8515625,
  "d": 145.5978546142578,
  "e": 302.360107421875,
  "f": 1160000000,
  "g": 2380000000,
  "h": 1630000000,
  "i": 3350000000,
  "j": 1140000000,
  "k": 2360000000,
  "l": 1600000000,
  "m": 3330000000,
  "n": 19700000,
  "o": 19700000,
  "p": 24700000,
  "q": 24700000,
  "r": 87100000,
  "s": 179000000,
  "t": 126000000,
  "u": 260000000
}
