{
  "b": 338.2762451171875,
  "c": 704.9442749023438,
  "d": 456.7134094238281,
  "e": 951.7799682617188,
  "f": 3578352384,
  "g": 7392977408,
  "h": 5096921600,
  "i": 10544166912,
  "j": 3518072832,
  "k": 7331420160,
  "l": 5023847424,
  "m": 10469579776,
  "n": 60279908,
  "o": 61556672,
  "p": 73073800,
  "q": 74586976,
  "r": 716605440,
  "s": 1480660352,
  "t": 1084532992,
  "u": 2244395264
}
