{
  "b": 338.2762451171875,
  "c": 704.9442749023438,
  "d": 456.7134094238281,
  "e": 951.7799682617188,
  "f": 3580000000,
  "g": 7390000000,
  "h": 5100000000,
  "i": 10500000000,
  "j": 3520000000,
  "k": 7330000000,
  "l": 5020000000,
  "m": 10500000000,
  "n": 60900000,
  "o": 60900000,
  "p": 73800000,
  "q": 73800000,
  "r": 717000000,
  "s": 1480000000,
  "t": 1080000000,
  "u": 2240000000
}
