{
  "b": 109.24526977539062,
  "c": 226.8515625,
  "d": 145.5978546142578,
  "e": 302.360107421875,
  "f": 1155773056,
  "g": 2379055360,
  "h": 1626131584,
  "i": 3350717696,
  "j": 1136150784,
  "k": 2359256320,
  "l": 1601576320,
  "m": 3325961216,
  "n": 19622342,
  "o": 19799024,
  "p": 24555202,
  "q": 24756714,
  "r": 87105120,
  "s": 179232768,
  "t": 126089232,
  "u": 259766944
}
