{
  "b": 45.08389663696289,
  "c": 94.98892974853516,
  "d": 50.0716667175293,
  "e": 105.49807739257812,
  "f": 476726112,
  "g": 996018560,
  "h": 559761792,
  "i": 1169768704,
  "j": 468872512,
  "k": 987884864,
  "l": 550788352,
  "m": 1160478848,
  "n": 7853600,
  "o": 8133733,
  "p": 8973458,
  "q": 9289997,
  "r": 19700374,
  "s": 41151960,
  "t": 24859118,
  "u": 51951456
}
