{
  "b": 45.08389663696289,
  "c": 94.98892974853516,
  "d": 50.0716667175293,
  "e": 105.49807739257812,
  "f": 477000000,
  "g": 996000000,
  "h": 560000000,
  "i": 1170000000,
  "j": 469000000,
  "k": 988000000,
  "l": 551000000,
  "m": 1160000000,
  "n": 7990000,
  "o": 7990000,
  "p": 9130000,
  "q": 9130000,
  "r": 19700000,
  "s": 41200000,
  "t": 24900000,
  "u": 52000000
}
