{
  "b": 591.509765625,
  "c": 1185.5169677734375,
  "d": 702.2571411132812,
  "e": 1407.4698486328125,
  "f": 6260000000,
  "g": 12400000000,
  "h": 7850000000,
  "i": 15600000000,
  "j": 6150000000,
  "k": 12300000000,
  "l": 7720000000,
  "m": 15500000000,
  "n": 113000000,
  "o": 113000000,
  "p": 129000000,
  "q": 129000000,
  "r": 885000000,
  "s": 1750000000,
  "t": 1150000000,
  "u": 2280000000
}
