{
  "b": 121.94647216796875,
  "c": 257.7043762207031,
  "d": 142.58985900878906,
  "e": 301.3177185058594,
  "f": 1290000000,
  "g": 2700000000,
  "h": 1590000000,
  "i": 3340000000,
  "j": 1270000000,
  "k": 2680000000,
  "l": 1570000000,
  "m": 3310000000,
  "n": 21900000,
  "o": 21900000,
  "p": 25000000,
  "q": 25000000,
  "r": 259000000,
  "s": 543000000,
  "t": 331000000,
  "u": 693000000
}
