{
  "b": 249.58517456054688,
  "c": 519.6804809570312,
  "d": 287.6798400878906,
  "e": 598.9859619140625,
  "f": 2640000000,
  "g": 5450000000,
  "h": 3220000000,
  "i": 6640000000,
  "j": 2600000000,
  "k": 5400000000,
  "l": 3160000000,
  "m": 6590000000,
  "n": 45900000,
  "o": 45900000,
  "p": 53700000,
  "q": 53700000,
  "r": 182000000,
  "s": 375000000,
  "t": 238000000,
  "u": 492000000
}
