{
  "b": 249.58517456054688,
  "c": 519.6804809570312,
  "d": 287.6798400878906,
  "e": 598.9859619140625,
  "f": 2640770560,
  "g": 5451342336,
  "h": 3217239040,
  "i": 6643467776,
  "j": 2595685888,
  "k": 5404677120,
  "l": 3164478208,
  "m": 6588845568,
  "n": 45084844,
  "o": 46664676,
  "p": 52760948,
  "q": 54623020,
  "r": 181940784,
  "s": 374897728,
  "t": 238425232,
  "u": 491661408
}
