{
  "b": 852.3763427734375,
  "c": 1693.42919921875,
  "d": 1004.6195678710938,
  "e": 1995.92919921875,
  "f": 9040000000,
  "g": 17800000000,
  "h": 11200000000,
  "i": 22200000000,
  "j": 8860000000,
  "k": 17600000000,
  "l": 11100000000,
  "m": 22000000000,
  "n": 177000000,
  "o": 177000000,
  "p": 200000000,
  "q": 200000000,
  "r": 1640000000,
  "s": 3210000000,
  "t": 2100000000,
  "u": 4130000000
}
