{
  "b": 515.0469360351562,
  "c": 1033.4381103515625,
  "d": 684.4737548828125,
  "e": 1373.403564453125,
  "f": 5450000000,
  "g": 10800000000,
  "h": 7650000000,
  "i": 15200000000,
  "j": 5360000000,
  "k": 10700000000,
  "l": 7530000000,
  "m": 15100000000,
  "n": 97700000,
  "o": 97700000,
  "p": 116000000,
  "q": 116000000,
  "r": 456000000,
  "s": 905000000,
  "t": 674000000,
  "u": 1340000000
}
