{
  "b": 515.0469360351562,
  "c": 1033.4381103515625,
  "d": 684.4737548828125,
  "e": 1373.403564453125,
  "f": 5454095360,
  "g": 10845629440,
  "h": 7645070848,
  "i": 15223641088,
  "j": 5356488192,
  "k": 10747756544,
  "l": 7529211392,
  "m": 15107438592,
  "n": 97606992,
  "o": 97871856,
  "p": 115858672,
  "q": 116202184,
  "r": 455518016,
  "s": 904981056,
  "t": 673619840,
  "u": 1340633984
}
