{
  "b": 852.3763427734375,
  "c": 1693.42919921875,
  "d": 1004.6195678710938,
  "e": 1995.92919921875,
  "f": 9040349184,
  "g": 17789433856,
  "h": 11249733632,
  "i": 22156722176,
  "j": 8864713728,
  "k": 17611663360,
  "l": 11050815488,
  "m": 21955221504,
  "n": 175634160,
  "o": 177770144,
  "p": 198918800,
  "q": 201501408,
  "r": 1635736192,
  "s": 3211214080,
  "t": 2102929536,
  "u": 4134134016
}
