{
  "b": 197.42767333984375,
  "c": 411.4171142578125,
  "d": 222.28819274902344,
  "e": 463.208251953125,
  "f": 2088295808,
  "g": 4314941952,
  "h": 2485896192,
  "i": 5137364480,
  "j": 2053247744,
  "k": 4278737920,
  "l": 2445170176,
  "m": 5095290880,
  "n": 35047884,
  "o": 36203744,
  "p": 40726144,
  "q": 42073364,
  "r": 149643712,
  "s": 308866976,
  "t": 193263952,
  "u": 399098144
}
