{
  "b": 197.42767333984375,
  "c": 411.4171142578125,
  "d": 222.28819274902344,
  "e": 463.208251953125,
  "f": 2090000000,
  "g": 4310000000,
  "h": 2490000000,
  "i": 5140000000,
  "j": 2050000000,
  "k": 4280000000,
  "l": 2450000000,
  "m": 5100000000,
  "n": 35600000,
  "o": 35600000,
  "p": 41400000,
  "q": 41400000,
  "r": 150000000,
  "s": 309000000,
  "t": 193000000,
  "u": 399000000
}
