{
  "b": 527.98828125,
  "c": 1006.2428588867188,
  "d": 595.17431640625,
  "e": 1134.3294677734375,
  "f": 5608393216,
  "g": 10580820992,
  "h": 6683446272,
  "i": 12612610048,
  "j": 5491078144,
  "k": 10464925696,
  "l": 6546917376,
  "m": 12477624320,
  "n": 117315872,
  "o": 115894816,
  "p": 136528720,
  "q": 134986448,
  "r": 960202752,
  "s": 1809330432,
  "t": 1174996736,
  "u": 2215391744
}
