{
  "b": 906.690185546875,
  "c": 1709.4022216796875,
  "d": 1001.5535278320312,
  "e": 1888.2921142578125,
  "f": 9620000000,
  "g": 18000000000,
  "h": 11200000000,
  "i": 21000000000,
  "j": 9430000000,
  "k": 17800000000,
  "l": 11000000000,
  "m": 20800000000,
  "n": 190000000,
  "o": 190000000,
  "p": 215000000,
  "q": 215000000,
  "r": 1490000000,
  "s": 2780000000,
  "t": 1780000000,
  "u": 3310000000
}
