{
  "b": 372.08892822265625,
  "c": 744.0955200195312,
  "d": 524.237060546875,
  "e": 1048.347412109375,
  "f": 3940357376,
  "g": 7809174528,
  "h": 5854418432,
  "i": 11619593216,
  "j": 3869724928,
  "k": 7738593280,
  "l": 5766607872,
  "m": 11531822080,
  "n": 70632824,
  "o": 70581528,
  "p": 87811088,
  "q": 87771144,
  "r": 496892672,
  "s": 983657344,
  "t": 792466304,
  "u": 1571522560
}
