{
  "b": 104.27394104003906,
  "c": 213.7936248779297,
  "d": 147.80484008789062,
  "e": 303.0348815917969,
  "f": 1103899776,
  "g": 2243375616,
  "h": 1649229312,
  "i": 3357335552,
  "j": 1084449024,
  "k": 2223453696,
  "l": 1625853312,
  "m": 3333383680,
  "n": 19450782,
  "o": 19921800,
  "p": 23375924,
  "q": 23951832,
  "r": 57838936,
  "s": 117397840,
  "t": 93192320,
  "u": 189588608
}
