{
  "b": 310.5411071777344,
  "c": 627.8339233398438,
  "d": 362.56805419921875,
  "e": 733.0076904296875,
  "f": 3289050880,
  "g": 6589583360,
  "h": 4056731392,
  "i": 8132385792,
  "j": 3229627392,
  "k": 6529473024,
  "l": 3988248576,
  "m": 8063084544,
  "n": 59423300,
  "o": 60110484,
  "p": 68483040,
  "q": 69301624,
  "r": 562345344,
  "s": 1124746752,
  "t": 706407808,
  "u": 1414309504
}
