{
  "b": 702.5535278320312,
  "c": 1464.677734375,
  "d": 891.2235107421875,
  "e": 1857.961181640625,
  "f": 7440000000,
  "g": 15400000000,
  "h": 9960000000,
  "i": 20600000000,
  "j": 7310000000,
  "k": 15200000000,
  "l": 9800000000,
  "m": 20400000000,
  "n": 133000000,
  "o": 133000000,
  "p": 164000000,
  "q": 164000000,
  "r": 688000000,
  "s": 1420000000,
  "t": 988000000,
  "u": 2040000000
}
