{
  "b": 632.9127197265625,
  "c": 1286.8504638671875,
  "d": 824.22802734375,
  "e": 1675.7860107421875,
  "f": 6710000000,
  "g": 13500000000,
  "h": 9220000000,
  "i": 18600000000,
  "j": 6580000000,
  "k": 13400000000,
  "l": 9070000000,
  "m": 18400000000,
  "n": 129000000,
  "o": 129000000,
  "p": 152000000,
  "q": 152000000,
  "r": 637000000,
  "s": 1280000000,
  "t": 921000000,
  "u": 1850000000
}
