{
  "b": 702.5535278320312,
  "c": 1464.677734375,
  "d": 891.2235107421875,
  "e": 1857.961181640625,
  "f": 7436738048,
  "g": 15367793664,
  "h": 9964852224,
  "i": 20605167616,
  "j": 7306556928,
  "k": 15232648192,
  "l": 9803458560,
  "m": 20437573632,
  "n": 130181232,
  "o": 135146224,
  "p": 161394240,
  "q": 167594512,
  "r": 687738048,
  "s": 1417169536,
  "t": 987558784,
  "u": 2037292160
}
