{
  "b": 396.5022888183594,
  "c": 821.1985473632812,
  "d": 508.3822021484375,
  "e": 1052.895751953125,
  "f": 4199709952,
  "g": 8619254784,
  "h": 5680386560,
  "i": 11673216000,
  "j": 4123623936,
  "k": 8540464640,
  "l": 5592204288,
  "m": 11581853696,
  "n": 76085800,
  "o": 78789880,
  "p": 88181376,
  "q": 91362488,
  "r": 393285248,
  "s": 804927040,
  "t": 567696960,
  "u": 1164182144
}
