{
  "b": 632.9127197265625,
  "c": 1286.8504638671875,
  "d": 824.22802734375,
  "e": 1675.7860107421875,
  "f": 6710197248,
  "g": 13513808896,
  "h": 9216907264,
  "i": 18587242496,
  "j": 6582292480,
  "k": 13383244800,
  "l": 9066508288,
  "m": 18433646592,
  "n": 127904320,
  "o": 130563488,
  "p": 150398272,
  "q": 153596704,
  "r": 636610560,
  "s": 1279120896,
  "t": 921182144,
  "u": 1854655488
}
