{
  "b": 718.9633178710938,
  "c": 1438.2373046875,
  "d": 917.5744018554688,
  "e": 1835.5296630859375,
  "f": 7620000000,
  "g": 15100000000,
  "h": 10300000000,
  "i": 20400000000,
  "j": 7480000000,
  "k": 15000000000,
  "l": 10100000000,
  "m": 20200000000,
  "n": 145000000,
  "o": 145000000,
  "p": 173000000,
  "q": 173000000,
  "r": 1080000000,
  "s": 2140000000,
  "t": 1530000000,
  "u": 3020000000
}
