{
  "b": 310.5411071777344,
  "c": 627.8339233398438,
  "d": 362.56805419921875,
  "e": 733.0076904296875,
  "f": 3290000000,
  "g": 6590000000,
  "h": 4060000000,
  "i": 8130000000,
  "j": 3230000000,
  "k": 6530000000,
  "l": 3990000000,
  "m": 8060000000,
  "n": 59800000,
  "o": 59800000,
  "p": 68900000,
  "q": 68900000,
  "r": 562000000,
  "s": 1120000000,
  "t": 706000000,
  "u": 1410000000
}
