{
  "b": 467.9346618652344,
  "c": 917.7247314453125,
  "d": 528.6524047851562,
  "e": 1036.8345947265625,
  "f": 4960000000,
  "g": 9640000000,
  "h": 5930000000,
  "i": 11500000000,
  "j": 4870000000,
  "k": 9540000000,
  "l": 5820000000,
  "m": 11400000000,
  "n": 96600000,
  "o": 96600000,
  "p": 111000000,
  "q": 111000000,
  "r": 518000000,
  "s": 1000000000,
  "t": 644000000,
  "u": 1250000000
}
