{
  "b": 308.2156677246094,
  "c": 615.6451416015625,
  "d": 396.5845947265625,
  "e": 792.1544189453125,
  "f": 3266695680,
  "g": 6464259584,
  "h": 4436027392,
  "i": 8787691520,
  "j": 3205443072,
  "k": 6402709504,
  "l": 4362430464,
  "m": 8713698304,
  "n": 61252516,
  "o": 61549688,
  "p": 73597072,
  "q": 73993440,
  "r": 228598144,
  "s": 451516800,
  "t": 327970944,
  "u": 648859648
}
