{
  "b": 308.2156677246094,
  "c": 615.6451416015625,
  "d": 396.5845947265625,
  "e": 792.1544189453125,
  "f": 3270000000,
  "g": 6460000000,
  "h": 4440000000,
  "i": 8790000000,
  "j": 3210000000,
  "k": 6400000000,
  "l": 4360000000,
  "m": 8710000000,
  "n": 61400000,
  "o": 61400000,
  "p": 73800000,
  "q": 73800000,
  "r": 229000000,
  "s": 452000000,
  "t": 328000000,
  "u": 649000000
}
