{
  "b": 467.9346618652344,
  "c": 917.7247314453125,
  "d": 528.6524047851562,
  "e": 1036.8345947265625,
  "f": 4963288064,
  "g": 9640773632,
  "h": 5926288896,
  "i": 11515991040,
  "j": 4866520576,
  "k": 9544337408,
  "l": 5815176192,
  "m": 11405180928,
  "n": 96767296,
  "o": 96436168,
  "p": 111112728,
  "q": 110810824,
  "r": 517981728,
  "s": 1004360896,
  "t": 644303104,
  "u": 1250342912
}
