{
  "b": 96.2647705078125,
  "c": 194.92074584960938,
  "d": 118.0400161743164,
  "e": 239.00848388671875,
  "f": 1020000000,
  "g": 2040000000,
  "h": 1320000000,
  "i": 2650000000,
  "j": 1000000000,
  "k": 2030000000,
  "l": 1300000000,
  "m": 2630000000,
  "n": 17700000,
  "o": 17700000,
  "p": 20300000,
  "q": 20300000,
  "r": 47100000,
  "s": 94500000,
  "t": 63600000,
  "u": 128000000
}
