{
  "b": 622.6337280273438,
  "c": 1187.74365234375,
  "d": 719.2770385742188,
  "e": 1372.118896484375,
  "f": 6605739008,
  "g": 12480065536,
  "h": 8060839936,
  "i": 15238981632,
  "j": 6475390976,
  "k": 12352534528,
  "l": 7912047104,
  "m": 15093308416,
  "n": 130348104,
  "o": 127529920,
  "p": 148792992,
  "q": 145672640,
  "r": 1342662144,
  "s": 2534124032,
  "t": 1679331840,
  "u": 3172461056
}
