{
  "b": 622.6337280273438,
  "c": 1187.74365234375,
  "d": 719.2770385742188,
  "e": 1372.118896484375,
  "f": 6610000000,
  "g": 12500000000,
  "h": 8060000000,
  "i": 15200000000,
  "j": 6480000000,
  "k": 12400000000,
  "l": 7910000000,
  "m": 15100000000,
  "n": 129000000,
  "o": 129000000,
  "p": 147000000,
  "q": 147000000,
  "r": 1340000000,
  "s": 2530000000,
  "t": 1680000000,
  "u": 3170000000
}
