{
  "b": 128.68394470214844,
  "c": 265.53070068359375,
  "d": 178.79188537597656,
  "e": 368.9195861816406,
  "f": 1362414080,
  "g": 2786340864,
  "h": 1995283200,
  "i": 4087555072,
  "j": 1338312960,
  "k": 2761519360,
  "l": 1966710656,
  "m": 4058115584,
  "n": 24101104,
  "o": 24821560,
  "p": 28572214,
  "q": 29439846,
  "r": 81415112,
  "s": 166413296,
  "t": 130368664,
  "u": 267059456
}
