{
  "b": 120.53553009033203,
  "c": 242.8059844970703,
  "d": 162.1798095703125,
  "e": 326.6878662109375,
  "f": 1275905920,
  "g": 2547696640,
  "h": 1810255616,
  "i": 3620065024,
  "j": 1253569536,
  "k": 2525182208,
  "l": 1783977984,
  "m": 3593566464,
  "n": 22336404,
  "o": 22514622,
  "p": 26277634,
  "q": 26498498,
  "r": 65030360,
  "s": 129697272,
  "t": 100037976,
  "u": 199915904
}
