{
  "b": 63.92314910888672,
  "c": 131.8734130859375,
  "d": 88.36609649658203,
  "e": 182.29029846191406,
  "f": 678000000,
  "g": 1390000000,
  "h": 990000000,
  "i": 2020000000,
  "j": 665000000,
  "k": 1370000000,
  "l": 972000000,
  "m": 2010000000,
  "n": 13600000,
  "o": 13600000,
  "p": 17700000,
  "q": 17700000,
  "r": 280000000,
  "s": 572000000,
  "t": 415000000,
  "u": 848000000
}
