{
  "b": 1.6116632223129272,
  "c": 3.5026423931121826,
  "d": 2.177203416824341,
  "e": 4.731208324432373,
  "f": 17085924,
  "g": 36771160,
  "h": 24365028,
  "i": 52483444,
  "j": 16761298,
  "k": 36427480,
  "l": 23949238,
  "m": 52043292,
  "n": 324626,
  "o": 343683,
  "p": 415793,
  "q": 440154,
  "r": 489901,
  "s": 1050365,
  "t": 705398,
  "u": 1514537
}
