{
  "b": 0.17955271899700165,
  "c": 0.3941119313240051,
  "d": 0.2247360646724701,
  "e": 0.49322646856307983,
  "f": 1900000,
  "g": 4140000,
  "h": 2520000,
  "i": 5480000,
  "j": 1870000,
  "k": 4100000,
  "l": 2470000,
  "m": 5430000,
  "n": 37900,
  "o": 37900,
  "p": 48200,
  "q": 48200,
  "r": 37800,
  "s": 82100,
  "t": 52500,
  "u": 114000
}
