{
  "b": 5.359623908996582,
  "c": 11.583248138427734,
  "d": 6.8400139808654785,
  "e": 14.781157493591309,
  "f": 56750912,
  "g": 121528208,
  "h": 76533064,
  "i": 163951408,
  "j": 55740088,
  "k": 120465776,
  "l": 75240152,
  "m": 162592736,
  "n": 1010827,
  "o": 1062426,
  "p": 1292913,
  "q": 1358657,
  "r": 1369076,
  "s": 2921553,
  "t": 1918188,
  "u": 4096371
}
