{
  "b": 5.359623908996582,
  "c": 11.583248138427734,
  "d": 6.8400139808654785,
  "e": 14.781157493591309,
  "f": 56800000,
  "g": 122000000,
  "h": 76500000,
  "i": 164000000,
  "j": 55700000,
  "k": 120000000,
  "l": 75200000,
  "m": 163000000,
  "n": 1040000,
  "o": 1040000,
  "p": 1330000,
  "q": 1330000,
  "r": 1370000,
  "s": 2920000,
  "t": 1920000,
  "u": 4100000
}
