{
  "b": 1.053843379020691,
  "c": 2.2990314960479736,
  "d": 1.2155321836471558,
  "e": 2.6514675617218018,
  "f": 11163458,
  "g": 24126330,
  "h": 13606049,
  "i": 29416256,
  "j": 10959971,
  "k": 23909928,
  "l": 13370854,
  "m": 29166144,
  "n": 203487,
  "o": 216399,
  "p": 235194,
  "q": 250113,
  "r": 410129,
  "s": 884331,
  "t": 511781,
  "u": 1104641
}
