{
  "b": 63.92314910888672,
  "c": 131.8734130859375,
  "d": 88.36609649658203,
  "e": 182.29029846191406,
  "f": 678340864,
  "g": 1385100800,
  "h": 989645888,
  "i": 2022911360,
  "j": 664800768,
  "k": 1371483520,
  "l": 972027072,
  "m": 2005193216,
  "n": 13540015,
  "o": 13617316,
  "p": 17618902,
  "q": 17718384,
  "r": 280245600,
  "s": 571579392,
  "t": 415274272,
  "u": 848177280
}
