{
  "b": 2.5647337436676025,
  "c": 5.500827789306641,
  "d": 2.8489062786102295,
  "e": 6.109147071838379,
  "f": 27200000,
  "g": 57700000,
  "h": 31900000,
  "i": 67800000,
  "j": 26700000,
  "k": 57200000,
  "l": 31300000,
  "m": 67200000,
  "n": 508000,
  "o": 508000,
  "p": 608000,
  "q": 608000,
  "r": 981000,
  "s": 2080000,
  "t": 1220000,
  "u": 2590000
}
