{
  "b": 0.17955271899700165,
  "c": 0.3941119313240051,
  "d": 0.2247360646724701,
  "e": 0.49322646856307983,
  "f": 1903909,
  "g": 4138093,
  "h": 2518520,
  "i": 5475426,
  "j": 1867348,
  "k": 4098764,
  "l": 2472097,
  "m": 5425491,
  "n": 36561,
  "o": 39329,
  "p": 46423,
  "q": 49935,
  "r": 37754,
  "s": 82103,
  "t": 52548,
  "u": 114343
}
