{
  "b": 2.5647337436676025,
  "c": 5.500827789306641,
  "d": 2.8489062786102295,
  "e": 6.109147071838379,
  "f": 27170348,
  "g": 57727064,
  "h": 31933180,
  "i": 67821328,
  "j": 26673232,
  "k": 57208608,
  "l": 31337968,
  "m": 67200616,
  "n": 497119,
  "o": 518452,
  "p": 595213,
  "q": 620710,
  "r": 981391,
  "s": 2079461,
  "t": 1221034,
  "u": 2587458
}
