{
  "b": 1.6116632223129272,
  "c": 3.5026423931121826,
  "d": 2.177203416824341,
  "e": 4.731208324432373,
  "f": 17100000,
  "g": 36800000,
  "h": 24400000,
  "i": 52500000,
  "j": 16800000,
  "k": 36400000,
  "l": 23900000,
  "m": 52000000,
  "n": 334000,
  "o": 334000,
  "p": 428000,
  "q": 428000,
  "r": 490000,
  "s": 1050000,
  "t": 705000,
  "u": 1510000
}
