{
  "b": 1.7525672912597656,
  "c": 3.807180404663086,
  "d": 2.1580474376678467,
  "e": 4.687746047973633,
  "f": 18600000,
  "g": 40000000,
  "h": 24200000,
  "i": 52000000,
  "j": 18200000,
  "k": 39600000,
  "l": 23700000,
  "m": 51600000,
  "n": 355000,
  "o": 355000,
  "p": 426000,
  "q": 426000,
  "r": 1620000,
  "s": 3490000,
  "t": 2130000,
  "u": 4590000
}
