{
  "b": 5.771546363830566,
  "c": 12.40711498260498,
  "d": 7.209997653961182,
  "e": 15.498337745666504,
  "f": 61086016,
  "g": 130144144,
  "h": 80650264,
  "i": 171882592,
  "j": 60024084,
  "k": 129034000,
  "l": 79309976,
  "m": 170481712,
  "n": 1061936,
  "o": 1110156,
  "p": 1340291,
  "q": 1400887,
  "r": 12611766,
  "s": 26930924,
  "t": 17389014,
  "u": 37149368
}
