{
  "b": 0.21586139500141144,
  "c": 0.46766215562820435,
  "d": 0.23390205204486847,
  "e": 0.5066477060317993,
  "f": 2290000,
  "g": 4910000,
  "h": 2620000,
  "i": 5630000,
  "j": 2240000,
  "k": 4860000,
  "l": 2570000,
  "m": 5570000,
  "n": 43900,
  "o": 43900,
  "p": 51600,
  "q": 51600,
  "r": 72300,
  "s": 154000,
  "t": 84000,
  "u": 179000
}
