{
  "b": 0.1684582680463791,
  "c": 0.36614927649497986,
  "d": 0.17432115972042084,
  "e": 0.3788251280784607,
  "f": 1784802,
  "g": 3842798,
  "h": 1953351,
  "i": 4205090,
  "j": 1751966,
  "k": 3807953,
  "l": 1917533,
  "m": 4167077,
  "n": 32836,
  "o": 34845,
  "p": 35818,
  "q": 38013,
  "r": 30921,
  "s": 66113,
  "t": 35853,
  "u": 76668
}
