{
  "b": 9.979893684387207,
  "c": 21.394804000854492,
  "d": 15.11697006225586,
  "e": 32.40501403808594,
  "f": 106000000,
  "g": 225000000,
  "h": 169000000,
  "i": 360000000,
  "j": 104000000,
  "k": 223000000,
  "l": 166000000,
  "m": 356000000,
  "n": 2120000,
  "o": 2120000,
  "p": 3010000,
  "q": 3010000,
  "r": 17900000,
  "s": 37800000,
  "t": 29200000,
  "u": 61900000
}
