{
  "b": 9.979893684387207,
  "c": 21.394804000854492,
  "d": 15.11697006225586,
  "e": 32.40501403808594,
  "f": 105870944,
  "g": 224666960,
  "h": 169238096,
  "i": 359520736,
  "j": 103790896,
  "k": 222505968,
  "l": 166286672,
  "m": 356455168,
  "n": 2080035,
  "o": 2161005,
  "p": 2951414,
  "q": 3065630,
  "r": 17863406,
  "s": 37798544,
  "t": 29186076,
  "u": 61854508
}
