{
  "b": 1.7525672912597656,
  "c": 3.807180404663086,
  "d": 2.1580474376678467,
  "e": 4.687746047973633,
  "f": 18571204,
  "g": 39960688,
  "h": 24152104,
  "i": 52004612,
  "j": 18226700,
  "k": 39594676,
  "l": 23738522,
  "m": 51565208,
  "n": 344502,
  "o": 366015,
  "p": 413585,
  "q": 439400,
  "r": 1619626,
  "s": 3486486,
  "t": 2128748,
  "u": 4587258
}
