{
  "b": 0.1684582680463791,
  "c": 0.36614927649497986,
  "d": 0.17432115972042084,
  "e": 0.3788251280784607,
  "f": 1780000,
  "g": 3840000,
  "h": 1950000,
  "i": 4210000,
  "j": 1750000,
  "k": 3810000,
  "l": 1920000,
  "m": 4170000,
  "n": 33800,
  "o": 33800,
  "p": 36900,
  "q": 36900,
  "r": 30900,
  "s": 66100,
  "t": 35900,
  "u": 76700
}
