{
  "b": 1.4009970426559448,
  "c": 2.9598422050476074,
  "d": 2.0544331073760986,
  "e": 4.340001583099365,
  "f": 14800000,
  "g": 31100000,
  "h": 22900000,
  "i": 48100000,
  "j": 14600000,
  "k": 30800000,
  "l": 22600000,
  "m": 47700000,
  "n": 280000,
  "o": 280000,
  "p": 337000,
  "q": 337000,
  "r": 892000,
  "s": 1870000,
  "t": 1430000,
  "u": 3000000
}
