{
  "b": 5.657460689544678,
  "c": 12.13894271850586,
  "d": 6.774648666381836,
  "e": 14.534686088562012,
  "f": 59885252,
  "g": 127335792,
  "h": 75842928,
  "i": 161257440,
  "j": 58837592,
  "k": 126245008,
  "l": 74521136,
  "m": 159881552,
  "n": 1047661,
  "o": 1090771,
  "p": 1321793,
  "q": 1375885,
  "r": 13996049,
  "s": 29812736,
  "t": 18153454,
  "u": 38675992
}
