{
  "b": 0.26346972584724426,
  "c": 0.5705319046974182,
  "d": 0.30205100774765015,
  "e": 0.6540495157241821,
  "f": 2790000,
  "g": 5990000,
  "h": 3390000,
  "i": 7260000,
  "j": 2740000,
  "k": 5930000,
  "l": 3320000,
  "m": 7190000,
  "n": 53700,
  "o": 53700,
  "p": 64600,
  "q": 64600,
  "r": 91100,
  "s": 195000,
  "t": 112000,
  "u": 239000
}
