{
  "b": 0.26346972584724426,
  "c": 0.5705319046974182,
  "d": 0.30205100774765015,
  "e": 0.6540495157241821,
  "f": 2792349,
  "g": 5988720,
  "h": 3385369,
  "i": 7260866,
  "j": 2740085,
  "k": 5933532,
  "l": 3322561,
  "m": 7194545,
  "n": 52263,
  "o": 55188,
  "p": 62808,
  "q": 66321,
  "r": 91110,
  "s": 195071,
  "t": 111503,
  "u": 238834
}
