{
  "b": 0.019810840487480164,
  "c": 0.042453546077013016,
  "d": 0.019503284245729446,
  "e": 0.04178730770945549,
  "f": 209918,
  "g": 445566,
  "h": 218498,
  "i": 463789,
  "j": 206033,
  "k": 441517,
  "l": 214536,
  "m": 459660,
  "n": 3885,
  "o": 4049,
  "p": 3962,
  "q": 4129,
  "r": 1466,
  "s": 3116,
  "t": 1638,
  "u": 3484
}
