{
  "b": 1.9637531042099,
  "c": 4.208317756652832,
  "d": 2.357024908065796,
  "e": 5.050849437713623,
  "f": 20800000,
  "g": 44200000,
  "h": 26400000,
  "i": 56100000,
  "j": 20400000,
  "k": 43800000,
  "l": 25900000,
  "m": 55600000,
  "n": 395000,
  "o": 395000,
  "p": 520000,
  "q": 520000,
  "r": 967000,
  "s": 2050000,
  "t": 1230000,
  "u": 2590000
}
