{
  "b": 5.657460689544678,
  "c": 12.13894271850586,
  "d": 6.774648666381836,
  "e": 14.534686088562012,
  "f": 59900000,
  "g": 127000000,
  "h": 75800000,
  "i": 161000000,
  "j": 58800000,
  "k": 126000000,
  "l": 74500000,
  "m": 160000000,
  "n": 1070000,
  "o": 1070000,
  "p": 1350000,
  "q": 1350000,
  "r": 14000000,
  "s": 29800000,
  "t": 18200000,
  "u": 38700000
}
