{
  "b": 1.383818507194519,
  "c": 2.9943530559539795,
  "d": 1.8181730508804321,
  "e": 3.9336912631988525,
  "f": 14664480,
  "g": 31429492,
  "h": 20354108,
  "i": 43644868,
  "j": 14391712,
  "k": 31141272,
  "l": 19999904,
  "m": 43270604,
  "n": 272768,
  "o": 288221,
  "p": 354203,
  "q": 374264,
  "r": 384493,
  "s": 822338,
  "t": 553526,
  "u": 1184947
}
