{
  "b": 0.7401471138000488,
  "c": 1.6139709949493408,
  "d": 0.7543806433677673,
  "e": 1.6447341442108154,
  "f": 7840000,
  "g": 16900000,
  "h": 8450000,
  "i": 18300000,
  "j": 7700000,
  "k": 16800000,
  "l": 8300000,
  "m": 18100000,
  "n": 147000,
  "o": 147000,
  "p": 161000,
  "q": 161000,
  "r": 151000,
  "s": 325000,
  "t": 166000,
  "u": 358000
}
