{
  "b": 2.410691022872925,
  "c": 5.222815990447998,
  "d": 2.8680081367492676,
  "e": 6.212763786315918,
  "f": 25600000,
  "g": 54800000,
  "h": 32100000,
  "i": 69000000,
  "j": 25100000,
  "k": 54300000,
  "l": 31500000,
  "m": 68300000,
  "n": 492000,
  "o": 492000,
  "p": 614000,
  "q": 614000,
  "r": 846000,
  "s": 1810000,
  "t": 1080000,
  "u": 2310000
}
