{
  "b": 0.7401471138000488,
  "c": 1.6139709949493408,
  "d": 0.7543806433677673,
  "e": 1.6447341442108154,
  "f": 7840429,
  "g": 16937316,
  "h": 8453772,
  "i": 18257600,
  "j": 7697530,
  "k": 16785298,
  "l": 8298187,
  "m": 18092076,
  "n": 142899,
  "o": 152017,
  "p": 155586,
  "q": 165524,
  "r": 150586,
  "s": 324623,
  "t": 166209,
  "u": 358436
}
