{
  "b": 0.3243511915206909,
  "c": 0.7026131749153137,
  "d": 0.38713377714157104,
  "e": 0.8385151028633118,
  "f": 3436352,
  "g": 7373814,
  "h": 4332007,
  "i": 9301324,
  "j": 3373252,
  "k": 7307177,
  "l": 4258472,
  "m": 9223666,
  "n": 63100,
  "o": 66637,
  "p": 73535,
  "q": 77658,
  "r": 85269,
  "s": 182696,
  "t": 108547,
  "u": 232852
}
