{
  "b": 2.9303512573242188,
  "c": 6.402114391326904,
  "d": 3.5226731300354004,
  "e": 7.695102691650391,
  "f": 31100000,
  "g": 67200000,
  "h": 39400000,
  "i": 85400000,
  "j": 30500000,
  "k": 66600000,
  "l": 38700000,
  "m": 84600000,
  "n": 601000,
  "o": 601000,
  "p": 722000,
  "q": 722000,
  "r": 924000,
  "s": 1990000,
  "t": 1210000,
  "u": 2610000
}
