{
  "b": 3.4727795124053955,
  "c": 7.486706733703613,
  "d": 4.616968154907227,
  "e": 9.952716827392578,
  "f": 36828676,
  "g": 78605080,
  "h": 51713856,
  "i": 110447848,
  "j": 36116908,
  "k": 77861752,
  "l": 50786652,
  "m": 109479880,
  "n": 711769,
  "o": 743325,
  "p": 927204,
  "q": 967967,
  "r": 3314981,
  "s": 7079040,
  "t": 4635273,
  "u": 9908910
}
