{
  "b": 2.410691022872925,
  "c": 5.222815990447998,
  "d": 2.8680081367492676,
  "e": 6.212763786315918,
  "f": 25550792,
  "g": 54821768,
  "h": 32146582,
  "i": 68969824,
  "j": 25071186,
  "k": 54317284,
  "l": 31548090,
  "m": 68340400,
  "n": 479605,
  "o": 504486,
  "p": 598494,
  "q": 629412,
  "r": 845933,
  "s": 1809665,
  "t": 1079068,
  "u": 2309734
}
