{
  "b": 3.4727795124053955,
  "c": 7.486706733703613,
  "d": 4.616968154907227,
  "e": 9.952716827392578,
  "f": 36800000,
  "g": 78600000,
  "h": 51700000,
  "i": 110000000,
  "j": 36100000,
  "k": 77900000,
  "l": 50800000,
  "m": 109000000,
  "n": 728000,
  "o": 728000,
  "p": 948000,
  "q": 948000,
  "r": 3310000,
  "s": 7080000,
  "t": 4640000,
  "u": 9910000
}
