{
  "b": 0.3243511915206909,
  "c": 0.7026131749153137,
  "d": 0.38713377714157104,
  "e": 0.8385151028633118,
  "f": 3440000,
  "g": 7370000,
  "h": 4330000,
  "i": 9300000,
  "j": 3370000,
  "k": 7310000,
  "l": 4260000,
  "m": 9220000,
  "n": 64900,
  "o": 64900,
  "p": 75600,
  "q": 75600,
  "r": 85300,
  "s": 183000,
  "t": 109000,
  "u": 233000
}
