{
  "b": 1.8171075582504272,
  "c": 3.9425456523895264,
  "d": 2.1060338020324707,
  "e": 4.568684101104736,
  "f": 19252998,
  "g": 41377728,
  "h": 23589422,
  "i": 50702608,
  "j": 18897918,
  "k": 41002476,
  "l": 23166372,
  "m": 50255524,
  "n": 355081,
  "o": 375254,
  "p": 423052,
  "q": 447083,
  "r": 558691,
  "s": 1197985,
  "t": 697848,
  "u": 1497557
}
