{
  "b": 6.052177906036377,
  "c": 13.101335525512695,
  "d": 8.837817192077637,
  "e": 19.129486083984375,
  "f": 64170896,
  "g": 137542208,
  "h": 98805576,
  "i": 212091072,
  "j": 62942648,
  "k": 136253888,
  "l": 97215984,
  "m": 210424352,
  "n": 1228245,
  "o": 1288326,
  "p": 1589592,
  "q": 1666728,
  "r": 6240265,
  "s": 13308137,
  "t": 12392846,
  "u": 26520356
}
