{
  "b": 8.877799987792969,
  "c": 19.054344177246094,
  "d": 16.15908432006836,
  "e": 34.678138732910156,
  "f": 94117904,
  "g": 200029296,
  "h": 180389968,
  "i": 384210240,
  "j": 92329120,
  "k": 198165184,
  "l": 177749920,
  "m": 381459520,
  "n": 1788790,
  "o": 1864112,
  "p": 2640053,
  "q": 2750742,
  "r": 9115668,
  "s": 19346174,
  "t": 18276814,
  "u": 38886052
}
