{
  "b": 6.052177906036377,
  "c": 13.101335525512695,
  "d": 8.837817192077637,
  "e": 19.129486083984375,
  "f": 64200000,
  "g": 138000000,
  "h": 98800000,
  "i": 212000000,
  "j": 62900000,
  "k": 136000000,
  "l": 97200000,
  "m": 210000000,
  "n": 1260000,
  "o": 1260000,
  "p": 1630000,
  "q": 1630000,
  "r": 6240000,
  "s": 13300000,
  "t": 12400000,
  "u": 26500000
}
