{
  "b": 10.27947998046875,
  "c": 21.870710372924805,
  "d": 15.637870788574219,
  "e": 33.26773452758789,
  "f": 108967448,
  "g": 229587232,
  "h": 174824240,
  "i": 368849024,
  "j": 106906592,
  "k": 227455392,
  "l": 172016576,
  "m": 365945088,
  "n": 2060857,
  "o": 2131855,
  "p": 2807652,
  "q": 2903992,
  "r": 15922505,
  "s": 33486334,
  "t": 26067482,
  "u": 54927264
}
