{
  "b": 8.877799987792969,
  "c": 19.054344177246094,
  "d": 16.15908432006836,
  "e": 34.678138732910156,
  "f": 94100000,
  "g": 200000000,
  "h": 180000000,
  "i": 384000000,
  "j": 92300000,
  "k": 198000000,
  "l": 178000000,
  "m": 381000000,
  "n": 1830000,
  "o": 1830000,
  "p": 2700000,
  "q": 2700000,
  "r": 9120000,
  "s": 19300000,
  "t": 18300000,
  "u": 38900000
}
