{
  "b": 1.8171075582504272,
  "c": 3.9425456523895264,
  "d": 2.1060338020324707,
  "e": 4.568684101104736,
  "f": 19300000,
  "g": 41400000,
  "h": 23600000,
  "i": 50700000,
  "j": 18900000,
  "k": 41000000,
  "l": 23200000,
  "m": 50300000,
  "n": 365000,
  "o": 365000,
  "p": 435000,
  "q": 435000,
  "r": 559000,
  "s": 1200000,
  "t": 698000,
  "u": 1500000
}
