{
  "b": 1.302851676940918,
  "c": 2.8195717334747314,
  "d": 1.7236536741256714,
  "e": 3.7297749519348145,
  "f": 13800000,
  "g": 29600000,
  "h": 19300000,
  "i": 41400000,
  "j": 13500000,
  "k": 29300000,
  "l": 19000000,
  "m": 41000000,
  "n": 268000,
  "o": 268000,
  "p": 361000,
  "q": 361000,
  "r": 611000,
  "s": 1300000,
  "t": 858000,
  "u": 1830000
}
