{
  "b": 1.0009324550628662,
  "c": 2.1903085708618164,
  "d": 1.1915030479431152,
  "e": 2.6069631576538086,
  "f": 10612570,
  "g": 22995570,
  "h": 13360064,
  "i": 28946956,
  "j": 10409697,
  "k": 22779208,
  "l": 13106533,
  "m": 28676594,
  "n": 202873,
  "o": 216361,
  "p": 253530,
  "q": 270360,
  "r": 285823,
  "s": 616938,
  "t": 362361,
  "u": 782527
}
