{
  "b": 1.3720786571502686,
  "c": 2.972033977508545,
  "d": 1.5997270345687866,
  "e": 3.465057134628296,
  "f": 14523533,
  "g": 31177768,
  "h": 17919042,
  "i": 38456308,
  "j": 14269618,
  "k": 30909154,
  "l": 17596998,
  "m": 38115628,
  "n": 253915,
  "o": 268617,
  "p": 322046,
  "q": 340681,
  "r": 546170,
  "s": 1171202,
  "t": 670415,
  "u": 1437752
}
