{
  "b": 1.0009324550628662,
  "c": 2.1903085708618164,
  "d": 1.1915030479431152,
  "e": 2.6069631576538086,
  "f": 10600000,
  "g": 23000000,
  "h": 13400000,
  "i": 28900000,
  "j": 10400000,
  "k": 22800000,
  "l": 13100000,
  "m": 28700000,
  "n": 210000,
  "o": 210000,
  "p": 262000,
  "q": 262000,
  "r": 286000,
  "s": 617000,
  "t": 362000,
  "u": 783000
}
