{
  "b": 0.2733176648616791,
  "c": 0.5963194966316223,
  "d": 0.28250378370285034,
  "e": 0.6162643432617188,
  "f": 2896272,
  "g": 6258884,
  "h": 3167949,
  "i": 6843124,
  "j": 2842504,
  "k": 6201723,
  "l": 3107542,
  "m": 6778908,
  "n": 53768,
  "o": 57162,
  "p": 60407,
  "q": 64215,
  "r": 37258,
  "s": 80431,
  "t": 43154,
  "u": 93159
}
