{
  "b": 1.302851676940918,
  "c": 2.8195717334747314,
  "d": 1.7236536741256714,
  "e": 3.7297749519348145,
  "f": 13810494,
  "g": 29598764,
  "h": 19311774,
  "i": 41398488,
  "j": 13549658,
  "k": 29323546,
  "l": 18960190,
  "m": 41027524,
  "n": 260836,
  "o": 275220,
  "p": 351584,
  "q": 370963,
  "r": 611112,
  "s": 1303362,
  "t": 858461,
  "u": 1832152
}
