{
  "b": 0.2733176648616791,
  "c": 0.5963194966316223,
  "d": 0.28250378370285034,
  "e": 0.6162643432617188,
  "f": 2900000,
  "g": 6260000,
  "h": 3170000,
  "i": 6840000,
  "j": 2840000,
  "k": 6200000,
  "l": 3110000,
  "m": 6780000,
  "n": 55500,
  "o": 55500,
  "p": 62300,
  "q": 62300,
  "r": 37300,
  "s": 80400,
  "t": 43200,
  "u": 93200
}
