{
  "b": 1.9798130989074707,
  "c": 4.261653423309326,
  "d": 2.552002429962158,
  "e": 5.492781162261963,
  "f": 21000000,
  "g": 44700000,
  "h": 28600000,
  "i": 60900000,
  "j": 20600000,
  "k": 44300000,
  "l": 28100000,
  "m": 60400000,
  "n": 397000,
  "o": 397000,
  "p": 495000,
  "q": 495000,
  "r": 1290000,
  "s": 2740000,
  "t": 1780000,
  "u": 3790000
}
