{
  "b": 7.211082935333252,
  "c": 15.005160331726074,
  "d": 9.894339561462402,
  "e": 20.587684631347656,
  "f": 76500000,
  "g": 158000000,
  "h": 111000000,
  "i": 228000000,
  "j": 75000000,
  "k": 156000000,
  "l": 109000000,
  "m": 226000000,
  "n": 1510000,
  "o": 1510000,
  "p": 1990000,
  "q": 1990000,
  "r": 5910000,
  "s": 12100000,
  "t": 8550000,
  "u": 17600000
}
