{
  "b": 7.211082935333252,
  "c": 15.005160331726074,
  "d": 9.894339561462402,
  "e": 20.587684631347656,
  "f": 76494288,
  "g": 157572816,
  "h": 110814264,
  "i": 228467472,
  "j": 74995264,
  "k": 156053664,
  "l": 108837736,
  "m": 226464528,
  "n": 1499027,
  "o": 1519159,
  "p": 1976520,
  "q": 2002950,
  "r": 5910685,
  "s": 12128401,
  "t": 8551122,
  "u": 17566798
}
