{
  "b": 1322.8359375,
  "c": 2448.926025390625,
  "d": 1531.4248046875,
  "e": 2835.162109375,
  "f": 14000000000,
  "g": 25700000000,
  "h": 17200000000,
  "i": 31500000000,
  "j": 13800000000,
  "k": 25500000000,
  "l": 16800000000,
  "m": 31200000000,
  "n": 267000000,
  "o": 267000000,
  "p": 318000000,
  "q": 318000000,
  "r": 1690000000,
  "s": 3100000000,
  "t": 2130000000,
  "u": 3910000000
}
