{
  "b": 214.38902282714844,
  "c": 445.4841003417969,
  "d": 248.42303466796875,
  "e": 516.2064819335938,
  "f": 2270000000,
  "g": 4670000000,
  "h": 2780000000,
  "i": 5720000000,
  "j": 2230000000,
  "k": 4630000000,
  "l": 2730000000,
  "m": 5680000000,
  "n": 37900000,
  "o": 37900000,
  "p": 43400000,
  "q": 43400000,
  "r": 486000000,
  "s": 1000000000,
  "t": 627000000,
  "u": 1290000000
}
