{
  "b": 32.5434684753418,
  "c": 68.93074798583984,
  "d": 36.74708938598633,
  "e": 77.83216094970703,
  "f": 343956928,
  "g": 722628544,
  "h": 410242720,
  "i": 862443712,
  "j": 338452064,
  "k": 716879808,
  "l": 404217984,
  "m": 856153792,
  "n": 5504894,
  "o": 5748697,
  "p": 6024686,
  "q": 6290010,
  "r": 6802039,
  "s": 14267474,
  "t": 8989260,
  "u": 18875192
}
