{
  "b": 214.38902282714844,
  "c": 445.4841003417969,
  "d": 248.42303466796875,
  "e": 516.2064819335938,
  "f": 2267120896,
  "g": 4671312896,
  "h": 2775576064,
  "i": 5722097664,
  "j": 2229645824,
  "k": 4633034752,
  "l": 2732653312,
  "m": 5678270976,
  "n": 37475200,
  "o": 38278292,
  "p": 42922952,
  "q": 43826240,
  "r": 485752512,
  "s": 1000938816,
  "t": 626924288,
  "u": 1292825216
}
