{
  "b": 140.9380340576172,
  "c": 297.6562805175781,
  "d": 158.72430419921875,
  "e": 335.2117614746094,
  "f": 1490078848,
  "g": 3120986112,
  "h": 1772009344,
  "i": 3714477824,
  "j": 1465755520,
  "k": 3095625216,
  "l": 1745967360,
  "m": 3687329536,
  "n": 24323472,
  "o": 25360620,
  "p": 26041976,
  "q": 27147804,
  "r": 76858368,
  "s": 160525760,
  "t": 99468792,
  "u": 208034688
}
