{
  "b": 73.77466583251953,
  "c": 157.67726135253906,
  "d": 84.00137329101562,
  "e": 179.53012084960938,
  "f": 780000000,
  "g": 1650000000,
  "h": 938000000,
  "i": 1990000000,
  "j": 767000000,
  "k": 1640000000,
  "l": 924000000,
  "m": 1970000000,
  "n": 12700000,
  "o": 12700000,
  "p": 14100000,
  "q": 14100000,
  "r": 15300000,
  "s": 32500000,
  "t": 20400000,
  "u": 43300000
}
