{
  "b": 140.9380340576172,
  "c": 297.6562805175781,
  "d": 158.72430419921875,
  "e": 335.2117614746094,
  "f": 1490000000,
  "g": 3120000000,
  "h": 1770000000,
  "i": 3710000000,
  "j": 1470000000,
  "k": 3100000000,
  "l": 1750000000,
  "m": 3690000000,
  "n": 24800000,
  "o": 24800000,
  "p": 26600000,
  "q": 26600000,
  "r": 76900000,
  "s": 161000000,
  "t": 99500000,
  "u": 208000000
}
