{
  "b": 32.5434684753418,
  "c": 68.93074798583984,
  "d": 36.74708938598633,
  "e": 77.83216094970703,
  "f": 344000000,
  "g": 723000000,
  "h": 410000000,
  "i": 862000000,
  "j": 338000000,
  "k": 717000000,
  "l": 404000000,
  "m": 856000000,
  "n": 5630000,
  "o": 5630000,
  "p": 6160000,
  "q": 6160000,
  "r": 6800000,
  "s": 14300000,
  "t": 8990000,
  "u": 18900000
}
