{
  "b": 73.77466583251953,
  "c": 157.67726135253906,
  "d": 84.00137329101562,
  "e": 179.53012084960938,
  "f": 779605504,
  "g": 1652872064,
  "h": 937738432,
  "i": 1989308288,
  "j": 767256512,
  "k": 1639843584,
  "l": 924015104,
  "m": 1974831360,
  "n": 12349001,
  "o": 13028506,
  "p": 13723426,
  "q": 14476945,
  "r": 15342894,
  "s": 32458208,
  "t": 20439672,
  "u": 43281080
}
