{
  "b": 86.74604034423828,
  "c": 185.0318603515625,
  "d": 96.16020965576172,
  "e": 205.10617065429688,
  "f": 916835712,
  "g": 1939775488,
  "h": 1073512000,
  "i": 2272739072,
  "j": 902158784,
  "k": 1924331392,
  "l": 1057762304,
  "m": 2256167936,
  "n": 14677057,
  "o": 15444180,
  "p": 15749754,
  "q": 16571128,
  "r": 96154624,
  "s": 203363824,
  "t": 114051904,
  "u": 241410832
}
