{
  "b": 69.01171112060547,
  "c": 144.25814819335938,
  "d": 77.30621337890625,
  "e": 161.59170532226562,
  "f": 729470656,
  "g": 1512395264,
  "h": 862996864,
  "i": 1790522240,
  "j": 717721792,
  "k": 1500284672,
  "l": 850368384,
  "m": 1777508736,
  "n": 11748830,
  "o": 12110655,
  "p": 12628350,
  "q": 13013767,
  "r": 23772362,
  "s": 49188300,
  "t": 30807724,
  "u": 63814968
}
