{
  "b": 56.62110137939453,
  "c": 118.54048919677734,
  "d": 64.6217041015625,
  "e": 135.2869415283203,
  "f": 598535424,
  "g": 1242801152,
  "h": 721445568,
  "i": 1499093248,
  "j": 588859456,
  "k": 1232821120,
  "l": 710838784,
  "m": 1488156416,
  "n": 9675888,
  "o": 9979961,
  "p": 10606698,
  "q": 10936856,
  "r": 20545060,
  "s": 42583192,
  "t": 27120712,
  "u": 56272140
}
