{
  "b": 39.55845642089844,
  "c": 83.4468765258789,
  "d": 46.78398132324219,
  "e": 98.68689727783203,
  "f": 418000000,
  "g": 875000000,
  "h": 522000000,
  "i": 1090000000,
  "j": 411000000,
  "k": 868000000,
  "l": 515000000,
  "m": 1090000000,
  "n": 6960000,
  "o": 6960000,
  "p": 7620000,
  "q": 7620000,
  "r": 9850000,
  "s": 20600000,
  "t": 13600000,
  "u": 28400000
}
