{
  "b": 69.01171112060547,
  "c": 144.25814819335938,
  "d": 77.30621337890625,
  "e": 161.59170532226562,
  "f": 729000000,
  "g": 1510000000,
  "h": 863000000,
  "i": 1790000000,
  "j": 718000000,
  "k": 1500000000,
  "l": 850000000,
  "m": 1780000000,
  "n": 11900000,
  "o": 11900000,
  "p": 12800000,
  "q": 12800000,
  "r": 23800000,
  "s": 49200000,
  "t": 30800000,
  "u": 63800000
}
