{
  "b": 39.55845642089844,
  "c": 83.4468765258789,
  "d": 46.78398132324219,
  "e": 98.68689727783203,
  "f": 418225088,
  "g": 874943360,
  "h": 522088768,
  "i": 1093324288,
  "j": 411407936,
  "k": 867847488,
  "l": 514623776,
  "m": 1085555840,
  "n": 6817105,
  "o": 7095760,
  "p": 7464997,
  "q": 7768427,
  "r": 9846440,
  "s": 20572946,
  "t": 13574078,
  "u": 28400316
}
