{
  "b": 56.62110137939453,
  "c": 118.54048919677734,
  "d": 64.6217041015625,
  "e": 135.2869415283203,
  "f": 599000000,
  "g": 1240000000,
  "h": 721000000,
  "i": 1500000000,
  "j": 589000000,
  "k": 1230000000,
  "l": 711000000,
  "m": 1490000000,
  "n": 9830000,
  "o": 9830000,
  "p": 10800000,
  "q": 10800000,
  "r": 20500000,
  "s": 42600000,
  "t": 27100000,
  "u": 56300000
}
