{
  "b": 14.969021797180176,
  "c": 32.15635681152344,
  "d": 17.36858558654785,
  "e": 37.31171417236328,
  "f": 158000000,
  "g": 337000000,
  "h": 194000000,
  "i": 414000000,
  "j": 156000000,
  "k": 334000000,
  "l": 191000000,
  "m": 410000000,
  "n": 2790000,
  "o": 2790000,
  "p": 3150000,
  "q": 3150000,
  "r": 13600000,
  "s": 29000000,
  "t": 17900000,
  "u": 38300000
}
