{
  "b": 86.74604034423828,
  "c": 185.0318603515625,
  "d": 96.16020965576172,
  "e": 205.10617065429688,
  "f": 917000000,
  "g": 1940000000,
  "h": 1070000000,
  "i": 2270000000,
  "j": 902000000,
  "k": 1920000000,
  "l": 1060000000,
  "m": 2260000000,
  "n": 15100000,
  "o": 15100000,
  "p": 16200000,
  "q": 16200000,
  "r": 96200000,
  "s": 203000000,
  "t": 114000000,
  "u": 241000000
}
