{
  "b": 191.7414093017578,
  "c": 399.245361328125,
  "d": 238.81039428710938,
  "e": 497.2521667480469,
  "f": 2030000000,
  "g": 4190000000,
  "h": 2670000000,
  "i": 5510000000,
  "j": 1990000000,
  "k": 4150000000,
  "l": 2630000000,
  "m": 5470000000,
  "n": 35900000,
  "o": 35900000,
  "p": 41300000,
  "q": 41300000,
  "r": 112000000,
  "s": 230000000,
  "t": 155000000,
  "u": 319000000
}
