{
  "b": 48.2200927734375,
  "c": 101.47926330566406,
  "d": 58.15665054321289,
  "e": 122.38958740234375,
  "f": 510000000,
  "g": 1060000000,
  "h": 650000000,
  "i": 1360000000,
  "j": 501000000,
  "k": 1060000000,
  "l": 640000000,
  "m": 1350000000,
  "n": 8770000,
  "o": 8770000,
  "p": 10100000,
  "q": 10100000,
  "r": 13100000,
  "s": 27200000,
  "t": 18000000,
  "u": 37600000
}
