{
  "b": 26.9468994140625,
  "c": 56.951297760009766,
  "d": 28.538501739501953,
  "e": 60.31336212158203,
  "f": 284901216,
  "g": 597140928,
  "h": 319022528,
  "i": 668757184,
  "j": 280247744,
  "k": 592293504,
  "l": 313923520,
  "m": 663446976,
  "n": 4653499,
  "o": 4847425,
  "p": 5099004,
  "q": 5310199,
  "r": 7881189,
  "s": 16489294,
  "t": 9683514,
  "u": 20272322
}
