{
  "b": 594.988037109375,
  "c": 1252.8074951171875,
  "d": 687.9660034179688,
  "e": 1448.551513671875,
  "f": 6290000000,
  "g": 13100000000,
  "h": 7680000000,
  "i": 16000000000,
  "j": 6190000000,
  "k": 13000000000,
  "l": 7570000000,
  "m": 15900000000,
  "n": 103000000,
  "o": 103000000,
  "p": 110000000,
  "q": 110000000,
  "r": 1080000000,
  "s": 2240000000,
  "t": 1350000000,
  "u": 2810000000
}
