{
  "b": 48.2200927734375,
  "c": 101.47926330566406,
  "d": 58.15665054321289,
  "e": 122.38958740234375,
  "f": 510085408,
  "g": 1064328192,
  "h": 649623104,
  "i": 1356584192,
  "j": 501488960,
  "k": 1055384320,
  "l": 639723136,
  "m": 1346285440,
  "n": 8596407,
  "o": 8943887,
  "p": 9899937,
  "q": 10298796,
  "r": 13061781,
  "s": 27217858,
  "t": 18019294,
  "u": 37594116
}
