{
  "b": 26.9468994140625,
  "c": 56.951297760009766,
  "d": 28.538501739501953,
  "e": 60.31336212158203,
  "f": 285000000,
  "g": 597000000,
  "h": 319000000,
  "i": 669000000,
  "j": 280000000,
  "k": 592000000,
  "l": 314000000,
  "m": 663000000,
  "n": 4750000,
  "o": 4750000,
  "p": 5200000,
  "q": 5200000,
  "r": 7880000,
  "s": 16500000,
  "t": 9680000,
  "u": 20300000
}
