{
  "b": 191.7414093017578,
  "c": 399.245361328125,
  "d": 238.81039428710938,
  "e": 497.2521667480469,
  "f": 2029501696,
  "g": 4188657152,
  "h": 2667547136,
  "i": 5511684608,
  "j": 1994110720,
  "k": 4152151808,
  "l": 2626914304,
  "m": 5469773824,
  "n": 35390836,
  "o": 36505508,
  "p": 40632756,
  "q": 41911544,
  "r": 111501488,
  "s": 229552624,
  "t": 154899584,
  "u": 319444864
}
