{
  "b": 594.988037109375,
  "c": 1252.8074951171875,
  "d": 687.9660034179688,
  "e": 1448.551513671875,
  "f": 6288647680,
  "g": 13133562880,
  "h": 7675671040,
  "i": 16045932544,
  "j": 6187875328,
  "k": 13029197824,
  "l": 7567626240,
  "m": 15934066688,
  "n": 100772160,
  "o": 104363792,
  "p": 108044688,
  "q": 111865192,
  "r": 1076115584,
  "s": 2242142464,
  "t": 1347944960,
  "u": 2811982336
}
