{
  "b": 36.911888122558594,
  "c": 78.60453796386719,
  "d": 43.08168411254883,
  "e": 91.74075317382812,
  "f": 390000000,
  "g": 824000000,
  "h": 481000000,
  "i": 1020000000,
  "j": 384000000,
  "k": 817000000,
  "l": 474000000,
  "m": 1010000000,
  "n": 6590000,
  "o": 6590000,
  "p": 7200000,
  "q": 7200000,
  "r": 8030000,
  "s": 16900000,
  "t": 11000000,
  "u": 23100000
}
