{
  "b": 28.66036033630371,
  "c": 61.8132438659668,
  "d": 32.15091323852539,
  "e": 69.3399887084961,
  "f": 303000000,
  "g": 648000000,
  "h": 359000000,
  "i": 768000000,
  "j": 298000000,
  "k": 643000000,
  "l": 354000000,
  "m": 763000000,
  "n": 5020000,
  "o": 5020000,
  "p": 5480000,
  "q": 5480000,
  "r": 3700000,
  "s": 7890000,
  "t": 4880000,
  "u": 10400000
}
