{
  "b": 36.01594543457031,
  "c": 76.29348754882812,
  "d": 42.997249603271484,
  "e": 91.08100128173828,
  "f": 380895456,
  "g": 800072256,
  "h": 480382176,
  "i": 1009642112,
  "j": 374565824,
  "k": 793452288,
  "l": 472969728,
  "m": 1001891008,
  "n": 6329644,
  "o": 6620002,
  "p": 7412408,
  "q": 7750998,
  "r": 24148244,
  "s": 50717596,
  "t": 32894862,
  "u": 69145088
}
