{
  "b": 28.66036033630371,
  "c": 61.8132438659668,
  "d": 32.15091323852539,
  "e": 69.3399887084961,
  "f": 302938752,
  "g": 648034496,
  "h": 358978848,
  "i": 768390976,
  "j": 298067744,
  "k": 642857728,
  "l": 353660064,
  "m": 762739840,
  "n": 4870971,
  "o": 5176768,
  "p": 5318758,
  "q": 5651136,
  "r": 3696296,
  "s": 7893768,
  "t": 4875307,
  "u": 10422052
}
