{
  "b": 36.01594543457031,
  "c": 76.29348754882812,
  "d": 42.997249603271484,
  "e": 91.08100128173828,
  "f": 381000000,
  "g": 800000000,
  "h": 480000000,
  "i": 1010000000,
  "j": 375000000,
  "k": 793000000,
  "l": 473000000,
  "m": 1000000000,
  "n": 6470000,
  "o": 6470000,
  "p": 7580000,
  "q": 7580000,
  "r": 24100000,
  "s": 50700000,
  "t": 32900000,
  "u": 69100000
}
