{
  "b": 39.79201126098633,
  "c": 84.38948059082031,
  "d": 44.18865966796875,
  "e": 93.7116928100586,
  "f": 420695136,
  "g": 884819200,
  "h": 493652128,
  "i": 1038745984,
  "j": 413836928,
  "k": 877650560,
  "l": 486075264,
  "m": 1030828608,
  "n": 6858169,
  "o": 7168662,
  "p": 7576893,
  "q": 7917317,
  "r": 13076625,
  "s": 27476284,
  "t": 16991046,
  "u": 35729292
}
