{
  "b": 46.55815887451172,
  "c": 97.13291931152344,
  "d": 53.173789978027344,
  "e": 110.93263244628906,
  "f": 492088064,
  "g": 1018283840,
  "h": 593597632,
  "i": 1229182976,
  "j": 484204864,
  "k": 1010182336,
  "l": 584911680,
  "m": 1220258944,
  "n": 7883180,
  "o": 8101554,
  "p": 8686050,
  "q": 8923954,
  "r": 12554965,
  "s": 25940204,
  "t": 16506558,
  "u": 34142224
}
