{
  "b": 32.036495208740234,
  "c": 69.32972717285156,
  "d": 36.362640380859375,
  "e": 78.69007873535156,
  "f": 338633504,
  "g": 726850112,
  "h": 405938176,
  "i": 871938624,
  "j": 333179552,
  "k": 721029184,
  "l": 399989056,
  "m": 865590848,
  "n": 5453949,
  "o": 5820826,
  "p": 5949101,
  "q": 6347779,
  "r": 6848922,
  "s": 14658975,
  "t": 8842403,
  "u": 18945246
}
