{
  "b": 39.79201126098633,
  "c": 84.38948059082031,
  "d": 44.18865966796875,
  "e": 93.7116928100586,
  "f": 421000000,
  "g": 885000000,
  "h": 494000000,
  "i": 1040000000,
  "j": 414000000,
  "k": 878000000,
  "l": 486000000,
  "m": 1030000000,
  "n": 7010000,
  "o": 7010000,
  "p": 7750000,
  "q": 7750000,
  "r": 13100000,
  "s": 27500000,
  "t": 17000000,
  "u": 35700000
}
