{
  "b": 46.55815887451172,
  "c": 97.13291931152344,
  "d": 53.173789978027344,
  "e": 110.93263244628906,
  "f": 492000000,
  "g": 1020000000,
  "h": 594000000,
  "i": 1230000000,
  "j": 484000000,
  "k": 1010000000,
  "l": 585000000,
  "m": 1220000000,
  "n": 7990000,
  "o": 7990000,
  "p": 8810000,
  "q": 8810000,
  "r": 12600000,
  "s": 25900000,
  "t": 16500000,
  "u": 34100000
}
