{
  "b": 5.026708602905273,
  "c": 10.859966278076172,
  "d": 5.644667148590088,
  "e": 12.194838523864746,
  "f": 53100000,
  "g": 114000000,
  "h": 63000000,
  "i": 135000000,
  "j": 52300000,
  "k": 113000000,
  "l": 62100000,
  "m": 134000000,
  "n": 871000,
  "o": 871000,
  "p": 942000,
  "q": 942000,
  "r": 295000,
  "s": 630000,
  "t": 383000,
  "u": 820000
}
