{
  "b": 40.16630172729492,
  "c": 85.42384338378906,
  "d": 43.50325393676758,
  "e": 92.51913452148438,
  "f": 425000000,
  "g": 896000000,
  "h": 487000000,
  "i": 1030000000,
  "j": 418000000,
  "k": 888000000,
  "l": 479000000,
  "m": 1020000000,
  "n": 7120000,
  "o": 7120000,
  "p": 8220000,
  "q": 8220000,
  "r": 21700000,
  "s": 45700000,
  "t": 26800000,
  "u": 56500000
}
