{
  "b": 13.487959861755371,
  "c": 28.545000076293945,
  "d": 15.217264175415039,
  "e": 32.20427322387695,
  "f": 143000000,
  "g": 299000000,
  "h": 170000000,
  "i": 357000000,
  "j": 140000000,
  "k": 297000000,
  "l": 167000000,
  "m": 354000000,
  "n": 2330000,
  "o": 2330000,
  "p": 2590000,
  "q": 2590000,
  "r": 3620000,
  "s": 7600000,
  "t": 4800000,
  "u": 10100000
}
