{
  "b": 2354.871826171875,
  "c": 4375.8017578125,
  "d": 2822.037353515625,
  "e": 5244.03564453125,
  "f": 25000000000,
  "g": 46000000000,
  "h": 31700000000,
  "i": 58300000000,
  "j": 24500000000,
  "k": 45500000000,
  "l": 31000000000,
  "m": 57700000000,
  "n": 518000000,
  "o": 518000000,
  "p": 621000000,
  "q": 621000000,
  "r": 6290000000,
  "s": 11600000000,
  "t": 8140000000,
  "u": 15000000000
}
