{
  "b": 2354.871826171875,
  "c": 4375.8017578125,
  "d": 2822.037353515625,
  "e": 5244.03564453125,
  "f": 25014386688,
  "g": 46020063232,
  "h": 31670792192,
  "i": 58298970112,
  "j": 24490668032,
  "k": 45508337664,
  "l": 31042410496,
  "m": 57684393984,
  "n": 523718976,
  "o": 511726272,
  "p": 628382464,
  "q": 614581312,
  "r": 6288050176,
  "s": 11555227648,
  "t": 8139944960,
  "u": 14971131904
}
