{
  "b": 5.026708602905273,
  "c": 10.859966278076172,
  "d": 5.644667148590088,
  "e": 12.194838523864746,
  "f": 53120976,
  "g": 113842800,
  "h": 63002804,
  "i": 135114960,
  "j": 52277768,
  "k": 112943648,
  "l": 62091340,
  "m": 134143224,
  "n": 843212,
  "o": 899139,
  "p": 911461,
  "q": 971731,
  "r": 294945,
  "s": 630243,
  "t": 383140,
  "u": 819562
}
