{
  "b": 36.7713623046875,
  "c": 78.24151611328125,
  "d": 43.075706481933594,
  "e": 91.65274810791016,
  "f": 389000000,
  "g": 820000000,
  "h": 481000000,
  "i": 1020000000,
  "j": 382000000,
  "k": 814000000,
  "l": 474000000,
  "m": 1010000000,
  "n": 6510000,
  "o": 6510000,
  "p": 7140000,
  "q": 7140000,
  "r": 8210000,
  "s": 17300000,
  "t": 11100000,
  "u": 23400000
}
