{
  "b": 13.487959861755371,
  "c": 28.545000076293945,
  "d": 15.217264175415039,
  "e": 32.20427322387695,
  "f": 142559168,
  "g": 299247872,
  "h": 169925696,
  "i": 356887808,
  "j": 140274784,
  "k": 296868000,
  "l": 167389904,
  "m": 354247008,
  "n": 2284385,
  "o": 2379894,
  "p": 2535787,
  "q": 2640788,
  "r": 3624442,
  "s": 7600174,
  "t": 4802679,
  "u": 10079643
}
