{
  "b": 35.315345764160156,
  "c": 74.80821990966797,
  "d": 38.259517669677734,
  "e": 81.04315185546875,
  "f": 373384704,
  "g": 784381248,
  "h": 427471552,
  "i": 898382784,
  "j": 367279584,
  "k": 778005504,
  "l": 420854688,
  "m": 891474688,
  "n": 6105050,
  "o": 6375729,
  "p": 6616865,
  "q": 6908114,
  "r": 10797651,
  "s": 22644522,
  "t": 13408062,
  "u": 28142742
}
