{
  "b": 47.08564758300781,
  "c": 99.3714599609375,
  "d": 57.307472229003906,
  "e": 120.93990325927734,
  "f": 497790368,
  "g": 1041884608,
  "h": 639514432,
  "i": 1339831040,
  "j": 489690752,
  "k": 1033463168,
  "l": 630382208,
  "m": 1330338944,
  "n": 8099610,
  "o": 8421458,
  "p": 9132269,
  "q": 9492041,
  "r": 13505921,
  "s": 28230860,
  "t": 19104308,
  "u": 39987716
}
