{
  "b": 525.2903442382812,
  "c": 1104.8631591796875,
  "d": 630.0874633789062,
  "e": 1325.266357421875,
  "f": 5552677888,
  "g": 11583081472,
  "h": 7031097856,
  "i": 14681200640,
  "j": 5463019520,
  "k": 11490577408,
  "l": 6930962432,
  "m": 14577930240,
  "n": 89657832,
  "o": 92503088,
  "p": 100135744,
  "q": 103270240,
  "r": 1518938368,
  "s": 3164916480,
  "t": 2026038400,
  "u": 4226796032
}
