{
  "b": 525.2903442382812,
  "c": 1104.8631591796875,
  "d": 630.0874633789062,
  "e": 1325.266357421875,
  "f": 5550000000,
  "g": 11600000000,
  "h": 7030000000,
  "i": 14700000000,
  "j": 5460000000,
  "k": 11500000000,
  "l": 6930000000,
  "m": 14600000000,
  "n": 91100000,
  "o": 91100000,
  "p": 102000000,
  "q": 102000000,
  "r": 1520000000,
  "s": 3160000000,
  "t": 2030000000,
  "u": 4230000000
}
