{
  "b": 39.131500244140625,
  "c": 81.1944580078125,
  "d": 45.901065826416016,
  "e": 95.23855590820312,
  "f": 413607712,
  "g": 851208320,
  "h": 512257632,
  "i": 1055128768,
  "j": 406967616,
  "k": 844422336,
  "l": 504911744,
  "m": 1047624128,
  "n": 6640081,
  "o": 6785863,
  "p": 7345905,
  "q": 7504704,
  "r": 11687266,
  "s": 23999948,
  "t": 15744987,
  "u": 32373588
}
