{
  "b": 39.131500244140625,
  "c": 81.1944580078125,
  "d": 45.901065826416016,
  "e": 95.23855590820312,
  "f": 414000000,
  "g": 851000000,
  "h": 512000000,
  "i": 1060000000,
  "j": 407000000,
  "k": 844000000,
  "l": 505000000,
  "m": 1050000000,
  "n": 6710000,
  "o": 6710000,
  "p": 7430000,
  "q": 7430000,
  "r": 11700000,
  "s": 24000000,
  "t": 15700000,
  "u": 32400000
}
