{
  "b": 47.08564758300781,
  "c": 99.3714599609375,
  "d": 57.307472229003906,
  "e": 120.93990325927734,
  "f": 498000000,
  "g": 1040000000,
  "h": 640000000,
  "i": 1340000000,
  "j": 490000000,
  "k": 1030000000,
  "l": 630000000,
  "m": 1330000000,
  "n": 8260000,
  "o": 8260000,
  "p": 9310000,
  "q": 9310000,
  "r": 13500000,
  "s": 28200000,
  "t": 19100000,
  "u": 40000000
}
