{
  "b": 1222.58251953125,
  "c": 2435.69580078125,
  "d": 1516.314208984375,
  "e": 3020.923095703125,
  "f": 13000000000,
  "g": 25600000000,
  "h": 17000000000,
  "i": 33500000000,
  "j": 12700000000,
  "k": 25300000000,
  "l": 16700000000,
  "m": 33200000000,
  "n": 256000000,
  "o": 256000000,
  "p": 291000000,
  "q": 291000000,
  "r": 2120000000,
  "s": 4180000000,
  "t": 2860000000,
  "u": 5630000000
}
