{
  "b": 1222.58251953125,
  "c": 2435.69580078125,
  "d": 1516.314208984375,
  "e": 3020.923095703125,
  "f": 12968142848,
  "g": 25590069248,
  "h": 16966686720,
  "i": 33523963904,
  "j": 12714858496,
  "k": 25331236864,
  "l": 16679455744,
  "m": 33230153728,
  "n": 253283712,
  "o": 258830672,
  "p": 287230816,
  "q": 293814656,
  "r": 2122896512,
  "s": 4179599360,
  "t": 2856742912,
  "u": 5634555904
}
