{
  "b": 290.8931579589844,
  "c": 606.4252319335938,
  "d": 343.32708740234375,
  "e": 715.71728515625,
  "f": 3075259136,
  "g": 6358110208,
  "h": 3831500288,
  "i": 7929221632,
  "j": 3025288960,
  "k": 6306822144,
  "l": 3776598016,
  "m": 7872890368,
  "n": 49970024,
  "o": 51287252,
  "p": 54902352,
  "q": 56330652,
  "r": 238604544,
  "s": 491357056,
  "t": 318962720,
  "u": 657842240
}
