{
  "b": 290.8931579589844,
  "c": 606.4252319335938,
  "d": 343.32708740234375,
  "e": 715.71728515625,
  "f": 3080000000,
  "g": 6360000000,
  "h": 3830000000,
  "i": 7930000000,
  "j": 3030000000,
  "k": 6310000000,
  "l": 3780000000,
  "m": 7870000000,
  "n": 50600000,
  "o": 50600000,
  "p": 55600000,
  "q": 55600000,
  "r": 239000000,
  "s": 491000000,
  "t": 319000000,
  "u": 658000000
}
