{
  "b": 140.74806213378906,
  "c": 296.2151794433594,
  "d": 160.86019897460938,
  "e": 338.53277587890625,
  "f": 1490000000,
  "g": 3110000000,
  "h": 1800000000,
  "i": 3750000000,
  "j": 1460000000,
  "k": 3080000000,
  "l": 1770000000,
  "m": 3720000000,
  "n": 24700000,
  "o": 24700000,
  "p": 26700000,
  "q": 26700000,
  "r": 110000000,
  "s": 228000000,
  "t": 144000000,
  "u": 300000000
}
