{
  "b": 1846.1036376953125,
  "c": 3257.920654296875,
  "d": 1914.5982666015625,
  "e": 3378.90283203125,
  "f": 19600000000,
  "g": 34300000000,
  "h": 21500000000,
  "i": 37600000000,
  "j": 19200000000,
  "k": 33900000000,
  "l": 21100000000,
  "m": 37200000000,
  "n": 382000000,
  "o": 382000000,
  "p": 443000000,
  "q": 443000000,
  "r": 4240000000,
  "s": 7400000000,
  "t": 4740000000,
  "u": 8290000000
}
