{
  "b": 84.36115264892578,
  "c": 176.03282165527344,
  "d": 107.75698852539062,
  "e": 224.84605407714844,
  "f": 891667136,
  "g": 1845445120,
  "h": 1201817984,
  "i": 2490244608,
  "j": 877355968,
  "k": 1830741376,
  "l": 1185326848,
  "m": 2473306624,
  "n": 14311302,
  "o": 14703713,
  "p": 16491110,
  "q": 16938070,
  "r": 31541996,
  "s": 65155320,
  "t": 46650436,
  "u": 96514576
}
