{
  "b": 84.36115264892578,
  "c": 176.03282165527344,
  "d": 107.75698852539062,
  "e": 224.84605407714844,
  "f": 892000000,
  "g": 1850000000,
  "h": 1200000000,
  "i": 2490000000,
  "j": 877000000,
  "k": 1830000000,
  "l": 1190000000,
  "m": 2470000000,
  "n": 14500000,
  "o": 14500000,
  "p": 16700000,
  "q": 16700000,
  "r": 31500000,
  "s": 65200000,
  "t": 46700000,
  "u": 96500000
}
