{
  "b": 148.70086669921875,
  "c": 311.18475341796875,
  "d": 179.38192749023438,
  "e": 375.3858642578125,
  "f": 1571895552,
  "g": 3262455808,
  "h": 2000861568,
  "i": 4157689600,
  "j": 1546489088,
  "k": 3236321536,
  "l": 1973201280,
  "m": 4129244672,
  "n": 25406428,
  "o": 26134404,
  "p": 27660702,
  "q": 28444968,
  "r": 125367152,
  "s": 259513008,
  "t": 171056880,
  "u": 354676416
}
