{
  "b": 140.74806213378906,
  "c": 296.2151794433594,
  "d": 160.86019897460938,
  "e": 338.53277587890625,
  "f": 1488081408,
  "g": 3105821952,
  "h": 1795723008,
  "i": 3751063552,
  "j": 1463779840,
  "k": 3080637952,
  "l": 1769462272,
  "m": 3723860480,
  "n": 24301456,
  "o": 25183868,
  "p": 26260644,
  "q": 27203516,
  "r": 109554728,
  "s": 227955712,
  "t": 144108800,
  "u": 300229216
}
