{
  "b": 29.002588272094727,
  "c": 61.25408172607422,
  "d": 33.956233978271484,
  "e": 71.71471405029297,
  "f": 306543904,
  "g": 642158784,
  "h": 378956896,
  "i": 794519232,
  "j": 301626912,
  "k": 637042432,
  "l": 373518592,
  "m": 788861888,
  "n": 4916961,
  "o": 5116397,
  "p": 5438342,
  "q": 5657377,
  "r": 11424124,
  "s": 23876334,
  "t": 15415367,
  "u": 32256864
}
