{
  "b": 214.6001739501953,
  "c": 446.8003845214844,
  "d": 256.66290283203125,
  "e": 534.3530883789062,
  "f": 2272707840,
  "g": 4688976896,
  "h": 2870488320,
  "i": 5926692352,
  "j": 2231841792,
  "k": 4646724096,
  "l": 2823291904,
  "m": 5877883904,
  "n": 40865808,
  "o": 42252340,
  "p": 47196436,
  "q": 48808916,
  "r": 217501568,
  "s": 447653472,
  "t": 273207200,
  "u": 562899904
}
