{
  "b": 29.002588272094727,
  "c": 61.25408172607422,
  "d": 33.956233978271484,
  "e": 71.71471405029297,
  "f": 307000000,
  "g": 642000000,
  "h": 379000000,
  "i": 795000000,
  "j": 302000000,
  "k": 637000000,
  "l": 374000000,
  "m": 789000000,
  "n": 5020000,
  "o": 5020000,
  "p": 5550000,
  "q": 5550000,
  "r": 11400000,
  "s": 23900000,
  "t": 15400000,
  "u": 32300000
}
