{
  "b": 39.658714294433594,
  "c": 84.55570220947266,
  "d": 43.6014289855957,
  "e": 92.95927429199219,
  "f": 419312832,
  "g": 886600192,
  "h": 487114016,
  "i": 1030440832,
  "j": 412450624,
  "k": 879379264,
  "l": 479615712,
  "m": 1022552000,
  "n": 6862169,
  "o": 7220897,
  "p": 7498274,
  "q": 7888751,
  "r": 10857868,
  "s": 22922454,
  "t": 13893845,
  "u": 29358706
}
