{
  "b": 78.06082153320312,
  "c": 155.71871948242188,
  "d": 107.31938934326172,
  "e": 214.09002685546875,
  "f": 827387520,
  "g": 1635011456,
  "h": 1199760256,
  "i": 2374220800,
  "j": 811832512,
  "k": 1619474688,
  "l": 1180513280,
  "m": 2354990336,
  "n": 15555024,
  "o": 15536769,
  "p": 19247012,
  "q": 19230260,
  "r": 31698472,
  "s": 62605644,
  "t": 49026276,
  "u": 97014880
}
