{
  "b": 39.658714294433594,
  "c": 84.55570220947266,
  "d": 43.6014289855957,
  "e": 92.95927429199219,
  "f": 419000000,
  "g": 887000000,
  "h": 487000000,
  "i": 1030000000,
  "j": 412000000,
  "k": 879000000,
  "l": 480000000,
  "m": 1020000000,
  "n": 7040000,
  "o": 7040000,
  "p": 7690000,
  "q": 7690000,
  "r": 10900000,
  "s": 22900000,
  "t": 13900000,
  "u": 29400000
}
