{
  "b": 65.83768463134766,
  "c": 140.62754821777344,
  "d": 75.59307861328125,
  "e": 161.46058654785156,
  "f": 696000000,
  "g": 1470000000,
  "h": 844000000,
  "i": 1790000000,
  "j": 685000000,
  "k": 1460000000,
  "l": 832000000,
  "m": 1780000000,
  "n": 11500000,
  "o": 11500000,
  "p": 12600000,
  "q": 12600000,
  "r": 32800000,
  "s": 69300000,
  "t": 43400000,
  "u": 91800000
}
