{
  "b": 2402.177734375,
  "c": 4336.7548828125,
  "d": 2846.997314453125,
  "e": 5139.94775390625,
  "f": 25494245376,
  "g": 45588332544,
  "h": 31913095168,
  "i": 57106354176,
  "j": 24982648832,
  "k": 45102252032,
  "l": 31316969472,
  "m": 56539422720,
  "n": 511598016,
  "o": 486080160,
  "p": 596125888,
  "q": 566933248,
  "r": 5448801792,
  "s": 9737922560,
  "t": 6955712512,
  "u": 12443334656
}
