{
  "b": 263.712890625,
  "c": 512.8882446289062,
  "d": 318.96502685546875,
  "e": 620.3462524414062,
  "f": 2800000000,
  "g": 5390000000,
  "h": 3580000000,
  "i": 6890000000,
  "j": 2740000000,
  "k": 5330000000,
  "l": 3510000000,
  "m": 6820000000,
  "n": 55500000,
  "o": 55500000,
  "p": 66300000,
  "q": 66300000,
  "r": 281000000,
  "s": 541000000,
  "t": 363000000,
  "u": 699000000
}
