{
  "b": 98.42679595947266,
  "c": 207.31520080566406,
  "d": 116.7096176147461,
  "e": 245.82122802734375,
  "f": 1041025088,
  "g": 2174128896,
  "h": 1303260544,
  "i": 2724226048,
  "j": 1023638656,
  "k": 2156078080,
  "l": 1283805824,
  "m": 2704033536,
  "n": 17386358,
  "o": 18050830,
  "p": 19454606,
  "q": 20192450,
  "r": 54310920,
  "s": 113141408,
  "t": 73094584,
  "u": 152477792
}
