{
  "b": 98.42679595947266,
  "c": 207.31520080566406,
  "d": 116.7096176147461,
  "e": 245.82122802734375,
  "f": 1040000000,
  "g": 2170000000,
  "h": 1300000000,
  "i": 2720000000,
  "j": 1020000000,
  "k": 2160000000,
  "l": 1280000000,
  "m": 2700000000,
  "n": 17700000,
  "o": 17700000,
  "p": 19800000,
  "q": 19800000,
  "r": 54300000,
  "s": 113000000,
  "t": 73100000,
  "u": 152000000
}
