{
  "b": 263.712890625,
  "c": 512.8882446289062,
  "d": 318.96502685546875,
  "e": 620.3462524414062,
  "f": 2798416896,
  "g": 5389285888,
  "h": 3575180544,
  "i": 6889763328,
  "j": 2742614016,
  "k": 5334038016,
  "l": 3508615424,
  "m": 6823808512,
  "n": 55802764,
  "o": 55247904,
  "p": 66565100,
  "q": 65954256,
  "r": 281359328,
  "s": 541197312,
  "t": 362840416,
  "u": 698513280
}
