{
  "b": 62.59172439575195,
  "c": 135.55276489257812,
  "d": 66.71833801269531,
  "e": 144.4866180419922,
  "f": 662000000,
  "g": 1420000000,
  "h": 745000000,
  "i": 1600000000,
  "j": 651000000,
  "k": 1410000000,
  "l": 734000000,
  "m": 1590000000,
  "n": 11000000,
  "o": 11000000,
  "p": 11900000,
  "q": 11900000,
  "r": 23800000,
  "s": 51100000,
  "t": 29400000,
  "u": 63100000
}
