{
  "b": 472.0176696777344,
  "c": 934.9437255859375,
  "d": 603.9474487304688,
  "e": 1196.255126953125,
  "f": 5010000000,
  "g": 9820000000,
  "h": 6760000000,
  "i": 13300000000,
  "j": 4910000000,
  "k": 9720000000,
  "l": 6640000000,
  "m": 13200000000,
  "n": 96400000,
  "o": 96400000,
  "p": 119000000,
  "q": 119000000,
  "r": 424000000,
  "s": 830000000,
  "t": 607000000,
  "u": 1190000000
}
