{
  "b": 472.0176696777344,
  "c": 934.9437255859375,
  "d": 603.9474487304688,
  "e": 1196.255126953125,
  "f": 5005254144,
  "g": 9819978752,
  "h": 6761804288,
  "i": 13277629440,
  "j": 4908983808,
  "k": 9723414528,
  "l": 6643422208,
  "m": 13158806528,
  "n": 96270016,
  "o": 96564144,
  "p": 118382080,
  "q": 118823080,
  "r": 424066912,
  "s": 830125184,
  "t": 606511552,
  "u": 1188781568
}
