{
  "b": 2402.177734375,
  "c": 4336.7548828125,
  "d": 2846.997314453125,
  "e": 5139.94775390625,
  "f": 25500000000,
  "g": 45600000000,
  "h": 31900000000,
  "i": 57100000000,
  "j": 25000000000,
  "k": 45100000000,
  "l": 31300000000,
  "m": 56500000000,
  "n": 499000000,
  "o": 499000000,
  "p": 582000000,
  "q": 582000000,
  "r": 5450000000,
  "s": 9740000000,
  "t": 6960000000,
  "u": 12400000000
}
