{
  "b": 18.96861457824707,
  "c": 40.275630950927734,
  "d": 23.796415328979492,
  "e": 50.52531814575195,
  "f": 201000000,
  "g": 422000000,
  "h": 266000000,
  "i": 560000000,
  "j": 197000000,
  "k": 419000000,
  "l": 262000000,
  "m": 556000000,
  "n": 3380000,
  "o": 3380000,
  "p": 3880000,
  "q": 3880000,
  "r": 4260000,
  "s": 8950000,
  "t": 6220000,
  "u": 13100000
}
