{
  "b": 127.8058090209961,
  "c": 262.9966125488281,
  "d": 149.90411376953125,
  "e": 308.4712219238281,
  "f": 1350000000,
  "g": 2760000000,
  "h": 1670000000,
  "i": 3420000000,
  "j": 1330000000,
  "k": 2740000000,
  "l": 1650000000,
  "m": 3390000000,
  "n": 22200000,
  "o": 22200000,
  "p": 25100000,
  "q": 25100000,
  "r": 78700000,
  "s": 160000000,
  "t": 101000000,
  "u": 207000000
}
