{
  "b": 18.96861457824707,
  "c": 40.275630950927734,
  "d": 23.796415328979492,
  "e": 50.52531814575195,
  "f": 200573536,
  "g": 422323296,
  "h": 265553408,
  "i": 559750720,
  "j": 197273600,
  "k": 418866560,
  "l": 261760560,
  "m": 555778496,
  "n": 3299931,
  "o": 3456737,
  "p": 3792883,
  "q": 3972181,
  "r": 4257146,
  "s": 8950947,
  "t": 6218878,
  "u": 13094986
}
