{
  "b": 127.8058090209961,
  "c": 262.9966125488281,
  "d": 149.90411376953125,
  "e": 308.4712219238281,
  "f": 1351280128,
  "g": 2757509376,
  "h": 1673875840,
  "i": 3418379776,
  "j": 1329180416,
  "k": 2735164928,
  "l": 1648945280,
  "m": 3393183488,
  "n": 22099708,
  "o": 22344724,
  "p": 24930542,
  "q": 25195864,
  "r": 78659480,
  "s": 160031616,
  "t": 101415520,
  "u": 206557536
}
