{
  "b": 25.30092430114746,
  "c": 53.34931182861328,
  "d": 27.429948806762695,
  "e": 57.83667755126953,
  "f": 267437360,
  "g": 559311168,
  "h": 306437760,
  "i": 641097216,
  "j": 263129616,
  "k": 554832832,
  "l": 301729440,
  "m": 636203456,
  "n": 4307738,
  "o": 4478412,
  "p": 4708353,
  "q": 4893731,
  "r": 5122001,
  "s": 10690501,
  "t": 6435903,
  "u": 13442985
}
