{
  "b": 13.259547233581543,
  "c": 27.73267936706543,
  "d": 16.601985931396484,
  "e": 34.722476959228516,
  "f": 140167728,
  "g": 290757376,
  "h": 185142656,
  "i": 384544000,
  "j": 137899296,
  "k": 288419872,
  "l": 182621840,
  "m": 381947232,
  "n": 2268420,
  "o": 2337490,
  "p": 2520795,
  "q": 2596750,
  "r": 3183737,
  "s": 6599964,
  "t": 4610092,
  "u": 9571751
}
