{
  "b": 125.4582290649414,
  "c": 266.1837158203125,
  "d": 171.85166931152344,
  "e": 364.608642578125,
  "f": 1330000000,
  "g": 2790000000,
  "h": 1920000000,
  "i": 4040000000,
  "j": 1300000000,
  "k": 2770000000,
  "l": 1890000000,
  "m": 4010000000,
  "n": 22400000,
  "o": 22400000,
  "p": 27300000,
  "q": 27300000,
  "r": 113000000,
  "s": 237000000,
  "t": 178000000,
  "u": 375000000
}
