{
  "b": 13.259547233581543,
  "c": 27.73267936706543,
  "d": 16.601985931396484,
  "e": 34.722476959228516,
  "f": 140000000,
  "g": 291000000,
  "h": 185000000,
  "i": 385000000,
  "j": 138000000,
  "k": 288000000,
  "l": 183000000,
  "m": 382000000,
  "n": 2300000,
  "o": 2300000,
  "p": 2560000,
  "q": 2560000,
  "r": 3180000,
  "s": 6600000,
  "t": 4610000,
  "u": 9570000
}
