{
  "b": 47.66326904296875,
  "c": 100.62928771972656,
  "d": 61.23774337768555,
  "e": 129.28375244140625,
  "f": 504000000,
  "g": 1060000000,
  "h": 683000000,
  "i": 1430000000,
  "j": 496000000,
  "k": 1050000000,
  "l": 674000000,
  "m": 1420000000,
  "n": 8330000,
  "o": 8330000,
  "p": 9450000,
  "q": 9450000,
  "r": 38600000,
  "s": 80700000,
  "t": 54400000,
  "u": 114000000
}
