{
  "b": 54.25443649291992,
  "c": 114.35942077636719,
  "d": 60.2346076965332,
  "e": 126.96190643310547,
  "f": 574000000,
  "g": 1200000000,
  "h": 673000000,
  "i": 1410000000,
  "j": 564000000,
  "k": 1190000000,
  "l": 663000000,
  "m": 1400000000,
  "n": 9810000,
  "o": 9810000,
  "p": 10900000,
  "q": 10900000,
  "r": 13600000,
  "s": 28400000,
  "t": 17500000,
  "u": 36700000
}

