{
  "b": 1173.84033203125,
  "c": 2441.462158203125,
  "d": 1405.070556640625,
  "e": 2922.318603515625,
  "f": 12400000000,
  "g": 25600000000,
  "h": 15700000000,
  "i": 32400000000,
  "j": 12200000000,
  "k": 25400000000,
  "l": 15500000000,
  "m": 32100000000,
  "n": 225000000,
  "o": 225000000,
  "p": 257000000,
  "q": 257000000,
  "r": 1660000000,
  "s": 3420000000,
  "t": 2230000000,
  "u": 4590000000
}
