{
  "b": 60.19071960449219,
  "c": 128.3699493408203,
  "d": 69.1727066040039,
  "e": 147.52047729492188,
  "f": 636000000,
  "g": 1350000000,
  "h": 772000000,
  "i": 1630000000,
  "j": 626000000,
  "k": 1340000000,
  "l": 761000000,
  "m": 1620000000,
  "n": 10500000,
  "o": 10500000,
  "p": 11400000,
  "q": 11400000,
  "r": 22700000,
  "s": 48000000,
  "t": 30500000,
  "u": 64400000
}
