{
  "b": 60.19071960449219,
  "c": 128.3699493408203,
  "d": 69.1727066040039,
  "e": 147.52047729492188,
  "f": 636242304,
  "g": 1345838336,
  "h": 772040064,
  "i": 1634441216,
  "j": 625983488,
  "k": 1335047424,
  "l": 760899776,
  "m": 1622725248,
  "n": 10258778,
  "o": 10790954,
  "p": 11140314,
  "q": 11715982,
  "r": 22748998,
  "s": 47999532,
  "t": 30500980,
  "u": 64437784
}
