{
  "b": 34.652122497558594,
  "c": 72.98504638671875,
  "d": 40.78660202026367,
  "e": 85.90275573730469,
  "f": 366000000,
  "g": 765000000,
  "h": 455000000,
  "i": 952000000,
  "j": 360000000,
  "k": 759000000,
  "l": 449000000,
  "m": 945000000,
  "n": 6040000,
  "o": 6040000,
  "p": 6580000,
  "q": 6580000,
  "r": 8720000,
  "s": 18200000,
  "t": 12100000,
  "u": 25300000
}
