{
  "b": 1173.84033203125,
  "c": 2441.462158203125,
  "d": 1405.070556640625,
  "e": 2922.318603515625,
  "f": 12429819904,
  "g": 25619851264,
  "h": 15709042688,
  "i": 32406482944,
  "j": 12207939584,
  "k": 25391206400,
  "l": 15455776768,
  "m": 32145504256,
  "n": 221880640,
  "o": 228646096,
  "p": 253264032,
  "q": 260984160,
  "r": 1664692992,
  "s": 3417664768,
  "t": 2233325056,
  "u": 4591826432
}
