{
  "b": 34.652122497558594,
  "c": 72.98504638671875,
  "d": 40.78660202026367,
  "e": 85.90275573730469,
  "f": 366311680,
  "g": 765204160,
  "h": 455107360,
  "i": 951634176,
  "j": 360382080,
  "k": 759044480,
  "l": 448652640,
  "m": 944930304,
  "n": 5929626,
  "o": 6159800,
  "p": 6454745,
  "q": 6703842,
  "r": 8722392,
  "s": 18199670,
  "t": 12086970,
  "u": 25254086
}
