{
  "b": 54.500484466552734,
  "c": 116.15565490722656,
  "d": 63.36733627319336,
  "e": 135.04937744140625,
  "f": 576086336,
  "g": 1217759360,
  "h": 707195520,
  "i": 1496197504,
  "j": 566805056,
  "k": 1208018816,
  "l": 697040704,
  "m": 1485543168,
  "n": 9281343,
  "o": 9740662,
  "p": 10154799,
  "q": 10654338,
  "r": 28337406,
  "s": 59773524,
  "t": 38087768,
  "u": 80445320
}
