{
  "b": 120.7296142578125,
  "c": 254.37693786621094,
  "d": 144.11888122558594,
  "e": 303.6527099609375,
  "f": 1280000000,
  "g": 2670000000,
  "h": 1610000000,
  "i": 3370000000,
  "j": 1260000000,
  "k": 2650000000,
  "l": 1590000000,
  "m": 3340000000,
  "n": 22000000,
  "o": 22000000,
  "p": 24700000,
  "q": 24700000,
  "r": 56900000,
  "s": 119000000,
  "t": 77500000,
  "u": 162000000
}
