{
  "b": 37.94564437866211,
  "c": 80.52796936035156,
  "d": 45.91899490356445,
  "e": 97.44693756103516,
  "f": 401000000,
  "g": 844000000,
  "h": 513000000,
  "i": 1080000000,
  "j": 395000000,
  "k": 837000000,
  "l": 505000000,
  "m": 1070000000,
  "n": 6720000,
  "o": 6720000,
  "p": 7660000,
  "q": 7660000,
  "r": 15200000,
  "s": 32000000,
  "t": 21400000,
  "u": 45100000
}
