{
  "b": 44.75507354736328,
  "c": 95.4565658569336,
  "d": 54.53915786743164,
  "e": 116.32223510742188,
  "f": 473000000,
  "g": 1000000000,
  "h": 609000000,
  "i": 1290000000,
  "j": 465000000,
  "k": 993000000,
  "l": 600000000,
  "m": 1280000000,
  "n": 7900000,
  "o": 7900000,
  "p": 9160000,
  "q": 9160000,
  "r": 20000000,
  "s": 42200000,
  "t": 27900000,
  "u": 58900000
}
