{
  "b": 37.94564437866211,
  "c": 80.52796936035156,
  "d": 45.91899490356445,
  "e": 97.44693756103516,
  "f": 401210560,
  "g": 844360064,
  "h": 512604608,
  "i": 1079743104,
  "j": 394634688,
  "k": 837490880,
  "l": 505108928,
  "m": 1071916352,
  "n": 6575894,
  "o": 6869213,
  "p": 7495666,
  "q": 7826749,
  "r": 15230860,
  "s": 32025580,
  "t": 21408552,
  "u": 45067288
}
