{
  "b": 707.4031372070312,
  "c": 1421.92236328125,
  "d": 816.2109375,
  "e": 1640.6492919921875,
  "f": 7500985856,
  "g": 14933596160,
  "h": 9143031808,
  "i": 18213781504,
  "j": 7356992512,
  "k": 14787992576,
  "l": 8978320384,
  "m": 18047141888,
  "n": 143993248,
  "o": 145602464,
  "p": 164710736,
  "q": 166639808,
  "r": 652410048,
  "s": 1295359232,
  "t": 829787392,
  "u": 1649386496
}
