{
  "b": 120.7296142578125,
  "c": 254.37693786621094,
  "d": 144.11888122558594,
  "e": 303.6527099609375,
  "f": 1277091456,
  "g": 2667947776,
  "h": 1609514240,
  "i": 3365425920,
  "j": 1255587968,
  "k": 2645520128,
  "l": 1585307776,
  "m": 3340179968,
  "n": 21503682,
  "o": 22427918,
  "p": 24206286,
  "q": 25245742,
  "r": 56913704,
  "s": 118713272,
  "t": 77536088,
  "u": 161952192
}
