{
  "b": 707.4031372070312,
  "c": 1421.92236328125,
  "d": 816.2109375,
  "e": 1640.6492919921875,
  "f": 7500000000,
  "g": 14900000000,
  "h": 9140000000,
  "i": 18200000000,
  "j": 7360000000,
  "k": 14800000000,
  "l": 8980000000,
  "m": 18000000000,
  "n": 145000000,
  "o": 145000000,
  "p": 166000000,
  "q": 166000000,
  "r": 652000000,
  "s": 1300000000,
  "t": 830000000,
  "u": 1650000000
}
