{
  "b": 33.364078521728516,
  "c": 68.26792907714844,
  "d": 37.649681091308594,
  "e": 77.03579711914062,
  "f": 352613056,
  "g": 715652288,
  "h": 420362816,
  "i": 853651456,
  "j": 346986400,
  "k": 709986432,
  "l": 414146496,
  "m": 847393728,
  "n": 5626689,
  "o": 5665901,
  "p": 6216312,
  "q": 6257678,
  "r": 8784049,
  "s": 17822580,
  "t": 11450494,
  "u": 23251854
}
