{
  "b": 19.599159240722656,
  "c": 41.206268310546875,
  "d": 22.906827926635742,
  "e": 48.15892791748047,
  "f": 207000000,
  "g": 432000000,
  "h": 256000000,
  "i": 534000000,
  "j": 204000000,
  "k": 429000000,
  "l": 252000000,
  "m": 530000000,
  "n": 3390000,
  "o": 3390000,
  "p": 3730000,
  "q": 3730000,
  "r": 10600000,
  "s": 22000000,
  "t": 12900000,
  "u": 27000000
}
