{
  "b": 33.364078521728516,
  "c": 68.26792907714844,
  "d": 37.649681091308594,
  "e": 77.03579711914062,
  "f": 353000000,
  "g": 716000000,
  "h": 420000000,
  "i": 854000000,
  "j": 347000000,
  "k": 710000000,
  "l": 414000000,
  "m": 847000000,
  "n": 5650000,
  "o": 5650000,
  "p": 6240000,
  "q": 6240000,
  "r": 8780000,
  "s": 17800000,
  "t": 11500000,
  "u": 23300000
}
