{
  "b": 7.694797515869141,
  "c": 15.830042839050293,
  "d": 8.468759536743164,
  "e": 17.421594619750977,
  "f": 81300000,
  "g": 166000000,
  "h": 94600000,
  "i": 193000000,
  "j": 80000000,
  "k": 165000000,
  "l": 93200000,
  "m": 192000000,
  "n": 1320000,
  "o": 1320000,
  "p": 1490000,
  "q": 1490000,
  "r": 732000,
  "s": 1490000,
  "t": 947000,
  "u": 1930000
}
