{
  "b": 15.943277359008789,
  "c": 32.68852996826172,
  "d": 17.539705276489258,
  "e": 35.9601936340332,
  "f": 168593280,
  "g": 342791776,
  "h": 196058592,
  "i": 398738272,
  "j": 165810080,
  "k": 339960704,
  "l": 192936768,
  "m": 395562144,
  "n": 2783220,
  "o": 2831063,
  "p": 3121841,
  "q": 3176097,
  "r": -4553089,
  "s": -9308932,
  "t": -4807661,
  "u": -9839419
}
