{
  "b": 148.84910583496094,
  "c": 293.3626708984375,
  "d": 183.93238830566406,
  "e": 362.4930114746094,
  "f": 1574525440,
  "g": 3076964096,
  "h": 2054584576,
  "i": 4018164480,
  "j": 1548030720,
  "k": 3050971904,
  "l": 2023256320,
  "m": 3987423232,
  "n": 26494682,
  "o": 25992198,
  "p": 31328364,
  "q": 30741018,
  "r": 69232032,
  "s": 134895344,
  "t": 95596632,
  "u": 186506256
}
