{
  "b": 148.84910583496094,
  "c": 293.3626708984375,
  "d": 183.93238830566406,
  "e": 362.4930114746094,
  "f": 1570000000,
  "g": 3080000000,
  "h": 2050000000,
  "i": 4020000000,
  "j": 1550000000,
  "k": 3050000000,
  "l": 2020000000,
  "m": 3990000000,
  "n": 26200000,
  "o": 26200000,
  "p": 31000000,
  "q": 31000000,
  "r": 69200000,
  "s": 135000000,
  "t": 95600000,
  "u": 187000000
}
