{
  "b": 23.114049911499023,
  "c": 47.85068893432617,
  "d": 26.92833709716797,
  "e": 55.744903564453125,
  "f": 244000000,
  "g": 502000000,
  "h": 301000000,
  "i": 618000000,
  "j": 240000000,
  "k": 498000000,
  "l": 296000000,
  "m": 613000000,
  "n": 3970000,
  "o": 3970000,
  "p": 4650000,
  "q": 4650000,
  "r": 3850000,
  "s": 7900000,
  "t": 5270000,
  "u": 10800000
}
