{
  "b": 7.694797515869141,
  "c": 15.830042839050293,
  "d": 8.468759536743164,
  "e": 17.421594619750977,
  "f": 81333000,
  "g": 165962176,
  "h": 94636288,
  "i": 193143088,
  "j": 80025896,
  "k": 164632448,
  "l": 93156352,
  "m": 191637536,
  "n": 1307103,
  "o": 1329734,
  "p": 1479943,
  "q": 1505545,
  "r": 731624,
  "s": 1491223,
  "t": 946874,
  "u": 1930939
}
