{
  "b": 15.943277359008789,
  "c": 32.68852996826172,
  "d": 17.539705276489258,
  "e": 35.9601936340332,
  "f": 169000000,
  "g": 343000000,
  "h": 196000000,
  "i": 399000000,
  "j": 166000000,
  "k": 340000000,
  "l": 193000000,
  "m": 396000000,
  "n": 2810000,
  "o": 2810000,
  "p": 3150000,
  "q": 3150000,
  "r": -4550000,
  "s": -9310000,
  "t": -4810000,
  "u": -9840000
}
