{
  "b": 23.114049911499023,
  "c": 47.85068893432617,
  "d": 26.92833709716797,
  "e": 55.744903564453125,
  "f": 244307200,
  "g": 501660864,
  "h": 300803488,
  "i": 617893824,
  "j": 240386112,
  "k": 497647168,
  "l": 296211712,
  "m": 613193920,
  "n": 3921089,
  "o": 4013687,
  "p": 4591785,
  "q": 4699980,
  "r": 3853549,
  "s": 7902792,
  "t": 5268969,
  "u": 10812773
}
