{
  "b": 40.10322952270508,
  "c": 79.05320739746094,
  "d": 47.72549057006836,
  "e": 94.07475280761719,
  "f": 424000000,
  "g": 829000000,
  "h": 533000000,
  "i": 1040000000,
  "j": 417000000,
  "k": 822000000,
  "l": 525000000,
  "m": 1030000000,
  "n": 6790000,
  "o": 6790000,
  "p": 7990000,
  "q": 7990000,
  "r": 5580000,
  "s": 10900000,
  "t": 7800000,
  "u": 15200000
}
