{
  "b": 14.590411186218262,
  "c": 30.795673370361328,
  "d": 17.725563049316406,
  "e": 37.410404205322266,
  "f": 154000000,
  "g": 323000000,
  "h": 198000000,
  "i": 414000000,
  "j": 152000000,
  "k": 320000000,
  "l": 195000000,
  "m": 412000000,
  "n": 2580000,
  "o": 2580000,
  "p": 2810000,
  "q": 2810000,
  "r": 1800000,
  "s": 3750000,
  "t": 2540000,
  "u": 5310000
}
