{
  "b": 12.712615013122559,
  "c": 26.692119598388672,
  "d": 15.952725410461426,
  "e": 33.49391174316406,
  "f": 134365392,
  "g": 279832000,
  "h": 178034592,
  "i": 371081888,
  "j": 132211192,
  "k": 277598048,
  "l": 175479984,
  "m": 368433024,
  "n": 2154197,
  "o": 2233923,
  "p": 2554611,
  "q": 2648858,
  "r": 2451051,
  "s": 5097038,
  "t": 3544096,
  "u": 7378380
}
