{
  "b": 19.329177856445312,
  "c": 36.62064743041992,
  "d": 22.608671188354492,
  "e": 42.83297348022461,
  "f": 204000000,
  "g": 384000000,
  "h": 253000000,
  "i": 475000000,
  "j": 201000000,
  "k": 381000000,
  "l": 249000000,
  "m": 471000000,
  "n": 3270000,
  "o": 3270000,
  "p": 3800000,
  "q": 3800000,
  "r": -1250000,
  "s": -2370000,
  "t": -389000,
  "u": -763000
}
