{
  "b": 12.712615013122559,
  "c": 26.692119598388672,
  "d": 15.952725410461426,
  "e": 33.49391174316406,
  "f": 134000000,
  "g": 280000000,
  "h": 178000000,
  "i": 371000000,
  "j": 132000000,
  "k": 278000000,
  "l": 175000000,
  "m": 368000000,
  "n": 2190000,
  "o": 2190000,
  "p": 2600000,
  "q": 2600000,
  "r": 2450000,
  "s": 5100000,
  "t": 3540000,
  "u": 7380000
}
