{
  "b": 72.0210189819336,
  "c": 150.37791442871094,
  "d": 113.74407196044922,
  "e": 237.4825897216797,
  "f": 761292736,
  "g": 1576590848,
  "h": 1268405888,
  "i": 2630068992,
  "j": 749018624,
  "k": 1563930368,
  "l": 1251184768,
  "m": 2612308480,
  "n": 12274099,
  "o": 12660323,
  "p": 17221072,
  "q": 17760528,
  "r": 34446960,
  "s": 71106536,
  "t": 67300656,
  "u": 139156128
}
