{
  "b": 19.329177856445312,
  "c": 36.62064743041992,
  "d": 22.608671188354492,
  "e": 42.83297348022461,
  "f": 204385616,
  "g": 384033536,
  "h": 252602416,
  "i": 474858048,
  "j": 201023456,
  "k": 380854720,
  "l": 248695376,
  "m": 471162688,
  "n": 3362155,
  "o": 3178819,
  "p": 3907045,
  "q": 3695368,
  "r": -1246981,
  "s": -2369495,
  "t": -388696,
  "u": -762585
}
