{
  "b": 14.590411186218262,
  "c": 30.795673370361328,
  "d": 17.725563049316406,
  "e": 37.410404205322266,
  "f": 154267504,
  "g": 322912288,
  "h": 197730016,
  "i": 414382816,
  "j": 151740272,
  "k": 320275008,
  "l": 194981184,
  "m": 411514432,
  "n": 2527250,
  "o": 2637333,
  "p": 2748849,
  "q": 2868416,
  "r": 1796198,
  "s": 3752586,
  "t": 2537280,
  "u": 5309076
}
