{
  "b": 72.0210189819336,
  "c": 150.37791442871094,
  "d": 113.74407196044922,
  "e": 237.4825897216797,
  "f": 761000000,
  "g": 1580000000,
  "h": 1270000000,
  "i": 2630000000,
  "j": 749000000,
  "k": 1560000000,
  "l": 1250000000,
  "m": 2610000000,
  "n": 12500000,
  "o": 12500000,
  "p": 17500000,
  "q": 17500000,
  "r": 34400000,
  "s": 71100000,
  "t": 67300000,
  "u": 139000000
}
