{
  "b": 142.5215301513672,
  "c": 271.1806335449219,
  "d": 207.25587463378906,
  "e": 394.3408203125,
  "f": 1510000000,
  "g": 2850000000,
  "h": 2320000000,
  "i": 4370000000,
  "j": 1480000000,
  "k": 2820000000,
  "l": 2280000000,
  "m": 4340000000,
  "n": 26400000,
  "o": 26400000,
  "p": 35600000,
  "q": 35600000,
  "r": 91700000,
  "s": 172000000,
  "t": 150000000,
  "u": 283000000
}
