{
  "b": 154.2720947265625,
  "c": 322.5923156738281,
  "d": 199.52403259277344,
  "e": 417.1986999511719,
  "f": 1630000000,
  "g": 3380000000,
  "h": 2230000000,
  "i": 4620000000,
  "j": 1600000000,
  "k": 3350000000,
  "l": 2190000000,
  "m": 4590000000,
  "n": 26400000,
  "o": 26400000,
  "p": 32500000,
  "q": 32500000,
  "r": 266000000,
  "s": 550000000,
  "t": 368000000,
  "u": 762000000
}
