{
  "b": 4.522992134094238,
  "c": 9.41819953918457,
  "d": 5.6794233322143555,
  "e": 11.825422286987305,
  "f": 47824272,
  "g": 98756184,
  "h": 63409300,
  "i": 131040976,
  "j": 47039120,
  "k": 97949280,
  "l": 62473656,
  "m": 130079640,
  "n": 785155,
  "o": 806910,
  "p": 935640,
  "q": 961334,
  "r": 709977,
  "s": 1465211,
  "t": 1050643,
  "u": 2170591
}
