{
  "b": 89.0748062133789,
  "c": 185.57481384277344,
  "d": 105.05535125732422,
  "e": 218.86065673828125,
  "f": 941000000,
  "g": 1950000000,
  "h": 1170000000,
  "i": 2420000000,
  "j": 926000000,
  "k": 1930000000,
  "l": 1160000000,
  "m": 2410000000,
  "n": 15200000,
  "o": 15200000,
  "p": 17200000,
  "q": 17200000,
  "r": 41000000,
  "s": 84500000,
  "t": 54400000,
  "u": 112000000
}
