{
  "b": 65.07164001464844,
  "c": 135.50112915039062,
  "d": 79.0190658569336,
  "e": 164.53733825683594,
  "f": 688000000,
  "g": 1420000000,
  "h": 882000000,
  "i": 1820000000,
  "j": 677000000,
  "k": 1410000000,
  "l": 869000000,
  "m": 1810000000,
  "n": 11300000,
  "o": 11300000,
  "p": 13200000,
  "q": 13200000,
  "r": 29600000,
  "s": 60800000,
  "t": 40000000,
  "u": 82300000
}
