{
  "b": 89.0748062133789,
  "c": 185.57481384277344,
  "d": 105.05535125732422,
  "e": 218.86065673828125,
  "f": 941359488,
  "g": 1945396992,
  "h": 1172533504,
  "i": 2424885504,
  "j": 926377984,
  "k": 1929978112,
  "l": 1155608832,
  "m": 2407467264,
  "n": 14981484,
  "o": 15419048,
  "p": 16924710,
  "q": 17418312,
  "r": 41027768,
  "s": 84475296,
  "t": 54392076,
  "u": 112101568
}
