{
  "b": 65.07164001464844,
  "c": 135.50112915039062,
  "d": 79.0190658569336,
  "e": 164.53733825683594,
  "f": 687841088,
  "g": 1420627200,
  "h": 882218880,
  "i": 1823293312,
  "j": 676745088,
  "k": 1409211776,
  "l": 869209728,
  "m": 1809910656,
  "n": 11096036,
  "o": 11415462,
  "p": 13009194,
  "q": 13382695,
  "r": 29572982,
  "s": 60839224,
  "t": 39972788,
  "u": 82323936
}
