{
  "b": 154.2720947265625,
  "c": 322.5923156738281,
  "d": 199.52403259277344,
  "e": 417.1986999511719,
  "f": 1630464768,
  "g": 3381816832,
  "h": 2226742784,
  "i": 4622169600,
  "j": 1604429824,
  "k": 3354960128,
  "l": 2194764288,
  "m": 4589185536,
  "n": 26034864,
  "o": 26856988,
  "p": 31978362,
  "q": 32983958,
  "r": 265716416,
  "s": 550075584,
  "t": 367977728,
  "u": 762462208
}
