{
  "b": 4.522992134094238,
  "c": 9.41819953918457,
  "d": 5.6794233322143555,
  "e": 11.825422286987305,
  "f": 47800000,
  "g": 98800000,
  "h": 63400000,
  "i": 131000000,
  "j": 47000000,
  "k": 97900000,
  "l": 62500000,
  "m": 130000000,
  "n": 796000,
  "o": 796000,
  "p": 948000,
  "q": 948000,
  "r": 710000,
  "s": 1470000,
  "t": 1050000,
  "u": 2170000
}
