{
  "b": 22.363971710205078,
  "c": 46.56830596923828,
  "d": 26.940031051635742,
  "e": 56.09397506713867,
  "f": 236000000,
  "g": 488000000,
  "h": 301000000,
  "i": 622000000,
  "j": 233000000,
  "k": 484000000,
  "l": 296000000,
  "m": 617000000,
  "n": 3950000,
  "o": 3950000,
  "p": 4490000,
  "q": 4490000,
  "r": 3220000,
  "s": 6630000,
  "t": 4500000,
  "u": 9300000
}
