{
  "b": 22.083276748657227,
  "c": 46.3720817565918,
  "d": 25.53458023071289,
  "e": 53.61775207519531,
  "f": 233339968,
  "g": 486082336,
  "h": 285066176,
  "i": 594138816,
  "j": 229666080,
  "k": 482269632,
  "l": 280880384,
  "m": 589795264,
  "n": 3673917,
  "o": 3812676,
  "p": 4185788,
  "q": 4343550,
  "r": 4755306,
  "s": 9892539,
  "t": 6379786,
  "u": 13281793
}
