{
  "b": 54.36526870727539,
  "c": 112.71288299560547,
  "d": 78.75528717041016,
  "e": 163.27037048339844,
  "f": 575000000,
  "g": 1180000000,
  "h": 879000000,
  "i": 1810000000,
  "j": 565000000,
  "k": 1170000000,
  "l": 866000000,
  "m": 1800000000,
  "n": 9760000,
  "o": 9760000,
  "p": 12900000,
  "q": 12900000,
  "r": 60900000,
  "s": 125000000,
  "t": 94200000,
  "u": 194000000
}
