{
  "b": 22.083276748657227,
  "c": 46.3720817565918,
  "d": 25.53458023071289,
  "e": 53.61775207519531,
  "f": 233000000,
  "g": 486000000,
  "h": 285000000,
  "i": 594000000,
  "j": 230000000,
  "k": 482000000,
  "l": 281000000,
  "m": 590000000,
  "n": 3740000,
  "o": 3740000,
  "p": 4260000,
  "q": 4260000,
  "r": 4760000,
  "s": 9890000,
  "t": 6380000,
  "u": 13300000
}
