{
  "b": 35.898441314697266,
  "c": 77.01696014404297,
  "d": 46.52670669555664,
  "e": 99.81581115722656,
  "f": 379390208,
  "g": 807378432,
  "h": 519219808,
  "i": 1105835392,
  "j": 373343776,
  "k": 800976384,
  "l": 511793760,
  "m": 1097973888,
  "n": 6046441,
  "o": 6402054,
  "p": 7426044,
  "q": 7861502,
  "r": 14531849,
  "s": 30836990,
  "t": 21507758,
  "u": 45691764
}
