{
  "b": 35.898441314697266,
  "c": 77.01696014404297,
  "d": 46.52670669555664,
  "e": 99.81581115722656,
  "f": 379000000,
  "g": 807000000,
  "h": 519000000,
  "i": 1110000000,
  "j": 373000000,
  "k": 801000000,
  "l": 512000000,
  "m": 1100000000,
  "n": 6220000,
  "o": 6220000,
  "p": 7640000,
  "q": 7640000,
  "r": 14500000,
  "s": 30800000,
  "t": 21500000,
  "u": 45700000
}
