{
  "b": 22.363971710205078,
  "c": 46.56830596923828,
  "d": 26.940031051635742,
  "e": 56.09397506713867,
  "f": 236474048,
  "g": 488318720,
  "h": 300762912,
  "i": 621592576,
  "j": 232585312,
  "k": 484310400,
  "l": 296340352,
  "m": 617033728,
  "n": 3888750,
  "o": 4008356,
  "p": 4422532,
  "q": 4558869,
  "r": 3215295,
  "s": 6631322,
  "t": 4503893,
  "u": 9300915
}
