{
  "b": 82.1226577758789,
  "c": 171.81993103027344,
  "d": 93.33977508544922,
  "e": 195.28045654296875,
  "f": 868083520,
  "g": 1801427584,
  "h": 1042765248,
  "i": 2164676608,
  "j": 854075648,
  "k": 1786927232,
  "l": 1026737536,
  "m": 2148084992,
  "n": 14007801,
  "o": 14500293,
  "p": 16027791,
  "q": 16591985,
  "r": 140013360,
  "s": 290399520,
  "t": 168755728,
  "u": 350193984
}
