{
  "b": 47.937347412109375,
  "c": 100.29283905029297,
  "d": 59.102779388427734,
  "e": 123.64672088623047,
  "f": 507000000,
  "g": 1050000000,
  "h": 660000000,
  "i": 1370000000,
  "j": 499000000,
  "k": 1040000000,
  "l": 650000000,
  "m": 1360000000,
  "n": 8420000,
  "o": 8420000,
  "p": 9950000,
  "q": 9950000,
  "r": 20100000,
  "s": 41700000,
  "t": 28000000,
  "u": 58000000
}

