{
  "b": 8.981849670410156,
  "c": 18.687150955200195,
  "d": 12.461953163146973,
  "e": 25.926912307739258,
  "f": 94900000,
  "g": 196000000,
  "h": 139000000,
  "i": 287000000,
  "j": 93400000,
  "k": 194000000,
  "l": 137000000,
  "m": 285000000,
  "n": 1510000,
  "o": 1510000,
  "p": 1850000,
  "q": 1850000,
  "r": 1280000,
  "s": 2640000,
  "t": 2090000,
  "u": 4320000
}
