{
  "b": 8.981849670410156,
  "c": 18.687150955200195,
  "d": 12.461953163146973,
  "e": 25.926912307739258,
  "f": 94901040,
  "g": 195879664,
  "h": 138902416,
  "i": 287070048,
  "j": 93411240,
  "k": 194346368,
  "l": 137081488,
  "m": 285196032,
  "n": 1489797,
  "o": 1533303,
  "p": 1820916,
  "q": 1873980,
  "r": 1282100,
  "s": 2643638,
  "t": 2090261,
  "u": 4316136
}
