{
  "b": 9.304849624633789,
  "c": 19.48921775817871,
  "d": 9.797822952270508,
  "e": 20.52016830444336,
  "f": 98400000,
  "g": 204000000,
  "h": 110000000,
  "i": 228000000,
  "j": 96800000,
  "k": 203000000,
  "l": 108000000,
  "m": 226000000,
  "n": 1640000,
  "o": 1640000,
  "p": 1820000,
  "q": 1820000,
  "r": 1910000,
  "s": 3970000,
  "t": 2330000,
  "u": 4830000
}
