{
  "b": 9.304849624633789,
  "c": 19.48921775817871,
  "d": 9.797822952270508,
  "e": 20.52016830444336,
  "f": 98382264,
  "g": 204356624,
  "h": 109562408,
  "i": 227571072,
  "j": 96770440,
  "k": 202687872,
  "l": 107776056,
  "m": 225721856,
  "n": 1611831,
  "o": 1668749,
  "p": 1786354,
  "q": 1849211,
  "r": 1913256,
  "s": 3966671,
  "t": 2328005,
  "u": 4828449
}
