{
  "b": 32.131500244140625,
  "c": 64.0738525390625,
  "d": 36.28891372680664,
  "e": 72.36140441894531,
  "f": 339531456,
  "g": 671657408,
  "h": 405334080,
  "i": 802045760,
  "j": 334167616,
  "k": 666368064,
  "l": 399178048,
  "m": 795975488,
  "n": 5363875,
  "o": 5289334,
  "p": 6156030,
  "q": 6070216,
  "r": 17547772,
  "s": 34684380,
  "t": 21780398,
  "u": 43068544
}
