{
  "b": 47.937347412109375,
  "c": 100.29283905029297,
  "d": 59.102779388427734,
  "e": 123.64672088623047,
  "f": 506835520,
  "g": 1051605696,
  "h": 659924160,
  "i": 1370228864,
  "j": 498548416,
  "k": 1043045504,
  "l": 650130560,
  "m": 1360113920,
  "n": 8287077,
  "o": 8560225,
  "p": 9793602,
  "q": 10114945,
  "r": 20148052,
  "s": 41692628,
  "t": 28004786,
  "u": 58011700
}
