{
  "b": 32.131500244140625,
  "c": 64.0738525390625,
  "d": 36.28891372680664,
  "e": 72.36140441894531,
  "f": 340000000,
  "g": 672000000,
  "h": 405000000,
  "i": 802000000,
  "j": 334000000,
  "k": 666000000,
  "l": 399000000,
  "m": 796000000,
  "n": 5330000,
  "o": 5330000,
  "p": 6110000,
  "q": 6110000,
  "r": 17500000,
  "s": 34700000,
  "t": 21800000,
  "u": 43100000
}
