{
  "b": 48.468109130859375,
  "c": 96.4051513671875,
  "d": 66.29618835449219,
  "e": 131.86074829101562,
  "f": 512000000,
  "g": 1010000000,
  "h": 740000000,
  "i": 1460000000,
  "j": 504000000,
  "k": 1000000000,
  "l": 729000000,
  "m": 1450000000,
  "n": 8340000,
  "o": 8340000,
  "p": 10400000,
  "q": 10400000,
  "r": 9430000,
  "s": 18600000,
  "t": 14700000,
  "u": 29000000
}
