{
  "b": 158.6248016357422,
  "c": 316.9056396484375,
  "d": 196.44949340820312,
  "e": 392.45562744140625,
  "f": 1677501824,
  "g": 3323460352,
  "h": 2194900992,
  "i": 4350780416,
  "j": 1649697920,
  "k": 3295818752,
  "l": 2160944384,
  "m": 4317011968,
  "n": 27803714,
  "o": 27641770,
  "p": 33956576,
  "q": 33768060,
  "r": 100130840,
  "s": 197705712,
  "t": 139205152,
  "u": 275095776
}
