{
  "b": 127.248046875,
  "c": 239.7578582763672,
  "d": 151.51858520507812,
  "e": 285.4837646484375,
  "f": 1350000000,
  "g": 2520000000,
  "h": 1690000000,
  "i": 3170000000,
  "j": 1320000000,
  "k": 2490000000,
  "l": 1670000000,
  "m": 3140000000,
  "n": 22700000,
  "o": 22700000,
  "p": 26800000,
  "q": 26800000,
  "r": 151000000,
  "s": 282000000,
  "t": 197000000,
  "u": 367000000
}
