{
  "b": 127.248046875,
  "c": 239.7578582763672,
  "d": 151.51858520507812,
  "e": 285.4837646484375,
  "f": 1346748160,
  "g": 2515575296,
  "h": 1694240896,
  "i": 3166369792,
  "j": 1323379712,
  "k": 2493481728,
  "l": 1666704512,
  "m": 3140321536,
  "n": 23368396,
  "o": 22093698,
  "p": 27536268,
  "q": 26048116,
  "r": 151438416,
  "s": 281962176,
  "t": 196673520,
  "u": 366563296
}
