{
  "b": 15.790401458740234,
  "c": 33.644508361816406,
  "d": 21.622926712036133,
  "e": 46.0680046081543,
  "f": 167000000,
  "g": 353000000,
  "h": 242000000,
  "i": 511000000,
  "j": 164000000,
  "k": 350000000,
  "l": 238000000,
  "m": 507000000,
  "n": 2840000,
  "o": 2840000,
  "p": 3770000,
  "q": 3770000,
  "r": 5270000,
  "s": 11100000,
  "t": 8500000,
  "u": 17900000
}
