{
  "b": 158.6248016357422,
  "c": 316.9056396484375,
  "d": 196.44949340820312,
  "e": 392.45562744140625,
  "f": 1680000000,
  "g": 3320000000,
  "h": 2190000000,
  "i": 4350000000,
  "j": 1650000000,
  "k": 3300000000,
  "l": 2160000000,
  "m": 4320000000,
  "n": 27700000,
  "o": 27700000,
  "p": 33900000,
  "q": 33900000,
  "r": 100000000,
  "s": 198000000,
  "t": 139000000,
  "u": 275000000
}
