{
  "b": 15.790401458740234,
  "c": 33.644508361816406,
  "d": 21.622926712036133,
  "e": 46.0680046081543,
  "f": 166985648,
  "g": 352812320,
  "h": 241524944,
  "i": 510611200,
  "j": 164220176,
  "k": 349902880,
  "l": 237852192,
  "m": 506748032,
  "n": 2765468,
  "o": 2909446,
  "p": 3672745,
  "q": 3863196,
  "r": 5274120,
  "s": 11119391,
  "t": 8501669,
  "u": 17941636
}
