{
  "b": 48.468109130859375,
  "c": 96.4051513671875,
  "d": 66.29618835449219,
  "e": 131.86074829101562,
  "f": 512453504,
  "g": 1010908672,
  "h": 739756800,
  "i": 1460856192,
  "j": 504068320,
  "k": 1002613568,
  "l": 729258048,
  "m": 1450468224,
  "n": 8385204,
  "o": 8295146,
  "p": 10498736,
  "q": 10388054,
  "r": 9427672,
  "s": 18556232,
  "t": 14720996,
  "u": 29015414
}
