{
  "b": 175.37594604492188,
  "c": 347.361328125,
  "d": 243.00784301757812,
  "e": 481.29559326171875,
  "f": 1860000000,
  "g": 3650000000,
  "h": 2720000000,
  "i": 5340000000,
  "j": 1820000000,
  "k": 3610000000,
  "l": 2670000000,
  "m": 5290000000,
  "n": 33800000,
  "o": 33800000,
  "p": 45000000,
  "q": 45000000,
  "r": 174000000,
  "s": 340000000,
  "t": 268000000,
  "u": 525000000
}
