{
  "b": 44.812278747558594,
  "c": 90.26842498779297,
  "d": 57.280208587646484,
  "e": 115.38208770751953,
  "f": 474250048,
  "g": 946999360,
  "h": 640833408,
  "i": 1279964288,
  "j": 466047680,
  "k": 938791616,
  "l": 630082304,
  "m": 1269202944,
  "n": 8202325,
  "o": 8207742,
  "p": 10751080,
  "q": 10761360,
  "r": 12580677,
  "s": 25087398,
  "t": 18489194,
  "u": 36891456
}
