{
  "b": 24.266286849975586,
  "c": 45.91107177734375,
  "d": 29.686708450317383,
  "e": 56.16496276855469,
  "f": 257000000,
  "g": 481000000,
  "h": 332000000,
  "i": 623000000,
  "j": 252000000,
  "k": 477000000,
  "l": 327000000,
  "m": 618000000,
  "n": 4130000,
  "o": 4130000,
  "p": 4860000,
  "q": 4860000,
  "r": 6240000,
  "s": 11700000,
  "t": 8980000,
  "u": 16800000
}
