{
  "b": 175.37594604492188,
  "c": 347.361328125,
  "d": 243.00784301757812,
  "e": 481.29559326171875,
  "f": 1857990656,
  "g": 3646167808,
  "h": 2718385152,
  "i": 5338938368,
  "j": 1823909760,
  "k": 3612557824,
  "l": 2673086208,
  "m": 5294251520,
  "n": 34080768,
  "o": 33610040,
  "p": 45298720,
  "q": 44686928,
  "r": 173920896,
  "s": 340173888,
  "t": 268267392,
  "u": 525411360
}
