{
  "b": 330.8532409667969,
  "c": 676.9703369140625,
  "d": 396.29620361328125,
  "e": 810.8445434570312,
  "f": 3500000000,
  "g": 7100000000,
  "h": 4430000000,
  "i": 8990000000,
  "j": 3440000000,
  "k": 7040000000,
  "l": 4360000000,
  "m": 8920000000,
  "n": 57700000,
  "o": 57700000,
  "p": 69500000,
  "q": 69500000,
  "r": 316000000,
  "s": 637000000,
  "t": 429000000,
  "u": 866000000
}
