{
  "b": 330.8532409667969,
  "c": 676.9703369140625,
  "d": 396.29620361328125,
  "e": 810.8445434570312,
  "f": 3498261760,
  "g": 7098578944,
  "h": 4428352512,
  "i": 8989230080,
  "j": 3440873728,
  "k": 7040491520,
  "l": 4359258112,
  "m": 8919289856,
  "n": 57388032,
  "o": 58087092,
  "p": 69094544,
  "q": 69939600,
  "r": 315537664,
  "s": 637121216,
  "t": 428588128,
  "u": 866105472
}
