{
  "b": 36.05686569213867,
  "c": 72.24232482910156,
  "d": 40.365726470947266,
  "e": 80.87190246582031,
  "f": 381000000,
  "g": 758000000,
  "h": 451000000,
  "i": 897000000,
  "j": 375000000,
  "k": 751000000,
  "l": 444000000,
  "m": 890000000,
  "n": 6360000,
  "o": 6360000,
  "p": 7100000,
  "q": 7100000,
  "r": 8690000,
  "s": 17200000,
  "t": 10800000,
  "u": 21400000
}
