{
  "b": 44.812278747558594,
  "c": 90.26842498779297,
  "d": 57.280208587646484,
  "e": 115.38208770751953,
  "f": 474000000,
  "g": 947000000,
  "h": 641000000,
  "i": 1280000000,
  "j": 466000000,
  "k": 939000000,
  "l": 630000000,
  "m": 1270000000,
  "n": 8210000,
  "o": 8210000,
  "p": 10800000,
  "q": 10800000,
  "r": 12600000,
  "s": 25100000,
  "t": 18500000,
  "u": 36900000
}
