{
  "b": 6.887155532836914,
  "c": 14.483352661132812,
  "d": 8.14852523803711,
  "e": 17.134225845336914,
  "f": 72830752,
  "g": 151878976,
  "h": 90998448,
  "i": 189895168,
  "j": 71626416,
  "k": 150626864,
  "l": 89633776,
  "m": 188476480,
  "n": 1204334,
  "o": 1252099,
  "p": 1364674,
  "q": 1418657,
  "r": 479547,
  "s": 998860,
  "t": 665499,
  "u": 1387772
}
