{
  "b": 10.270119667053223,
  "c": 20.674074172973633,
  "d": 12.922746658325195,
  "e": 26.012685775756836,
  "f": 109000000,
  "g": 217000000,
  "h": 144000000,
  "i": 288000000,
  "j": 107000000,
  "k": 215000000,
  "l": 142000000,
  "m": 286000000,
  "n": 1810000,
  "o": 1810000,
  "p": 2120000,
  "q": 2120000,
  "r": 2430000,
  "s": 4860000,
  "t": 3570000,
  "u": 7130000
}
