{
  "b": 232.70631408691406,
  "c": 461.9377746582031,
  "d": 284.66400146484375,
  "e": 565.053955078125,
  "f": 2460000000,
  "g": 4840000000,
  "h": 3180000000,
  "i": 6260000000,
  "j": 2420000000,
  "k": 4800000000,
  "l": 3130000000,
  "m": 6220000000,
  "n": 40000000,
  "o": 40000000,
  "p": 47300000,
  "q": 47300000,
  "r": 665000000,
  "s": 1310000000,
  "t": 846000000,
  "u": 1670000000
}
