{
  "b": 38.12318801879883,
  "c": 78.99626159667969,
  "d": 47.36582565307617,
  "e": 98.14370727539062,
  "f": 403000000,
  "g": 829000000,
  "h": 529000000,
  "i": 1090000000,
  "j": 396000000,
  "k": 822000000,
  "l": 521000000,
  "m": 1080000000,
  "n": 6900000,
  "o": 6900000,
  "p": 8110000,
  "q": 8110000,
  "r": 13900000,
  "s": 28500000,
  "t": 19500000,
  "u": 39900000
}
