{
  "b": 38.12318801879883,
  "c": 78.99626159667969,
  "d": 47.36582565307617,
  "e": 98.14370727539062,
  "f": 403296960,
  "g": 828550528,
  "h": 529035584,
  "i": 1087796992,
  "j": 396481152,
  "k": 821561088,
  "l": 521024096,
  "m": 1079580800,
  "n": 6815806,
  "o": 6989430,
  "p": 8011550,
  "q": 8216194,
  "r": 13912544,
  "s": 28475108,
  "t": 19481822,
  "u": 39932828
}
