{
  "b": 6.804209232330322,
  "c": 14.045524597167969,
  "d": 7.792452335357666,
  "e": 16.084959030151367,
  "f": 71900000,
  "g": 147000000,
  "h": 87000000,
  "i": 178000000,
  "j": 70800000,
  "k": 146000000,
  "l": 85700000,
  "m": 177000000,
  "n": 1140000,
  "o": 1140000,
  "p": 1320000,
  "q": 1320000,
  "r": 1000000,
  "s": 2040000,
  "t": 1310000,
  "u": 2680000
}
