{
  "b": 10.270119667053223,
  "c": 20.674074172973633,
  "d": 12.922746658325195,
  "e": 26.012685775756836,
  "f": 108619248,
  "g": 216817216,
  "h": 144269984,
  "i": 288255936,
  "j": 106809248,
  "k": 215010368,
  "l": 142150208,
  "m": 286139552,
  "n": 1809982,
  "o": 1806874,
  "p": 2119777,
  "q": 2116379,
  "r": 2434357,
  "s": 4855121,
  "t": 3572326,
  "u": 7134790
}
