{
  "b": 6.887155532836914,
  "c": 14.483352661132812,
  "d": 8.14852523803711,
  "e": 17.134225845336914,
  "f": 72800000,
  "g": 152000000,
  "h": 91000000,
  "i": 190000000,
  "j": 71600000,
  "k": 151000000,
  "l": 89600000,
  "m": 188000000,
  "n": 1230000,
  "o": 1230000,
  "p": 1390000,
  "q": 1390000,
  "r": 480000,
  "s": 999000,
  "t": 665000,
  "u": 1390000
}
