{
  "b": 371.48828125,
  "c": 743.7091674804688,
  "d": 449.3612365722656,
  "e": 899.5625,
  "f": 3930000000,
  "g": 7800000000,
  "h": 5020000000,
  "i": 9970000000,
  "j": 3860000000,
  "k": 7730000000,
  "l": 4940000000,
  "m": 9900000000,
  "n": 65200000,
  "o": 65200000,
  "p": 77900000,
  "q": 77900000,
  "r": 550000000,
  "s": 1090000000,
  "t": 743000000,
  "u": 1470000000
}
