{
  "b": 371.48828125,
  "c": 743.7091674804688,
  "d": 449.3612365722656,
  "e": 899.5625,
  "f": 3928907776,
  "g": 7799588864,
  "h": 5021073920,
  "i": 9972804608,
  "j": 3863478272,
  "k": 7734575104,
  "l": 4942973440,
  "m": 9895187456,
  "n": 65429252,
  "o": 65015100,
  "p": 78100608,
  "q": 77617304,
  "r": 550011840,
  "s": 1087178240,
  "t": 742606144,
  "u": 1469168128
}
