{
  "b": 39.95343017578125,
  "c": 82.60305786132812,
  "d": 45.0247917175293,
  "e": 93.08441925048828,
  "f": 423000000,
  "g": 866000000,
  "h": 503000000,
  "i": 1030000000,
  "j": 416000000,
  "k": 859000000,
  "l": 495000000,
  "m": 1020000000,
  "n": 7100000,
  "o": 7100000,
  "p": 7790000,
  "q": 7790000,
  "r": 25600000,
  "s": 52400000,
  "t": 30900000,
  "u": 63400000
}
