{
  "b": 60.250221252441406,
  "c": 121.45458221435547,
  "d": 79.44410705566406,
  "e": 160.1402130126953,
  "f": 637754240,
  "g": 1274322688,
  "h": 888532608,
  "i": 1776251776,
  "j": 626602304,
  "k": 1263127680,
  "l": 873885184,
  "m": 1761542272,
  "n": 11151926,
  "o": 11195097,
  "p": 14647488,
  "q": 14709421,
  "r": 27472218,
  "s": 54754096,
  "t": 41991228,
  "u": 83773168
}
