{
  "b": 60.250221252441406,
  "c": 121.45458221435547,
  "d": 79.44410705566406,
  "e": 160.1402130126953,
  "f": 638000000,
  "g": 1270000000,
  "h": 889000000,
  "i": 1780000000,
  "j": 627000000,
  "k": 1260000000,
  "l": 874000000,
  "m": 1760000000,
  "n": 11200000,
  "o": 11200000,
  "p": 14700000,
  "q": 14700000,
  "r": 27500000,
  "s": 54800000,
  "t": 42000000,
  "u": 83800000
}
