{
  "b": 93.02639770507812,
  "c": 191.65196228027344,
  "d": 121.83179473876953,
  "e": 250.98509216308594,
  "f": 983082240,
  "g": 2009064960,
  "h": 1359470720,
  "i": 2780497408,
  "j": 967474560,
  "k": 1993180416,
  "l": 1340149760,
  "m": 2760836096,
  "n": 15607879,
  "o": 15884450,
  "p": 19321188,
  "q": 19661316,
  "r": 61435256,
  "s": 125232240,
  "t": 90874256,
  "u": 185440992
}
