{
  "b": 93.02639770507812,
  "c": 191.65196228027344,
  "d": 121.83179473876953,
  "e": 250.98509216308594,
  "f": 983000000,
  "g": 2010000000,
  "h": 1360000000,
  "i": 2780000000,
  "j": 967000000,
  "k": 1990000000,
  "l": 1340000000,
  "m": 2760000000,
  "n": 15700000,
  "o": 15700000,
  "p": 19500000,
  "q": 19500000,
  "r": 61400000,
  "s": 125000000,
  "t": 90900000,
  "u": 185000000
}
