{
  "b": 18.988525390625,
  "c": 37.00624084472656,
  "d": 24.191394805908203,
  "e": 47.1450309753418,
  "f": 200940576,
  "g": 388225824,
  "h": 270705312,
  "i": 523065024,
  "j": 197480672,
  "k": 384864896,
  "l": 266105344,
  "m": 518595328,
  "n": 3459914,
  "o": 3360944,
  "p": 4599948,
  "q": 4469650,
  "r": 5977995,
  "s": 11519970,
  "t": 8884307,
  "u": 17126730
}
