{
  "b": 2.4126155376434326,
  "c": 5.199395656585693,
  "d": 2.8902666568756104,
  "e": 6.2284979820251465,
  "f": 25500000,
  "g": 54500000,
  "h": 32200000,
  "i": 69000000,
  "j": 25100000,
  "k": 54100000,
  "l": 31800000,
  "m": 68500000,
  "n": 424000,
  "o": 424000,
  "p": 459000,
  "q": 459000,
  "r": 567000,
  "s": 1210000,
  "t": 787000,
  "u": 1680000
}
