{
  "b": 18.988525390625,
  "c": 37.00624084472656,
  "d": 24.191394805908203,
  "e": 47.1450309753418,
  "f": 201000000,
  "g": 388000000,
  "h": 271000000,
  "i": 523000000,
  "j": 197000000,
  "k": 385000000,
  "l": 266000000,
  "m": 519000000,
  "n": 3410000,
  "o": 3410000,
  "p": 4530000,
  "q": 4530000,
  "r": 5980000,
  "s": 11500000,
  "t": 8880000,
  "u": 17100000
}
