{
  "b": 21.970380783081055,
  "c": 45.77018356323242,
  "d": 26.346664428710938,
  "e": 54.8851432800293,
  "f": 232000000,
  "g": 480000000,
  "h": 294000000,
  "i": 608000000,
  "j": 228000000,
  "k": 476000000,
  "l": 290000000,
  "m": 604000000,
  "n": 3680000,
  "o": 3680000,
  "p": 4570000,
  "q": 4570000,
  "r": 6800000,
  "s": 14000000,
  "t": 9500000,
  "u": 19600000
}
