{
  "b": 16.42354393005371,
  "c": 34.34854507446289,
  "d": 17.964826583862305,
  "e": 37.56829071044922,
  "f": 173695072,
  "g": 360214560,
  "h": 200781216,
  "i": 416528128,
  "j": 170804848,
  "k": 357224864,
  "l": 197613088,
  "m": 413251200,
  "n": 2890214,
  "o": 2989655,
  "p": 3168129,
  "q": 3276892,
  "r": 2437924,
  "s": 5042220,
  "t": 3101918,
  "u": 6420654
}
