{
  "b": 21.970380783081055,
  "c": 45.77018356323242,
  "d": 26.346664428710938,
  "e": 54.8851432800293,
  "f": 232120384,
  "g": 479741536,
  "h": 294316544,
  "i": 608367168,
  "j": 228491952,
  "k": 476009920,
  "l": 289813312,
  "m": 603736576,
  "n": 3628404,
  "o": 3731569,
  "p": 4503237,
  "q": 4630716,
  "r": 6799312,
  "s": 14037775,
  "t": 9503030,
  "u": 19626580
}
