{
  "b": 174.0219268798828,
  "c": 351.07745361328125,
  "d": 229.2356719970703,
  "e": 462.4450988769531,
  "f": 1839709952,
  "g": 3681109248,
  "h": 2558588416,
  "i": 5123923968,
  "j": 1809827968,
  "k": 3651205632,
  "l": 2521592320,
  "m": 5086896128,
  "n": 29881870,
  "o": 29903802,
  "p": 36996004,
  "q": 37027816,
  "r": 81238592,
  "s": 161800144,
  "t": 122236312,
  "u": 243767952
}
