{
  "b": 174.0219268798828,
  "c": 351.07745361328125,
  "d": 229.2356719970703,
  "e": 462.4450988769531,
  "f": 1840000000,
  "g": 3680000000,
  "h": 2560000000,
  "i": 5120000000,
  "j": 1810000000,
  "k": 3650000000,
  "l": 2520000000,
  "m": 5090000000,
  "n": 29900000,
  "o": 29900000,
  "p": 37000000,
  "q": 37000000,
  "r": 81200000,
  "s": 162000000,
  "t": 122000000,
  "u": 244000000
}
