{
  "b": 6.059327125549316,
  "c": 12.305205345153809,
  "d": 6.8571391105651855,
  "e": 13.924849510192871,
  "f": 64100000,
  "g": 129000000,
  "h": 76600000,
  "i": 154000000,
  "j": 63000000,
  "k": 128000000,
  "l": 75400000,
  "m": 153000000,
  "n": 1060000,
  "o": 1060000,
  "p": 1180000,
  "q": 1180000,
  "r": 397000,
  "s": 799000,
  "t": 528000,
  "u": 1060000
}
