{
  "b": 36.338897705078125,
  "c": 72.16585540771484,
  "d": 43.924278259277344,
  "e": 87.22612762451172,
  "f": 384000000,
  "g": 757000000,
  "h": 491000000,
  "i": 967000000,
  "j": 378000000,
  "k": 751000000,
  "l": 483000000,
  "m": 959000000,
  "n": 6530000,
  "o": 6530000,
  "p": 7780000,
  "q": 7780000,
  "r": 16000000,
  "s": 31500000,
  "t": 21900000,
  "u": 43100000
}
