{
  "b": 33.26319885253906,
  "c": 65.42632293701172,
  "d": 37.76743698120117,
  "e": 74.28335571289062,
  "f": 352000000,
  "g": 686000000,
  "h": 422000000,
  "i": 823000000,
  "j": 346000000,
  "k": 680000000,
  "l": 415000000,
  "m": 817000000,
  "n": 5740000,
  "o": 5740000,
  "p": 6390000,
  "q": 6390000,
  "r": 14200000,
  "s": 27600000,
  "t": 18300000,
  "u": 35700000
}
