{
  "b": 97.35301208496094,
  "c": 192.72982788085938,
  "d": 124.80904388427734,
  "e": 247.07521057128906,
  "f": 1029104192,
  "g": 2020755712,
  "h": 1392911360,
  "i": 2737520896,
  "j": 1012471296,
  "k": 2004390272,
  "l": 1372899456,
  "m": 2717827328,
  "n": 16632864,
  "o": 16365521,
  "p": 20012016,
  "q": 19693608,
  "r": 21251070,
  "s": 41601264,
  "t": 31585118,
  "u": 61908748
}
