{
  "b": 103.87674713134766,
  "c": 198.91754150390625,
  "d": 142.14614868164062,
  "e": 272.19659423828125,
  "f": 1100000000,
  "g": 2090000000,
  "h": 1590000000,
  "i": 3020000000,
  "j": 1080000000,
  "k": 2070000000,
  "l": 1560000000,
  "m": 2990000000,
  "n": 19800000,
  "o": 19800000,
  "p": 26200000,
  "q": 26200000,
  "r": 61700000,
  "s": 117000000,
  "t": 94200000,
  "u": 179000000
}
