{
  "b": 6.059327125549316,
  "c": 12.305205345153809,
  "d": 6.8571391105651855,
  "e": 13.924849510192871,
  "f": 64074000,
  "g": 129036816,
  "h": 76603064,
  "i": 154354224,
  "j": 63017004,
  "k": 127974136,
  "l": 75428528,
  "m": 153173344,
  "n": 1056992,
  "o": 1062686,
  "p": 1174536,
  "q": 1180857,
  "r": 396886,
  "s": 799204,
  "t": 527872,
  "u": 1063994
}
