{
  "b": 33.26319885253906,
  "c": 65.42632293701172,
  "d": 37.76743698120117,
  "e": 74.28335571289062,
  "f": 351741504,
  "g": 686103424,
  "h": 421904288,
  "i": 823430464,
  "j": 345937280,
  "k": 680433792,
  "l": 415441792,
  "m": 817116928,
  "n": 5804261,
  "o": 5669557,
  "p": 6462501,
  "q": 6313545,
  "r": 14185039,
  "s": 27620566,
  "t": 18321462,
  "u": 35707144
}
