{
  "b": 36.338897705078125,
  "c": 72.16585540771484,
  "d": 43.924278259277344,
  "e": 87.22612762451172,
  "f": 384497376,
  "g": 757015808,
  "h": 490990880,
  "i": 967216064,
  "j": 377924544,
  "k": 750524928,
  "l": 483167072,
  "m": 959487424,
  "n": 6572838,
  "o": 6490889,
  "p": 7823788,
  "q": 7728508,
  "r": 16019238,
  "s": 31453662,
  "t": 21907722,
  "u": 43060540
}
