{
  "b": 103.87674713134766,
  "c": 198.91754150390625,
  "d": 142.14614868164062,
  "e": 272.19659423828125,
  "f": 1100534016,
  "g": 2088126336,
  "h": 1590306176,
  "i": 3019774464,
  "j": 1080318208,
  "k": 2068742400,
  "l": 1563607552,
  "m": 2994162432,
  "n": 20215726,
  "o": 19383760,
  "p": 26698580,
  "q": 25612178,
  "r": 61742676,
  "s": 116856528,
  "t": 94208632,
  "u": 178561680
}
