{
  "b": 97.35301208496094,
  "c": 192.72982788085938,
  "d": 124.80904388427734,
  "e": 247.07521057128906,
  "f": 1030000000,
  "g": 2020000000,
  "h": 1390000000,
  "i": 2740000000,
  "j": 1010000000,
  "k": 2000000000,
  "l": 1370000000,
  "m": 2720000000,
  "n": 16500000,
  "o": 16500000,
  "p": 19900000,
  "q": 19900000,
  "r": 21300000,
  "s": 41600000,
  "t": 31600000,
  "u": 61900000
}
