{
  "b": 34.02159881591797,
  "c": 71.21176147460938,
  "d": 39.7735595703125,
  "e": 83.24778747558594,
  "f": 359593472,
  "g": 746567296,
  "h": 444288160,
  "i": 922734592,
  "j": 353824608,
  "k": 740602304,
  "l": 437509152,
  "m": 915725696,
  "n": 5768910,
  "o": 5964974,
  "p": 6779023,
  "q": 7008818,
  "r": 14289848,
  "s": 29551740,
  "t": 18693696,
  "u": 38686000
}
