{
  "b": 24.66327476501465,
  "c": 50.98335266113281,
  "d": 29.838882446289062,
  "e": 61.680397033691406,
  "f": 261000000,
  "g": 534000000,
  "h": 333000000,
  "i": 683000000,
  "j": 256000000,
  "k": 530000000,
  "l": 328000000,
  "m": 678000000,
  "n": 4140000,
  "o": 4140000,
  "p": 4780000,
  "q": 4780000,
  "r": 2290000,
  "s": 4690000,
  "t": 3140000,
  "u": 6440000
}
