{
  "b": 24.66327476501465,
  "c": 50.98335266113281,
  "d": 29.838882446289062,
  "e": 61.680397033691406,
  "f": 260595584,
  "g": 534408256,
  "h": 332959808,
  "i": 683312832,
  "j": 256498064,
  "k": 530226848,
  "l": 328227712,
  "m": 678484352,
  "n": 4097532,
  "o": 4181426,
  "p": 4732057,
  "q": 4828539,
  "r": 2290032,
  "s": 4689050,
  "t": 3144143,
  "u": 6444303
}
