{
  "b": 25.960800170898438,
  "c": 54.721649169921875,
  "d": 33.155818939208984,
  "e": 69.88541412353516,
  "f": 274000000,
  "g": 574000000,
  "h": 370000000,
  "i": 774000000,
  "j": 270000000,
  "k": 569000000,
  "l": 365000000,
  "m": 769000000,
  "n": 4390000,
  "o": 4390000,
  "p": 5520000,
  "q": 5520000,
  "r": 6610000,
  "s": 13800000,
  "t": 9860000,
  "u": 20600000
}
