{
  "b": 529.8191528320312,
  "c": 1019.6190795898438,
  "d": 723.2568969726562,
  "e": 1391.8037109375,
  "f": 5611938304,
  "g": 10702614528,
  "h": 8095977984,
  "i": 15445647360,
  "j": 5510118912,
  "k": 10604038144,
  "l": 7955825664,
  "m": 15309841408,
  "n": 101818752,
  "o": 98575240,
  "p": 140153040,
  "q": 135805760,
  "r": 1262398976,
  "s": 2399008000,
  "t": 1955910784,
  "u": 3720193536
}
