{
  "b": 13.297870635986328,
  "c": 27.79541015625,
  "d": 15.108160018920898,
  "e": 31.578109741210938,
  "f": 140544080,
  "g": 291391584,
  "h": 168715712,
  "i": 349967104,
  "j": 138297856,
  "k": 289072256,
  "l": 166189760,
  "m": 347359200,
  "n": 2246204,
  "o": 2319311,
  "p": 2525938,
  "q": 2607875,
  "r": 2686080,
  "s": 5554955,
  "t": 3476011,
  "u": 7194100
}
