{
  "b": 13.297870635986328,
  "c": 27.79541015625,
  "d": 15.108160018920898,
  "e": 31.578109741210938,
  "f": 141000000,
  "g": 291000000,
  "h": 169000000,
  "i": 350000000,
  "j": 138000000,
  "k": 289000000,
  "l": 166000000,
  "m": 347000000,
  "n": 2280000,
  "o": 2280000,
  "p": 2570000,
  "q": 2570000,
  "r": 2690000,
  "s": 5550000,
  "t": 3480000,
  "u": 7190000
}
