{
  "b": 65.20616149902344,
  "c": 135.55136108398438,
  "d": 96.18479919433594,
  "e": 199.94097900390625,
  "f": 689595136,
  "g": 1421527296,
  "h": 1072474880,
  "i": 2214225920,
  "j": 678144064,
  "k": 1409734144,
  "l": 1058032768,
  "m": 2199350784,
  "n": 11451095,
  "o": 11793149,
  "p": 14442073,
  "q": 14875220,
  "r": 26968258,
  "s": 55411924,
  "t": 45752616,
  "u": 94204816
}
