{
  "b": 65.20616149902344,
  "c": 135.55136108398438,
  "d": 96.18479919433594,
  "e": 199.94097900390625,
  "f": 690000000,
  "g": 1420000000,
  "h": 1070000000,
  "i": 2210000000,
  "j": 678000000,
  "k": 1410000000,
  "l": 1060000000,
  "m": 2200000000,
  "n": 11600000,
  "o": 11600000,
  "p": 14700000,
  "q": 14700000,
  "r": 27000000,
  "s": 55400000,
  "t": 45800000,
  "u": 94200000
}
