{
  "b": 117.44573211669922,
  "c": 243.09991455078125,
  "d": 153.59378051757812,
  "e": 317.9088439941406,
  "f": 1240000000,
  "g": 2550000000,
  "h": 1710000000,
  "i": 3520000000,
  "j": 1220000000,
  "k": 2530000000,
  "l": 1690000000,
  "m": 3500000000,
  "n": 20300000,
  "o": 20300000,
  "p": 25400000,
  "q": 25400000,
  "r": 421000000,
  "s": 863000000,
  "t": 592000000,
  "u": 1220000000
}
