{
  "b": 65.22818756103516,
  "c": 131.50331115722656,
  "d": 78.54076385498047,
  "e": 158.33724975585938,
  "f": 690118144,
  "g": 1379388672,
  "h": 877590144,
  "i": 1755364352,
  "j": 678373120,
  "k": 1367634432,
  "l": 863948416,
  "m": 1741709696,
  "n": 11744988,
  "o": 11754179,
  "p": 13641662,
  "q": 13654690,
  "r": 37937436,
  "s": 75595416,
  "t": 51036172,
  "u": 101820816
}
