{
  "b": 65.22818756103516,
  "c": 131.50331115722656,
  "d": 78.54076385498047,
  "e": 158.33724975585938,
  "f": 690000000,
  "g": 1380000000,
  "h": 878000000,
  "i": 1760000000,
  "j": 678000000,
  "k": 1370000000,
  "l": 864000000,
  "m": 1740000000,
  "n": 11700000,
  "o": 11700000,
  "p": 13600000,
  "q": 13600000,
  "r": 37900000,
  "s": 75600000,
  "t": 51000000,
  "u": 102000000
}
