{
  "b": 17.34442138671875,
  "c": 35.49041748046875,
  "d": 19.71693992614746,
  "e": 40.34330368041992,
  "f": 183428704,
  "g": 372193664,
  "h": 220324368,
  "i": 447267584,
  "j": 180381984,
  "k": 369100352,
  "l": 216886336,
  "m": 443776320,
  "n": 3046724,
  "o": 3093266,
  "p": 3438045,
  "q": 3491269,
  "r": 4156741,
  "s": 8408520,
  "t": 5377496,
  "u": 10887678
}
