{
  "b": 17.34442138671875,
  "c": 35.49041748046875,
  "d": 19.71693992614746,
  "e": 40.34330368041992,
  "f": 183000000,
  "g": 372000000,
  "h": 220000000,
  "i": 447000000,
  "j": 180000000,
  "k": 369000000,
  "l": 217000000,
  "m": 444000000,
  "n": 3070000,
  "o": 3070000,
  "p": 3460000,
  "q": 3460000,
  "r": 4160000,
  "s": 8410000,
  "t": 5380000,
  "u": 10900000
}
