{
  "b": 17.961090087890625,
  "c": 37.37736511230469,
  "d": 19.820743560791016,
  "e": 41.245140075683594,
  "f": 190000000,
  "g": 392000000,
  "h": 221000000,
  "i": 457000000,
  "j": 187000000,
  "k": 389000000,
  "l": 218000000,
  "m": 454000000,
  "n": 3220000,
  "o": 3220000,
  "p": 3420000,
  "q": 3420000,
  "r": 3010000,
  "s": 6200000,
  "t": 3820000,
  "u": 7860000
}
