{
  "b": 36.914405822753906,
  "c": 76.90494537353516,
  "d": 40.410491943359375,
  "e": 84.18331909179688,
  "f": 390000000,
  "g": 806000000,
  "h": 452000000,
  "i": 934000000,
  "j": 384000000,
  "k": 800000000,
  "l": 445000000,
  "m": 926000000,
  "n": 6540000,
  "o": 6540000,
  "p": 7490000,
  "q": 7490000,
  "r": 14500000,
  "s": 30000000,
  "t": 17900000,
  "u": 36900000
}
