{
  "b": 17.961090087890625,
  "c": 37.37736511230469,
  "d": 19.820743560791016,
  "e": 41.245140075683594,
  "f": 189972224,
  "g": 391997376,
  "h": 221396288,
  "i": 457166432,
  "j": 186795344,
  "k": 388724608,
  "l": 218028176,
  "m": 453696544,
  "n": 3176905,
  "o": 3272801,
  "p": 3368084,
  "q": 3469851,
  "r": 3013125,
  "s": 6197475,
  "t": 3815705,
  "u": 7857361
}
