{
  "b": 73.95053100585938,
  "c": 146.547119140625,
  "d": 100.52454376220703,
  "e": 199.19827270507812,
  "f": 782750144,
  "g": 1537539200,
  "h": 1123469824,
  "i": 2208605184,
  "j": 769085504,
  "k": 1524090112,
  "l": 1105769984,
  "m": 2191181056,
  "n": 13664687,
  "o": 13449067,
  "p": 17699804,
  "q": 17424050,
  "r": 44442024,
  "s": 87033712,
  "t": 67269504,
  "u": 131914672
}
