{
  "b": 7.843076229095459,
  "c": 16.542381286621094,
  "d": 9.31182861328125,
  "e": 19.63962745666504,
  "f": 82900000,
  "g": 173000000,
  "h": 104000000,
  "i": 218000000,
  "j": 81600000,
  "k": 172000000,
  "l": 102000000,
  "m": 216000000,
  "n": 1350000,
  "o": 1350000,
  "p": 1600000,
  "q": 1600000,
  "r": 1170000,
  "s": 2450000,
  "t": 1610000,
  "u": 3370000
}
