{
  "b": 25.19382095336914,
  "c": 52.792598724365234,
  "d": 27.664907455444336,
  "e": 57.96708679199219,
  "f": 266364960,
  "g": 553545216,
  "h": 309302336,
  "i": 642800896,
  "j": 262015744,
  "k": 549043008,
  "l": 304313984,
  "m": 637637952,
  "n": 4349205,
  "o": 4502250,
  "p": 4988340,
  "q": 5163026,
  "r": 7967597,
  "s": 16532653,
  "t": 10160885,
  "u": 21093538
}
