{
  "b": 25.19382095336914,
  "c": 52.792598724365234,
  "d": 27.664907455444336,
  "e": 57.96708679199219,
  "f": 266000000,
  "g": 554000000,
  "h": 309000000,
  "i": 643000000,
  "j": 262000000,
  "k": 549000000,
  "l": 304000000,
  "m": 638000000,
  "n": 4430000,
  "o": 4430000,
  "p": 5080000,
  "q": 5080000,
  "r": 7970000,
  "s": 16500000,
  "t": 10200000,
  "u": 21100000
}
