{
  "b": 7.843076229095459,
  "c": 16.542381286621094,
  "d": 9.31182861328125,
  "e": 19.63962745666504,
  "f": 82891256,
  "g": 173417664,
  "h": 103996776,
  "i": 217665712,
  "j": 81567992,
  "k": 172040768,
  "l": 102430112,
  "m": 216035904,
  "n": 1323265,
  "o": 1376894,
  "p": 1566657,
  "q": 1629806,
  "r": 1172035,
  "s": 2448041,
  "t": 1612320,
  "u": 3370048
}
