{
  "b": 73.95053100585938,
  "c": 146.547119140625,
  "d": 100.52454376220703,
  "e": 199.19827270507812,
  "f": 783000000,
  "g": 1540000000,
  "h": 1120000000,
  "i": 2210000000,
  "j": 769000000,
  "k": 1520000000,
  "l": 1110000000,
  "m": 2190000000,
  "n": 13600000,
  "o": 13600000,
  "p": 17600000,
  "q": 17600000,
  "r": 44400000,
  "s": 87000000,
  "t": 67300000,
  "u": 132000000
}
