{
  "b": 65.1088638305664,
  "c": 132.50282287597656,
  "d": 90.80331420898438,
  "e": 184.783203125,
  "f": 689000000,
  "g": 1390000000,
  "h": 1010000000,
  "i": 2050000000,
  "j": 677000000,
  "k": 1380000000,
  "l": 999000000,
  "m": 2030000000,
  "n": 11500000,
  "o": 11500000,
  "p": 15000000,
  "q": 15000000,
  "r": 26500000,
  "s": 53200000,
  "t": 43200000,
  "u": 87000000
}
