{
  "b": 19.767559051513672,
  "c": 40.96842575073242,
  "d": 27.602725982666016,
  "e": 57.20430374145508,
  "f": 208928784,
  "g": 429502624,
  "h": 307698784,
  "i": 633419008,
  "j": 205582608,
  "k": 426071616,
  "l": 303629984,
  "m": 629247360,
  "n": 3346180,
  "o": 3431031,
  "p": 4068785,
  "q": 4171646,
  "r": 4003336,
  "s": 8211662,
  "t": 6272979,
  "u": 12889266
}
