{
  "b": 65.1088638305664,
  "c": 132.50282287597656,
  "d": 90.80331420898438,
  "e": 184.783203125,
  "f": 688571392,
  "g": 1389546880,
  "h": 1013759616,
  "i": 2047641088,
  "j": 677132160,
  "k": 1378029312,
  "l": 998836416,
  "m": 2032615296,
  "n": 11439154,
  "o": 11517729,
  "p": 14923197,
  "q": 15025680,
  "r": 26454960,
  "s": 53201136,
  "t": 43191096,
  "u": 86974224
}
