{
  "b": 23.69124984741211,
  "c": 49.684574127197266,
  "d": 29.924779891967773,
  "e": 62.75466537475586,
  "f": 250477856,
  "g": 520958112,
  "h": 334286656,
  "i": 695602496,
  "j": 246388992,
  "k": 516719552,
  "l": 329172576,
  "m": 690301312,
  "n": 4088876,
  "o": 4238560,
  "p": 5114064,
  "q": 5301167,
  "r": 4934501,
  "s": 10230521,
  "t": 7070988,
  "u": 14674010
}
