{
  "b": 23.69124984741211,
  "c": 49.684574127197266,
  "d": 29.924779891967773,
  "e": 62.75466537475586,
  "f": 250000000,
  "g": 521000000,
  "h": 334000000,
  "i": 696000000,
  "j": 246000000,
  "k": 517000000,
  "l": 329000000,
  "m": 690000000,
  "n": 4160000,
  "o": 4160000,
  "p": 5210000,
  "q": 5210000,
  "r": 4930000,
  "s": 10200000,
  "t": 7070000,
  "u": 14700000
}
