{
  "b": 42.63181686401367,
  "c": 87.76544952392578,
  "d": 52.78238296508789,
  "e": 108.66133880615234,
  "f": 451000000,
  "g": 920000000,
  "h": 589000000,
  "i": 1200000000,
  "j": 443000000,
  "k": 913000000,
  "l": 581000000,
  "m": 1200000000,
  "n": 7620000,
  "o": 7620000,
  "p": 8690000,
  "q": 8690000,
  "r": 126000000,
  "s": 258000000,
  "t": 162000000,
  "u": 331000000
}
