{
  "b": 42.63181686401367,
  "c": 87.76544952392578,
  "d": 52.78238296508789,
  "e": 108.66133880615234,
  "f": 450923296,
  "g": 920455808,
  "h": 589214400,
  "i": 1204046336,
  "j": 443370912,
  "k": 912760640,
  "l": 580606208,
  "m": 1195274752,
  "n": 7552330,
  "o": 7695157,
  "p": 8608257,
  "q": 8771712,
  "r": 126349256,
  "s": 258005424,
  "t": 161890512,
  "u": 331006624
}
