{
  "b": 9.425007820129395,
  "c": 19.710763931274414,
  "d": 11.240373611450195,
  "e": 23.505611419677734,
  "f": 99651112,
  "g": 206677616,
  "h": 125598768,
  "i": 260581552,
  "j": 98020080,
  "k": 204991952,
  "l": 123644112,
  "m": 258561728,
  "n": 1631024,
  "o": 1685637,
  "p": 1954657,
  "q": 2019802,
  "r": 1816542,
  "s": 3764767,
  "t": 2558433,
  "u": 5305818
}
