{
  "b": 9.425007820129395,
  "c": 19.710763931274414,
  "d": 11.240373611450195,
  "e": 23.505611419677734,
  "f": 99700000,
  "g": 207000000,
  "h": 126000000,
  "i": 261000000,
  "j": 98000000,
  "k": 205000000,
  "l": 124000000,
  "m": 259000000,
  "n": 1660000,
  "o": 1660000,
  "p": 1990000,
  "q": 1990000,
  "r": 1820000,
  "s": 3760000,
  "t": 2560000,
  "u": 5310000
}
