{
  "b": 132.76913452148438,
  "c": 267.7005920410156,
  "d": 151.50987243652344,
  "e": 305.47320556640625,
  "f": 1404027648,
  "g": 2807383040,
  "h": 1693450240,
  "i": 3387133440,
  "j": 1380798976,
  "k": 2784086272,
  "l": 1666608640,
  "m": 3360205312,
  "n": 23228560,
  "o": 23296660,
  "p": 26841444,
  "q": 26928298,
  "r": 158030352,
  "s": 315816480,
  "t": 191757504,
  "u": 383411744
}
