{
  "b": 115.19149780273438,
  "c": 233.03805541992188,
  "d": 135.84278869628906,
  "e": 274.8023681640625,
  "f": 1220000000,
  "g": 2440000000,
  "h": 1520000000,
  "i": 3050000000,
  "j": 1200000000,
  "k": 2420000000,
  "l": 1490000000,
  "m": 3020000000,
  "n": 20400000,
  "o": 20400000,
  "p": 23900000,
  "q": 23900000,
  "r": 51800000,
  "s": 104000000,
  "t": 68200000,
  "u": 136000000
}
