{
  "b": 86.25763702392578,
  "c": 175.74082946777344,
  "d": 99.55125427246094,
  "e": 202.81448364257812,
  "f": 912201152,
  "g": 1842992000,
  "h": 1112125696,
  "i": 2248209920,
  "j": 897079424,
  "k": 1827704576,
  "l": 1095063808,
  "m": 2230959360,
  "n": 15121699,
  "o": 15287310,
  "p": 17061896,
  "q": 17250596,
  "r": 55322776,
  "s": 111687448,
  "t": 69323608,
  "u": 140072208
}
