{
  "b": 24.26500701904297,
  "c": 49.626705169677734,
  "d": 27.261962890625,
  "e": 55.75350570678711,
  "f": 257000000,
  "g": 520000000,
  "h": 305000000,
  "i": 618000000,
  "j": 252000000,
  "k": 516000000,
  "l": 300000000,
  "m": 613000000,
  "n": 4280000,
  "o": 4280000,
  "p": 4770000,
  "q": 4770000,
  "r": 11100000,
  "s": 22400000,
  "t": 14100000,
  "u": 28600000
}
