{
  "b": 86.25763702392578,
  "c": 175.74082946777344,
  "d": 99.55125427246094,
  "e": 202.81448364257812,
  "f": 912000000,
  "g": 1840000000,
  "h": 1110000000,
  "i": 2250000000,
  "j": 897000000,
  "k": 1830000000,
  "l": 1100000000,
  "m": 2230000000,
  "n": 15200000,
  "o": 15200000,
  "p": 17200000,
  "q": 17200000,
  "r": 55300000,
  "s": 112000000,
  "t": 69300000,
  "u": 140000000
}
