{
  "b": 132.76913452148438,
  "c": 267.7005920410156,
  "d": 151.50987243652344,
  "e": 305.47320556640625,
  "f": 1400000000,
  "g": 2810000000,
  "h": 1690000000,
  "i": 3390000000,
  "j": 1380000000,
  "k": 2780000000,
  "l": 1670000000,
  "m": 3360000000,
  "n": 23300000,
  "o": 23300000,
  "p": 26900000,
  "q": 26900000,
  "r": 158000000,
  "s": 316000000,
  "t": 192000000,
  "u": 383000000
}
