{
  "b": 115.19149780273438,
  "c": 233.03805541992188,
  "d": 135.84278869628906,
  "e": 274.8023681640625,
  "f": 1218365440,
  "g": 2444070912,
  "h": 1518123520,
  "i": 3046801920,
  "j": 1197991552,
  "k": 2423595776,
  "l": 1494270592,
  "m": 3022825984,
  "n": 20373910,
  "o": 20475028,
  "p": 23852906,
  "q": 23976010,
  "r": 51832360,
  "s": 103603168,
  "t": 68158552,
  "u": 136366608
}
