{
  "b": 61.53799819946289,
  "c": 125.03848266601562,
  "d": 72.95881652832031,
  "e": 148.24085998535156,
  "f": 650795136,
  "g": 1311282048,
  "h": 815190592,
  "i": 1643390464,
  "j": 639995200,
  "k": 1300400256,
  "l": 802547008,
  "m": 1630649472,
  "n": 10799980,
  "o": 10881743,
  "p": 12643481,
  "q": 12741041,
  "r": 69499920,
  "s": 139794768,
  "t": 91965080,
  "u": 185158496
}
