{
  "b": 24.26500701904297,
  "c": 49.626705169677734,
  "d": 27.261962890625,
  "e": 55.75350570678711,
  "f": 256602560,
  "g": 520423200,
  "h": 304617696,
  "i": 618091072,
  "j": 252356080,
  "k": 516117728,
  "l": 299881600,
  "m": 613288576,
  "n": 4246474,
  "o": 4305491,
  "p": 4736071,
  "q": 4802458,
  "r": 11085166,
  "s": 22426544,
  "t": 14126577,
  "u": 28603540
}
