{
  "b": 21.536022186279297,
  "c": 42.329776763916016,
  "d": 26.072372436523438,
  "e": 51.24481201171875,
  "f": 227774800,
  "g": 443945216,
  "h": 291231680,
  "i": 568030720,
  "j": 223974624,
  "k": 440229664,
  "l": 286796096,
  "m": 563692928,
  "n": 3800162,
  "o": 3715549,
  "p": 4435596,
  "q": 4337805,
  "r": 7343447,
  "s": 14266509,
  "t": 10012143,
  "u": 19472546
}
