{
  "b": 21.536022186279297,
  "c": 42.329776763916016,
  "d": 26.072372436523438,
  "e": 51.24481201171875,
  "f": 228000000,
  "g": 444000000,
  "h": 291000000,
  "i": 568000000,
  "j": 224000000,
  "k": 440000000,
  "l": 287000000,
  "m": 564000000,
  "n": 3760000,
  "o": 3760000,
  "p": 4390000,
  "q": 4390000,
  "r": 7340000,
  "s": 14300000,
  "t": 10000000,
  "u": 19500000
}
