{
  "b": 56.656063079833984,
  "c": 116.60989379882812,
  "d": 68.62629699707031,
  "e": 141.24237060546875,
  "f": 599000000,
  "g": 1220000000,
  "h": 766000000,
  "i": 1570000000,
  "j": 589000000,
  "k": 1210000000,
  "l": 755000000,
  "m": 1550000000,
  "n": 9830000,
  "o": 9830000,
  "p": 11500000,
  "q": 11500000,
  "r": 147000000,
  "s": 299000000,
  "t": 183000000,
  "u": 373000000
}
