{
  "b": 56.656063079833984,
  "c": 116.60989379882812,
  "d": 68.62629699707031,
  "e": 141.24237060546875,
  "f": 598964096,
  "g": 1222661632,
  "h": 766314048,
  "i": 1565299456,
  "j": 589223040,
  "k": 1212742912,
  "l": 754889280,
  "m": 1553666048,
  "n": 9741039,
  "o": 9918761,
  "p": 11424749,
  "q": 11633385,
  "r": 146531664,
  "s": 299188032,
  "t": 182679616,
  "u": 373324896
}
