{
  "b": 46.16221237182617,
  "c": 92.14215087890625,
  "d": 54.91132354736328,
  "e": 109.6023178100586,
  "f": 488371648,
  "g": 966537856,
  "h": 613635072,
  "i": 1215212288,
  "j": 480087008,
  "k": 958278336,
  "l": 604024576,
  "m": 1205625472,
  "n": 8284659,
  "o": 8259486,
  "p": 9610445,
  "q": 9586918,
  "r": 21622206,
  "s": 42747544,
  "t": 28895622,
  "u": 57185336
}
