{
  "b": 49.27104568481445,
  "c": 103.23204040527344,
  "d": 56.17978286743164,
  "e": 117.70214080810547,
  "f": 521000000,
  "g": 1080000000,
  "h": 628000000,
  "i": 1300000000,
  "j": 512000000,
  "k": 1070000000,
  "l": 618000000,
  "m": 1290000000,
  "n": 8520000,
  "o": 8520000,
  "p": 9720000,
  "q": 9720000,
  "r": 17700000,
  "s": 36700000,
  "t": 23300000,
  "u": 48400000
}
