{
  "b": 49.27104568481445,
  "c": 103.23204040527344,
  "d": 56.17978286743164,
  "e": 117.70214080810547,
  "f": 520789408,
  "g": 1082279296,
  "h": 627532864,
  "i": 1304615680,
  "j": 512418880,
  "k": 1073613248,
  "l": 617977600,
  "m": 1294723584,
  "n": 8370501,
  "o": 8666113,
  "p": 9555140,
  "q": 9892087,
  "r": 17726000,
  "s": 36720624,
  "t": 23326532,
  "u": 48362528
}
