{
  "b": 32.11126708984375,
  "c": 57.591697692871094,
  "d": 36.926788330078125,
  "e": 66.22792053222656,
  "f": 340000000,
  "g": 604000000,
  "h": 413000000,
  "i": 735000000,
  "j": 334000000,
  "k": 599000000,
  "l": 406000000,
  "m": 729000000,
  "n": 5510000,
  "o": 5510000,
  "p": 6340000,
  "q": 6340000,
  "r": 15300000,
  "s": 27200000,
  "t": 20000000,
  "u": 35600000
}
