{
  "b": 27.620203018188477,
  "c": 57.38515090942383,
  "d": 35.55017852783203,
  "e": 73.85730743408203,
  "f": 291904000,
  "g": 601586688,
  "h": 396510336,
  "i": 818037376,
  "j": 287250112,
  "k": 596805568,
  "l": 391051968,
  "m": 812430400,
  "n": 4653838,
  "o": 4781074,
  "p": 5458379,
  "q": 5606978,
  "r": 10135789,
  "s": 20851006,
  "t": 14913058,
  "u": 30717908
}
