{
  "b": 116.9508056640625,
  "c": 227.3221435546875,
  "d": 182.9207000732422,
  "e": 355.5314636230469,
  "f": 1240000000,
  "g": 2390000000,
  "h": 2040000000,
  "i": 3940000000,
  "j": 1220000000,
  "k": 2360000000,
  "l": 2010000000,
  "m": 3910000000,
  "n": 21900000,
  "o": 21900000,
  "p": 30200000,
  "q": 30200000,
  "r": 61400000,
  "s": 118000000,
  "t": 111000000,
  "u": 213000000
}
