{
  "b": 10.607523918151855,
  "c": 22.28803062438965,
  "d": 12.851180076599121,
  "e": 27.001312255859375,
  "f": 112077072,
  "g": 233618576,
  "h": 143512784,
  "i": 299242336,
  "j": 110318248,
  "k": 231795520,
  "l": 141362976,
  "m": 297014432,
  "n": 1758832,
  "o": 1823036,
  "p": 2149818,
  "q": 2227921,
  "r": 1679404,
  "s": 3495513,
  "t": 2351487,
  "u": 4897333
}
