{
  "b": 1.9310319423675537,
  "c": 4.144290447235107,
  "d": 1.9887123107910156,
  "e": 4.267910003662109,
  "f": 20400000,
  "g": 43400000,
  "h": 22200000,
  "i": 47300000,
  "j": 20100000,
  "k": 43100000,
  "l": 21900000,
  "m": 46900000,
  "n": 337000,
  "o": 337000,
  "p": 372000,
  "q": 372000,
  "r": 323000,
  "s": 687000,
  "t": 396000,
  "u": 842000
}
