{
  "b": 27.620203018188477,
  "c": 57.38515090942383,
  "d": 35.55017852783203,
  "e": 73.85730743408203,
  "f": 292000000,
  "g": 602000000,
  "h": 397000000,
  "i": 818000000,
  "j": 287000000,
  "k": 597000000,
  "l": 391000000,
  "m": 812000000,
  "n": 4720000,
  "o": 4720000,
  "p": 5530000,
  "q": 5530000,
  "r": 10100000,
  "s": 20900000,
  "t": 14900000,
  "u": 30700000
}
