{
  "b": 10.607523918151855,
  "c": 22.28803062438965,
  "d": 12.851180076599121,
  "e": 27.001312255859375,
  "f": 112000000,
  "g": 234000000,
  "h": 144000000,
  "i": 299000000,
  "j": 110000000,
  "k": 232000000,
  "l": 141000000,
  "m": 297000000,
  "n": 1790000,
  "o": 1790000,
  "p": 2190000,
  "q": 2190000,
  "r": 1680000,
  "s": 3500000,
  "t": 2350000,
  "u": 4900000
}
