{
  "b": 62.7403564453125,
  "c": 129.23121643066406,
  "d": 70.00636291503906,
  "e": 144.19247436523438,
  "f": 663000000,
  "g": 1350000000,
  "h": 782000000,
  "i": 1600000000,
  "j": 652000000,
  "k": 1340000000,
  "l": 770000000,
  "m": 1590000000,
  "n": 10800000,
  "o": 10800000,
  "p": 12100000,
  "q": 12100000,
  "r": 28700000,
  "s": 58500000,
  "t": 36100000,
  "u": 73500000
}
