{
  "b": 116.9508056640625,
  "c": 227.3221435546875,
  "d": 182.9207000732422,
  "e": 355.5314636230469,
  "f": 1238471808,
  "g": 2385821440,
  "h": 2042708352,
  "i": 3940745728,
  "j": 1216288384,
  "k": 2364150272,
  "l": 2012127744,
  "m": 3910845952,
  "n": 22183376,
  "o": 21671096,
  "p": 30580732,
  "q": 29900072,
  "r": 61404640,
  "s": 118078752,
  "t": 110694904,
  "u": 213263664
}
