{
  "b": 62.7403564453125,
  "c": 129.23121643066406,
  "d": 70.00636291503906,
  "e": 144.19247436523438,
  "f": 663213952,
  "g": 1354921856,
  "h": 782085696,
  "i": 1598361088,
  "j": 652499712,
  "k": 1344004608,
  "l": 770070016,
  "m": 1586117248,
  "n": 10714167,
  "o": 10917286,
  "p": 12015756,
  "q": 12243675,
  "r": 28736332,
  "s": 58485216,
  "t": 36070644,
  "u": 73473784
}
