{
  "b": 7.714843273162842,
  "c": 16.349523544311523,
  "d": 8.658288955688477,
  "e": 18.347257614135742,
  "f": 81582072,
  "g": 171446384,
  "h": 96691096,
  "i": 203338000,
  "j": 80234368,
  "k": 170035040,
  "l": 95241176,
  "m": 201819824,
  "n": 1347705,
  "o": 1411340,
  "p": 1449912,
  "q": 1518182,
  "r": 961173,
  "s": 2016772,
  "t": 1263903,
  "u": 2655045
}
