{
  "b": 23.811399459838867,
  "c": 49.79693603515625,
  "d": 27.153181076049805,
  "e": 56.783050537109375,
  "f": 251696384,
  "g": 522074304,
  "h": 303831328,
  "i": 629921984,
  "j": 247638560,
  "k": 517888128,
  "l": 298684992,
  "m": 624613568,
  "n": 4057837,
  "o": 4186147,
  "p": 5146334,
  "q": 5308410,
  "r": 7334300,
  "s": 15172449,
  "t": 9778256,
  "u": 20225828
}
