{
  "b": 49.39643096923828,
  "c": 102.412841796875,
  "d": 56.803855895996094,
  "e": 117.76554107666016,
  "f": 522000000,
  "g": 1070000000,
  "h": 635000000,
  "i": 1310000000,
  "j": 514000000,
  "k": 1070000000,
  "l": 625000000,
  "m": 1300000000,
  "n": 8780000,
  "o": 8780000,
  "p": 9860000,
  "q": 9860000,
  "r": 15700000,
  "s": 32200000,
  "t": 20100000,
  "u": 41300000
}
