{
  "b": 49.39643096923828,
  "c": 102.412841796875,
  "d": 56.803855895996094,
  "e": 117.76554107666016,
  "f": 522394848,
  "g": 1073986304,
  "h": 634574144,
  "i": 1305400704,
  "j": 513722880,
  "k": 1065093568,
  "l": 624842432,
  "m": 1295420928,
  "n": 8671962,
  "o": 8892694,
  "p": 9731734,
  "q": 9979788,
  "r": 15706873,
  "s": 32199208,
  "t": 20136376,
  "u": 41323376
}
