{
  "b": 16.36100959777832,
  "c": 34.508670806884766,
  "d": 20.201168060302734,
  "e": 42.605979919433594,
  "f": 173037968,
  "g": 361898656,
  "h": 225503376,
  "i": 472099008,
  "j": 170154496,
  "k": 358890176,
  "l": 222212848,
  "m": 468665792,
  "n": 2883466,
  "o": 3008434,
  "p": 3290492,
  "q": 3433248,
  "r": 4029552,
  "s": 8396267,
  "t": 5716099,
  "u": 11928210
}
