{
  "b": 7.714843273162842,
  "c": 16.349523544311523,
  "d": 8.658288955688477,
  "e": 18.347257614135742,
  "f": 81600000,
  "g": 171000000,
  "h": 96700000,
  "i": 203000000,
  "j": 80200000,
  "k": 170000000,
  "l": 95200000,
  "m": 202000000,
  "n": 1380000,
  "o": 1380000,
  "p": 1480000,
  "q": 1480000,
  "r": 961000,
  "s": 2020000,
  "t": 1260000,
  "u": 2660000
}
