{
  "b": 23.811399459838867,
  "c": 49.79693603515625,
  "d": 27.153181076049805,
  "e": 56.783050537109375,
  "f": 252000000,
  "g": 522000000,
  "h": 304000000,
  "i": 630000000,
  "j": 248000000,
  "k": 518000000,
  "l": 299000000,
  "m": 625000000,
  "n": 4120000,
  "o": 4120000,
  "p": 5230000,
  "q": 5230000,
  "r": 7330000,
  "s": 15200000,
  "t": 9780000,
  "u": 20200000
}
