{
  "b": 16.36100959777832,
  "c": 34.508670806884766,
  "d": 20.201168060302734,
  "e": 42.605979919433594,
  "f": 173000000,
  "g": 362000000,
  "h": 226000000,
  "i": 472000000,
  "j": 170000000,
  "k": 359000000,
  "l": 222000000,
  "m": 469000000,
  "n": 2950000,
  "o": 2950000,
  "p": 3360000,
  "q": 3360000,
  "r": 4030000,
  "s": 8400000,
  "t": 5720000,
  "u": 11900000
}
