{
  "b": 422.4328308105469,
  "c": 846.4758911132812,
  "d": 635.4633178710938,
  "e": 1273.27099609375,
  "f": 4480000000,
  "g": 8890000000,
  "h": 7100000000,
  "i": 14100000000,
  "j": 4390000000,
  "k": 8800000000,
  "l": 6990000000,
  "m": 14000000000,
  "n": 82700000,
  "o": 82700000,
  "p": 114000000,
  "q": 114000000,
  "r": 873000000,
  "s": 1730000000,
  "t": 1500000000,
  "u": 2970000000
}
