{
  "b": 422.4328308105469,
  "c": 846.4758911132812,
  "d": 635.4633178710938,
  "e": 1273.27099609375,
  "f": 4476173312,
  "g": 8885851136,
  "h": 7104720384,
  "i": 14120122368,
  "j": 4393301504,
  "k": 8803349504,
  "l": 6990096384,
  "m": 14005981184,
  "n": 82871888,
  "o": 82500208,
  "p": 114623968,
  "q": 114140096,
  "r": 873327616,
  "s": 1725379584,
  "t": 1499772032,
  "u": 2968805120
}
