{
  "b": 52.90766906738281,
  "c": 110.22654724121094,
  "d": 59.76563262939453,
  "e": 124.50960540771484,
  "f": 559000000,
  "g": 1160000000,
  "h": 668000000,
  "i": 1380000000,
  "j": 550000000,
  "k": 1150000000,
  "l": 657000000,
  "m": 1370000000,
  "n": 9150000,
  "o": 9150000,
  "p": 10300000,
  "q": 10300000,
  "r": 16600000,
  "s": 34200000,
  "t": 21100000,
  "u": 43500000
}
