{
  "b": 52.90766906738281,
  "c": 110.22654724121094,
  "d": 59.76563262939453,
  "e": 124.50960540771484,
  "f": 559251200,
  "g": 1155638784,
  "h": 667550784,
  "i": 1380039040,
  "j": 550239744,
  "k": 1146356096,
  "l": 657421952,
  "m": 1369605632,
  "n": 9011489,
  "o": 9282772,
  "p": 10128773,
  "q": 10433613,
  "r": 16585574,
  "s": 34162748,
  "t": 21094644,
  "u": 43484728
}
