{
  "b": 65.15269470214844,
  "c": 126.24308013916016,
  "d": 78.18169403076172,
  "e": 151.48663330078125,
  "f": 689498176,
  "g": 1324445312,
  "h": 873794816,
  "i": 1679699200,
  "j": 677588032,
  "k": 1312928000,
  "l": 859998656,
  "m": 1666353024,
  "n": 11910131,
  "o": 11517219,
  "p": 13796169,
  "q": 13346250,
  "r": 85711976,
  "s": 164557408,
  "t": 109760120,
  "u": 210946288
}
