{
  "b": 34.95574951171875,
  "c": 71.85972595214844,
  "d": 39.34715270996094,
  "e": 80.88452911376953,
  "f": 370000000,
  "g": 753000000,
  "h": 440000000,
  "i": 897000000,
  "j": 364000000,
  "k": 747000000,
  "l": 433000000,
  "m": 890000000,
  "n": 6030000,
  "o": 6030000,
  "p": 7040000,
  "q": 7040000,
  "r": 8110000,
  "s": 16500000,
  "t": 10400000,
  "u": 21200000
}
