{
  "b": 34.95574951171875,
  "c": 71.85972595214844,
  "d": 39.34715270996094,
  "e": 80.88452911376953,
  "f": 369521920,
  "g": 753428608,
  "h": 439794048,
  "i": 896828224,
  "j": 363539808,
  "k": 747341184,
  "l": 432818688,
  "m": 889729792,
  "n": 5982139,
  "o": 6087471,
  "p": 6975344,
  "q": 7098424,
  "r": 8109423,
  "s": 16496199,
  "t": 10413833,
  "u": 21196732
}
