{
  "b": 52.169334411621094,
  "c": 105.16513061523438,
  "d": 65.6897201538086,
  "e": 132.41632080078125,
  "f": 552000000,
  "g": 1100000000,
  "h": 734000000,
  "i": 1470000000,
  "j": 543000000,
  "k": 1090000000,
  "l": 723000000,
  "m": 1460000000,
  "n": 9340000,
  "o": 9340000,
  "p": 11100000,
  "q": 11100000,
  "r": 39600000,
  "s": 78900000,
  "t": 56400000,
  "u": 113000000
}
