{
  "b": 52.169334411621094,
  "c": 105.16513061523438,
  "d": 65.6897201538086,
  "e": 132.41632080078125,
  "f": 551900544,
  "g": 1103064704,
  "h": 733709888,
  "i": 1467714304,
  "j": 542561088,
  "k": 1093717376,
  "l": 722586880,
  "m": 1456579456,
  "n": 9339477,
  "o": 9347448,
  "p": 11123029,
  "q": 11134526,
  "r": 39560688,
  "s": 78890352,
  "t": 56360000,
  "u": 112536976
}
