{
  "b": 16.96236801147461,
  "c": 34.970149993896484,
  "d": 20.802570343017578,
  "e": 42.88574981689453,
  "f": 179172432,
  "g": 366500224,
  "h": 232077856,
  "i": 475047424,
  "j": 176408624,
  "k": 363689568,
  "l": 228828272,
  "m": 471743264,
  "n": 2763827,
  "o": 2810661,
  "p": 3249594,
  "q": 3304217,
  "r": 2354437,
  "s": 4809039,
  "t": 3297929,
  "u": 6742363
}
