{
  "b": 0.5960769057273865,
  "c": 1.302544355392456,
  "d": 0.5761041641235352,
  "e": 1.2588260173797607,
  "f": 6310000,
  "g": 13700000,
  "h": 6460000,
  "i": 14000000,
  "j": 6200000,
  "k": 13500000,
  "l": 6340000,
  "m": 13800000,
  "n": 115000,
  "o": 115000,
  "p": 131000,
  "q": 131000,
  "r": 249000,
  "s": 540000,
  "t": 273000,
  "u": 590000
}
