{
  "b": 0.33388862013816833,
  "c": 0.725102961063385,
  "d": 0.32216116786003113,
  "e": 0.6996393799781799,
  "f": 3537372,
  "g": 7610034,
  "h": 3618276,
  "i": 7775154,
  "j": 3472442,
  "k": 7541071,
  "l": 3543773,
  "m": 7696033,
  "n": 64931,
  "o": 68962,
  "p": 74503,
  "q": 79121,
  "r": 114562,
  "s": 247183,
  "t": 121559,
  "u": 262074
}
