{
  "b": 0.5960769057273865,
  "c": 1.302544355392456,
  "d": 0.5761041641235352,
  "e": 1.2588260173797607,
  "f": 6310788,
  "g": 13665598,
  "h": 6464106,
  "i": 13982614,
  "j": 6199200,
  "k": 13546461,
  "l": 6337146,
  "m": 13847086,
  "n": 111588,
  "o": 119137,
  "p": 126961,
  "q": 135528,
  "r": 249305,
  "s": 540197,
  "t": 272671,
  "u": 590360
}
