{
  "b": 0.027008840814232826,
  "c": 0.057796429842710495,
  "d": 0.03270777314901352,
  "e": 0.06998419016599655,
  "f": 286350,
  "g": 606746,
  "h": 365883,
  "i": 776150,
  "j": 280892,
  "k": 601083,
  "l": 359786,
  "m": 769826,
  "n": 5458,
  "o": 5663,
  "p": 6098,
  "q": 6324,
  "r": 17793,
  "s": 37976,
  "t": 23242,
  "u": 49666
}
