{
  "b": 0.39902472496032715,
  "c": 0.860693633556366,
  "d": 0.44653257727622986,
  "e": 0.9631126523017883,
  "f": 4220000,
  "g": 9030000,
  "h": 5000000,
  "i": 10700000,
  "j": 4150000,
  "k": 8950000,
  "l": 4910000,
  "m": 10600000,
  "n": 77000,
  "o": 77000,
  "p": 87000,
  "q": 87000,
  "r": 59100,
  "s": 124000,
  "t": 71500,
  "u": 151000
}
