{
  "b": 0.46497076749801636,
  "c": 0.9796945452690125,
  "d": 0.4989978075027466,
  "e": 1.0505181550979614,
  "f": 4940000,
  "g": 10300000,
  "h": 5600000,
  "i": 11700000,
  "j": 4840000,
  "k": 10200000,
  "l": 5490000,
  "m": 11600000,
  "n": 107000,
  "o": 107000,
  "p": 115000,
  "q": 115000,
  "r": 71800,
  "s": 146000,
  "t": 77700,
  "u": 157000
}
