{
  "b": 0.46497076749801636,
  "c": 0.9796945452690125,
  "d": 0.4989978075027466,
  "e": 1.0505181550979614,
  "f": 4940761,
  "g": 10297945,
  "h": 5602203,
  "i": 11673244,
  "j": 4835696,
  "k": 10188823,
  "l": 5488976,
  "m": 11555700,
  "n": 105064,
  "o": 109122,
  "p": 113226,
  "q": 117544,
  "r": 71798,
  "s": 145620,
  "t": 77668,
  "u": 156945
}
