{
  "b": 0.027008840814232826,
  "c": 0.057796429842710495,
  "d": 0.03270777314901352,
  "e": 0.06998419016599655,
  "f": 286000,
  "g": 607000,
  "h": 366000,
  "i": 776000,
  "j": 281000,
  "k": 601000,
  "l": 360000,
  "m": 770000,
  "n": 5560,
  "o": 5560,
  "p": 6210,
  "q": 6210,
  "r": 17800,
  "s": 38000,
  "t": 23200,
  "u": 49700
}
