{
  "b": 0.39902472496032715,
  "c": 0.860693633556366,
  "d": 0.44653257727622986,
  "e": 0.9631126523017883,
  "f": 4224898,
  "g": 9030251,
  "h": 4996583,
  "i": 10683458,
  "j": 4149857,
  "k": 8951214,
  "l": 4911859,
  "m": 10594239,
  "n": 75041,
  "o": 79036,
  "p": 84724,
  "q": 89218,
  "r": 59082,
  "s": 124434,
  "t": 71491,
  "u": 150686
}
