{
  "b": 0.44548457860946655,
  "c": 0.9804025292396545,
  "d": 0.43291208148002625,
  "e": 0.9527412056922913,
  "f": 4712100,
  "g": 10281273,
  "h": 4855802,
  "i": 10581062,
  "j": 4633040,
  "k": 10196186,
  "l": 4762033,
  "m": 10480153,
  "n": 79060,
  "o": 85087,
  "p": 93769,
  "q": 100909,
  "r": 439765,
  "s": 961291,
  "t": 461628,
  "u": 1008022
}
