{
  "b": 6.127041339874268,
  "c": 13.2050199508667,
  "d": 9.613948822021484,
  "e": 20.721887588500977,
  "f": 64868260,
  "g": 138535456,
  "h": 107355080,
  "i": 229620976,
  "j": 63721228,
  "k": 137332208,
  "l": 105753440,
  "m": 227940768,
  "n": 1147032,
  "o": 1203237,
  "p": 1601643,
  "q": 1680239,
  "r": -7079846,
  "s": -15312400,
  "t": -11445879,
  "u": -24792548
}
