{
  "b": 0.49382221698760986,
  "c": 1.0757592916488647,
  "d": 0.44631248712539673,
  "e": 0.9722129106521606,
  "f": 5230000,
  "g": 11300000,
  "h": 5010000,
  "i": 10800000,
  "j": 5140000,
  "k": 11200000,
  "l": 4910000,
  "m": 10700000,
  "n": 93400,
  "o": 93400,
  "p": 106000,
  "q": 106000,
  "r": 300000,
  "s": 648000,
  "t": 303000,
  "u": 654000
}
