{
  "b": 4.556761741638184,
  "c": 9.623623847961426,
  "d": 6.339338302612305,
  "e": 13.381808280944824,
  "f": 48300000,
  "g": 101000000,
  "h": 71000000,
  "i": 149000000,
  "j": 47400000,
  "k": 100000000,
  "l": 69700000,
  "m": 147000000,
  "n": 959000,
  "o": 959000,
  "p": 1280000,
  "q": 1280000,
  "r": -28800000,
  "s": -60900000,
  "t": -46000000,
  "u": -97600000
}
