{
  "b": 6.127041339874268,
  "c": 13.2050199508667,
  "d": 9.613948822021484,
  "e": 20.721887588500977,
  "f": 64900000,
  "g": 139000000,
  "h": 107000000,
  "i": 230000000,
  "j": 63700000,
  "k": 137000000,
  "l": 106000000,
  "m": 228000000,
  "n": 1180000,
  "o": 1180000,
  "p": 1640000,
  "q": 1640000,
  "r": -7080000,
  "s": -15300000,
  "t": -11400000,
  "u": -24800000
}
