{
  "b": 0.32805150747299194,
  "c": 0.714724600315094,
  "d": 0.32447999715805054,
  "e": 0.7070038914680481,
  "f": 3480000,
  "g": 7510000,
  "h": 3650000,
  "i": 7860000,
  "j": 3410000,
  "k": 7430000,
  "l": 3570000,
  "m": 7780000,
  "n": 69700,
  "o": 69700,
  "p": 80500,
  "q": 80500,
  "r": 71900,
  "s": 155000,
  "t": 78500,
  "u": 170000
}
