{
  "b": 0.49382221698760986,
  "c": 1.0757592916488647,
  "d": 0.44631248712539673,
  "e": 0.9722129106521606,
  "f": 5226060,
  "g": 11284373,
  "h": 5012038,
  "i": 10803940,
  "j": 5135751,
  "k": 11187897,
  "l": 4909438,
  "m": 10694342,
  "n": 90309,
  "o": 96477,
  "p": 102601,
  "q": 109598,
  "r": 299802,
  "s": 647603,
  "t": 303339,
  "u": 654377
}
