{
  "b": 0.32805150747299194,
  "c": 0.714724600315094,
  "d": 0.32447999715805054,
  "e": 0.7070038914680481,
  "f": 3479339,
  "g": 7505019,
  "h": 3647285,
  "i": 7859983,
  "j": 3411736,
  "k": 7433136,
  "l": 3569280,
  "m": 7777043,
  "n": 67604,
  "o": 71883,
  "p": 78004,
  "q": 82940,
  "r": 71940,
  "s": 155421,
  "t": 78546,
  "u": 169570
}
