{
  "b": 0.13281230628490448,
  "c": 0.28943610191345215,
  "d": 0.16410516202449799,
  "e": 0.3576086759567261,
  "f": 1410000,
  "g": 3040000,
  "h": 1840000,
  "i": 3970000,
  "j": 1380000,
  "k": 3010000,
  "l": 1810000,
  "m": 3930000,
  "n": 26500,
  "o": 26500,
  "p": 32300,
  "q": 32300,
  "r": 35500,
  "s": 76800,
  "t": 46800,
  "u": 101000
}
