{
  "b": 0.6551172137260437,
  "c": 1.4285045862197876,
  "d": 0.5787160992622375,
  "e": 1.2618160247802734,
  "f": 6930000,
  "g": 15000000,
  "h": 6490000,
  "i": 14000000,
  "j": 6810000,
  "k": 14900000,
  "l": 6370000,
  "m": 13900000,
  "n": 123000,
  "o": 123000,
  "p": 129000,
  "q": 129000,
  "r": 128000,
  "s": 277000,
  "t": 126000,
  "u": 271000
}
