{
  "b": 0.6551172137260437,
  "c": 1.4285045862197876,
  "d": 0.5787160992622375,
  "e": 1.2618160247802734,
  "f": 6932606,
  "g": 14983845,
  "h": 6490403,
  "i": 14012842,
  "j": 6813219,
  "k": 14856448,
  "l": 6365877,
  "m": 13879976,
  "n": 119387,
  "o": 127398,
  "p": 124526,
  "q": 132865,
  "r": 128210,
  "s": 276791,
  "t": 125545,
  "u": 270853
}
