{
  "b": 0.8217360377311707,
  "c": 1.798011302947998,
  "d": 1.1267609596252441,
  "e": 2.465364933013916,
  "f": 8690000,
  "g": 18900000,
  "h": 12600000,
  "i": 27300000,
  "j": 8550000,
  "k": 18700000,
  "l": 12400000,
  "m": 27100000,
  "n": 151000,
  "o": 151000,
  "p": 191000,
  "q": 191000,
  "r": 69300,
  "s": 150000,
  "t": 115000,
  "u": 248000
}
