{
  "b": 0.8217360377311707,
  "c": 1.798011302947998,
  "d": 1.1267609596252441,
  "e": 2.465364933013916,
  "f": 8691756,
  "g": 18855092,
  "h": 12579451,
  "i": 27316862,
  "j": 8546055,
  "k": 18699318,
  "l": 12394370,
  "m": 27119014,
  "n": 145701,
  "o": 155775,
  "p": 185082,
  "q": 197847,
  "r": 69339,
  "s": 149725,
  "t": 114745,
  "u": 248055
}
