{
  "b": 0.6517605781555176,
  "c": 1.3945631980895996,
  "d": 0.6004400253295898,
  "e": 1.2846934795379639,
  "f": 6900000,
  "g": 14600000,
  "h": 6740000,
  "i": 14300000,
  "j": 6780000,
  "k": 14500000,
  "l": 6600000,
  "m": 14100000,
  "n": 123000,
  "o": 123000,
  "p": 135000,
  "q": 135000,
  "r": 163000,
  "s": 346000,
  "t": 165000,
  "u": 349000
}
