{
  "b": 0.22034858167171478,
  "c": 0.4734079837799072,
  "d": 0.2591939866542816,
  "e": 0.5568382740020752,
  "f": 2330000,
  "g": 4970000,
  "h": 2900000,
  "i": 6170000,
  "j": 2290000,
  "k": 4920000,
  "l": 2850000,
  "m": 6130000,
  "n": 42300,
  "o": 42300,
  "p": 47800,
  "q": 47800,
  "r": 68500,
  "s": 146000,
  "t": 88400,
  "u": 188000
}
