{
  "b": 0.6517605781555176,
  "c": 1.3945631980895996,
  "d": 0.6004400253295898,
  "e": 1.2846934795379639,
  "f": 6898439,
  "g": 14629648,
  "h": 6736677,
  "i": 14270106,
  "j": 6778310,
  "k": 14503457,
  "l": 6604840,
  "m": 14131628,
  "n": 120129,
  "o": 126191,
  "p": 131836,
  "q": 138477,
  "r": 163478,
  "s": 345922,
  "t": 165174,
  "u": 349234
}
