{
  "b": 0.13281230628490448,
  "c": 0.28943610191345215,
  "d": 0.16410516202449799,
  "e": 0.3576086759567261,
  "f": 1406939,
  "g": 3037384,
  "h": 1836558,
  "i": 3966989,
  "j": 1381248,
  "k": 3010136,
  "l": 1805157,
  "m": 3933696,
  "n": 25691,
  "o": 27248,
  "p": 31401,
  "q": 33293,
  "r": 35476,
  "s": 76803,
  "t": 46841,
  "u": 101484
}
