{
  "b": 0.24816451966762543,
  "c": 0.5324780941009521,
  "d": 0.30568137764930725,
  "e": 0.6558411717414856,
  "f": 2628286,
  "g": 5587623,
  "h": 3416402,
  "i": 7270969,
  "j": 2580911,
  "k": 5537772,
  "l": 3362495,
  "m": 7214253,
  "n": 47374,
  "o": 49850,
  "p": 53907,
  "q": 56716,
  "r": -52447,
  "s": -113315,
  "t": -73015,
  "u": -157816
}
