{
  "b": 0.24816451966762543,
  "c": 0.5324780941009521,
  "d": 0.30568137764930725,
  "e": 0.6558411717414856,
  "f": 2630000,
  "g": 5590000,
  "h": 3420000,
  "i": 7270000,
  "j": 2580000,
  "k": 5540000,
  "l": 3360000,
  "m": 7210000,
  "n": 48600,
  "o": 48600,
  "p": 55300,
  "q": 55300,
  "r": -52400,
  "s": -113000,
  "t": -73000,
  "u": -158000
}
