{
  "b": 0.35652267932891846,
  "c": 0.7765498161315918,
  "d": 0.39628273248672485,
  "e": 0.8631151914596558,
  "f": 3772829,
  "g": 8145294,
  "h": 4428359,
  "i": 9567954,
  "j": 3707836,
  "k": 8076118,
  "l": 4359110,
  "m": 9494267,
  "n": 64993,
  "o": 69175,
  "p": 69249,
  "q": 73687,
  "r": 41257,
  "s": 89083,
  "t": 49679,
  "u": 107381
}
