{
  "b": 0.3168148696422577,
  "c": 0.674963653087616,
  "d": 0.3149179220199585,
  "e": 0.6708707213401794,
  "f": 3350000,
  "g": 7080000,
  "h": 3530000,
  "i": 7450000,
  "j": 3290000,
  "k": 7020000,
  "l": 3460000,
  "m": 7380000,
  "n": 60600,
  "o": 60600,
  "p": 69200,
  "q": 69200,
  "r": 80200,
  "s": 169000,
  "t": 88600,
  "u": 187000
}
