{
  "b": 0.1225104108452797,
  "c": 0.2666461765766144,
  "d": 0.1470116525888443,
  "e": 0.31999126076698303,
  "f": 1298753,
  "g": 2799249,
  "h": 1644583,
  "i": 3549009,
  "j": 1274108,
  "k": 2773120,
  "l": 1617128,
  "m": 3519904,
  "n": 24645,
  "o": 26128,
  "p": 27454,
  "q": 29105,
  "r": 30279,
  "s": 65495,
  "t": 38818,
  "u": 84086
}
