{
  "b": 1.8291007280349731,
  "c": 3.853893756866455,
  "d": 1.9624305963516235,
  "e": 4.133381366729736,
  "f": 19394198,
  "g": 40462744,
  "h": 22010140,
  "i": 45902568,
  "j": 19022648,
  "k": 40080496,
  "l": 21586736,
  "m": 45467196,
  "n": 371549,
  "o": 382258,
  "p": 423407,
  "q": 435371,
  "r": -4259607,
  "s": -9032995,
  "t": -5415262,
  "u": -11479956
}
