{
  "b": 0.3168148696422577,
  "c": 0.674963653087616,
  "d": 0.3149179220199585,
  "e": 0.6708707213401794,
  "f": 3354034,
  "g": 7081624,
  "h": 3531669,
  "i": 7450390,
  "j": 3294875,
  "k": 7019622,
  "l": 3464097,
  "m": 7379578,
  "n": 59160,
  "o": 62001,
  "p": 67572,
  "q": 70812,
  "r": 80236,
  "s": 169077,
  "t": 88642,
  "u": 186706
}
