{
  "b": 1.8291007280349731,
  "c": 3.853893756866455,
  "d": 1.9624305963516235,
  "e": 4.133381366729736,
  "f": 19400000,
  "g": 40500000,
  "h": 22000000,
  "i": 45900000,
  "j": 19000000,
  "k": 40100000,
  "l": 21600000,
  "m": 45500000,
  "n": 377000,
  "o": 377000,
  "p": 429000,
  "q": 429000,
  "r": -4260000,
  "s": -9030000,
  "t": -5420000,
  "u": -11500000
}
