{
  "b": 0.35652267932891846,
  "c": 0.7765498161315918,
  "d": 0.39628273248672485,
  "e": 0.8631151914596558,
  "f": 3770000,
  "g": 8150000,
  "h": 4430000,
  "i": 9570000,
  "j": 3710000,
  "k": 8080000,
  "l": 4360000,
  "m": 9490000,
  "n": 67100,
  "o": 67100,
  "p": 71500,
  "q": 71500,
  "r": 41300,
  "s": 89100,
  "t": 49700,
  "u": 107000
}
