{
  "b": 0.40075576305389404,
  "c": 0.8577360510826111,
  "d": 0.34604910016059875,
  "e": 0.7405880689620972,
  "f": 4243594,
  "g": 9000052,
  "h": 3890756,
  "i": 8234972,
  "j": 4167860,
  "k": 8920455,
  "l": 3806540,
  "m": 8146469,
  "n": 75733,
  "o": 79596,
  "p": 84216,
  "q": 88502,
  "r": 123001,
  "s": 260526,
  "t": 119372,
  "u": 252446
}
