{
  "b": 0.6680343747138977,
  "c": 1.4498096704483032,
  "d": 0.6720888018608093,
  "e": 1.4584752321243286,
  "f": 7070000,
  "g": 15200000,
  "h": 7540000,
  "i": 16200000,
  "j": 6950000,
  "k": 15100000,
  "l": 7390000,
  "m": 16000000,
  "n": 128000,
  "o": 128000,
  "p": 148000,
  "q": 148000,
  "r": 203000,
  "s": 437000,
  "t": 220000,
  "u": 472000
}
