{
  "b": 0.22450697422027588,
  "c": 0.4835169315338135,
  "d": 0.26342660188674927,
  "e": 0.5673068165779114,
  "f": 2380000,
  "g": 5080000,
  "h": 2950000,
  "i": 6290000,
  "j": 2330000,
  "k": 5030000,
  "l": 2900000,
  "m": 6240000,
  "n": 45600,
  "o": 45600,
  "p": 52400,
  "q": 52400,
  "r": 93700,
  "s": 201000,
  "t": 119000,
  "u": 256000
}
