{
  "b": 0.1859898567199707,
  "c": 0.40083375573158264,
  "d": 0.21429522335529327,
  "e": 0.46179845929145813,
  "f": 1968795,
  "g": 4205066,
  "h": 2394804,
  "i": 5119396,
  "j": 1934295,
  "k": 4168671,
  "l": 2357248,
  "m": 5079783,
  "n": 34500,
  "o": 36394,
  "p": 37557,
  "q": 39613,
  "r": 44118,
  "s": 94324,
  "t": 56266,
  "u": 120434
}
