{
  "b": 0.6680343747138977,
  "c": 1.4498096704483032,
  "d": 0.6720888018608093,
  "e": 1.4584752321243286,
  "f": 7071634,
  "g": 15209626,
  "h": 7536210,
  "i": 16195112,
  "j": 6947558,
  "k": 15078021,
  "l": 7392977,
  "m": 16043227,
  "n": 124076,
  "o": 131605,
  "p": 143233,
  "q": 151887,
  "r": 202936,
  "s": 436652,
  "t": 219603,
  "u": 472261
}
