{
  "b": 0.1304662525653839,
  "c": 0.28092601895332336,
  "d": 0.14229491353034973,
  "e": 0.3063533306121826,
  "f": 1380000,
  "g": 2950000,
  "h": 1590000,
  "i": 3400000,
  "j": 1360000,
  "k": 2920000,
  "l": 1570000,
  "m": 3370000,
  "n": 26300,
  "o": 26300,
  "p": 29000,
  "q": 29000,
  "r": 51600,
  "s": 110000,
  "t": 61200,
  "u": 131000
}
