{
  "b": 0.22450697422027588,
  "c": 0.4835169315338135,
  "d": 0.26342660188674927,
  "e": 0.5673068165779114,
  "f": 2379369,
  "g": 5075367,
  "h": 2948816,
  "i": 6294114,
  "j": 2334873,
  "k": 5028576,
  "l": 2897693,
  "m": 6240375,
  "n": 44497,
  "o": 46791,
  "p": 51123,
  "q": 53739,
  "r": 93671,
  "s": 200701,
  "t": 119170,
  "u": 255539
}
