{
  "b": 0.1304662525653839,
  "c": 0.28092601895332336,
  "d": 0.14229491353034973,
  "e": 0.3063533306121826,
  "f": 1382477,
  "g": 2948558,
  "h": 1593563,
  "i": 3399630,
  "j": 1356849,
  "k": 2921631,
  "l": 1565244,
  "m": 3369887,
  "n": 25628,
  "o": 26927,
  "p": 28319,
  "q": 29743,
  "r": 51643,
  "s": 110412,
  "t": 61165,
  "u": 130872
}
