{
  "b": 0.1859898567199707,
  "c": 0.40083375573158264,
  "d": 0.21429522335529327,
  "e": 0.46179845929145813,
  "f": 1970000,
  "g": 4210000,
  "h": 2390000,
  "i": 5120000,
  "j": 1930000,
  "k": 4170000,
  "l": 2360000,
  "m": 5080000,
  "n": 35400,
  "o": 35400,
  "p": 38600,
  "q": 38600,
  "r": 44100,
  "s": 94300,
  "t": 56300,
  "u": 120000
}
