{
  "b": 0.40075576305389404,
  "c": 0.8577360510826111,
  "d": 0.34604910016059875,
  "e": 0.7405880689620972,
  "f": 4240000,
  "g": 9000000,
  "h": 3890000,
  "i": 8230000,
  "j": 4170000,
  "k": 8920000,
  "l": 3810000,
  "m": 8150000,
  "n": 77700,
  "o": 77700,
  "p": 86400,
  "q": 86400,
  "r": 123000,
  "s": 261000,
  "t": 119000,
  "u": 252000
}
