{
  "b": 1.0034222602844238,
  "c": 2.1886379718780518,
  "d": 1.256405234336853,
  "e": 2.7403390407562256,
  "f": 10600000,
  "g": 23000000,
  "h": 14000000,
  "i": 30400000,
  "j": 10400000,
  "k": 22800000,
  "l": 13800000,
  "m": 30100000,
  "n": 186000,
  "o": 186000,
  "p": 209000,
  "q": 209000,
  "r": 116000,
  "s": 246000,
  "t": 534000,
  "u": 1150000
}
