{
  "b": 4.914854526519775,
  "c": 10.717558860778809,
  "d": 6.140282154083252,
  "e": 13.389521598815918,
  "f": 52000000,
  "g": 112000000,
  "h": 68600000,
  "i": 148000000,
  "j": 51100000,
  "k": 111000000,
  "l": 67500000,
  "m": 147000000,
  "n": 888000,
  "o": 888000,
  "p": 1130000,
  "q": 1130000,
  "r": 10600000,
  "s": 23000000,
  "t": 14800000,
  "u": 32100000
}
