{
  "b": 0.5503679513931274,
  "c": 1.1901884078979492,
  "d": 0.4425279498100281,
  "e": 0.9569437503814697,
  "f": 5824592,
  "g": 12484827,
  "h": 4974150,
  "i": 10639156,
  "j": 5723827,
  "k": 12377959,
  "l": 4867808,
  "m": 10526381,
  "n": 100765,
  "o": 106868,
  "p": 106342,
  "q": 112774,
  "r": 103722,
  "s": 221655,
  "t": 91628,
  "u": 195458
}
