{
  "b": 3.3422176837921143,
  "c": 7.233094692230225,
  "d": 4.50977087020874,
  "e": 9.759127616882324,
  "f": 35332336,
  "g": 75830024,
  "h": 50287524,
  "i": 108068968,
  "j": 34759064,
  "k": 75224184,
  "l": 49607480,
  "m": 107350400,
  "n": 573275,
  "o": 605844,
  "p": 680040,
  "q": 718579,
  "r": 24943464,
  "s": 53611136,
  "t": 34564464,
  "u": 74394304
}
