{
  "b": 1.0034222602844238,
  "c": 2.1886379718780518,
  "d": 1.256405234336853,
  "e": 2.7403390407562256,
  "f": 10615361,
  "g": 22953128,
  "h": 14022904,
  "i": 30359128,
  "j": 10435592,
  "k": 22761836,
  "l": 13820458,
  "m": 30143730,
  "n": 179769,
  "o": 191291,
  "p": 202445,
  "q": 215398,
  "r": 115504,
  "s": 245698,
  "t": 533731,
  "u": 1153546
}
