{
  "b": 4.914854526519775,
  "c": 10.717558860778809,
  "d": 6.140282154083252,
  "e": 13.389521598815918,
  "f": 51974208,
  "g": 112379216,
  "h": 68634576,
  "i": 148448176,
  "j": 51114488,
  "k": 111462608,
  "l": 67543104,
  "m": 147284736,
  "n": 859723,
  "o": 916609,
  "p": 1091471,
  "q": 1163455,
  "r": 10625107,
  "s": 23011058,
  "t": 14816440,
  "u": 32097370
}
