{
  "b": 1.4667301177978516,
  "c": 3.197112798690796,
  "d": 2.0057485103607178,
  "e": 4.371719837188721,
  "f": 15500000,
  "g": 33500000,
  "h": 22500000,
  "i": 48500000,
  "j": 15300000,
  "k": 33200000,
  "l": 22100000,
  "m": 48100000,
  "n": 279000,
  "o": 279000,
  "p": 414000,
  "q": 414000,
  "r": 462000,
  "s": 997000,
  "t": 727000,
  "u": 1570000
}
