{
  "b": 1.4667301177978516,
  "c": 3.197112798690796,
  "d": 2.0057485103607178,
  "e": 4.371719837188721,
  "f": 15524667,
  "g": 33537392,
  "h": 22464704,
  "i": 48515096,
  "j": 15253993,
  "k": 33249972,
  "l": 22063234,
  "m": 48088920,
  "n": 270675,
  "o": 287420,
  "p": 401469,
  "q": 426173,
  "r": 461735,
  "s": 997244,
  "t": 727266,
  "u": 1570081
}
