{
  "b": 0.5503679513931274,
  "c": 1.1901884078979492,
  "d": 0.4425279498100281,
  "e": 0.9569437503814697,
  "f": 5820000,
  "g": 12500000,
  "h": 4970000,
  "i": 10600000,
  "j": 5720000,
  "k": 12400000,
  "l": 4870000,
  "m": 10500000,
  "n": 104000,
  "o": 104000,
  "p": 110000,
  "q": 110000,
  "r": 104000,
  "s": 222000,
  "t": 91600,
  "u": 195000
}
