{
  "b": 3.3422176837921143,
  "c": 7.233094692230225,
  "d": 4.50977087020874,
  "e": 9.759127616882324,
  "f": 35300000,
  "g": 75800000,
  "h": 50300000,
  "i": 108000000,
  "j": 34800000,
  "k": 75200000,
  "l": 49600000,
  "m": 107000000,
  "n": 590000,
  "o": 590000,
  "p": 699000,
  "q": 699000,
  "r": 24900000,
  "s": 53600000,
  "t": 34600000,
  "u": 74400000
}
