{
  "b": 0.5431005358695984,
  "c": 1.1634314060211182,
  "d": 0.60010826587677,
  "e": 1.2854353189468384,
  "f": 5740000,
  "g": 12200000,
  "h": 6710000,
  "i": 14300000,
  "j": 5650000,
  "k": 12100000,
  "l": 6600000,
  "m": 14100000,
  "n": 94800,
  "o": 94800,
  "p": 111000,
  "q": 111000,
  "r": 559000,
  "s": 1190000,
  "t": 680000,
  "u": 1440000
}
