{
  "b": 0.48241451382637024,
  "c": 1.0457080602645874,
  "d": 0.46906518936157227,
  "e": 1.0167325735092163,
  "f": 5110000,
  "g": 11000000,
  "h": 5260000,
  "i": 11300000,
  "j": 5020000,
  "k": 10900000,
  "l": 5160000,
  "m": 11200000,
  "n": 92500,
  "o": 92500,
  "p": 103000,
  "q": 103000,
  "r": 115000,
  "s": 246000,
  "t": 123000,
  "u": 264000
}
