{
  "b": 0.6414236426353455,
  "c": 1.3876720666885376,
  "d": 0.9827789068222046,
  "e": 2.125995635986328,
  "f": 6800000,
  "g": 14600000,
  "h": 11000000,
  "i": 23600000,
  "j": 6670000,
  "k": 14400000,
  "l": 10800000,
  "m": 23400000,
  "n": 128000,
  "o": 128000,
  "p": 189000,
  "q": 189000,
  "r": 169000,
  "s": 362000,
  "t": 321000,
  "u": 686000
}
