{
  "b": 0.35497191548347473,
  "c": 0.7536075711250305,
  "d": 0.3139132261276245,
  "e": 0.6663265228271484,
  "f": 3760000,
  "g": 7910000,
  "h": 3530000,
  "i": 7410000,
  "j": 3690000,
  "k": 7840000,
  "l": 3450000,
  "m": 7330000,
  "n": 70400,
  "o": 70400,
  "p": 77800,
  "q": 77800,
  "r": 200000,
  "s": 422000,
  "t": 201000,
  "u": 423000
}
