{
  "b": 0.5431005358695984,
  "c": 1.1634314060211182,
  "d": 0.60010826587677,
  "e": 1.2854353189468384,
  "f": 5740892,
  "g": 12196593,
  "h": 6709746,
  "i": 14253314,
  "j": 5648246,
  "k": 12099687,
  "l": 6601191,
  "m": 14139789,
  "n": 92647,
  "o": 96906,
  "p": 108554,
  "q": 113522,
  "r": 558833,
  "s": 1187031,
  "t": 679783,
  "u": 1444325
}
