{
  "b": 0.4690234959125519,
  "c": 0.9997967481613159,
  "d": 0.5226208567619324,
  "e": 1.1139204502105713,
  "f": 4966270,
  "g": 10490448,
  "h": 5846962,
  "i": 12355834,
  "j": 4877845,
  "k": 10397886,
  "l": 5748830,
  "m": 12253125,
  "n": 88426,
  "o": 92563,
  "p": 98132,
  "q": 102710,
  "r": 95979,
  "s": 196809,
  "t": 99672,
  "u": 203422
}
