{
  "b": 0.4690234959125519,
  "c": 0.9997967481613159,
  "d": 0.5226208567619324,
  "e": 1.1139204502105713,
  "f": 4970000,
  "g": 10500000,
  "h": 5850000,
  "i": 12400000,
  "j": 4880000,
  "k": 10400000,
  "l": 5750000,
  "m": 12300000,
  "n": 90500,
  "o": 90500,
  "p": 100000,
  "q": 100000,
  "r": 96000,
  "s": 197000,
  "t": 99700,
  "u": 203000
}
