{
  "b": 0.48241451382637024,
  "c": 1.0457080602645874,
  "d": 0.46906518936157227,
  "e": 1.0167325735092163,
  "f": 5106835,
  "g": 10970547,
  "h": 5260063,
  "i": 11290496,
  "j": 5017111,
  "k": 10875364,
  "l": 5159717,
  "m": 11184058,
  "n": 89724,
  "o": 95183,
  "p": 100346,
  "q": 106438,
  "r": 114913,
  "s": 245654,
  "t": 123365,
  "u": 263608
}
