{
  "b": 0.4996884763240814,
  "c": 1.0379250049591064,
  "d": 0.4621308147907257,
  "e": 0.9594696164131165,
  "f": 5300000,
  "g": 10900000,
  "h": 5190000,
  "i": 10700000,
  "j": 5200000,
  "k": 10800000,
  "l": 5080000,
  "m": 10600000,
  "n": 105000,
  "o": 105000,
  "p": 113000,
  "q": 113000,
  "r": 287000,
  "s": 592000,
  "t": 300000,
  "u": 619000
}
