{
  "b": 0.9980692267417908,
  "c": 2.0911035537719727,
  "d": 1.1853276491165161,
  "e": 2.483259916305542,
  "f": 10600000,
  "g": 21900000,
  "h": 13300000,
  "i": 27500000,
  "j": 10400000,
  "k": 21700000,
  "l": 13000000,
  "m": 27300000,
  "n": 188000,
  "o": 188000,
  "p": 215000,
  "q": 215000,
  "r": -111000,
  "s": -239000,
  "t": -164000,
  "u": -351000
}
