{
  "b": 0.7586330771446228,
  "c": 1.6333979368209839,
  "d": 0.86346435546875,
  "e": 1.858978033065796,
  "f": 8030000,
  "g": 17100000,
  "h": 9660000,
  "i": 20600000,
  "j": 7890000,
  "k": 17000000,
  "l": 9500000,
  "m": 20400000,
  "n": 146000,
  "o": 146000,
  "p": 165000,
  "q": 165000,
  "r": 246000,
  "s": 522000,
  "t": 306000,
  "u": 651000
}
