{
  "b": 0.8207798004150391,
  "c": 1.7777557373046875,
  "d": 0.957250714302063,
  "e": 2.0732147693634033,
  "f": 8690000,
  "g": 18700000,
  "h": 10700000,
  "i": 23000000,
  "j": 8540000,
  "k": 18500000,
  "l": 10500000,
  "m": 22800000,
  "n": 161000,
  "o": 161000,
  "p": 194000,
  "q": 194000,
  "r": -401000,
  "s": -877000,
  "t": -539000,
  "u": -1180000
}
