{
  "b": 0.18780872225761414,
  "c": 0.4061315953731537,
  "d": 0.23649825155735016,
  "e": 0.5113863348960876,
  "f": 1990000,
  "g": 4260000,
  "h": 2640000,
  "i": 5670000,
  "j": 1950000,
  "k": 4220000,
  "l": 2600000,
  "m": 5630000,
  "n": 36800,
  "o": 36800,
  "p": 42700,
  "q": 42700,
  "r": 94700,
  "s": 203000,
  "t": 132000,
  "u": 284000
}
