{
  "b": 0.18780872225761414,
  "c": 0.4061315953731537,
  "d": 0.23649825155735016,
  "e": 0.5113863348960876,
  "f": 1989012,
  "g": 4261548,
  "h": 2643013,
  "i": 5669066,
  "j": 1953211,
  "k": 4223769,
  "l": 2601481,
  "m": 5625250,
  "n": 35802,
  "o": 37780,
  "p": 41532,
  "q": 43815,
  "r": 94663,
  "s": 203252,
  "t": 132200,
  "u": 284236
}
