{
  "b": 0.7586330771446228,
  "c": 1.6333979368209839,
  "d": 0.86346435546875,
  "e": 1.858978033065796,
  "f": 8032177,
  "g": 17137430,
  "h": 9658716,
  "i": 20618022,
  "j": 7889784,
  "k": 16987338,
  "l": 9498108,
  "m": 20448758,
  "n": 142393,
  "o": 150090,
  "p": 160608,
  "q": 169263,
  "r": 245895,
  "s": 522052,
  "t": 306373,
  "u": 651041
}
