{
  "b": 0.4996884763240814,
  "c": 1.0379250049591064,
  "d": 0.4621308147907257,
  "e": 0.9594696164131165,
  "f": 5300754,
  "g": 10901416,
  "h": 5194864,
  "i": 10668803,
  "j": 5196760,
  "k": 10794420,
  "l": 5083439,
  "m": 10554166,
  "n": 103994,
  "o": 106994,
  "p": 111424,
  "q": 114639,
  "r": 286868,
  "s": 591807,
  "t": 300254,
  "u": 619064
}
