{
  "b": 0.8207798004150391,
  "c": 1.7777557373046875,
  "d": 0.957250714302063,
  "e": 2.0732147693634033,
  "f": 8692339,
  "g": 18653748,
  "h": 10718582,
  "i": 23004854,
  "j": 8536110,
  "k": 18488660,
  "l": 10529758,
  "m": 22805362,
  "n": 156228,
  "o": 165088,
  "p": 188825,
  "q": 199493,
  "r": -400980,
  "s": -876503,
  "t": -538628,
  "u": -1176586
}
