{
  "b": 0.5327166318893433,
  "c": 1.1291193962097168,
  "d": 0.48075389862060547,
  "e": 1.0189019441604614,
  "f": 5640000,
  "g": 11800000,
  "h": 5400000,
  "i": 11300000,
  "j": 5540000,
  "k": 11700000,
  "l": 5290000,
  "m": 11200000,
  "n": 101000,
  "o": 101000,
  "p": 113000,
  "q": 113000,
  "r": -101000,
  "s": -215000,
  "t": -103000,
  "u": -219000
}
