{
  "b": 0.541972815990448,
  "c": 1.173208236694336,
  "d": 0.5870341062545776,
  "e": 1.2706787586212158,
  "f": 5735354,
  "g": 12305750,
  "h": 6577225,
  "i": 14104010,
  "j": 5636517,
  "k": 12201366,
  "l": 6457375,
  "m": 13977466,
  "n": 98837,
  "o": 104384,
  "p": 119850,
  "q": 126545,
  "r": 78649,
  "s": 168492,
  "t": 90569,
  "u": 193992
}
