{
  "b": 2.57900071144104,
  "c": 5.566018581390381,
  "d": 3.2954771518707275,
  "e": 7.111570835113525,
  "f": 27317356,
  "g": 58407944,
  "h": 36909464,
  "i": 78920240,
  "j": 26821608,
  "k": 57886592,
  "l": 36250248,
  "m": 78227280,
  "n": 495748,
  "o": 521353,
  "p": 659217,
  "q": 692961,
  "r": -1289700,
  "s": -2825623,
  "t": -1254741,
  "u": -2779939
}
