{
  "b": 2.57900071144104,
  "c": 5.566018581390381,
  "d": 3.2954771518707275,
  "e": 7.111570835113525,
  "f": 27300000,
  "g": 58400000,
  "h": 36900000,
  "i": 78900000,
  "j": 26800000,
  "k": 57900000,
  "l": 36300000,
  "m": 78200000,
  "n": 509000,
  "o": 509000,
  "p": 676000,
  "q": 676000,
  "r": -1290000,
  "s": -2830000,
  "t": -1250000,
  "u": -2780000
}
