{
  "b": 0.05567438155412674,
  "c": 0.1189771369099617,
  "d": 0.06840194016695023,
  "e": 0.1462133824825287,
  "f": 589467,
  "g": 1248260,
  "h": 765047,
  "i": 1621512,
  "j": 579014,
  "k": 1237362,
  "l": 752421,
  "m": 1608347,
  "n": 10454,
  "o": 10897,
  "p": 12625,
  "q": 13165,
  "r": 9885,
  "s": 20936,
  "t": 12499,
  "u": 26495
}
