{
  "b": 0.5327166318893433,
  "c": 1.1291193962097168,
  "d": 0.48075389862060547,
  "e": 1.0189019441604614,
  "f": 5638704,
  "g": 11845564,
  "h": 5398960,
  "i": 11323383,
  "j": 5540253,
  "k": 11742842,
  "l": 5288293,
  "m": 11207921,
  "n": 98452,
  "o": 102722,
  "p": 110667,
  "q": 115461,
  "r": -101283,
  "s": -214958,
  "t": -103270,
  "u": -218888
}
