{
  "b": 0.05567438155412674,
  "c": 0.1189771369099617,
  "d": 0.06840194016695023,
  "e": 0.1462133824825287,
  "f": 589000,
  "g": 1250000,
  "h": 765000,
  "i": 1620000,
  "j": 579000,
  "k": 1240000,
  "l": 752000,
  "m": 1610000,
  "n": 10700,
  "o": 10700,
  "p": 12900,
  "q": 12900,
  "r": 9880,
  "s": 20900,
  "t": 12500,
  "u": 26500
}
