{
  "b": 0.541972815990448,
  "c": 1.173208236694336,
  "d": 0.5870341062545776,
  "e": 1.2706787586212158,
  "f": 5740000,
  "g": 12300000,
  "h": 6580000,
  "i": 14100000,
  "j": 5640000,
  "k": 12200000,
  "l": 6460000,
  "m": 14000000,
  "n": 102000,
  "o": 102000,
  "p": 123000,
  "q": 123000,
  "r": 78600,
  "s": 168000,
  "t": 90600,
  "u": 194000
}
