{
  "b": 0.020909268409013748,
  "c": 0.04497818648815155,
  "d": 0.02405686117708683,
  "e": 0.05175194889307022,
  "f": 222000,
  "g": 472000,
  "h": 270000,
  "i": 574000,
  "j": 217000,
  "k": 468000,
  "l": 265000,
  "m": 569000,
  "n": 4440,
  "o": 4440,
  "p": 5070,
  "q": 5070,
  "r": 5210,
  "s": 11200,
  "t": 6640,
  "u": 14200
}
