{
  "b": 0.020909268409013748,
  "c": 0.04497818648815155,
  "d": 0.02405686117708683,
  "e": 0.05175194889307022,
  "f": 221808,
  "g": 472307,
  "h": 269590,
  "i": 574443,
  "j": 217456,
  "k": 467773,
  "l": 264625,
  "m": 569271,
  "n": 4352,
  "o": 4534,
  "p": 4964,
  "q": 5172,
  "r": 5210,
  "s": 11162,
  "t": 6636,
  "u": 14229
}
