{
  "b": 0.36490964889526367,
  "c": 0.7512313723564148,
  "d": 0.35673025250434875,
  "e": 0.7338407039642334,
  "f": 3876092,
  "g": 7895491,
  "h": 4011177,
  "i": 8161165,
  "j": 3795060,
  "k": 7812806,
  "l": 3924033,
  "m": 8072248,
  "n": 81032,
  "o": 82684,
  "p": 87145,
  "q": 88915,
  "r": 532446,
  "s": 1091661,
  "t": 614256,
  "u": 1259674
}
