{
  "b": 0.14694200456142426,
  "c": 0.31411999464035034,
  "d": 0.1613747924566269,
  "e": 0.34495455026626587,
  "f": 1555828,
  "g": 3295786,
  "h": 1805700,
  "i": 3826520,
  "j": 1528197,
  "k": 3266848,
  "l": 1775123,
  "m": 3794500,
  "n": 27631,
  "o": 28938,
  "p": 30577,
  "q": 32019,
  "r": 18800,
  "s": 39480,
  "t": 23513,
  "u": 49441
}
