{
  "b": 0.7751216888427734,
  "c": 1.6243746280670166,
  "d": 0.7985191941261292,
  "e": 1.6729137897491455,
  "f": 8220000,
  "g": 17100000,
  "h": 8950000,
  "i": 18600000,
  "j": 8060000,
  "k": 16900000,
  "l": 8780000,
  "m": 18400000,
  "n": 158000,
  "o": 158000,
  "p": 173000,
  "q": 173000,
  "r": -952000,
  "s": -2000000,
  "t": -1140000,
  "u": -2400000
}
