{
  "b": 1.4242478609085083,
  "c": 3.092318534851074,
  "d": 1.7234641313552856,
  "e": 3.741689920425415,
  "f": 15084034,
  "g": 32449060,
  "h": 19264680,
  "i": 41484368,
  "j": 14812178,
  "k": 32160114,
  "l": 18958106,
  "m": 41158588,
  "n": 271856,
  "o": 288941,
  "p": 306573,
  "q": 325781,
  "r": -1661932,
  "s": -3608255,
  "t": -2250806,
  "u": -4890996
}
