{
  "b": 0.08191758394241333,
  "c": 0.16946320235729218,
  "d": 0.09336620569229126,
  "e": 0.19311581552028656,
  "f": 868000,
  "g": 1780000,
  "h": 1040000,
  "i": 2140000,
  "j": 852000,
  "k": 1760000,
  "l": 1030000,
  "m": 2120000,
  "n": 16300,
  "o": 16300,
  "p": 18100,
  "q": 18100,
  "r": 34400,
  "s": 70600,
  "t": 44300,
  "u": 91200
}
