{
  "b": 0.14694200456142426,
  "c": 0.31411999464035034,
  "d": 0.1613747924566269,
  "e": 0.34495455026626587,
  "f": 1560000,
  "g": 3300000,
  "h": 1810000,
  "i": 3830000,
  "j": 1530000,
  "k": 3270000,
  "l": 1780000,
  "m": 3790000,
  "n": 28300,
  "o": 28300,
  "p": 31300,
  "q": 31300,
  "r": 18800,
  "s": 39500,
  "t": 23500,
  "u": 49400
}
