{
  "b": 1.4242478609085083,
  "c": 3.092318534851074,
  "d": 1.7234641313552856,
  "e": 3.741689920425415,
  "f": 15100000,
  "g": 32400000,
  "h": 19300000,
  "i": 41500000,
  "j": 14800000,
  "k": 32200000,
  "l": 19000000,
  "m": 41200000,
  "n": 280000,
  "o": 280000,
  "p": 316000,
  "q": 316000,
  "r": -1660000,
  "s": -3610000,
  "t": -2250000,
  "u": -4890000
}
