{
  "b": 0.36490964889526367,
  "c": 0.7512313723564148,
  "d": 0.35673025250434875,
  "e": 0.7338407039642334,
  "f": 3880000,
  "g": 7900000,
  "h": 4010000,
  "i": 8160000,
  "j": 3800000,
  "k": 7810000,
  "l": 3920000,
  "m": 8070000,
  "n": 81900,
  "o": 81900,
  "p": 88000,
  "q": 88000,
  "r": 532000,
  "s": 1090000,
  "t": 614000,
  "u": 1260000
}
