{
  "b": 2.8508365154266357,
  "c": 6.211667060852051,
  "d": 4.719667911529541,
  "e": 10.282905578613281,
  "f": 30177116,
  "g": 65161608,
  "h": 52693144,
  "i": 113935296,
  "j": 29648700,
  "k": 64601336,
  "l": 51916348,
  "m": 113111960,
  "n": 528417,
  "o": 560270,
  "p": 776797,
  "q": 823342,
  "r": 3452321,
  "s": 7441285,
  "t": 6842525,
  "u": 14764594
}
