{
  "b": 0.6127603650093079,
  "c": 1.3359875679016113,
  "d": 0.5349653363227844,
  "e": 1.1663901805877686,
  "f": 6485126,
  "g": 14014292,
  "h": 6012084,
  "i": 12966369,
  "j": 6372708,
  "k": 13894271,
  "l": 5884619,
  "m": 12830292,
  "n": 112418,
  "o": 120022,
  "p": 127465,
  "q": 136077,
  "r": 293436,
  "s": 634507,
  "t": 279513,
  "u": 603416
}
