{
  "b": 2.8508365154266357,
  "c": 6.211667060852051,
  "d": 4.719667911529541,
  "e": 10.282905578613281,
  "f": 30200000,
  "g": 65200000,
  "h": 52700000,
  "i": 114000000,
  "j": 29600000,
  "k": 64600000,
  "l": 51900000,
  "m": 113000000,
  "n": 544000,
  "o": 544000,
  "p": 800000,
  "q": 800000,
  "r": 3450000,
  "s": 7440000,
  "t": 6840000,
  "u": 14800000
}
