{
  "b": 2.5042076110839844,
  "c": 5.368316173553467,
  "d": 3.5377933979034424,
  "e": 7.583461761474609,
  "f": 26500000,
  "g": 56300000,
  "h": 39600000,
  "i": 84100000,
  "j": 26000000,
  "k": 55800000,
  "l": 38900000,
  "m": 83400000,
  "n": 497000,
  "o": 497000,
  "p": 654000,
  "q": 654000,
  "r": 1130000,
  "s": 2370000,
  "t": 2000000,
  "u": 4220000
}
