{
  "b": 2.5042076110839844,
  "c": 5.368316173553467,
  "d": 3.5377933979034424,
  "e": 7.583461761474609,
  "f": 26530884,
  "g": 56337304,
  "h": 39556888,
  "i": 84084912,
  "j": 26043760,
  "k": 55830488,
  "l": 38915728,
  "m": 83418080,
  "n": 487124,
  "o": 506819,
  "p": 641156,
  "q": 666836,
  "r": 1125593,
  "s": 2367968,
  "t": 2000492,
  "u": 4218960
}
