{
  "b": 0.6127603650093079,
  "c": 1.3359875679016113,
  "d": 0.5349653363227844,
  "e": 1.1663901805877686,
  "f": 6490000,
  "g": 14000000,
  "h": 6010000,
  "i": 13000000,
  "j": 6370000,
  "k": 13900000,
  "l": 5880000,
  "m": 12800000,
  "n": 116000,
  "o": 116000,
  "p": 132000,
  "q": 132000,
  "r": 293000,
  "s": 635000,
  "t": 280000,
  "u": 603000
}
