{
  "b": 84.00177764892578,
  "c": 173.3227996826172,
  "d": 85.89559936523438,
  "e": 177.226318359375,
  "f": 887588288,
  "g": 1816836864,
  "h": 959904768,
  "i": 1964878336,
  "j": 873618496,
  "k": 1802557184,
  "l": 944851584,
  "m": 1949489536,
  "n": 13969754,
  "o": 14279818,
  "p": 15053163,
  "q": 15388628,
  "r": 341459040,
  "s": 699100672,
  "t": 358524832,
  "u": 734163968
}
