{
  "b": 84.00177764892578,
  "c": 173.3227996826172,
  "d": 85.89559936523438,
  "e": 177.226318359375,
  "f": 888000000,
  "g": 1820000000,
  "h": 960000000,
  "i": 1960000000,
  "j": 874000000,
  "k": 1800000000,
  "l": 945000000,
  "m": 1950000000,
  "n": 14100000,
  "o": 14100000,
  "p": 15200000,
  "q": 15200000,
  "r": 341000000,
  "s": 699000000,
  "t": 359000000,
  "u": 734000000
}
