{
  "b": 78.5961685180664,
  "c": 151.07049560546875,
  "d": 92.84821319580078,
  "e": 178.45863342285156,
  "f": 831000000,
  "g": 1580000000,
  "h": 1040000000,
  "i": 1980000000,
  "j": 817000000,
  "k": 1570000000,
  "l": 1020000000,
  "m": 1960000000,
  "n": 13300000,
  "o": 13300000,
  "p": 14800000,
  "q": 14800000,
  "r": 94000000,
  "s": 179000000,
  "t": 129000000,
  "u": 246000000
}
