{
  "b": 100.19287109375,
  "c": 209.5943603515625,
  "d": 112.38546752929688,
  "e": 235.08872985839844,
  "f": 1058919616,
  "g": 2197275648,
  "h": 1254537472,
  "i": 2604901376,
  "j": 1042005824,
  "k": 2179781376,
  "l": 1236240128,
  "m": 2585976064,
  "n": 16913700,
  "o": 17494364,
  "p": 18297344,
  "q": 18925378,
  "r": 144936576,
  "s": 300321600,
  "t": 171957120,
  "u": 356539808
}
