{
  "b": 78.5961685180664,
  "c": 151.07049560546875,
  "d": 92.84821319580078,
  "e": 178.45863342285156,
  "f": 830946560,
  "g": 1584144640,
  "h": 1036378688,
  "i": 1977506048,
  "j": 817400128,
  "k": 1571133184,
  "l": 1021330368,
  "m": 1963044992,
  "n": 13546530,
  "o": 13011478,
  "p": 15048168,
  "q": 14461155,
  "r": 94011616,
  "s": 178875072,
  "t": 128988816,
  "u": 245690192
}
