{
  "b": 55.819007873535156,
  "c": 115.36051940917969,
  "d": 54.5010986328125,
  "e": 112.62952423095703,
  "f": 589947456,
  "g": 1209372288,
  "h": 609829888,
  "i": 1249453952,
  "j": 580517696,
  "k": 1199749376,
  "l": 599512064,
  "m": 1238924800,
  "n": 9429735,
  "o": 9622915,
  "p": 10317857,
  "q": 10529180,
  "r": 9312912,
  "s": 19005496,
  "t": 10731868,
  "u": 21897636
}
