{
  "b": 54.06638717651367,
  "c": 105.36717224121094,
  "d": 63.449459075927734,
  "e": 123.6502914428711,
  "f": 571000000,
  "g": 1100000000,
  "h": 708000000,
  "i": 1370000000,
  "j": 562000000,
  "k": 1100000000,
  "l": 698000000,
  "m": 1360000000,
  "n": 9040000,
  "o": 9040000,
  "p": 10200000,
  "q": 10200000,
  "r": 14000000,
  "s": 27100000,
  "t": 18700000,
  "u": 36200000
}
