{
  "b": 39.31950759887695,
  "c": 74.38658905029297,
  "d": 48.24824142456055,
  "e": 91.27564239501953,
  "f": 416000000,
  "g": 780000000,
  "h": 538000000,
  "i": 1010000000,
  "j": 409000000,
  "k": 774000000,
  "l": 531000000,
  "m": 1000000000,
  "n": 6590000,
  "o": 6590000,
  "p": 7490000,
  "q": 7490000,
  "r": 13000000,
  "s": 24300000,
  "t": 18600000,
  "u": 34900000
}
