{
  "b": 202.62924194335938,
  "c": 418.0525207519531,
  "d": 214.8514404296875,
  "e": 443.25079345703125,
  "f": 2140000000,
  "g": 4380000000,
  "h": 2400000000,
  "i": 4910000000,
  "j": 2110000000,
  "k": 4350000000,
  "l": 2360000000,
  "m": 4880000000,
  "n": 33700000,
  "o": 33700000,
  "p": 34400000,
  "q": 34400000,
  "r": 252000000,
  "s": 517000000,
  "t": 281000000,
  "u": 575000000
}
