{
  "b": 170.04420471191406,
  "c": 343.2398376464844,
  "d": 194.9505157470703,
  "e": 393.50634765625,
  "f": 1796824832,
  "g": 3598135296,
  "h": 2177791488,
  "i": 4361999360,
  "j": 1768459776,
  "k": 3569694208,
  "l": 2144455680,
  "m": 4328569856,
  "n": 28364832,
  "o": 28441230,
  "p": 33335824,
  "q": 33429590,
  "r": 12514045,
  "s": 24994938,
  "t": 16833490,
  "u": 33638524
}
