{
  "b": 170.04420471191406,
  "c": 343.2398376464844,
  "d": 194.9505157470703,
  "e": 393.50634765625,
  "f": 1800000000,
  "g": 3600000000,
  "h": 2180000000,
  "i": 4360000000,
  "j": 1770000000,
  "k": 3570000000,
  "l": 2140000000,
  "m": 4330000000,
  "n": 28400000,
  "o": 28400000,
  "p": 33400000,
  "q": 33400000,
  "r": 12500000,
  "s": 25000000,
  "t": 16800000,
  "u": 33600000
}
