{
  "b": 41.69838333129883,
  "c": 81.79812622070312,
  "d": 50.7530403137207,
  "e": 99.55575561523438,
  "f": 440605440,
  "g": 857469568,
  "h": 566053312,
  "i": 1102690944,
  "j": 433663200,
  "k": 850700544,
  "l": 558283456,
  "m": 1095113344,
  "n": 6942222,
  "o": 6769101,
  "p": 7769812,
  "q": 7577681,
  "r": 3405581,
  "s": 6612428,
  "t": 4843543,
  "u": 9415917
}
