{
  "b": 448.3994445800781,
  "c": 865.220947265625,
  "d": 539.5696411132812,
  "e": 1041.1295166015625,
  "f": 4740000000,
  "g": 9080000000,
  "h": 6030000000,
  "i": 11500000000,
  "j": 4660000000,
  "k": 9000000000,
  "l": 5940000000,
  "m": 11500000000,
  "n": 78000000,
  "o": 78000000,
  "p": 92500000,
  "q": 92500000,
  "r": 339000000,
  "s": 648000000,
  "t": 454000000,
  "u": 868000000
}
