{
  "b": 41.69838333129883,
  "c": 81.79812622070312,
  "d": 50.7530403137207,
  "e": 99.55575561523438,
  "f": 441000000,
  "g": 857000000,
  "h": 566000000,
  "i": 1100000000,
  "j": 434000000,
  "k": 851000000,
  "l": 558000000,
  "m": 1100000000,
  "n": 6860000,
  "o": 6860000,
  "p": 7670000,
  "q": 7670000,
  "r": 3410000,
  "s": 6610000,
  "t": 4840000,
  "u": 9420000
}
