{
  "b": 448.3994445800781,
  "c": 865.220947265625,
  "d": 539.5696411132812,
  "e": 1041.1295166015625,
  "f": 4742514176,
  "g": 9075174400,
  "h": 6029094912,
  "i": 11543565312,
  "j": 4663354368,
  "k": 8998297600,
  "l": 5935266304,
  "m": 11452424192,
  "n": 79159728,
  "o": 76876704,
  "p": 93828784,
  "q": 91140864,
  "r": 339440256,
  "s": 648050432,
  "t": 454444224,
  "u": 868288832
}
