{
  "b": 39.31950759887695,
  "c": 74.38658905029297,
  "d": 48.24824142456055,
  "e": 91.27564239501953,
  "f": 415689984,
  "g": 780030912,
  "h": 538418112,
  "i": 1011318272,
  "j": 408922880,
  "k": 773620544,
  "l": 530730656,
  "m": 1004032064,
  "n": 6767117,
  "o": 6410322,
  "p": 7687437,
  "q": 7286170,
  "r": 12976260,
  "s": 24299750,
  "t": 18583848,
  "u": 34851328
}
