{
  "b": 32.36695861816406,
  "c": 63.480106353759766,
  "d": 37.7071533203125,
  "e": 73.9522705078125,
  "f": 342179168,
  "g": 665636992,
  "h": 421097792,
  "i": 819660928,
  "j": 336616384,
  "k": 660193088,
  "l": 414778688,
  "m": 813474944,
  "n": 5562775,
  "o": 5443963,
  "p": 6319074,
  "q": 6186018,
  "r": 6099705,
  "s": 11845148,
  "t": 8143156,
  "u": 15828244
}
