{
  "b": 69.25267791748047,
  "c": 137.93687438964844,
  "d": 78.35206604003906,
  "e": 156.05885314941406,
  "f": 731921664,
  "g": 1446133120,
  "h": 875008640,
  "i": 1729668096,
  "j": 720227840,
  "k": 1434543488,
  "l": 861872768,
  "m": 1716647424,
  "n": 11693829,
  "o": 11589550,
  "p": 13135881,
  "q": 13020668,
  "r": 16223538,
  "s": 32006436,
  "t": 20488458,
  "u": 40448696
}
