{
  "b": 148.00112915039062,
  "c": 297.0845947265625,
  "d": 168.42967224121094,
  "e": 338.0780029296875,
  "f": 1563892864,
  "g": 3114270208,
  "h": 1878989056,
  "i": 3745028608,
  "j": 1539211776,
  "k": 3089679872,
  "l": 1852726400,
  "m": 3718857984,
  "n": 24681084,
  "o": 24590788,
  "p": 26262824,
  "q": 26170604,
  "r": 29971100,
  "s": 59483168,
  "t": 38692592,
  "u": 76884008
}
