{
  "b": 32.36695861816406,
  "c": 63.480106353759766,
  "d": 37.7071533203125,
  "e": 73.9522705078125,
  "f": 342000000,
  "g": 666000000,
  "h": 421000000,
  "i": 820000000,
  "j": 337000000,
  "k": 660000000,
  "l": 415000000,
  "m": 813000000,
  "n": 5500000,
  "o": 5500000,
  "p": 6250000,
  "q": 6250000,
  "r": 6100000,
  "s": 11800000,
  "t": 8140000,
  "u": 15800000
}
