{
  "b": 261.80706787109375,
  "c": 527.1842041015625,
  "d": 344.5446472167969,
  "e": 693.7612915039062,
  "f": 2767817728,
  "g": 5527905792,
  "h": 3845339648,
  "i": 7686935040,
  "j": 2722793472,
  "k": 5482715648,
  "l": 3789991168,
  "m": 7631374336,
  "n": 45024120,
  "o": 45190848,
  "p": 55348572,
  "q": 55561180,
  "r": 848675392,
  "s": 1695772928,
  "t": 1175881856,
  "u": 2352024576
}
