{
  "b": 261.80706787109375,
  "c": 527.1842041015625,
  "d": 344.5446472167969,
  "e": 693.7612915039062,
  "f": 2770000000,
  "g": 5530000000,
  "h": 3850000000,
  "i": 7690000000,
  "j": 2720000000,
  "k": 5480000000,
  "l": 3790000000,
  "m": 7630000000,
  "n": 45100000,
  "o": 45100000,
  "p": 55500000,
  "q": 55500000,
  "r": 849000000,
  "s": 1700000000,
  "t": 1180000000,
  "u": 2350000000
}
