{
  "b": 158.14404296875,
  "c": 306.62408447265625,
  "d": 176.05348205566406,
  "e": 341.34307861328125,
  "f": 1670000000,
  "g": 3220000000,
  "h": 1970000000,
  "i": 3780000000,
  "j": 1640000000,
  "k": 3190000000,
  "l": 1940000000,
  "m": 3750000000,
  "n": 26700000,
  "o": 26700000,
  "p": 28500000,
  "q": 28500000,
  "r": 72000000,
  "s": 138000000,
  "t": 87900000,
  "u": 169000000
}
