{
  "b": 69.25267791748047,
  "c": 137.93687438964844,
  "d": 78.35206604003906,
  "e": 156.05885314941406,
  "f": 732000000,
  "g": 1450000000,
  "h": 875000000,
  "i": 1730000000,
  "j": 720000000,
  "k": 1430000000,
  "l": 862000000,
  "m": 1720000000,
  "n": 11600000,
  "o": 11600000,
  "p": 13100000,
  "q": 13100000,
  "r": 16200000,
  "s": 32000000,
  "t": 20500000,
  "u": 40400000
}
