{
  "b": 148.00112915039062,
  "c": 297.0845947265625,
  "d": 168.42967224121094,
  "e": 338.0780029296875,
  "f": 1560000000,
  "g": 3110000000,
  "h": 1880000000,
  "i": 3750000000,
  "j": 1540000000,
  "k": 3090000000,
  "l": 1850000000,
  "m": 3720000000,
  "n": 24600000,
  "o": 24600000,
  "p": 26200000,
  "q": 26200000,
  "r": 30000000,
  "s": 59500000,
  "t": 38700000,
  "u": 76900000
}
