{
  "b": 44.363277435302734,
  "c": 86.42781829833984,
  "d": 49.06202697753906,
  "e": 95.58057403564453,
  "f": 468953376,
  "g": 906217088,
  "h": 548007680,
  "i": 1059485952,
  "j": 461378080,
  "k": 898849280,
  "l": 539682304,
  "m": 1051386304,
  "n": 7575296,
  "o": 7367788,
  "p": 8325353,
  "q": 8099664,
  "r": 12778510,
  "s": 24640570,
  "t": 16078534,
  "u": 31028426
}
