{
  "b": 58.89521408081055,
  "c": 119.1525650024414,
  "d": 62.596126556396484,
  "e": 126.63491821289062,
  "f": 622339648,
  "g": 1249041408,
  "h": 699224320,
  "i": 1403680128,
  "j": 612510208,
  "k": 1239186688,
  "l": 688557376,
  "m": 1392984064,
  "n": 9829404,
  "o": 9854851,
  "p": 10666980,
  "q": 10695975,
  "r": 203213328,
  "s": 408072448,
  "t": 218983920,
  "u": 439921120
}
