{
  "b": 58.89521408081055,
  "c": 119.1525650024414,
  "d": 62.596126556396484,
  "e": 126.63491821289062,
  "f": 622000000,
  "g": 1250000000,
  "h": 699000000,
  "i": 1400000000,
  "j": 613000000,
  "k": 1240000000,
  "l": 689000000,
  "m": 1390000000,
  "n": 9840000,
  "o": 9840000,
  "p": 10700000,
  "q": 10700000,
  "r": 203000000,
  "s": 408000000,
  "t": 219000000,
  "u": 440000000
}
