{
  "b": 25.508228302001953,
  "c": 50.71139144897461,
  "d": 29.829687118530273,
  "e": 59.301475524902344,
  "f": 269672224,
  "g": 531736160,
  "h": 333036544,
  "i": 657172288,
  "j": 265285584,
  "k": 527398464,
  "l": 328126560,
  "m": 652316224,
  "n": 4386660,
  "o": 4337676,
  "p": 4910008,
  "q": 4856141,
  "r": 10311414,
  "s": 20258480,
  "t": 13589724,
  "u": 26727292
}
