{
  "b": 25.508228302001953,
  "c": 50.71139144897461,
  "d": 29.829687118530273,
  "e": 59.301475524902344,
  "f": 270000000,
  "g": 532000000,
  "h": 333000000,
  "i": 657000000,
  "j": 265000000,
  "k": 527000000,
  "l": 328000000,
  "m": 652000000,
  "n": 4360000,
  "o": 4360000,
  "p": 4880000,
  "q": 4880000,
  "r": 10300000,
  "s": 20300000,
  "t": 13600000,
  "u": 26700000
}
