{
  "b": 1236.1434326171875,
  "c": 2462.56103515625,
  "d": 1343.2147216796875,
  "e": 2675.872314453125,
  "f": 13075437568,
  "g": 25828794368,
  "h": 15001714688,
  "i": 29659547648,
  "j": 12855891968,
  "k": 25610635264,
  "l": 14775362560,
  "m": 29434595328,
  "n": 219544736,
  "o": 218158848,
  "p": 226352544,
  "q": 224950016,
  "r": 3638997504,
  "s": 7162479104,
  "t": 4242744320,
  "u": 8361058304
}
