{
  "b": 42.709346771240234,
  "c": 83.69425201416016,
  "d": 46.893951416015625,
  "e": 91.89239501953125,
  "f": 451488640,
  "g": 877553664,
  "h": 523575712,
  "i": 1018372096,
  "j": 444177216,
  "k": 870420224,
  "l": 515833472,
  "m": 1010816384,
  "n": 7311402,
  "o": 7133436,
  "p": 7742238,
  "q": 7555743,
  "r": 9828920,
  "s": 19064050,
  "t": 12280303,
  "u": 23842700
}
