{
  "b": 136.8061065673828,
  "c": 259.1614074707031,
  "d": 197.3145294189453,
  "e": 373.7684631347656,
  "f": 1450000000,
  "g": 2720000000,
  "h": 2210000000,
  "i": 4150000000,
  "j": 1420000000,
  "k": 2700000000,
  "l": 2170000000,
  "m": 4110000000,
  "n": 25200000,
  "o": 25200000,
  "p": 35900000,
  "q": 35900000,
  "r": 63900000,
  "s": 120000000,
  "t": 109000000,
  "u": 204000000
}
