{
  "b": 135.9589385986328,
  "c": 265.0982666015625,
  "d": 172.4207763671875,
  "e": 336.1788635253906,
  "f": 1440000000,
  "g": 2780000000,
  "h": 1930000000,
  "i": 3730000000,
  "j": 1410000000,
  "k": 2760000000,
  "l": 1900000000,
  "m": 3700000000,
  "n": 23100000,
  "o": 23100000,
  "p": 29200000,
  "q": 29200000,
  "r": 46600000,
  "s": 89800000,
  "t": 69300000,
  "u": 134000000
}
