{
  "b": 786.2872924804688,
  "c": 1555.5634765625,
  "d": 894.995849609375,
  "e": 1770.523193359375,
  "f": 8327201792,
  "g": 16325959680,
  "h": 10022919168,
  "i": 19651749888,
  "j": 8177388032,
  "k": 16177860608,
  "l": 9844954112,
  "m": 19475755008,
  "n": 149813712,
  "o": 148098912,
  "p": 177966288,
  "q": 175995360,
  "r": 1759679872,
  "s": 3429351424,
  "t": 2242318336,
  "u": 4372541440
}
