{
  "b": 75.09181213378906,
  "c": 152.5247039794922,
  "d": 87.80415344238281,
  "e": 178.34144592285156,
  "f": 794000000,
  "g": 1600000000,
  "h": 980000000,
  "i": 1980000000,
  "j": 781000000,
  "k": 1590000000,
  "l": 966000000,
  "m": 1960000000,
  "n": 12900000,
  "o": 12900000,
  "p": 14100000,
  "q": 14100000,
  "r": 39800000,
  "s": 80000000,
  "t": 52000000,
  "u": 105000000
}
