{
  "b": 31.740406036376953,
  "c": 63.5470085144043,
  "d": 34.38219451904297,
  "e": 68.83451843261719,
  "f": 336000000,
  "g": 666000000,
  "h": 384000000,
  "i": 763000000,
  "j": 330000000,
  "k": 661000000,
  "l": 378000000,
  "m": 757000000,
  "n": 5400000,
  "o": 5400000,
  "p": 6050000,
  "q": 6050000,
  "r": 6010000,
  "s": 11900000,
  "t": 7470000,
  "u": 14800000
}
