{
  "b": 135.9589385986328,
  "c": 265.0982666015625,
  "d": 172.4207763671875,
  "e": 336.1788635253906,
  "f": 1437470336,
  "g": 2779808512,
  "h": 1926242176,
  "i": 3726694912,
  "j": 1413972992,
  "k": 2757021952,
  "l": 1896628480,
  "m": 3697967360,
  "n": 23497350,
  "o": 22786636,
  "p": 29613910,
  "q": 28727520,
  "r": 46595648,
  "s": 89805048,
  "t": 69348312,
  "u": 133764320
}
