{
  "b": 75.09181213378906,
  "c": 152.5247039794922,
  "d": 87.80415344238281,
  "e": 178.34144592285156,
  "f": 793800896,
  "g": 1599211648,
  "h": 979885568,
  "i": 1975916160,
  "j": 780954816,
  "k": 1586256896,
  "l": 965845696,
  "m": 1961755904,
  "n": 12846116,
  "o": 12954828,
  "p": 14039885,
  "q": 14160224,
  "r": 39808248,
  "s": 79954592,
  "t": 52024944,
  "u": 104622224
}
