{
  "b": 56.27730941772461,
  "c": 113.82294464111328,
  "d": 84.0239028930664,
  "e": 169.93666076660156,
  "f": 595000000,
  "g": 1190000000,
  "h": 936000000,
  "i": 1880000000,
  "j": 585000000,
  "k": 1180000000,
  "l": 924000000,
  "m": 1870000000,
  "n": 9790000,
  "o": 9790000,
  "p": 11300000,
  "q": 11300000,
  "r": 32500000,
  "s": 65100000,
  "t": 54600000,
  "u": 110000000
}
