{
  "b": 45.98053741455078,
  "c": 95.19515228271484,
  "d": 48.029869079589844,
  "e": 99.43367004394531,
  "f": 486000000,
  "g": 998000000,
  "h": 537000000,
  "i": 1100000000,
  "j": 478000000,
  "k": 990000000,
  "l": 528000000,
  "m": 1090000000,
  "n": 7840000,
  "o": 7840000,
  "p": 8430000,
  "q": 8430000,
  "r": 9220000,
  "s": 18800000,
  "t": 10900000,
  "u": 22300000
}
