{
  "b": 29.0598087310791,
  "c": 58.06105041503906,
  "d": 33.10199737548828,
  "e": 66.13599395751953,
  "f": 307229568,
  "g": 608805312,
  "h": 369741088,
  "i": 733074048,
  "j": 302222016,
  "k": 603834944,
  "l": 364121952,
  "m": 727495936,
  "n": 5007561,
  "o": 4970308,
  "p": 5619113,
  "q": 5578120,
  "r": 9483940,
  "s": 18730928,
  "t": 11963524,
  "u": 23648732
}
