{
  "b": 45.98053741455078,
  "c": 95.19515228271484,
  "d": 48.029869079589844,
  "e": 99.43367004394531,
  "f": 485938848,
  "g": 997959680,
  "h": 536654080,
  "i": 1102299392,
  "j": 478197600,
  "k": 990029568,
  "l": 528328576,
  "m": 1093770368,
  "n": 7741289,
  "o": 7930104,
  "p": 8325457,
  "q": 8529149,
  "r": 9223452,
  "s": 18848180,
  "t": 10890148,
  "u": 22267346
}
