{
  "b": 167.22886657714844,
  "c": 324.9385986328125,
  "d": 215.93653869628906,
  "e": 419.57537841796875,
  "f": 1770000000,
  "g": 3410000000,
  "h": 2410000000,
  "i": 4650000000,
  "j": 1740000000,
  "k": 3380000000,
  "l": 2380000000,
  "m": 4620000000,
  "n": 28200000,
  "o": 28200000,
  "p": 32300000,
  "q": 32300000,
  "r": 68400000,
  "s": 132000000,
  "t": 99600000,
  "u": 192000000
}
