{
  "b": 29.0598087310791,
  "c": 58.06105041503906,
  "d": 33.10199737548828,
  "e": 66.13599395751953,
  "f": 307000000,
  "g": 609000000,
  "h": 370000000,
  "i": 733000000,
  "j": 302000000,
  "k": 604000000,
  "l": 364000000,
  "m": 727000000,
  "n": 4990000,
  "o": 4990000,
  "p": 5600000,
  "q": 5600000,
  "r": 9480000,
  "s": 18700000,
  "t": 12000000,
  "u": 23600000
}
