{
  "b": 167.22886657714844,
  "c": 324.9385986328125,
  "d": 215.93653869628906,
  "e": 419.57537841796875,
  "f": 1767778688,
  "g": 3407186176,
  "h": 2407997440,
  "i": 4647149056,
  "j": 1739180288,
  "k": 3379361536,
  "l": 2375301888,
  "m": 4615329280,
  "n": 28598228,
  "o": 27824700,
  "p": 32695482,
  "q": 31820016,
  "r": 68433528,
  "s": 131588960,
  "t": 99569448,
  "u": 191764944
}
