{
  "b": 102.4725570678711,
  "c": 211.385498046875,
  "d": 107.51412200927734,
  "e": 221.77340698242188,
  "f": 1080000000,
  "g": 2220000000,
  "h": 1200000000,
  "i": 2460000000,
  "j": 1070000000,
  "k": 2200000000,
  "l": 1180000000,
  "m": 2440000000,
  "n": 17200000,
  "o": 17200000,
  "p": 18300000,
  "q": 18300000,
  "r": 489000000,
  "s": 1000000000,
  "t": 534000000,
  "u": 1090000000
}
