{
  "b": 56.27730941772461,
  "c": 113.82294464111328,
  "d": 84.0239028930664,
  "e": 169.93666076660156,
  "f": 595051264,
  "g": 1193561728,
  "h": 935538880,
  "i": 1880621312,
  "j": 585284032,
  "k": 1183758592,
  "l": 924262912,
  "m": 1869303296,
  "n": 9767268,
  "o": 9802986,
  "p": 11275952,
  "q": 11318118,
  "r": 32522712,
  "s": 65085060,
  "t": 54601552,
  "u": 109547784
}
