{
  "b": 102.4725570678711,
  "c": 211.385498046875,
  "d": 107.51412200927734,
  "e": 221.77340698242188,
  "f": 1082729600,
  "g": 2215733504,
  "h": 1200750592,
  "i": 2457932800,
  "j": 1065714624,
  "k": 2198409216,
  "l": 1182655360,
  "m": 2439507456,
  "n": 17014982,
  "o": 17324564,
  "p": 18095222,
  "q": 18425330,
  "r": 489180288,
  "s": 1001420992,
  "t": 533950560,
  "u": 1093565824
}
