{
  "b": 69.93134307861328,
  "c": 140.7316436767578,
  "d": 76.55984497070312,
  "e": 154.06703186035156,
  "f": 739000000,
  "g": 1470000000,
  "h": 854000000,
  "i": 1710000000,
  "j": 727000000,
  "k": 1460000000,
  "l": 842000000,
  "m": 1690000000,
  "n": 11300000,
  "o": 11300000,
  "p": 11800000,
  "q": 11800000,
  "r": 1650000,
  "s": 3280000,
  "t": 2120000,
  "u": 4240000
}
