{
  "b": 23.063505172729492,
  "c": 45.34638595581055,
  "d": 23.711837768554688,
  "e": 46.619991302490234,
  "f": 243825184,
  "g": 475483008,
  "h": 265226000,
  "i": 517123584,
  "j": 239860448,
  "k": 471602400,
  "l": 260830224,
  "m": 512819904,
  "n": 3964728,
  "o": 3880601,
  "p": 4395781,
  "q": 4303694,
  "r": 4374027,
  "s": 8519291,
  "t": 5198719,
  "u": 10126731
}
