{
  "b": 48.12506103515625,
  "c": 97.79971313476562,
  "d": 58.279808044433594,
  "e": 118.43328857421875,
  "f": 508741408,
  "g": 1025432192,
  "h": 650400896,
  "i": 1312175232,
  "j": 500500640,
  "k": 1017117056,
  "l": 641077888,
  "m": 1302766208,
  "n": 8240750,
  "o": 8315125,
  "p": 9323056,
  "q": 9408962,
  "r": 20624486,
  "s": 41447348,
  "t": 27954058,
  "u": 56249020
}
