{
  "b": 19.804851531982422,
  "c": 39.26060485839844,
  "d": 22.567354202270508,
  "e": 44.73617172241211,
  "f": 209000000,
  "g": 412000000,
  "h": 252000000,
  "i": 496000000,
  "j": 206000000,
  "k": 408000000,
  "l": 248000000,
  "m": 492000000,
  "n": 3390000,
  "o": 3390000,
  "p": 3780000,
  "q": 3780000,
  "r": 9850000,
  "s": 19400000,
  "t": 12600000,
  "u": 24800000
}
