{
  "b": 978.6726684570312,
  "c": 1894.5711669921875,
  "d": 1018.3773193359375,
  "e": 1971.4044189453125,
  "f": 10352280576,
  "g": 19873216512,
  "h": 11387747328,
  "i": 21866383360,
  "j": 10178195456,
  "k": 19703539712,
  "l": 11202150400,
  "m": 21685448704,
  "n": 174085648,
  "o": 169674224,
  "p": 185596672,
  "q": 180936656,
  "r": 3491085824,
  "s": 6698014720,
  "t": 3854818048,
  "u": 7399142912
}
