{
  "b": 48.12506103515625,
  "c": 97.79971313476562,
  "d": 58.279808044433594,
  "e": 118.43328857421875,
  "f": 509000000,
  "g": 1030000000,
  "h": 650000000,
  "i": 1310000000,
  "j": 501000000,
  "k": 1020000000,
  "l": 641000000,
  "m": 1300000000,
  "n": 8280000,
  "o": 8280000,
  "p": 9370000,
  "q": 9370000,
  "r": 20600000,
  "s": 41400000,
  "t": 28000000,
  "u": 56200000
}
