{
  "b": 42.50849914550781,
  "c": 83.38490295410156,
  "d": 50.1666374206543,
  "e": 98.40314483642578,
  "f": 449000000,
  "g": 874000000,
  "h": 560000000,
  "i": 1090000000,
  "j": 442000000,
  "k": 867000000,
  "l": 552000000,
  "m": 1080000000,
  "n": 7010000,
  "o": 7010000,
  "p": 8300000,
  "q": 8300000,
  "r": 5240000,
  "s": 10200000,
  "t": 7420000,
  "u": 14400000
}
