{
  "b": 49.20185089111328,
  "c": 99.74788665771484,
  "d": 52.203548431396484,
  "e": 105.83052825927734,
  "f": 520000000,
  "g": 1050000000,
  "h": 583000000,
  "i": 1170000000,
  "j": 512000000,
  "k": 1040000000,
  "l": 574000000,
  "m": 1160000000,
  "n": 8350000,
  "o": 8350000,
  "p": 9290000,
  "q": 9290000,
  "r": 7100000,
  "s": 14200000,
  "t": 8700000,
  "u": 17500000
}
