{
  "b": 45.71014404296875,
  "c": 93.3616714477539,
  "d": 51.678829193115234,
  "e": 105.5494613647461,
  "f": 483000000,
  "g": 979000000,
  "h": 577000000,
  "i": 1170000000,
  "j": 475000000,
  "k": 971000000,
  "l": 568000000,
  "m": 1160000000,
  "n": 7860000,
  "o": 7860000,
  "p": 8670000,
  "q": 8670000,
  "r": 16000000,
  "s": 32300000,
  "t": 20500000,
  "u": 41400000
}
