{
  "b": 99.42062377929688,
  "c": 201.4401092529297,
  "d": 104.0562973022461,
  "e": 210.82545471191406,
  "f": 1050396544,
  "g": 2111418368,
  "h": 1162114176,
  "i": 2336596992,
  "j": 1033974464,
  "k": 2094977152,
  "l": 1144619264,
  "m": 2319079936,
  "n": 16422051,
  "o": 16441246,
  "p": 17494908,
  "q": 17516854,
  "r": 4355291,
  "s": 8721533,
  "t": 5452033,
  "u": 10925293
}
