{
  "b": 44.407379150390625,
  "c": 90.23684692382812,
  "d": 50.49518585205078,
  "e": 102.6041259765625,
  "f": 469316032,
  "g": 945996736,
  "h": 563995520,
  "i": 1137257472,
  "j": 461836736,
  "k": 938463232,
  "l": 555447040,
  "m": 1128645376,
  "n": 7479344,
  "o": 7533477,
  "p": 8548450,
  "q": 8612007,
  "r": 4980585,
  "s": 10012504,
  "t": 6495044,
  "u": 13065514
}
