{
  "b": 45.71014404296875,
  "c": 93.3616714477539,
  "d": 51.678829193115234,
  "e": 105.5494613647461,
  "f": 483194144,
  "g": 978875648,
  "h": 577075456,
  "i": 1169769984,
  "j": 475385504,
  "k": 970961408,
  "l": 568467136,
  "m": 1161044096,
  "n": 7808675,
  "o": 7914249,
  "p": 8608300,
  "q": 8725777,
  "r": 16004032,
  "s": 32307898,
  "t": 20478216,
  "u": 41377988
}
