{
  "b": 42.50849914550781,
  "c": 83.38490295410156,
  "d": 50.1666374206543,
  "e": 98.40314483642578,
  "f": 449194304,
  "g": 874117376,
  "h": 560241984,
  "i": 1090618368,
  "j": 442088384,
  "k": 867203008,
  "l": 551833024,
  "m": 1082434560,
  "n": 7105891,
  "o": 6914417,
  "p": 8408962,
  "q": 8183836,
  "r": 5241438,
  "s": 10168775,
  "t": 7416282,
  "u": 14397704
}
