{
  "b": 49.20185089111328,
  "c": 99.74788665771484,
  "d": 52.203548431396484,
  "e": 105.83052825927734,
  "f": 520019168,
  "g": 1045759360,
  "h": 583495936,
  "i": 1173462272,
  "j": 511699232,
  "k": 1037378048,
  "l": 574239040,
  "m": 1164135808,
  "n": 8319918,
  "o": 8381246,
  "p": 9256929,
  "q": 9326548,
  "r": 7100898,
  "s": 14243383,
  "t": 8699578,
  "u": 17457214
}
