{
  "b": 169.5144805908203,
  "c": 345.8650817871094,
  "d": 175.3116455078125,
  "e": 357.6679992675781,
  "f": 1790000000,
  "g": 3630000000,
  "h": 1960000000,
  "i": 3960000000,
  "j": 1760000000,
  "k": 3600000000,
  "l": 1930000000,
  "m": 3930000000,
  "n": 28100000,
  "o": 28100000,
  "p": 29700000,
  "q": 29700000,
  "r": 13600000,
  "s": 27400000,
  "t": 16000000,
  "u": 32300000
}
