{
  "b": 315.6961669921875,
  "c": 642.5675048828125,
  "d": 398.24322509765625,
  "e": 810.5551147460938,
  "f": 3336186880,
  "g": 6736038400,
  "h": 4439777280,
  "i": 8975646720,
  "j": 3283240192,
  "k": 6682702336,
  "l": 4380675584,
  "m": 8916106240,
  "n": 52946600,
  "o": 53336484,
  "p": 59102024,
  "q": 59539436,
  "r": 1171339008,
  "s": 2366642176,
  "t": 1550081024,
  "u": 3136246528
}
