{
  "b": 53.25782012939453,
  "c": 107.45616149902344,
  "d": 60.53281784057617,
  "e": 122.13036346435547,
  "f": 563000000,
  "g": 1130000000,
  "h": 676000000,
  "i": 1350000000,
  "j": 554000000,
  "k": 1120000000,
  "l": 666000000,
  "m": 1340000000,
  "n": 9110000,
  "o": 9110000,
  "p": 10600000,
  "q": 10600000,
  "r": 11500000,
  "s": 23000000,
  "t": 15100000,
  "u": 30200000
}
