{
  "b": 152.0341339111328,
  "c": 314.1392822265625,
  "d": 159.1801300048828,
  "e": 328.8899841308594,
  "f": 1606009344,
  "g": 3292495360,
  "h": 1776115456,
  "i": 3643525376,
  "j": 1581154944,
  "k": 3267048448,
  "l": 1750981504,
  "m": 3617789952,
  "n": 24854428,
  "o": 25447052,
  "p": 25134058,
  "q": 25734786,
  "r": 646586816,
  "s": 1325985280,
  "t": 711708672,
  "u": 1460616320
}
