{
  "b": 152.0341339111328,
  "c": 314.1392822265625,
  "d": 159.1801300048828,
  "e": 328.8899841308594,
  "f": 1610000000,
  "g": 3290000000,
  "h": 1780000000,
  "i": 3640000000,
  "j": 1580000000,
  "k": 3270000000,
  "l": 1750000000,
  "m": 3620000000,
  "n": 25200000,
  "o": 25200000,
  "p": 25400000,
  "q": 25400000,
  "r": 647000000,
  "s": 1330000000,
  "t": 712000000,
  "u": 1460000000
}
