{
  "b": 169.5144805908203,
  "c": 345.8650817871094,
  "d": 175.3116455078125,
  "e": 357.6679992675781,
  "f": 1790976128,
  "g": 3625245184,
  "h": 1958014464,
  "i": 3964171264,
  "j": 1762950656,
  "k": 3596996864,
  "l": 1928428160,
  "m": 3934348032,
  "n": 28025626,
  "o": 28248052,
  "p": 29585988,
  "q": 29823370,
  "r": 13577302,
  "s": 27362610,
  "t": 15997912,
  "u": 32257320
}
