{
  "b": 315.6961669921875,
  "c": 642.5675048828125,
  "d": 398.24322509765625,
  "e": 810.5551147460938,
  "f": 3340000000,
  "g": 6740000000,
  "h": 4440000000,
  "i": 8980000000,
  "j": 3280000000,
  "k": 6680000000,
  "l": 4380000000,
  "m": 8920000000,
  "n": 53100000,
  "o": 53100000,
  "p": 59300000,
  "q": 59300000,
  "r": 1170000000,
  "s": 2370000000,
  "t": 1550000000,
  "u": 3140000000
}
