{
  "b": 143.4544219970703,
  "c": 289.86602783203125,
  "d": 171.98715209960938,
  "e": 347.5058288574219,
  "f": 1516617344,
  "g": 3039375360,
  "h": 1920753536,
  "i": 3851556096,
  "j": 1491926016,
  "k": 3014606592,
  "l": 1891858688,
  "m": 3822564096,
  "n": 24691346,
  "o": 24768968,
  "p": 28894898,
  "q": 28991800,
  "r": 61232232,
  "s": 122243104,
  "t": 83733088,
  "u": 167342272
}
