{
  "b": 143.4544219970703,
  "c": 289.86602783203125,
  "d": 171.98715209960938,
  "e": 347.5058288574219,
  "f": 1520000000,
  "g": 3040000000,
  "h": 1920000000,
  "i": 3850000000,
  "j": 1490000000,
  "k": 3010000000,
  "l": 1890000000,
  "m": 3820000000,
  "n": 24700000,
  "o": 24700000,
  "p": 28900000,
  "q": 28900000,
  "r": 61200000,
  "s": 122000000,
  "t": 83700000,
  "u": 167000000
}
