{
  "b": 40.782676696777344,
  "c": 78.28961181640625,
  "d": 52.68495559692383,
  "e": 101.13671875,
  "f": 431544768,
  "g": 821343104,
  "h": 588170368,
  "i": 1120824192,
  "j": 424139840,
  "k": 814211968,
  "l": 579534528,
  "m": 1112503936,
  "n": 7404916,
  "o": 7131209,
  "p": 8635861,
  "q": 8320161,
  "r": 9225317,
  "s": 17531550,
  "t": 13352291,
  "u": 25415578
}
