{
  "b": 360.96728515625,
  "c": 718.4739990234375,
  "d": 411.2623291015625,
  "e": 818.5438232421875,
  "f": 3820000000,
  "g": 7540000000,
  "h": 4600000000,
  "i": 9070000000,
  "j": 3750000000,
  "k": 7470000000,
  "l": 4520000000,
  "m": 9000000000,
  "n": 64000000,
  "o": 64000000,
  "p": 70800000,
  "q": 70800000,
  "r": 1010000000,
  "s": 1990000000,
  "t": 1260000000,
  "u": 2490000000
}
