{
  "b": 35.78963851928711,
  "c": 70.32460021972656,
  "d": 40.527565002441406,
  "e": 79.6327133178711,
  "f": 378342400,
  "g": 737376640,
  "h": 452769024,
  "i": 882780608,
  "j": 372212224,
  "k": 731375872,
  "l": 445803232,
  "m": 875959808,
  "n": 6130175,
  "o": 6000782,
  "p": 6965798,
  "q": 6820871,
  "r": 11414731,
  "s": 22183894,
  "t": 14620437,
  "u": 28434848
}
