{
  "b": 340.97723388671875,
  "c": 690.3892822265625,
  "d": 434.8293151855469,
  "e": 880.3861694335938,
  "f": 3604545792,
  "g": 7238841856,
  "h": 4848523776,
  "i": 9750119424,
  "j": 3546163200,
  "k": 7180048384,
  "l": 4783122432,
  "m": 9684247552,
  "n": 58382408,
  "o": 58793136,
  "p": 65402012,
  "q": 65871584,
  "r": 1158967680,
  "s": 2328154112,
  "t": 1545456640,
  "u": 3109016320
}
