{
  "b": 360.96728515625,
  "c": 718.4739990234375,
  "d": 411.2623291015625,
  "e": 818.5438232421875,
  "f": 3818366464,
  "g": 7535811072,
  "h": 4595003392,
  "i": 9074418688,
  "j": 3754059776,
  "k": 7472129536,
  "l": 4523885568,
  "m": 9003981824,
  "n": 64306968,
  "o": 63681016,
  "p": 71118272,
  "q": 70437304,
  "r": 1006657152,
  "s": 1985286912,
  "t": 1262334848,
  "u": 2491354368
}
