{
  "b": 35.78963851928711,
  "c": 70.32460021972656,
  "d": 40.527565002441406,
  "e": 79.6327133178711,
  "f": 378000000,
  "g": 737000000,
  "h": 453000000,
  "i": 883000000,
  "j": 372000000,
  "k": 731000000,
  "l": 446000000,
  "m": 876000000,
  "n": 6070000,
  "o": 6070000,
  "p": 6890000,
  "q": 6890000,
  "r": 11400000,
  "s": 22200000,
  "t": 14600000,
  "u": 28400000
}
