{
  "b": 341.1615295410156,
  "c": 678.6441650390625,
  "d": 394.2590026855469,
  "e": 784.2408447265625,
  "f": 3610000000,
  "g": 7110000000,
  "h": 4400000000,
  "i": 8690000000,
  "j": 3550000000,
  "k": 7060000000,
  "l": 4340000000,
  "m": 8630000000,
  "n": 56800000,
  "o": 56800000,
  "p": 58700000,
  "q": 58700000,
  "r": 155000000,
  "s": 305000000,
  "t": 196000000,
  "u": 387000000
}
