{
  "b": 53.980201721191406,
  "c": 107.649169921875,
  "d": 61.90483856201172,
  "e": 123.4495849609375,
  "f": 571000000,
  "g": 1130000000,
  "h": 691000000,
  "i": 1370000000,
  "j": 561000000,
  "k": 1120000000,
  "l": 681000000,
  "m": 1360000000,
  "n": 9290000,
  "o": 9290000,
  "p": 10300000,
  "q": 10300000,
  "r": 20800000,
  "s": 41000000,
  "t": 27100000,
  "u": 53500000
}
