{
  "b": 204.39364624023438,
  "c": 398.26409912109375,
  "d": 305.4396667480469,
  "e": 595.1353759765625,
  "f": 2160000000,
  "g": 4180000000,
  "h": 3400000000,
  "i": 6590000000,
  "j": 2130000000,
  "k": 4140000000,
  "l": 3360000000,
  "m": 6550000000,
  "n": 34400000,
  "o": 34400000,
  "p": 41900000,
  "q": 41900000,
  "r": 91000000,
  "s": 175000000,
  "t": 152000000,
  "u": 293000000
}
