{
  "b": 99.86653137207031,
  "c": 183.9548797607422,
  "d": 121.17814636230469,
  "e": 223.20974731445312,
  "f": 1055667968,
  "g": 1928948608,
  "h": 1352480768,
  "i": 2473417216,
  "j": 1038611904,
  "k": 1913130752,
  "l": 1332959616,
  "m": 2455307264,
  "n": 17056044,
  "o": 15817597,
  "p": 19520982,
  "q": 18109720,
  "r": 26790022,
  "s": 48823464,
  "t": 40101860,
  "u": 73188584
}
