{
  "b": 53.980201721191406,
  "c": 107.649169921875,
  "d": 61.90483856201172,
  "e": 123.4495849609375,
  "f": 570720256,
  "g": 1128804864,
  "h": 691267904,
  "i": 1368182912,
  "j": 561394112,
  "k": 1119551360,
  "l": 680953216,
  "m": 1357945472,
  "n": 9326156,
  "o": 9253510,
  "p": 10314701,
  "q": 10237309,
  "r": 20802502,
  "s": 41029092,
  "t": 27102316,
  "u": 53510844
}
