{
  "b": 52.99276351928711,
  "c": 110.3005142211914,
  "d": 56.58518600463867,
  "e": 117.77205657958984,
  "f": 559953408,
  "g": 1156197760,
  "h": 631857600,
  "i": 1305173888,
  "j": 551124736,
  "k": 1147125376,
  "l": 622437056,
  "m": 1295492608,
  "n": 8828693,
  "o": 9072382,
  "p": 9420513,
  "q": 9681122,
  "r": 3190392,
  "s": 6563165,
  "t": 4122851,
  "u": 8487158
}
