{
  "b": 28.877307891845703,
  "c": 56.271907806396484,
  "d": 34.8807258605957,
  "e": 67.9694595336914,
  "f": 305260352,
  "g": 590020992,
  "h": 389235072,
  "i": 753051712,
  "j": 300324000,
  "k": 585227840,
  "l": 383688000,
  "m": 747664064,
  "n": 4936353,
  "o": 4793111,
  "p": 5547110,
  "q": 5387604,
  "r": 7957395,
  "s": 15357531,
  "t": 10974113,
  "u": 21206222
}
