{
  "b": 204.39364624023438,
  "c": 398.26409912109375,
  "d": 305.4396667480469,
  "e": 595.1353759765625,
  "f": 2160567808,
  "g": 4175817728,
  "h": 3402335232,
  "i": 6587773440,
  "j": 2125693952,
  "k": 4141946624,
  "l": 3359836416,
  "m": 6546488832,
  "n": 34873960,
  "o": 33870620,
  "p": 42498792,
  "q": 41284788,
  "r": 91015288,
  "s": 175303616,
  "t": 151804656,
  "u": 293017760
}
