{
  "b": 28.877307891845703,
  "c": 56.271907806396484,
  "d": 34.8807258605957,
  "e": 67.9694595336914,
  "f": 305000000,
  "g": 590000000,
  "h": 389000000,
  "i": 753000000,
  "j": 300000000,
  "k": 585000000,
  "l": 384000000,
  "m": 748000000,
  "n": 4860000,
  "o": 4860000,
  "p": 5470000,
  "q": 5470000,
  "r": 7960000,
  "s": 15400000,
  "t": 11000000,
  "u": 21200000
}
