{
  "b": 52.99276351928711,
  "c": 110.3005142211914,
  "d": 56.58518600463867,
  "e": 117.77205657958984,
  "f": 560000000,
  "g": 1160000000,
  "h": 632000000,
  "i": 1310000000,
  "j": 551000000,
  "k": 1150000000,
  "l": 622000000,
  "m": 1300000000,
  "n": 8950000,
  "o": 8950000,
  "p": 9550000,
  "q": 9550000,
  "r": 3190000,
  "s": 6560000,
  "t": 4120000,
  "u": 8490000
}
