{
  "b": 99.86653137207031,
  "c": 183.9548797607422,
  "d": 121.17814636230469,
  "e": 223.20974731445312,
  "f": 1060000000,
  "g": 1930000000,
  "h": 1350000000,
  "i": 2470000000,
  "j": 1040000000,
  "k": 1910000000,
  "l": 1330000000,
  "m": 2460000000,
  "n": 16400000,
  "o": 16400000,
  "p": 18800000,
  "q": 18800000,
  "r": 26800000,
  "s": 48800000,
  "t": 40100000,
  "u": 73200000
}
