{
  "b": 29.076766967773438,
  "c": 56.58329391479492,
  "d": 33.3765754699707,
  "e": 64.94841003417969,
  "f": 307000000,
  "g": 593000000,
  "h": 373000000,
  "i": 720000000,
  "j": 302000000,
  "k": 588000000,
  "l": 367000000,
  "m": 714000000,
  "n": 5020000,
  "o": 5020000,
  "p": 5860000,
  "q": 5860000,
  "r": 5910000,
  "s": 11400000,
  "t": 7630000,
  "u": 14700000
}
