{
  "b": 589.1387329101562,
  "c": 1147.19287109375,
  "d": 655.065673828125,
  "e": 1275.556884765625,
  "f": 6230000000,
  "g": 12000000000,
  "h": 7310000000,
  "i": 14100000000,
  "j": 6130000000,
  "k": 11900000000,
  "l": 7210000000,
  "m": 14000000000,
  "n": 99500000,
  "o": 99500000,
  "p": 106000000,
  "q": 106000000,
  "r": 921000000,
  "s": 1770000000,
  "t": 1080000000,
  "u": 2090000000
}

