{
  "b": 32.59147644042969,
  "c": 65.95423126220703,
  "d": 35.41903305053711,
  "e": 71.67316436767578,
  "f": 344000000,
  "g": 691000000,
  "h": 395000000,
  "i": 794000000,
  "j": 339000000,
  "k": 686000000,
  "l": 390000000,
  "m": 788000000,
  "n": 5430000,
  "o": 5430000,
  "p": 5840000,
  "q": 5840000,
  "r": 992000,
  "s": 1990000,
  "t": 1300000,
  "u": 2600000
}
