{
  "b": 29.076766967773438,
  "c": 56.58329391479492,
  "d": 33.3765754699707,
  "e": 64.94841003417969,
  "f": 307494976,
  "g": 593412224,
  "h": 373092768,
  "i": 720209600,
  "j": 302398368,
  "k": 588466240,
  "l": 367142336,
  "m": 714432512,
  "n": 5096596,
  "o": 4946003,
  "p": 5950386,
  "q": 5777037,
  "r": 5907735,
  "s": 11376280,
  "t": 7628719,
  "u": 14701379
}
