{
  "b": 38.95987319946289,
  "c": 80.48596954345703,
  "d": 41.18936538696289,
  "e": 85.08868408203125,
  "f": 412000000,
  "g": 844000000,
  "h": 460000000,
  "i": 943000000,
  "j": 405000000,
  "k": 837000000,
  "l": 453000000,
  "m": 936000000,
  "n": 6510000,
  "o": 6510000,
  "p": 6740000,
  "q": 6740000,
  "r": 5870000,
  "s": 12000000,
  "t": 7420000,
  "u": 15200000
}
