{
  "b": 196.32208251953125,
  "c": 404.8604431152344,
  "d": 204.758544921875,
  "e": 422.2475280761719,
  "f": 2070000000,
  "g": 4240000000,
  "h": 2290000000,
  "i": 4680000000,
  "j": 2040000000,
  "k": 4210000000,
  "l": 2250000000,
  "m": 4640000000,
  "n": 32900000,
  "o": 32900000,
  "p": 35400000,
  "q": 35400000,
  "r": 36100000,
  "s": 73700000,
  "t": 43400000,
  "u": 88500000
}
