{
  "b": 38.95987319946289,
  "c": 80.48596954345703,
  "d": 41.18936538696289,
  "e": 85.08868408203125,
  "f": 411629664,
  "g": 843635840,
  "h": 459757632,
  "i": 942790144,
  "j": 405182688,
  "k": 837054080,
  "l": 453083040,
  "m": 935975552,
  "n": 6447034,
  "o": 6581833,
  "p": 6674603,
  "q": 6814570,
  "r": 5868564,
  "s": 12013551,
  "t": 7417179,
  "u": 15194654
}
