{
  "b": 589.1387329101562,
  "c": 1147.19287109375,
  "d": 655.065673828125,
  "e": 1275.556884765625,
  "f": 6227694592,
  "g": 12029059072,
  "h": 7313362944,
  "i": 14136229888,
  "j": 6127042560,
  "k": 11930805248,
  "l": 7205722112,
  "m": 14031125504,
  "n": 100651872,
  "o": 98254832,
  "p": 107640104,
  "q": 105105744,
  "r": 921021568,
  "s": 1774269696,
  "t": 1081882624,
  "u": 2086093312
}
