{
  "b": 32.59147644042969,
  "c": 65.95423126220703,
  "d": 35.41903305053711,
  "e": 71.67316436767578,
  "f": 344381120,
  "g": 691355648,
  "h": 395452000,
  "i": 794250048,
  "j": 338951360,
  "k": 685923968,
  "l": 389609344,
  "m": 788404800,
  "n": 5429776,
  "o": 5431647,
  "p": 5842711,
  "q": 5845167,
  "r": 991838,
  "s": 1985825,
  "t": 1298323,
  "u": 2601778
}
