{
  "b": 13.12103271484375,
  "c": 25.76807403564453,
  "d": 15.643806457519531,
  "e": 30.721858978271484,
  "f": 139000000,
  "g": 270000000,
  "h": 175000000,
  "i": 340000000,
  "j": 136000000,
  "k": 268000000,
  "l": 172000000,
  "m": 338000000,
  "n": 2230000,
  "o": 2230000,
  "p": 2490000,
  "q": 2490000,
  "r": 2840000,
  "s": 5520000,
  "t": 3820000,
  "u": 7440000
}
