{
  "b": 89.14772033691406,
  "c": 170.0415802001953,
  "d": 102.25889587402344,
  "e": 195.04617309570312,
  "f": 942718272,
  "g": 1783279616,
  "h": 1142825344,
  "i": 2162644992,
  "j": 927136320,
  "k": 1768432512,
  "l": 1124847872,
  "m": 2145507840,
  "n": 15581968,
  "o": 14847125,
  "p": 17977466,
  "q": 17137260,
  "r": 34524248,
  "s": 65289836,
  "t": 42276220,
  "u": 79993024
}
