{
  "b": 27.187744140625,
  "c": 55.4642219543457,
  "d": 30.60012435913086,
  "e": 62.422977447509766,
  "f": 287000000,
  "g": 581000000,
  "h": 341000000,
  "i": 692000000,
  "j": 283000000,
  "k": 577000000,
  "l": 337000000,
  "m": 687000000,
  "n": 4550000,
  "o": 4550000,
  "p": 4920000,
  "q": 4920000,
  "r": 1140000,
  "s": 2300000,
  "t": 1480000,
  "u": 2990000
}
