{
  "b": 53.19477081298828,
  "c": 107.12932586669922,
  "d": 60.68617248535156,
  "e": 122.21240234375,
  "f": 562192128,
  "g": 1123097728,
  "h": 677736704,
  "i": 1354511488,
  "j": 553225600,
  "k": 1114145024,
  "l": 667547904,
  "m": 1344336384,
  "n": 8966562,
  "o": 8952758,
  "p": 10188756,
  "q": 10175028,
  "r": 6229289,
  "s": 12416298,
  "t": 8227674,
  "u": 16410985
}
