{
  "b": 53.19477081298828,
  "c": 107.12932586669922,
  "d": 60.68617248535156,
  "e": 122.21240234375,
  "f": 562000000,
  "g": 1120000000,
  "h": 678000000,
  "i": 1350000000,
  "j": 553000000,
  "k": 1110000000,
  "l": 668000000,
  "m": 1340000000,
  "n": 8960000,
  "o": 8960000,
  "p": 10200000,
  "q": 10200000,
  "r": 6230000,
  "s": 12400000,
  "t": 8230000,
  "u": 16400000
}
