{
  "b": 89.14772033691406,
  "c": 170.0415802001953,
  "d": 102.25889587402344,
  "e": 195.04617309570312,
  "f": 943000000,
  "g": 1780000000,
  "h": 1140000000,
  "i": 2160000000,
  "j": 927000000,
  "k": 1770000000,
  "l": 1120000000,
  "m": 2150000000,
  "n": 15200000,
  "o": 15200000,
  "p": 17600000,
  "q": 17600000,
  "r": 34500000,
  "s": 65300000,
  "t": 42300000,
  "u": 80000000
}
