{
  "b": 27.187744140625,
  "c": 55.4642219543457,
  "d": 30.60012435913086,
  "e": 62.422977447509766,
  "f": 287282336,
  "g": 581394944,
  "h": 341499616,
  "i": 691591424,
  "j": 282752544,
  "k": 576827904,
  "l": 336601376,
  "m": 686652736,
  "n": 4529815,
  "o": 4567047,
  "p": 4898203,
  "q": 4938776,
  "r": 1142597,
  "s": 2301913,
  "t": 1481638,
  "u": 2988502
}
