{
  "b": 109.0323715209961,
  "c": 219.3501739501953,
  "d": 123.3232192993164,
  "e": 248.094482421875,
  "f": 1152515968,
  "g": 2299814656,
  "h": 1376755712,
  "i": 2749236992,
  "j": 1133936640,
  "k": 2281241856,
  "l": 1356555392,
  "m": 2729039360,
  "n": 18579358,
  "o": 18572880,
  "p": 20200386,
  "q": 20197448,
  "r": 47629476,
  "s": 94709880,
  "t": 62183388,
  "u": 123804000
}
