{
  "b": 57.032798767089844,
  "c": 110.27558135986328,
  "d": 70.59835052490234,
  "e": 136.5039825439453,
  "f": 603000000,
  "g": 1160000000,
  "h": 788000000,
  "i": 1510000000,
  "j": 593000000,
  "k": 1150000000,
  "l": 777000000,
  "m": 1500000000,
  "n": 9610000,
  "o": 9610000,
  "p": 10800000,
  "q": 10800000,
  "r": 9810000,
  "s": 18800000,
  "t": 13700000,
  "u": 26300000
}
