{
  "b": 34.4743766784668,
  "c": 69.68724822998047,
  "d": 40.27690887451172,
  "e": 81.41317749023438,
  "f": 364364864,
  "g": 730593472,
  "h": 449758496,
  "i": 902275584,
  "j": 358533504,
  "k": 724747392,
  "l": 443045984,
  "m": 895544960,
  "n": 5831363,
  "o": 5846195,
  "p": 6712522,
  "q": 6730489,
  "r": 7868066,
  "s": 15742304,
  "t": 10677231,
  "u": 21378648
}
