{
  "b": 22.069425582885742,
  "c": 43.62392044067383,
  "d": 26.34151268005371,
  "e": 52.066314697265625,
  "f": 233000000,
  "g": 457000000,
  "h": 294000000,
  "i": 577000000,
  "j": 230000000,
  "k": 454000000,
  "l": 290000000,
  "m": 573000000,
  "n": 3770000,
  "o": 3770000,
  "p": 4200000,
  "q": 4200000,
  "r": 6040000,
  "s": 11800000,
  "t": 8100000,
  "u": 15900000
}
