{
  "b": 57.032798767089844,
  "c": 110.27558135986328,
  "d": 70.59835052490234,
  "e": 136.5039825439453,
  "f": 602895872,
  "g": 1156338432,
  "h": 787547968,
  "i": 1512195328,
  "j": 593141120,
  "k": 1146866048,
  "l": 776581888,
  "m": 1501543808,
  "n": 9754816,
  "o": 9472357,
  "p": 10966127,
  "q": 10651698,
  "r": 9811765,
  "s": 18784518,
  "t": 13700095,
  "u": 26264140
}
