{
  "b": 34.4743766784668,
  "c": 69.68724822998047,
  "d": 40.27690887451172,
  "e": 81.41317749023438,
  "f": 364000000,
  "g": 731000000,
  "h": 450000000,
  "i": 902000000,
  "j": 359000000,
  "k": 725000000,
  "l": 443000000,
  "m": 896000000,
  "n": 5840000,
  "o": 5840000,
  "p": 6720000,
  "q": 6720000,
  "r": 7870000,
  "s": 15700000,
  "t": 10700000,
  "u": 21400000
}
