{
  "b": 22.069425582885742,
  "c": 43.62392044067383,
  "d": 26.34151268005371,
  "e": 52.066314697265625,
  "f": 233322368,
  "g": 457432576,
  "h": 293983200,
  "i": 576895040,
  "j": 229522032,
  "k": 453688768,
  "l": 289756640,
  "m": 572729472,
  "n": 3800311,
  "o": 3743845,
  "p": 4226580,
  "q": 4165575,
  "r": 6043266,
  "s": 11829730,
  "t": 8101793,
  "u": 15879632
}
