{
  "b": 142.33453369140625,
  "c": 285.14385986328125,
  "d": 176.27056884765625,
  "e": 353.1208190917969,
  "f": 1500000000,
  "g": 2990000000,
  "h": 1970000000,
  "i": 3910000000,
  "j": 1480000000,
  "k": 2970000000,
  "l": 1940000000,
  "m": 3880000000,
  "n": 24300000,
  "o": 24300000,
  "p": 27700000,
  "q": 27700000,
  "r": 71400000,
  "s": 141000000,
  "t": 97700000,
  "u": 194000000
}
