{
  "b": 109.0323715209961,
  "c": 219.3501739501953,
  "d": 123.3232192993164,
  "e": 248.094482421875,
  "f": 1150000000,
  "g": 2300000000,
  "h": 1380000000,
  "i": 2750000000,
  "j": 1130000000,
  "k": 2280000000,
  "l": 1360000000,
  "m": 2730000000,
  "n": 18600000,
  "o": 18600000,
  "p": 20200000,
  "q": 20200000,
  "r": 47600000,
  "s": 94700000,
  "t": 62200000,
  "u": 124000000
}
