{
  "b": 41.52765655517578,
  "c": 83.5281753540039,
  "d": 45.757076263427734,
  "e": 92.03292846679688,
  "f": 439000000,
  "g": 876000000,
  "h": 511000000,
  "i": 1020000000,
  "j": 432000000,
  "k": 869000000,
  "l": 503000000,
  "m": 1010000000,
  "n": 7100000,
  "o": 7100000,
  "p": 7760000,
  "q": 7760000,
  "r": 14500000,
  "s": 28900000,
  "t": 18200000,
  "u": 36300000
}
