{
  "b": 134.84507751464844,
  "c": 271.154052734375,
  "d": 149.3690185546875,
  "e": 300.3526611328125,
  "f": 1425042688,
  "g": 2842601216,
  "h": 1668087808,
  "i": 3328851456,
  "j": 1402388736,
  "k": 2820002048,
  "l": 1643059200,
  "m": 3303879424,
  "n": 22653950,
  "o": 22599056,
  "p": 25028444,
  "q": 24971972,
  "r": 32103270,
  "s": 63908888,
  "t": 39629208,
  "u": 78940712
}
