{
  "b": 47.51803207397461,
  "c": 94.99571228027344,
  "d": 54.89957046508789,
  "e": 109.7501220703125,
  "f": 502339136,
  "g": 996051712,
  "h": 612979712,
  "i": 1216275328,
  "j": 494187552,
  "k": 987955392,
  "l": 603895296,
  "m": 1207251328,
  "n": 8151556,
  "o": 8096230,
  "p": 9084500,
  "q": 9024041,
  "r": 20119340,
  "s": 39789268,
  "t": 25975646,
  "u": 51421792
}
