{
  "b": 41.52765655517578,
  "c": 83.5281753540039,
  "d": 45.757076263427734,
  "e": 92.03292846679688,
  "f": 438993440,
  "g": 875791808,
  "h": 511094304,
  "i": 1020121984,
  "j": 431887616,
  "k": 868692992,
  "l": 503327840,
  "m": 1012362240,
  "n": 7105846,
  "o": 7098653,
  "p": 7766472,
  "q": 7759823,
  "r": 14519150,
  "s": 28912122,
  "t": 18217420,
  "u": 36304528
}
