{
  "b": 115.84956359863281,
  "c": 237.04953002929688,
  "d": 114.25829315185547,
  "e": 233.7802734375,
  "f": 1224281856,
  "g": 2485010432,
  "h": 1277606016,
  "i": 2592616192,
  "j": 1204835456,
  "k": 2465315072,
  "l": 1256841216,
  "m": 2571582976,
  "n": 19446282,
  "o": 19695436,
  "p": 20764788,
  "q": 21032856,
  "r": 20297100,
  "s": 41027528,
  "t": 22600022,
  "u": 45685132
}
