{
  "b": 115.84956359863281,
  "c": 237.04953002929688,
  "d": 114.25829315185547,
  "e": 233.7802734375,
  "f": 1220000000,
  "g": 2490000000,
  "h": 1280000000,
  "i": 2590000000,
  "j": 1200000000,
  "k": 2470000000,
  "l": 1260000000,
  "m": 2570000000,
  "n": 19600000,
  "o": 19600000,
  "p": 20900000,
  "q": 20900000,
  "r": 20300000,
  "s": 41000000,
  "t": 22600000,
  "u": 45700000
}
