{
  "b": 134.84507751464844,
  "c": 271.154052734375,
  "d": 149.3690185546875,
  "e": 300.3526611328125,
  "f": 1430000000,
  "g": 2840000000,
  "h": 1670000000,
  "i": 3330000000,
  "j": 1400000000,
  "k": 2820000000,
  "l": 1640000000,
  "m": 3300000000,
  "n": 22600000,
  "o": 22600000,
  "p": 25000000,
  "q": 25000000,
  "r": 32100000,
  "s": 63900000,
  "t": 39600000,
  "u": 78900000
}
