{
  "b": 33.5815315246582,
  "c": 64.23223876953125,
  "d": 38.893123626708984,
  "e": 74.39067077636719,
  "f": 355000000,
  "g": 674000000,
  "h": 434000000,
  "i": 825000000,
  "j": 349000000,
  "k": 668000000,
  "l": 428000000,
  "m": 818000000,
  "n": 5630000,
  "o": 5630000,
  "p": 6470000,
  "q": 6470000,
  "r": 11300000,
  "s": 21500000,
  "t": 14700000,
  "u": 27900000
}
