{
  "b": 33.5815315246582,
  "c": 64.23223876953125,
  "d": 38.893123626708984,
  "e": 74.39067077636719,
  "f": 354999488,
  "g": 673516992,
  "h": 434438272,
  "i": 824626624,
  "j": 349247936,
  "k": 668015296,
  "l": 427824352,
  "m": 818297408,
  "n": 5751518,
  "o": 5501691,
  "p": 6613868,
  "q": 6329191,
  "r": 11340507,
  "s": 21472264,
  "t": 14739798,
  "u": 27929182
}
