{
  "b": 47.51803207397461,
  "c": 94.99571228027344,
  "d": 54.89957046508789,
  "e": 109.7501220703125,
  "f": 502000000,
  "g": 996000000,
  "h": 613000000,
  "i": 1220000000,
  "j": 494000000,
  "k": 988000000,
  "l": 604000000,
  "m": 1210000000,
  "n": 8120000,
  "o": 8120000,
  "p": 9050000,
  "q": 9050000,
  "r": 20100000,
  "s": 39800000,
  "t": 26000000,
  "u": 51400000
}
