{
  "b": 33.298484802246094,
  "c": 66.33240509033203,
  "d": 45.1568717956543,
  "e": 89.95064544677734,
  "f": 352000000,
  "g": 696000000,
  "h": 504000000,
  "i": 997000000,
  "j": 346000000,
  "k": 690000000,
  "l": 497000000,
  "m": 989000000,
  "n": 5860000,
  "o": 5860000,
  "p": 7350000,
  "q": 7350000,
  "r": 15800000,
  "s": 31100000,
  "t": 24500000,
  "u": 48300000
}
