{
  "b": 33.298484802246094,
  "c": 66.33240509033203,
  "d": 45.1568717956543,
  "e": 89.95064544677734,
  "f": 352184384,
  "g": 695690176,
  "h": 504108256,
  "i": 996783680,
  "j": 346304224,
  "k": 689857024,
  "l": 496725600,
  "m": 989457088,
  "n": 5880162,
  "o": 5833211,
  "p": 7382698,
  "q": 7326595,
  "r": 15831076,
  "s": 31133120,
  "t": 24512380,
  "u": 48279736
}
