{
  "b": 165.4606475830078,
  "c": 341.53448486328125,
  "d": 183.0039520263672,
  "e": 377.73602294921875,
  "f": 1750000000,
  "g": 3580000000,
  "h": 2040000000,
  "i": 4190000000,
  "j": 1720000000,
  "k": 3550000000,
  "l": 2010000000,
  "m": 4160000000,
  "n": 27700000,
  "o": 27700000,
  "p": 29800000,
  "q": 29800000,
  "r": 37200000,
  "s": 75900000,
  "t": 47400000,
  "u": 96900000
}
