{
  "b": 412.4415283203125,
  "c": 834.7423706054688,
  "d": 486.52789306640625,
  "e": 984.643798828125,
  "f": 4360000000,
  "g": 8750000000,
  "h": 5430000000,
  "i": 10900000000,
  "j": 4290000000,
  "k": 8680000000,
  "l": 5350000000,
  "m": 10800000000,
  "n": 69700000,
  "o": 69700000,
  "p": 75700000,
  "q": 75700000,
  "r": 340000000,
  "s": 679000000,
  "t": 447000000,
  "u": 894000000
}
