{
  "b": 227.77099609375,
  "c": 468.9386291503906,
  "d": 272.08319091796875,
  "e": 560.1465454101562,
  "f": 2407278848,
  "g": 4916221952,
  "h": 3033939456,
  "i": 6203492352,
  "j": 2368818432,
  "k": 4876961792,
  "l": 2992914944,
  "m": 6161612288,
  "n": 38460616,
  "o": 39259932,
  "p": 41024248,
  "q": 41879828,
  "r": 347934016,
  "s": 709727040,
  "t": 447495424,
  "u": 913977152
}
