{
  "b": 412.4415283203125,
  "c": 834.7423706054688,
  "d": 486.52789306640625,
  "e": 984.643798828125,
  "f": 4358921728,
  "g": 8751224832,
  "h": 5427310080,
  "i": 10907006976,
  "j": 4289391872,
  "k": 8681320448,
  "l": 5351806976,
  "m": 10831081472,
  "n": 69529320,
  "o": 69904552,
  "p": 75502800,
  "q": 75924776,
  "r": 339667072,
  "s": 679183168,
  "t": 446538816,
  "u": 893973056
}
