{
  "b": 951.35546875,
  "c": 1833.1737060546875,
  "d": 1125.273193359375,
  "e": 2168.247314453125,
  "f": 10055704576,
  "g": 19220994048,
  "h": 12554920960,
  "i": 24021522432,
  "j": 9894096896,
  "k": 19065006080,
  "l": 12378005504,
  "m": 23850721280,
  "n": 161607600,
  "o": 155988416,
  "p": 176914064,
  "q": 170803904,
  "r": 1236636672,
  "s": 2359710976,
  "t": 1582950272,
  "u": 3024151808
}
