{
  "b": 165.4606475830078,
  "c": 341.53448486328125,
  "d": 183.0039520263672,
  "e": 377.73602294921875,
  "f": 1748180864,
  "g": 3579968256,
  "h": 2042534016,
  "i": 4185255168,
  "j": 1720790784,
  "k": 3551958528,
  "l": 2013043456,
  "m": 4155096320,
  "n": 27390182,
  "o": 28008996,
  "p": 29490534,
  "q": 30159674,
  "r": 37204368,
  "s": 75925912,
  "t": 47447472,
  "u": 96921112
}
