{
  "b": 951.35546875,
  "c": 1833.1737060546875,
  "d": 1125.273193359375,
  "e": 2168.247314453125,
  "f": 10100000000,
  "g": 19200000000,
  "h": 12600000000,
  "i": 24000000000,
  "j": 9890000000,
  "k": 19100000000,
  "l": 12400000000,
  "m": 23900000000,
  "n": 159000000,
  "o": 159000000,
  "p": 174000000,
  "q": 174000000,
  "r": 1240000000,
  "s": 2360000000,
  "t": 1580000000,
  "u": 3020000000
}
