{
  "b": 20.92298698425293,
  "c": 39.578529357910156,
  "d": 24.48529815673828,
  "e": 46.316505432128906,
  "f": 221000000,
  "g": 415000000,
  "h": 273000000,
  "i": 513000000,
  "j": 218000000,
  "k": 412000000,
  "l": 269000000,
  "m": 509000000,
  "n": 3490000,
  "o": 3490000,
  "p": 3830000,
  "q": 3830000,
  "r": 5650000,
  "s": 10600000,
  "t": 7410000,
  "u": 13900000
}
