{
  "b": 100.46114349365234,
  "c": 195.4295196533203,
  "d": 113.47183990478516,
  "e": 220.73275756835938,
  "f": 1061830400,
  "g": 2048955904,
  "h": 1267056128,
  "i": 2446325760,
  "j": 1044795904,
  "k": 2032467072,
  "l": 1248190208,
  "m": 2428060416,
  "n": 17034558,
  "o": 16488534,
  "p": 18865714,
  "q": 18265420,
  "r": 75071304,
  "s": 144734144,
  "t": 94338192,
  "u": 182018144
}
