{
  "b": 131.51992797851562,
  "c": 270.20428466796875,
  "d": 140.3111114501953,
  "e": 288.250732421875,
  "f": 1389733632,
  "g": 2832376320,
  "h": 1566266112,
  "i": 3193941760,
  "j": 1367807232,
  "k": 2810124544,
  "l": 1543422208,
  "m": 3170758144,
  "n": 21926386,
  "o": 22251816,
  "p": 22844094,
  "q": 23184086,
  "r": 447156448,
  "s": 911578816,
  "t": 497133440,
  "u": 1014179264
}
