{
  "b": 16.238149642944336,
  "c": 33.63899230957031,
  "d": 19.38782501220703,
  "e": 40.16197967529297,
  "f": 172000000,
  "g": 353000000,
  "h": 216000000,
  "i": 445000000,
  "j": 169000000,
  "k": 350000000,
  "l": 213000000,
  "m": 442000000,
  "n": 2770000,
  "o": 2770000,
  "p": 3100000,
  "q": 3100000,
  "r": 898000,
  "s": 1840000,
  "t": 1260000,
  "u": 2580000
}
