{
  "b": 131.51992797851562,
  "c": 270.20428466796875,
  "d": 140.3111114501953,
  "e": 288.250732421875,
  "f": 1390000000,
  "g": 2830000000,
  "h": 1570000000,
  "i": 3190000000,
  "j": 1370000000,
  "k": 2810000000,
  "l": 1540000000,
  "m": 3170000000,
  "n": 22100000,
  "o": 22100000,
  "p": 23000000,
  "q": 23000000,
  "r": 447000000,
  "s": 912000000,
  "t": 497000000,
  "u": 1010000000
}
