{
  "b": 186.08966064453125,
  "c": 377.4648742675781,
  "d": 259.2470703125,
  "e": 525.8279418945312,
  "f": 1970000000,
  "g": 3960000000,
  "h": 2900000000,
  "i": 5830000000,
  "j": 1940000000,
  "k": 3930000000,
  "l": 2850000000,
  "m": 5780000000,
  "n": 33200000,
  "o": 33200000,
  "p": 43700000,
  "q": 43700000,
  "r": 125000000,
  "s": 250000000,
  "t": 202000000,
  "u": 406000000
}
