{
  "b": 20.92298698425293,
  "c": 39.578529357910156,
  "d": 24.48529815673828,
  "e": 46.316505432128906,
  "f": 221185776,
  "g": 415004832,
  "h": 273280960,
  "i": 513207104,
  "j": 217599072,
  "k": 411616704,
  "l": 269338272,
  "m": 509481568,
  "n": 3586688,
  "o": 3388081,
  "p": 3942675,
  "q": 3725497,
  "r": 5647733,
  "s": 10586400,
  "t": 7413169,
  "u": 13910970
}
