{
  "b": 186.08966064453125,
  "c": 377.4648742675781,
  "d": 259.2470703125,
  "e": 525.8279418945312,
  "f": 1968330880,
  "g": 3959002112,
  "h": 2895124480,
  "i": 5828007424,
  "j": 1935332480,
  "k": 3925634560,
  "l": 2851717888,
  "m": 5784107520,
  "n": 32998406,
  "o": 33367976,
  "p": 43406084,
  "q": 43899832,
  "r": 124861488,
  "s": 250166112,
  "t": 202359952,
  "u": 405859680
}
