{
  "b": 100.46114349365234,
  "c": 195.4295196533203,
  "d": 113.47183990478516,
  "e": 220.73275756835938,
  "f": 1060000000,
  "g": 2050000000,
  "h": 1270000000,
  "i": 2450000000,
  "j": 1040000000,
  "k": 2030000000,
  "l": 1250000000,
  "m": 2430000000,
  "n": 16800000,
  "o": 16800000,
  "p": 18600000,
  "q": 18600000,
  "r": 75100000,
  "s": 145000000,
  "t": 94300000,
  "u": 182000000
}
