{
  "b": 28.049863815307617,
  "c": 56.47842025756836,
  "d": 32.326602935791016,
  "e": 65.08824920654297,
  "f": 297000000,
  "g": 592000000,
  "h": 361000000,
  "i": 721000000,
  "j": 292000000,
  "k": 587000000,
  "l": 356000000,
  "m": 716000000,
  "n": 4820000,
  "o": 4820000,
  "p": 5360000,
  "q": 5360000,
  "r": 6700000,
  "s": 13300000,
  "t": 8570000,
  "u": 17100000
}
