{
  "b": 94.01239013671875,
  "c": 188.79705810546875,
  "d": 115.39234924316406,
  "e": 231.72235107421875,
  "f": 993943168,
  "g": 1979653120,
  "h": 1288202368,
  "i": 2567776256,
  "j": 977728896,
  "k": 1963489408,
  "l": 1269315840,
  "m": 2548945920,
  "n": 16214302,
  "o": 16163796,
  "p": 18886492,
  "q": 18830286,
  "r": 26654800,
  "s": 52913540,
  "t": 35922228,
  "u": 71398648
}
