{
  "b": 17.99732208251953,
  "c": 35.273616790771484,
  "d": 20.9127197265625,
  "e": 40.98664474487305,
  "f": 190000000,
  "g": 370000000,
  "h": 233000000,
  "i": 454000000,
  "j": 187000000,
  "k": 367000000,
  "l": 230000000,
  "m": 451000000,
  "n": 3060000,
  "o": 3060000,
  "p": 3400000,
  "q": 3400000,
  "r": 4460000,
  "s": 8650000,
  "t": 5940000,
  "u": 11500000
}
