{
  "b": 28.049863815307617,
  "c": 56.47842025756836,
  "d": 32.326602935791016,
  "e": 65.08824920654297,
  "f": 296536800,
  "g": 592193984,
  "h": 360955296,
  "i": 721334528,
  "j": 291718592,
  "k": 587375552,
  "l": 355592640,
  "m": 715970752,
  "n": 4818178,
  "o": 4818451,
  "p": 5362634,
  "q": 5363780,
  "r": 6697450,
  "s": 13336198,
  "t": 8574912,
  "u": 17092798
}
