{
  "b": 17.99732208251953,
  "c": 35.273616790771484,
  "d": 20.9127197265625,
  "e": 40.98664474487305,
  "f": 190268560,
  "g": 369867104,
  "h": 233483952,
  "i": 454214656,
  "j": 187172144,
  "k": 366845632,
  "l": 230039920,
  "m": 450853088,
  "n": 3096395,
  "o": 3021464,
  "p": 3444025,
  "q": 3361548,
  "r": 4459252,
  "s": 8648490,
  "t": 5938512,
  "u": 11529642
}
