{
  "b": 94.01239013671875,
  "c": 188.79705810546875,
  "d": 115.39234924316406,
  "e": 231.72235107421875,
  "f": 994000000,
  "g": 1980000000,
  "h": 1290000000,
  "i": 2570000000,
  "j": 978000000,
  "k": 1960000000,
  "l": 1270000000,
  "m": 2550000000,
  "n": 16200000,
  "o": 16200000,
  "p": 18900000,
  "q": 18900000,
  "r": 26700000,
  "s": 52900000,
  "t": 35900000,
  "u": 71400000
}
