{
  "b": 0.9075932502746582,
  "c": 1.9121984243392944,
  "d": 0.9644423723220825,
  "e": 2.031724214553833,
  "f": 9606316,
  "g": 20060056,
  "h": 10794904,
  "i": 22541526,
  "j": 9438970,
  "k": 19886864,
  "l": 10608866,
  "m": 22348966,
  "n": 167346,
  "o": 173190,
  "p": 186037,
  "q": 192561,
  "r": 100833,
  "s": 210792,
  "t": 121319,
  "u": 253702
}
