{
  "b": 3.5378527641296387,
  "c": 7.4608917236328125,
  "d": 4.0069580078125,
  "e": 8.449159622192383,
  "f": 37430088,
  "g": 78253536,
  "h": 44829088,
  "i": 93721712,
  "j": 36793668,
  "k": 77593272,
  "l": 44076536,
  "m": 92940760,
  "n": 636417,
  "o": 660266,
  "p": 752546,
  "q": 780947,
  "r": 256276,
  "s": 533551,
  "t": 324205,
  "u": 675314
}
