{
  "b": 6.168389797210693,
  "c": 12.813551902770996,
  "d": 7.370344638824463,
  "e": 15.309428215026855,
  "f": 65251168,
  "g": 134385664,
  "h": 82398104,
  "i": 169758000,
  "j": 64151256,
  "k": 133260936,
  "l": 81073792,
  "m": 168403712,
  "n": 1099909,
  "o": 1124733,
  "p": 1324305,
  "q": 1354286,
  "r": 498896,
  "s": 1024155,
  "t": 628442,
  "u": 1291044
}
