{
  "b": 0.9075932502746582,
  "c": 1.9121984243392944,
  "d": 0.9644423723220825,
  "e": 2.031724214553833,
  "f": 9610000,
  "g": 20100000,
  "h": 10800000,
  "i": 22500000,
  "j": 9440000,
  "k": 19900000,
  "l": 10600000,
  "m": 22300000,
  "n": 170000,
  "o": 170000,
  "p": 189000,
  "q": 189000,
  "r": 101000,
  "s": 211000,
  "t": 121000,
  "u": 254000
}
