{
  "b": 6.168389797210693,
  "c": 12.813551902770996,
  "d": 7.370344638824463,
  "e": 15.309428215026855,
  "f": 65300000,
  "g": 134000000,
  "h": 82400000,
  "i": 170000000,
  "j": 64200000,
  "k": 133000000,
  "l": 81100000,
  "m": 168000000,
  "n": 1110000,
  "o": 1110000,
  "p": 1340000,
  "q": 1340000,
  "r": 499000,
  "s": 1020000,
  "t": 628000,
  "u": 1290000
}
