{
  "b": 2.785038471221924,
  "c": 5.980197906494141,
  "d": 3.1271884441375732,
  "e": 6.71381950378418,
  "f": 29483932,
  "g": 62739604,
  "h": 35036896,
  "i": 74521816,
  "j": 28964400,
  "k": 62194056,
  "l": 34399072,
  "m": 73852016,
  "n": 519531,
  "o": 545546,
  "p": 637822,
  "q": 669807,
  "r": 731179,
  "s": 1550944,
  "t": 925453,
  "u": 1963012
}
