{
  "b": 0.8129982948303223,
  "c": 1.7495959997177124,
  "d": 0.894806981086731,
  "e": 1.9255905151367188,
  "f": 8600000,
  "g": 18300000,
  "h": 10000000,
  "i": 21400000,
  "j": 8460000,
  "k": 18200000,
  "l": 9840000,
  "m": 21200000,
  "n": 149000,
  "o": 149000,
  "p": 170000,
  "q": 170000,
  "r": 70500,
  "s": 150000,
  "t": 84600,
  "u": 180000
}
