{
  "b": 3.5378527641296387,
  "c": 7.4608917236328125,
  "d": 4.0069580078125,
  "e": 8.449159622192383,
  "f": 37400000,
  "g": 78300000,
  "h": 44800000,
  "i": 93700000,
  "j": 36800000,
  "k": 77600000,
  "l": 44100000,
  "m": 92900000,
  "n": 648000,
  "o": 648000,
  "p": 767000,
  "q": 767000,
  "r": 256000,
  "s": 534000,
  "t": 324000,
  "u": 675000
}
