{
  "b": 0.8129982948303223,
  "c": 1.7495959997177124,
  "d": 0.894806981086731,
  "e": 1.9255905151367188,
  "f": 8600344,
  "g": 18348480,
  "h": 10008934,
  "i": 21356148,
  "j": 8455182,
  "k": 18195798,
  "l": 9842877,
  "m": 21181496,
  "n": 145163,
  "o": 152683,
  "p": 166056,
  "q": 174652,
  "r": 70546,
  "s": 150320,
  "t": 84643,
  "u": 180416
}
