{
  "b": 4.40655517578125,
  "c": 9.257841110229492,
  "d": 4.471941947937012,
  "e": 9.39400577545166,
  "f": 46700000,
  "g": 97100000,
  "h": 50100000,
  "i": 104000000,
  "j": 45800000,
  "k": 96300000,
  "l": 49200000,
  "m": 103000000,
  "n": 842000,
  "o": 842000,
  "p": 948000,
  "q": 948000,
  "r": 1210000,
  "s": 2500000,
  "t": 1330000,
  "u": 2760000
}
