{
  "b": 3.4359188079833984,
  "c": 7.242881774902344,
  "d": 3.3441781997680664,
  "e": 7.049238681793213,
  "f": 36339032,
  "g": 75952280,
  "h": 37503088,
  "i": 78283472,
  "j": 35733556,
  "k": 75325968,
  "l": 36785960,
  "m": 77541624,
  "n": 605482,
  "o": 626312,
  "p": 717122,
  "q": 741845,
  "r": 681725,
  "s": 1423436,
  "t": 726616,
  "u": 1515624
}
