{
  "b": 17.742963790893555,
  "c": 37.12583541870117,
  "d": 20.580345153808594,
  "e": 43.0609245300293,
  "f": 188000000,
  "g": 389000000,
  "h": 230000000,
  "i": 478000000,
  "j": 185000000,
  "k": 386000000,
  "l": 226000000,
  "m": 474000000,
  "n": 3220000,
  "o": 3220000,
  "p": 4060000,
  "q": 4060000,
  "r": 3960000,
  "s": 8200000,
  "t": 4940000,
  "u": 10200000
}
