{
  "b": 19.957521438598633,
  "c": 41.53456497192383,
  "d": 22.11508560180664,
  "e": 46.0224723815918,
  "f": 211065968,
  "g": 435543296,
  "h": 247475264,
  "i": 510548032,
  "j": 207558224,
  "k": 431959488,
  "l": 243265952,
  "m": 506247200,
  "n": 3507737,
  "o": 3583827,
  "p": 4209323,
  "q": 4300802,
  "r": 10853126,
  "s": 22363812,
  "t": 13914219,
  "u": 28669660
}
