{
  "b": 15.119389533996582,
  "c": 31.212196350097656,
  "d": 21.11819839477539,
  "e": 43.588340759277344,
  "f": 160127664,
  "g": 327530336,
  "h": 236133840,
  "i": 483355712,
  "j": 157241648,
  "k": 324606848,
  "l": 232300176,
  "m": 479471744,
  "n": 2886016,
  "o": 2923491,
  "p": 3833667,
  "q": 3883933,
  "r": 9212805,
  "s": 18756528,
  "t": 14867044,
  "u": 30302000
}
