{
  "b": 19.957521438598633,
  "c": 41.53456497192383,
  "d": 22.11508560180664,
  "e": 46.0224723815918,
  "f": 211000000,
  "g": 436000000,
  "h": 247000000,
  "i": 511000000,
  "j": 208000000,
  "k": 432000000,
  "l": 243000000,
  "m": 506000000,
  "n": 3550000,
  "o": 3550000,
  "p": 4260000,
  "q": 4260000,
  "r": 10900000,
  "s": 22400000,
  "t": 13900000,
  "u": 28700000
}
