{
  "b": 3.4359188079833984,
  "c": 7.242881774902344,
  "d": 3.3441781997680664,
  "e": 7.049238681793213,
  "f": 36300000,
  "g": 76000000,
  "h": 37500000,
  "i": 78300000,
  "j": 35700000,
  "k": 75300000,
  "l": 36800000,
  "m": 77500000,
  "n": 616000,
  "o": 616000,
  "p": 729000,
  "q": 729000,
  "r": 682000,
  "s": 1420000,
  "t": 727000,
  "u": 1520000
}
