{
  "b": 15.119389533996582,
  "c": 31.212196350097656,
  "d": 21.11819839477539,
  "e": 43.588340759277344,
  "f": 160000000,
  "g": 328000000,
  "h": 236000000,
  "i": 483000000,
  "j": 157000000,
  "k": 325000000,
  "l": 232000000,
  "m": 479000000,
  "n": 2900000,
  "o": 2900000,
  "p": 3860000,
  "q": 3860000,
  "r": 9210000,
  "s": 18800000,
  "t": 14900000,
  "u": 30300000
}
