{
  "b": 17.742963790893555,
  "c": 37.12583541870117,
  "d": 20.580345153808594,
  "e": 43.0609245300293,
  "f": 187704208,
  "g": 389373952,
  "h": 230383552,
  "i": 477780832,
  "j": 184526832,
  "k": 386108672,
  "l": 226383792,
  "m": 473670176,
  "n": 3177383,
  "o": 3265271,
  "p": 3999752,
  "q": 4110674,
  "r": 3959382,
  "s": 8195445,
  "t": 4944991,
  "u": 10235680
}
