{
  "b": 4.40655517578125,
  "c": 9.257841110229492,
  "d": 4.471941947937012,
  "e": 9.39400577545166,
  "f": 46656784,
  "g": 97136160,
  "h": 50124572,
  "i": 104296784,
  "j": 45828176,
  "k": 96281544,
  "l": 49191360,
  "m": 103334064,
  "n": 828609,
  "o": 854618,
  "p": 933212,
  "q": 962716,
  "r": 1207380,
  "s": 2499446,
  "t": 1332085,
  "u": 2758098
}
