{
  "b": 37.561336517333984,
  "c": 76.92674255371094,
  "d": 52.229766845703125,
  "e": 106.95288848876953,
  "f": 398000000,
  "g": 807000000,
  "h": 584000000,
  "i": 1190000000,
  "j": 391000000,
  "k": 800000000,
  "l": 575000000,
  "m": 1180000000,
  "n": 7200000,
  "o": 7200000,
  "p": 9200000,
  "q": 9200000,
  "r": 40300000,
  "s": 81400000,
  "t": 62400000,
  "u": 126000000
}
