{
  "b": 19.45218849182129,
  "c": 40.903377532958984,
  "d": 22.738454818725586,
  "e": 47.812435150146484,
  "f": 205659472,
  "g": 428868256,
  "h": 254462928,
  "i": 530427296,
  "j": 202302768,
  "k": 425395136,
  "l": 250123008,
  "m": 525936768,
  "n": 3356707,
  "o": 3473176,
  "p": 4339916,
  "q": 4490553,
  "r": 2584776,
  "s": 5379791,
  "t": 3291331,
  "u": 6849113
}
