{
  "b": 0.19261837005615234,
  "c": 0.4154961407184601,
  "d": 0.20070327818393707,
  "e": 0.43288108706474304,
  "f": 2040124,
  "g": 4360008,
  "h": 2249110,
  "i": 4805257,
  "j": 2003231,
  "k": 4321160,
  "l": 2207736,
  "m": 4761692,
  "n": 36893,
  "o": 38848,
  "p": 41374,
  "q": 43565,
  "r": 15218,
  "s": 32556,
  "t": 17467,
  "u": 37374
}
