{
  "b": 37.561336517333984,
  "c": 76.92674255371094,
  "d": 52.229766845703125,
  "e": 106.95288848876953,
  "f": 397818496,
  "g": 807260928,
  "h": 583704448,
  "i": 1185713920,
  "j": 390637888,
  "k": 800038144,
  "l": 574527424,
  "m": 1176481792,
  "n": 7180666,
  "o": 7222739,
  "p": 9177040,
  "q": 9232097,
  "r": 40283920,
  "s": 81386400,
  "t": 62358512,
  "u": 126205568
}
