{
  "b": 5.3221282958984375,
  "c": 11.185871124267578,
  "d": 5.320349216461182,
  "e": 11.180668830871582,
  "f": 56300000,
  "g": 117000000,
  "h": 59600000,
  "i": 124000000,
  "j": 55400000,
  "k": 116000000,
  "l": 58500000,
  "m": 123000000,
  "n": 961000,
  "o": 961000,
  "p": 1080000,
  "q": 1080000,
  "r": 2140000,
  "s": 4470000,
  "t": 2140000,
  "u": 4470000
}
