{
  "b": 2.482206106185913,
  "c": 5.188202381134033,
  "d": 2.6231000423431396,
  "e": 5.4825358390808105,
  "f": 26200000,
  "g": 54400000,
  "h": 29300000,
  "i": 60800000,
  "j": 25800000,
  "k": 54000000,
  "l": 28900000,
  "m": 60300000,
  "n": 437000,
  "o": 437000,
  "p": 501000,
  "q": 501000,
  "r": 326000,
  "s": 675000,
  "t": 374000,
  "u": 775000
}
