{
  "b": 0.19261837005615234,
  "c": 0.4154961407184601,
  "d": 0.20070327818393707,
  "e": 0.43288108706474304,
  "f": 2040000,
  "g": 4360000,
  "h": 2250000,
  "i": 4810000,
  "j": 2000000,
  "k": 4320000,
  "l": 2210000,
  "m": 4760000,
  "n": 37900,
  "o": 37900,
  "p": 42500,
  "q": 42500,
  "r": 15200,
  "s": 32600,
  "t": 17500,
  "u": 37400
}
