{
  "b": 2.482206106185913,
  "c": 5.188202381134033,
  "d": 2.6231000423431396,
  "e": 5.4825358390808105,
  "f": 26246398,
  "g": 54400604,
  "h": 29348722,
  "i": 60816160,
  "j": 25814944,
  "k": 53957304,
  "l": 28854100,
  "m": 60307896,
  "n": 431455,
  "o": 443309,
  "p": 494623,
  "q": 508262,
  "r": 325936,
  "s": 675191,
  "t": 374082,
  "u": 774954
}
