{
  "b": 5.3221282958984375,
  "c": 11.185871124267578,
  "d": 5.320349216461182,
  "e": 11.180668830871582,
  "f": 56294808,
  "g": 117310872,
  "h": 59583108,
  "i": 124084096,
  "j": 55350132,
  "k": 116333056,
  "l": 58523844,
  "m": 122987360,
  "n": 944676,
  "o": 977812,
  "p": 1059264,
  "q": 1096747,
  "r": 2141965,
  "s": 4468026,
  "t": 2144035,
  "u": 4470505
}
