{
  "b": 19.45218849182129,
  "c": 40.903377532958984,
  "d": 22.738454818725586,
  "e": 47.812435150146484,
  "f": 206000000,
  "g": 429000000,
  "h": 254000000,
  "i": 530000000,
  "j": 202000000,
  "k": 425000000,
  "l": 250000000,
  "m": 526000000,
  "n": 3410000,
  "o": 3410000,
  "p": 4420000,
  "q": 4420000,
  "r": 2580000,
  "s": 5380000,
  "t": 3290000,
  "u": 6850000
}
