{
  "b": 25.945064544677734,
  "c": 54.797306060791016,
  "d": 29.484661102294922,
  "e": 62.27084732055664,
  "f": 274000000,
  "g": 575000000,
  "h": 330000000,
  "i": 691000000,
  "j": 270000000,
  "k": 570000000,
  "l": 324000000,
  "m": 685000000,
  "n": 4670000,
  "o": 4670000,
  "p": 5500000,
  "q": 5500000,
  "r": 16500000,
  "s": 34500000,
  "t": 19500000,
  "u": 40800000
}
