{
  "b": 40.577816009521484,
  "c": 82.33197021484375,
  "d": 46.81978225708008,
  "e": 94.99502563476562,
  "f": 429025088,
  "g": 863272960,
  "h": 523371712,
  "i": 1053305600,
  "j": 422009280,
  "k": 856252480,
  "l": 515017600,
  "m": 1044945280,
  "n": 7015834,
  "o": 7020466,
  "p": 8354115,
  "q": 8360332,
  "r": 13807706,
  "s": 27754182,
  "t": 16472268,
  "u": 33123496
}
