{
  "b": 40.577816009521484,
  "c": 82.33197021484375,
  "d": 46.81978225708008,
  "e": 94.99502563476562,
  "f": 429000000,
  "g": 863000000,
  "h": 523000000,
  "i": 1050000000,
  "j": 422000000,
  "k": 856000000,
  "l": 515000000,
  "m": 1040000000,
  "n": 7020000,
  "o": 7020000,
  "p": 8360000,
  "q": 8360000,
  "r": 13800000,
  "s": 27800000,
  "t": 16500000,
  "u": 33100000
}
