{
  "b": 8.04212760925293,
  "c": 17.012229919433594,
  "d": 8.666351318359375,
  "e": 18.332265853881836,
  "f": 85028688,
  "g": 178375296,
  "h": 96924688,
  "i": 203315760,
  "j": 83638128,
  "k": 176927184,
  "l": 95329864,
  "m": 201654928,
  "n": 1390547,
  "o": 1448109,
  "p": 1594822,
  "q": 1660840,
  "r": 1383456,
  "s": 2901879,
  "t": 1598282,
  "u": 3353215
}
