{
  "b": 25.945064544677734,
  "c": 54.797306060791016,
  "d": 29.484661102294922,
  "e": 62.27084732055664,
  "f": 274426112,
  "g": 574643904,
  "h": 329744800,
  "i": 690575488,
  "j": 269828672,
  "k": 569891968,
  "l": 324331264,
  "m": 684979328,
  "n": 4597457,
  "o": 4751991,
  "p": 5413543,
  "q": 5596135,
  "r": 16510012,
  "s": 34514908,
  "t": 19531880,
  "u": 40849372
}
