{
  "b": 2.0535154342651367,
  "c": 4.327126979827881,
  "d": 2.1830079555511475,
  "e": 4.599844455718994,
  "f": 21719598,
  "g": 45377048,
  "h": 24418340,
  "i": 51016876,
  "j": 21356560,
  "k": 45002120,
  "l": 24013088,
  "m": 50598288,
  "n": 363038,
  "o": 374930,
  "p": 405251,
  "q": 418590,
  "r": 356143,
  "s": 743349,
  "t": 388802,
  "u": 811789
}
