{
  "b": 2.0535154342651367,
  "c": 4.327126979827881,
  "d": 2.1830079555511475,
  "e": 4.599844455718994,
  "f": 21700000,
  "g": 45400000,
  "h": 24400000,
  "i": 51000000,
  "j": 21400000,
  "k": 45000000,
  "l": 24000000,
  "m": 50600000,
  "n": 369000,
  "o": 369000,
  "p": 412000,
  "q": 412000,
  "r": 356000,
  "s": 743000,
  "t": 389000,
  "u": 812000
}
