{
  "b": 8.04212760925293,
  "c": 17.012229919433594,
  "d": 8.666351318359375,
  "e": 18.332265853881836,
  "f": 85000000,
  "g": 178000000,
  "h": 96900000,
  "i": 203000000,
  "j": 83600000,
  "k": 177000000,
  "l": 95300000,
  "m": 202000000,
  "n": 1420000,
  "o": 1420000,
  "p": 1630000,
  "q": 1630000,
  "r": 1380000,
  "s": 2900000,
  "t": 1600000,
  "u": 3350000
}
