{
  "b": 3.752058744430542,
  "c": 7.939090728759766,
  "d": 4.036208152770996,
  "e": 8.539043426513672,
  "f": 39721772,
  "g": 83292176,
  "h": 45250060,
  "i": 94812080,
  "j": 39021412,
  "k": 82566544,
  "l": 44398288,
  "m": 93929480,
  "n": 700360,
  "o": 725646,
  "p": 851767,
  "q": 882602,
  "r": 1380796,
  "s": 2883889,
  "t": 1656685,
  "u": 3459145
}
