{
  "b": 0.7269687652587891,
  "c": 1.5520094633102417,
  "d": 0.7162560224533081,
  "e": 1.5289154052734375,
  "f": 7700000,
  "g": 16300000,
  "h": 8030000,
  "i": 17000000,
  "j": 7560000,
  "k": 16100000,
  "l": 7880000,
  "m": 16800000,
  "n": 139000,
  "o": 139000,
  "p": 158000,
  "q": 158000,
  "r": 98100,
  "s": 207000,
  "t": 108000,
  "u": 228000
}
