{
  "b": 10.33510684967041,
  "c": 21.502300262451172,
  "d": 11.180889129638672,
  "e": 23.259206771850586,
  "f": 109000000,
  "g": 226000000,
  "h": 125000000,
  "i": 258000000,
  "j": 107000000,
  "k": 224000000,
  "l": 123000000,
  "m": 256000000,
  "n": 1910000,
  "o": 1910000,
  "p": 2250000,
  "q": 2250000,
  "r": 11100000,
  "s": 23000000,
  "t": 13500000,
  "u": 27900000
}
