{
  "b": 6.371284484863281,
  "c": 13.347495079040527,
  "d": 6.63344669342041,
  "e": 13.894803047180176,
  "f": 67428528,
  "g": 140015296,
  "h": 74312624,
  "i": 154227088,
  "j": 66261360,
  "k": 138813952,
  "l": 72967912,
  "m": 152842832,
  "n": 1167168,
  "o": 1201333,
  "p": 1344721,
  "q": 1384259,
  "r": 4867910,
  "s": 10103445,
  "t": 5972243,
  "u": 12393826
}
