{
  "b": 12.336530685424805,
  "c": 26.005529403686523,
  "d": 14.109810829162598,
  "e": 29.74100685119629,
  "f": 130522832,
  "g": 272765248,
  "h": 157959536,
  "i": 330007936,
  "j": 128299920,
  "k": 270457504,
  "l": 155207920,
  "m": 327151072,
  "n": 2222921,
  "o": 2307757,
  "p": 2751608,
  "q": 2856872,
  "r": 3468713,
  "s": 7232990,
  "t": 4321933,
  "u": 9013634
}
