{
  "b": 0.7269687652587891,
  "c": 1.5520094633102417,
  "d": 0.7162560224533081,
  "e": 1.5289154052734375,
  "f": 7695870,
  "g": 16282509,
  "h": 8033194,
  "i": 16979552,
  "j": 7560475,
  "k": 16140898,
  "l": 7878816,
  "m": 16818070,
  "n": 135395,
  "o": 141611,
  "p": 154378,
  "q": 161481,
  "r": 98062,
  "s": 206741,
  "t": 108287,
  "u": 228166
}
