{
  "b": 10.33510684967041,
  "c": 21.502300262451172,
  "d": 11.180889129638672,
  "e": 23.259206771850586,
  "f": 109378448,
  "g": 225558656,
  "h": 125213400,
  "i": 258123840,
  "j": 107485112,
  "k": 223623920,
  "l": 122989784,
  "m": 255851264,
  "n": 1893334,
  "o": 1934741,
  "p": 2223615,
  "q": 2272575,
  "r": 11145246,
  "s": 23019732,
  "t": 13498048,
  "u": 27880200
}
