{
  "b": 1.1265560388565063,
  "c": 2.425400495529175,
  "d": 1.211464285850525,
  "e": 2.6081180572509766,
  "f": 11915349,
  "g": 25434250,
  "h": 13558298,
  "i": 28934236,
  "j": 11716183,
  "k": 25224164,
  "l": 13326107,
  "m": 28689298,
  "n": 199166,
  "o": 210085,
  "p": 232191,
  "q": 244938,
  "r": 79661,
  "s": 169996,
  "t": 94134,
  "u": 200881
}
