{
  "b": 6.371284484863281,
  "c": 13.347495079040527,
  "d": 6.63344669342041,
  "e": 13.894803047180176,
  "f": 67400000,
  "g": 140000000,
  "h": 74300000,
  "i": 154000000,
  "j": 66300000,
  "k": 139000000,
  "l": 73000000,
  "m": 153000000,
  "n": 1180000,
  "o": 1180000,
  "p": 1360000,
  "q": 1360000,
  "r": 4870000,
  "s": 10100000,
  "t": 5970000,
  "u": 12400000
}
