{
  "b": 12.336530685424805,
  "c": 26.005529403686523,
  "d": 14.109810829162598,
  "e": 29.74100685119629,
  "f": 131000000,
  "g": 273000000,
  "h": 158000000,
  "i": 330000000,
  "j": 128000000,
  "k": 270000000,
  "l": 155000000,
  "m": 327000000,
  "n": 2270000,
  "o": 2270000,
  "p": 2800000,
  "q": 2800000,
  "r": 3470000,
  "s": 7230000,
  "t": 4320000,
  "u": 9010000
}
