{
  "b": 1.1265560388565063,
  "c": 2.425400495529175,
  "d": 1.211464285850525,
  "e": 2.6081180572509766,
  "f": 11900000,
  "g": 25400000,
  "h": 13600000,
  "i": 28900000,
  "j": 11700000,
  "k": 25200000,
  "l": 13300000,
  "m": 28700000,
  "n": 205000,
  "o": 205000,
  "p": 239000,
  "q": 239000,
  "r": 79700,
  "s": 170000,
  "t": 94100,
  "u": 201000
}
