{
  "b": 0.8589608669281006,
  "c": 1.7968178987503052,
  "d": 0.8576302528381348,
  "e": 1.7938522100448608,
  "f": 9090054,
  "g": 18848136,
  "h": 9607412,
  "i": 19910706,
  "j": 8933193,
  "k": 18686906,
  "l": 9433933,
  "m": 19732374,
  "n": 156860,
  "o": 161230,
  "p": 173479,
  "q": 178334,
  "r": 212456,
  "s": 440863,
  "t": 230497,
  "u": 478173
}
