{
  "b": 0.8414971828460693,
  "c": 1.795089840888977,
  "d": 0.8374237418174744,
  "e": 1.786154866218567,
  "f": 8910000,
  "g": 18800000,
  "h": 9380000,
  "i": 19800000,
  "j": 8750000,
  "k": 18700000,
  "l": 9210000,
  "m": 19600000,
  "n": 160000,
  "o": 160000,
  "p": 174000,
  "q": 174000,
  "r": 55200,
  "s": 117000,
  "t": 61800,
  "u": 131000
}
