{
  "b": 0.8414971828460693,
  "c": 1.795089840888977,
  "d": 0.8374237418174744,
  "e": 1.786154866218567,
  "f": 8907783,
  "g": 18832248,
  "h": 9382104,
  "i": 19825928,
  "j": 8751571,
  "k": 18668934,
  "l": 9211661,
  "m": 19647704,
  "n": 156212,
  "o": 163312,
  "p": 170442,
  "q": 178224,
  "r": 55163,
  "s": 116692,
  "t": 61825,
  "u": 130793
}
