{
  "b": 0.30405688285827637,
  "c": 0.6492544412612915,
  "d": 0.3046264052391052,
  "e": 0.6503814458847046,
  "f": 3220000,
  "g": 6810000,
  "h": 3410000,
  "i": 7220000,
  "j": 3160000,
  "k": 6750000,
  "l": 3350000,
  "m": 7150000,
  "n": 58000,
  "o": 58000,
  "p": 63600,
  "q": 63600,
  "r": 14400,
  "s": 30500,
  "t": 16200,
  "u": 34400
}
