{
  "b": 0.575832724571228,
  "c": 1.234976887702942,
  "d": 0.6496911644935608,
  "e": 1.3933334350585938,
  "f": 6091070,
  "g": 12951161,
  "h": 7263704,
  "i": 15449474,
  "j": 5988661,
  "k": 12843760,
  "l": 7146603,
  "m": 15326668,
  "n": 102409,
  "o": 107400,
  "p": 117101,
  "q": 122806,
  "r": 29608,
  "s": 62896,
  "t": 36310,
  "u": 77176
}
