{
  "b": 8.481027603149414,
  "c": 17.59872055053711,
  "d": 9.601919174194336,
  "e": 19.921815872192383,
  "f": 89800000,
  "g": 185000000,
  "h": 108000000,
  "i": 221000000,
  "j": 88200000,
  "k": 183000000,
  "l": 106000000,
  "m": 219000000,
  "n": 1610000,
  "o": 1610000,
  "p": 1970000,
  "q": 1970000,
  "r": 3150000,
  "s": 6450000,
  "t": 3880000,
  "u": 7940000
}
