{
  "b": 6.09029483795166,
  "c": 13.013452529907227,
  "d": 6.135339736938477,
  "e": 13.109223365783691,
  "f": 64414000,
  "g": 136464800,
  "h": 68686496,
  "i": 145455056,
  "j": 63339064,
  "k": 135339904,
  "l": 67488736,
  "m": 144201456,
  "n": 1074928,
  "o": 1124903,
  "p": 1197761,
  "q": 1253599,
  "r": 1857016,
  "s": 3931190,
  "t": 1993006,
  "u": 4218736
}
