{
  "b": 2.7595744132995605,
  "c": 5.792980194091797,
  "d": 2.848080635070801,
  "e": 5.978534698486328,
  "f": 29188418,
  "g": 60750604,
  "h": 31873752,
  "i": 66325284,
  "j": 28699574,
  "k": 60246992,
  "l": 31328886,
  "m": 65763880,
  "n": 488843,
  "o": 503618,
  "p": 544864,
  "q": 561403,
  "r": 240827,
  "s": 500625,
  "t": 259098,
  "u": 538650
}
