{
  "b": 7.705770015716553,
  "c": 15.994949340820312,
  "d": 7.5988006591796875,
  "e": 15.772499084472656,
  "f": 81500000,
  "g": 168000000,
  "h": 85100000,
  "i": 175000000,
  "j": 80100000,
  "k": 166000000,
  "l": 83600000,
  "m": 173000000,
  "n": 1340000,
  "o": 1340000,
  "p": 1520000,
  "q": 1520000,
  "r": 1360000,
  "s": 2790000,
  "t": 1490000,
  "u": 3060000
}
