{
  "b": 4.2814202308654785,
  "c": 8.823945045471191,
  "d": 4.607600212097168,
  "e": 9.495499610900879,
  "f": 45300000,
  "g": 92500000,
  "h": 51600000,
  "i": 105000000,
  "j": 44500000,
  "k": 91800000,
  "l": 50700000,
  "m": 104000000,
  "n": 766000,
  "o": 766000,
  "p": 906000,
  "q": 906000,
  "r": 393000,
  "s": 800000,
  "t": 474000,
  "u": 965000
}
