{
  "b": 4.358325958251953,
  "c": 9.23143482208252,
  "d": 4.825827598571777,
  "e": 10.221351623535156,
  "f": 46095184,
  "g": 96806288,
  "h": 54006392,
  "i": 113394128,
  "j": 45326588,
  "k": 96006920,
  "l": 53084104,
  "m": 112434864,
  "n": 768596,
  "o": 799366,
  "p": 922285,
  "q": 959266,
  "r": 328840,
  "s": 689707,
  "t": 394674,
  "u": 827822
}
