{
  "b": 4.358325958251953,
  "c": 9.23143482208252,
  "d": 4.825827598571777,
  "e": 10.221351623535156,
  "f": 46100000,
  "g": 96800000,
  "h": 54000000,
  "i": 113000000,
  "j": 45300000,
  "k": 96000000,
  "l": 53100000,
  "m": 112000000,
  "n": 784000,
  "o": 784000,
  "p": 941000,
  "q": 941000,
  "r": 329000,
  "s": 690000,
  "t": 395000,
  "u": 828000
}
