{
  "b": 5.320687770843506,
  "c": 10.998629570007324,
  "d": 6.00463342666626,
  "e": 12.412358283996582,
  "f": 56200000,
  "g": 115000000,
  "h": 67100000,
  "i": 138000000,
  "j": 55300000,
  "k": 114000000,
  "l": 66100000,
  "m": 137000000,
  "n": 900000,
  "o": 900000,
  "p": 1050000,
  "q": 1050000,
  "r": 655000,
  "s": 1340000,
  "t": 827000,
  "u": 1690000
}
