{
  "b": 18.147165298461914,
  "c": 38.161949157714844,
  "d": 18.947729110717773,
  "e": 39.844478607177734,
  "f": 192000000,
  "g": 400000000,
  "h": 212000000,
  "i": 442000000,
  "j": 189000000,
  "k": 397000000,
  "l": 208000000,
  "m": 438000000,
  "n": 3190000,
  "o": 3190000,
  "p": 3580000,
  "q": 3580000,
  "r": 22400000,
  "s": 46700000,
  "t": 24700000,
  "u": 51500000
}
