{
  "b": 24.614013671875,
  "c": 52.13686752319336,
  "d": 28.3132266998291,
  "e": 59.970951080322266,
  "f": 260000000,
  "g": 547000000,
  "h": 317000000,
  "i": 665000000,
  "j": 256000000,
  "k": 542000000,
  "l": 311000000,
  "m": 660000000,
  "n": 4300000,
  "o": 4300000,
  "p": 5260000,
  "q": 5260000,
  "r": 4980000,
  "s": 10500000,
  "t": 6350000,
  "u": 13300000
}
