{
  "b": 2.3651912212371826,
  "c": 4.826177597045898,
  "d": 2.807011842727661,
  "e": 5.7269182205200195,
  "f": 25040098,
  "g": 50636188,
  "h": 31404512,
  "i": 63525768,
  "j": 24597988,
  "k": 50192248,
  "l": 30877130,
  "m": 62996100,
  "n": 442110,
  "o": 443941,
  "p": 527382,
  "q": 529671,
  "r": 491110,
  "s": 989657,
  "t": 661722,
  "u": 1334522
}
