{
  "b": 18.147165298461914,
  "c": 38.161949157714844,
  "d": 18.947729110717773,
  "e": 39.844478607177734,
  "f": 191867904,
  "g": 400124128,
  "h": 211949248,
  "i": 441928736,
  "j": 188730528,
  "k": 396884256,
  "l": 208425024,
  "m": 438289248,
  "n": 3137389,
  "o": 3239875,
  "p": 3524246,
  "q": 3639503,
  "r": 22369960,
  "s": 46663852,
  "t": 24670628,
  "u": 51465776
}
