{
  "b": 5.320687770843506,
  "c": 10.998629570007324,
  "d": 6.00463342666626,
  "e": 12.412358283996582,
  "f": 56227368,
  "g": 115293600,
  "h": 67093672,
  "i": 137597024,
  "j": 55335152,
  "k": 114385744,
  "l": 66050968,
  "m": 136535936,
  "n": 892218,
  "o": 907854,
  "p": 1042711,
  "q": 1061083,
  "r": 655007,
  "s": 1341206,
  "t": 826832,
  "u": 1693617
}
