{
  "b": 2.3651912212371826,
  "c": 4.826177597045898,
  "d": 2.807011842727661,
  "e": 5.7269182205200195,
  "f": 25000000,
  "g": 50600000,
  "h": 31400000,
  "i": 63500000,
  "j": 24600000,
  "k": 50200000,
  "l": 30900000,
  "m": 63000000,
  "n": 443000,
  "o": 443000,
  "p": 529000,
  "q": 529000,
  "r": 491000,
  "s": 990000,
  "t": 662000,
  "u": 1330000
}
