{
  "b": 1.6192147731781006,
  "c": 3.4490230083465576,
  "d": 1.5126383304595947,
  "e": 3.2215657234191895,
  "f": 17141232,
  "g": 36184836,
  "h": 16964506,
  "i": 35777484,
  "j": 16839834,
  "k": 35869840,
  "l": 16639021,
  "m": 35437224,
  "n": 301398,
  "o": 314999,
  "p": 325486,
  "q": 340256,
  "r": 296516,
  "s": 625666,
  "t": 308577,
  "u": 650879
}
