{
  "b": 1.6192147731781006,
  "c": 3.4490230083465576,
  "d": 1.5126383304595947,
  "e": 3.2215657234191895,
  "f": 17100000,
  "g": 36200000,
  "h": 17000000,
  "i": 35800000,
  "j": 16800000,
  "k": 35900000,
  "l": 16600000,
  "m": 35400000,
  "n": 308000,
  "o": 308000,
  "p": 333000,
  "q": 333000,
  "r": 297000,
  "s": 626000,
  "t": 309000,
  "u": 651000
}
