{
  "b": 6.578456878662109,
  "c": 13.504054069519043,
  "d": 8.762199401855469,
  "e": 17.984352111816406,
  "f": 69665664,
  "g": 141703344,
  "h": 98059352,
  "i": 199518720,
  "j": 68415952,
  "k": 140442160,
  "l": 96384192,
  "m": 197827872,
  "n": 1249713,
  "o": 1261190,
  "p": 1675164,
  "q": 1690865,
  "r": 2036172,
  "s": 4130479,
  "t": 3040604,
  "u": 6172670
}
