{
  "b": 6.578456878662109,
  "c": 13.504054069519043,
  "d": 8.762199401855469,
  "e": 17.984352111816406,
  "f": 69700000,
  "g": 142000000,
  "h": 98100000,
  "i": 200000000,
  "j": 68400000,
  "k": 140000000,
  "l": 96400000,
  "m": 198000000,
  "n": 1260000,
  "o": 1260000,
  "p": 1680000,
  "q": 1680000,
  "r": 2040000,
  "s": 4130000,
  "t": 3040000,
  "u": 6170000
}
