{
  "b": 9.114415168762207,
  "c": 19.2517032623291,
  "d": 9.599320411682129,
  "e": 20.273391723632812,
  "f": 96386504,
  "g": 201877136,
  "h": 107426096,
  "i": 224913440,
  "j": 94789920,
  "k": 200217712,
  "l": 105592528,
  "m": 223007312,
  "n": 1596580,
  "o": 1659423,
  "p": 1833568,
  "q": 1906141,
  "r": 2451516,
  "s": 5129010,
  "t": 2850195,
  "u": 5963278
}
