{
  "b": 10.438288688659668,
  "c": 22.090009689331055,
  "d": 12.157594680786133,
  "e": 25.727094650268555,
  "f": 110398176,
  "g": 231647920,
  "h": 135976704,
  "i": 285328992,
  "j": 108558200,
  "k": 229736096,
  "l": 133733544,
  "m": 282998048,
  "n": 1839966,
  "o": 1911800,
  "p": 2243180,
  "q": 2330943,
  "r": 3295739,
  "s": 6893592,
  "t": 4039536,
  "u": 8451877
}
