{
  "b": 9.114415168762207,
  "c": 19.2517032623291,
  "d": 9.599320411682129,
  "e": 20.273391723632812,
  "f": 96400000,
  "g": 202000000,
  "h": 107000000,
  "i": 225000000,
  "j": 94800000,
  "k": 200000000,
  "l": 106000000,
  "m": 223000000,
  "n": 1630000,
  "o": 1630000,
  "p": 1870000,
  "q": 1870000,
  "r": 2450000,
  "s": 5130000,
  "t": 2850000,
  "u": 5960000
}
