{
  "b": 7.195946216583252,
  "c": 14.820701599121094,
  "d": 8.50195598602295,
  "e": 17.508142471313477,
  "f": 76200000,
  "g": 156000000,
  "h": 95300000,
  "i": 194000000,
  "j": 74800000,
  "k": 154000000,
  "l": 93500000,
  "m": 193000000,
  "n": 1370000,
  "o": 1370000,
  "p": 1780000,
  "q": 1780000,
  "r": 1730000,
  "s": 3510000,
  "t": 2290000,
  "u": 4650000
}
