{
  "b": 3.6647050380706787,
  "c": 7.628407001495361,
  "d": 4.09384822845459,
  "e": 8.521280288696289,
  "f": 38800000,
  "g": 80000000,
  "h": 45800000,
  "i": 94600000,
  "j": 38100000,
  "k": 79300000,
  "l": 45000000,
  "m": 93700000,
  "n": 666000,
  "o": 666000,
  "p": 823000,
  "q": 823000,
  "r": 652000,
  "s": 1340000,
  "t": 758000,
  "u": 1560000
}
