{
  "b": 3.6647050380706787,
  "c": 7.628407001495361,
  "d": 4.09384822845459,
  "e": 8.521280288696289,
  "f": 38772120,
  "g": 80008768,
  "h": 45846256,
  "i": 94565528,
  "j": 38112932,
  "k": 79335432,
  "l": 45032328,
  "m": 93734088,
  "n": 659188,
  "o": 673340,
  "p": 813931,
  "q": 831446,
  "r": 652445,
  "s": 1344521,
  "t": 758437,
  "u": 1562752
}
