{
  "b": 10.438288688659668,
  "c": 22.090009689331055,
  "d": 12.157594680786133,
  "e": 25.727094650268555,
  "f": 110000000,
  "g": 232000000,
  "h": 136000000,
  "i": 285000000,
  "j": 109000000,
  "k": 230000000,
  "l": 134000000,
  "m": 283000000,
  "n": 1880000,
  "o": 1880000,
  "p": 2290000,
  "q": 2290000,
  "r": 3300000,
  "s": 6890000,
  "t": 4040000,
  "u": 8450000
}
