{
  "b": 7.195946216583252,
  "c": 14.820701599121094,
  "d": 8.50195598602295,
  "e": 17.508142471313477,
  "f": 76200040,
  "g": 155514864,
  "h": 95291264,
  "i": 194382176,
  "j": 74837840,
  "k": 154135296,
  "l": 93521520,
  "m": 192589568,
  "n": 1362199,
  "o": 1379566,
  "p": 1769742,
  "q": 1792594,
  "r": 1727365,
  "s": 3509450,
  "t": 2287681,
  "u": 4647479
}
