{
  "b": 1.966105341911316,
  "c": 4.190954208374023,
  "d": 1.971480369567871,
  "e": 4.202251434326172,
  "f": 20800000,
  "g": 43900000,
  "h": 22100000,
  "i": 46600000,
  "j": 20400000,
  "k": 43600000,
  "l": 21700000,
  "m": 46200000,
  "n": 354000,
  "o": 354000,
  "p": 410000,
  "q": 410000,
  "r": 376000,
  "s": 792000,
  "t": 420000,
  "u": 885000
}
