{
  "b": 11.630230903625488,
  "c": 24.11179542541504,
  "d": 12.958291053771973,
  "e": 26.86264991760254,
  "f": 123032944,
  "g": 252884464,
  "h": 144945312,
  "i": 297943616,
  "j": 120954400,
  "k": 250762672,
  "l": 142541200,
  "m": 295489152,
  "n": 2078560,
  "o": 2121785,
  "p": 2404112,
  "q": 2454420,
  "r": 6596450,
  "s": 13575918,
  "t": 8699138,
  "u": 17909952
}
