{
  "b": 8.417606353759766,
  "c": 17.460603713989258,
  "d": 9.823541641235352,
  "e": 20.37616539001465,
  "f": 89079248,
  "g": 183155872,
  "h": 109973840,
  "i": 226089568,
  "j": 87543104,
  "k": 181590288,
  "l": 108058960,
  "m": 224137824,
  "n": 1536154,
  "o": 1565569,
  "p": 1914893,
  "q": 1951727,
  "r": 2051198,
  "s": 4211491,
  "t": 2584824,
  "u": 5308211
}
