{
  "b": 8.417606353759766,
  "c": 17.460603713989258,
  "d": 9.823541641235352,
  "e": 20.37616539001465,
  "f": 89100000,
  "g": 183000000,
  "h": 110000000,
  "i": 226000000,
  "j": 87500000,
  "k": 182000000,
  "l": 108000000,
  "m": 224000000,
  "n": 1550000,
  "o": 1550000,
  "p": 1930000,
  "q": 1930000,
  "r": 2050000,
  "s": 4210000,
  "t": 2580000,
  "u": 5310000
}
