{
  "b": 11.630230903625488,
  "c": 24.11179542541504,
  "d": 12.958291053771973,
  "e": 26.86264991760254,
  "f": 123000000,
  "g": 253000000,
  "h": 145000000,
  "i": 298000000,
  "j": 121000000,
  "k": 251000000,
  "l": 143000000,
  "m": 295000000,
  "n": 2100000,
  "o": 2100000,
  "p": 2430000,
  "q": 2430000,
  "r": 6600000,
  "s": 13600000,
  "t": 8700000,
  "u": 17900000
}
