{
  "b": 12.954787254333496,
  "c": 26.569236755371094,
  "d": 14.921900749206543,
  "e": 30.602819442749023,
  "f": 136972736,
  "g": 278587200,
  "h": 166822656,
  "i": 339342080,
  "j": 134729792,
  "k": 276320064,
  "l": 164140912,
  "m": 336631008,
  "n": 2242946,
  "o": 2267127,
  "p": 2681734,
  "q": 2711036,
  "r": 3515142,
  "s": 7136902,
  "t": 4249713,
  "u": 8631725
}
