{
  "b": 12.954787254333496,
  "c": 26.569236755371094,
  "d": 14.921900749206543,
  "e": 30.602819442749023,
  "f": 137000000,
  "g": 279000000,
  "h": 167000000,
  "i": 339000000,
  "j": 135000000,
  "k": 276000000,
  "l": 164000000,
  "m": 337000000,
  "n": 2260000,
  "o": 2260000,
  "p": 2700000,
  "q": 2700000,
  "r": 3520000,
  "s": 7140000,
  "t": 4250000,
  "u": 8630000
}
