{
  "b": 1.966105341911316,
  "c": 4.190954208374023,
  "d": 1.971480369567871,
  "e": 4.202251434326172,
  "f": 20793854,
  "g": 43947880,
  "h": 22087390,
  "i": 46643956,
  "j": 20447496,
  "k": 43585924,
  "l": 21686284,
  "m": 46224768,
  "n": 346359,
  "o": 361960,
  "p": 401106,
  "q": 419183,
  "r": 375516,
  "s": 791931,
  "t": 419901,
  "u": 885021
}
