{
  "b": 6.029045104980469,
  "c": 12.484213829040527,
  "d": 6.369910717010498,
  "e": 13.189746856689453,
  "f": 63741648,
  "g": 130895496,
  "h": 71268792,
  "i": 146310304,
  "j": 62702068,
  "k": 129835824,
  "l": 70069016,
  "m": 145087216,
  "n": 1039580,
  "o": 1059664,
  "p": 1199780,
  "q": 1223093,
  "r": 837479,
  "s": 1717694,
  "t": 923779,
  "u": 1894673
}
