{
  "b": 6.029045104980469,
  "c": 12.484213829040527,
  "d": 6.369910717010498,
  "e": 13.189746856689453,
  "f": 63700000,
  "g": 131000000,
  "h": 71300000,
  "i": 146000000,
  "j": 62700000,
  "k": 130000000,
  "l": 70100000,
  "m": 145000000,
  "n": 1050000,
  "o": 1050000,
  "p": 1210000,
  "q": 1210000,
  "r": 837000,
  "s": 1720000,
  "t": 924000,
  "u": 1890000
}
