{
  "b": 229.37501525878906,
  "c": 470.262451171875,
  "d": 266.95196533203125,
  "e": 547.2487182617188,
  "f": 2430000000,
  "g": 4930000000,
  "h": 2990000000,
  "i": 6070000000,
  "j": 2390000000,
  "k": 4890000000,
  "l": 2940000000,
  "m": 6020000000,
  "n": 43800000,
  "o": 43800000,
  "p": 53900000,
  "q": 53900000,
  "r": 631000000,
  "s": 1280000000,
  "t": 797000000,
  "u": 1610000000
}
