{
  "b": 2.480419874191284,
  "c": 5.117597579956055,
  "d": 2.564493179321289,
  "e": 5.29052734375,
  "f": 26249024,
  "g": 53682244,
  "h": 28727166,
  "i": 58721148,
  "j": 25796366,
  "k": 53223016,
  "l": 28209424,
  "m": 58195800,
  "n": 452656,
  "o": 459231,
  "p": 517740,
  "q": 525347,
  "r": 1700015,
  "s": 3476625,
  "t": 1734204,
  "u": 3544979
}
