{
  "b": 2.480419874191284,
  "c": 5.117597579956055,
  "d": 2.564493179321289,
  "e": 5.29052734375,
  "f": 26200000,
  "g": 53700000,
  "h": 28700000,
  "i": 58700000,
  "j": 25800000,
  "k": 53200000,
  "l": 28200000,
  "m": 58200000,
  "n": 456000,
  "o": 456000,
  "p": 522000,
  "q": 522000,
  "r": 1700000,
  "s": 3480000,
  "t": 1730000,
  "u": 3540000
}
