{
  "b": 5.472815990447998,
  "c": 11.528233528137207,
  "d": 5.859204292297363,
  "e": 12.341853141784668,
  "f": 57900000,
  "g": 121000000,
  "h": 65500000,
  "i": 137000000,
  "j": 56900000,
  "k": 120000000,
  "l": 64500000,
  "m": 136000000,
  "n": 969000,
  "o": 969000,
  "p": 1110000,
  "q": 1110000,
  "r": 739000,
  "s": 1540000,
  "t": 871000,
  "u": 1820000
}
