{
  "b": 229.37501525878906,
  "c": 470.262451171875,
  "d": 266.95196533203125,
  "e": 547.2487182617188,
  "f": 2429180928,
  "g": 4934732800,
  "h": 2990188544,
  "i": 6073854976,
  "j": 2385500160,
  "k": 4890729472,
  "l": 2936471552,
  "m": 6019736064,
  "n": 43680668,
  "o": 44003652,
  "p": 53717176,
  "q": 54118640,
  "r": 630688512,
  "s": 1276889728,
  "t": 797313024,
  "u": 1614746880
}
