{
  "b": 18.895923614501953,
  "c": 39.53084182739258,
  "d": 20.3859806060791,
  "e": 42.64482879638672,
  "f": 199871760,
  "g": 414574400,
  "h": 228136432,
  "i": 473099776,
  "j": 196517600,
  "k": 411120768,
  "l": 224245792,
  "m": 469093120,
  "n": 3354129,
  "o": 3453642,
  "p": 3890623,
  "q": 4006675,
  "r": 22628358,
  "s": 46907936,
  "t": 24650100,
  "u": 51092652
}
