{
  "b": 5.472815990447998,
  "c": 11.528233528137207,
  "d": 5.859204292297363,
  "e": 12.341853141784668,
  "f": 57869168,
  "g": 120880464,
  "h": 65543416,
  "i": 136892656,
  "j": 56917288,
  "k": 119893632,
  "l": 64451248,
  "m": 135760384,
  "n": 951882,
  "o": 986835,
  "p": 1092167,
  "q": 1132260,
  "r": 738545,
  "s": 1543501,
  "t": 870881,
  "u": 1820283
}
