{
  "b": 17.901533126831055,
  "c": 36.990779876708984,
  "d": 18.906152725219727,
  "e": 39.065860748291016,
  "f": 189259456,
  "g": 387840992,
  "h": 211509920,
  "i": 433328448,
  "j": 186175952,
  "k": 384704096,
  "l": 207967680,
  "m": 429724480,
  "n": 3083486,
  "o": 3136884,
  "p": 3542248,
  "q": 3603962,
  "r": 5237156,
  "s": 10720682,
  "t": 5765300,
  "u": 11802072
}
