{
  "b": 8.45178508758545,
  "c": 17.66091537475586,
  "d": 9.078240394592285,
  "e": 18.968976974487305,
  "f": 89400000,
  "g": 185000000,
  "h": 102000000,
  "i": 210000000,
  "j": 87900000,
  "k": 184000000,
  "l": 99900000,
  "m": 209000000,
  "n": 1510000,
  "o": 1510000,
  "p": 1720000,
  "q": 1720000,
  "r": 1500000,
  "s": 3100000,
  "t": 1690000,
  "u": 3500000
}
