{
  "b": 18.606603622436523,
  "c": 37.956512451171875,
  "d": 19.204111099243164,
  "e": 39.173866271972656,
  "f": 197000000,
  "g": 398000000,
  "h": 215000000,
  "i": 435000000,
  "j": 194000000,
  "k": 395000000,
  "l": 211000000,
  "m": 431000000,
  "n": 3280000,
  "o": 3280000,
  "p": 3920000,
  "q": 3920000,
  "r": 8440000,
  "s": 17000000,
  "t": 9320000,
  "u": 18800000
}
