{
  "b": 7.093076229095459,
  "c": 15.0690279006958,
  "d": 8.175898551940918,
  "e": 17.368663787841797,
  "f": 75004344,
  "g": 158008960,
  "h": 91403264,
  "i": 192588800,
  "j": 73767992,
  "k": 156717888,
  "l": 89934880,
  "m": 191055296,
  "n": 1236359,
  "o": 1291088,
  "p": 1468389,
  "q": 1533506,
  "r": 1325034,
  "s": 2786213,
  "t": 1632213,
  "u": 3433815
}
