{
  "b": 7.093076229095459,
  "c": 15.0690279006958,
  "d": 8.175898551940918,
  "e": 17.368663787841797,
  "f": 75000000,
  "g": 158000000,
  "h": 91400000,
  "i": 193000000,
  "j": 73800000,
  "k": 157000000,
  "l": 89900000,
  "m": 191000000,
  "n": 1260000,
  "o": 1260000,
  "p": 1500000,
  "q": 1500000,
  "r": 1330000,
  "s": 2790000,
  "t": 1630000,
  "u": 3430000
}
