{
  "b": 18.606603622436523,
  "c": 37.956512451171875,
  "d": 19.204111099243164,
  "e": 39.173866271972656,
  "f": 196789952,
  "g": 398033248,
  "h": 215158944,
  "i": 434831456,
  "j": 193508672,
  "k": 394747712,
  "l": 211245216,
  "m": 430912512,
  "n": 3281263,
  "o": 3285540,
  "p": 3913711,
  "q": 3918947,
  "r": 8440927,
  "s": 17038258,
  "t": 9318866,
  "u": 18798424
}
