{
  "b": 15.664739608764648,
  "c": 32.980709075927734,
  "d": 18.367679595947266,
  "e": 38.67033767700195,
  "f": 165631040,
  "g": 345810784,
  "h": 205449712,
  "i": 428896320,
  "j": 162913296,
  "k": 342999360,
  "l": 202044480,
  "m": 425373696,
  "n": 2717749,
  "o": 2811405,
  "p": 3405199,
  "q": 3522588,
  "r": 5613208,
  "s": 11715048,
  "t": 7252992,
  "u": 15139547
}
