{
  "b": 17.901533126831055,
  "c": 36.990779876708984,
  "d": 18.906152725219727,
  "e": 39.065860748291016,
  "f": 189000000,
  "g": 388000000,
  "h": 212000000,
  "i": 433000000,
  "j": 186000000,
  "k": 385000000,
  "l": 208000000,
  "m": 430000000,
  "n": 3110000,
  "o": 3110000,
  "p": 3570000,
  "q": 3570000,
  "r": 5240000,
  "s": 10700000,
  "t": 5770000,
  "u": 11800000
}
