{
  "b": 8.45178508758545,
  "c": 17.66091537475586,
  "d": 9.078240394592285,
  "e": 18.968976974487305,
  "f": 89390048,
  "g": 185208512,
  "h": 101560624,
  "i": 210408448,
  "j": 87898568,
  "k": 183673520,
  "l": 99860648,
  "m": 208658752,
  "n": 1491467,
  "o": 1535003,
  "p": 1699978,
  "q": 1749690,
  "r": 1500854,
  "s": 3102818,
  "t": 1694733,
  "u": 3504867
}
