{
  "b": 15.664739608764648,
  "c": 32.980709075927734,
  "d": 18.367679595947266,
  "e": 38.67033767700195,
  "f": 166000000,
  "g": 346000000,
  "h": 205000000,
  "i": 429000000,
  "j": 163000000,
  "k": 343000000,
  "l": 202000000,
  "m": 425000000,
  "n": 2760000,
  "o": 2760000,
  "p": 3460000,
  "q": 3460000,
  "r": 5610000,
  "s": 11700000,
  "t": 7250000,
  "u": 15100000
}
