{
  "b": 14.111308097839355,
  "c": 29.536006927490234,
  "d": 16.149158477783203,
  "e": 33.79719161987305,
  "f": 149000000,
  "g": 310000000,
  "h": 181000000,
  "i": 375000000,
  "j": 147000000,
  "k": 307000000,
  "l": 178000000,
  "m": 372000000,
  "n": 2610000,
  "o": 2610000,
  "p": 3250000,
  "q": 3250000,
  "r": 5020000,
  "s": 10400000,
  "t": 6330000,
  "u": 13100000
}
