{
  "b": 0.3042661249637604,
  "c": 0.6538677215576172,
  "d": 0.33796578645706177,
  "e": 0.7261556386947632,
  "f": 3220000,
  "g": 6860000,
  "h": 3780000,
  "i": 8060000,
  "j": 3160000,
  "k": 6800000,
  "l": 3720000,
  "m": 7990000,
  "n": 58700,
  "o": 58700,
  "p": 67200,
  "q": 67200,
  "r": 20000,
  "s": 42200,
  "t": 25000,
  "u": 52800
}
