{
  "b": 12.796982765197754,
  "c": 27.03461265563965,
  "d": 14.182806015014648,
  "e": 29.961326599121094,
  "f": 135000000,
  "g": 283000000,
  "h": 159000000,
  "i": 332000000,
  "j": 133000000,
  "k": 281000000,
  "l": 156000000,
  "m": 330000000,
  "n": 2270000,
  "o": 2270000,
  "p": 2780000,
  "q": 2780000,
  "r": 6660000,
  "s": 13900000,
  "t": 8020000,
  "u": 16800000
}
