{
  "b": 21.31298065185547,
  "c": 44.93634033203125,
  "d": 22.99995994567871,
  "e": 48.49174118041992,
  "f": 225000000,
  "g": 471000000,
  "h": 257000000,
  "i": 538000000,
  "j": 222000000,
  "k": 467000000,
  "l": 253000000,
  "m": 533000000,
  "n": 3740000,
  "o": 3740000,
  "p": 4350000,
  "q": 4350000,
  "r": 6320000,
  "s": 13200000,
  "t": 7260000,
  "u": 15200000
}
