{
  "b": 3.565840005874634,
  "c": 7.533581733703613,
  "d": 3.6388003826141357,
  "e": 7.687351226806641,
  "f": 37691260,
  "g": 78980024,
  "h": 40714228,
  "i": 85275976,
  "j": 37084736,
  "k": 78349248,
  "l": 40026804,
  "m": 84560864,
  "n": 606527,
  "o": 630771,
  "p": 687426,
  "q": 715105,
  "r": 297475,
  "s": 622075,
  "t": 337742,
  "u": 706230
}
