{
  "b": 12.796982765197754,
  "c": 27.03461265563965,
  "d": 14.182806015014648,
  "e": 29.961326599121094,
  "f": 135317072,
  "g": 283471360,
  "h": 158739408,
  "i": 332404896,
  "j": 133088616,
  "k": 281159968,
  "l": 156010864,
  "m": 329574592,
  "n": 2228449,
  "o": 2311404,
  "p": 2728541,
  "q": 2830272,
  "r": 6657584,
  "s": 13942154,
  "t": 8015665,
  "u": 16784012
}
