{
  "b": 21.31298065185547,
  "c": 44.93634033203125,
  "d": 22.99995994567871,
  "e": 48.49174118041992,
  "f": 225329168,
  "g": 471148864,
  "h": 257265456,
  "i": 537834304,
  "j": 221654992,
  "k": 467337952,
  "l": 252999568,
  "m": 533409152,
  "n": 3674185,
  "o": 3810945,
  "p": 4265906,
  "q": 4425152,
  "r": 6316290,
  "s": 13182526,
  "t": 7260466,
  "u": 15153928
}
