{
  "b": 3.565840005874634,
  "c": 7.533581733703613,
  "d": 3.6388003826141357,
  "e": 7.687351226806641,
  "f": 37700000,
  "g": 79000000,
  "h": 40700000,
  "i": 85300000,
  "j": 37100000,
  "k": 78300000,
  "l": 40000000,
  "m": 84600000,
  "n": 619000,
  "o": 619000,
  "p": 701000,
  "q": 701000,
  "r": 297000,
  "s": 622000,
  "t": 338000,
  "u": 706000
}
