{
  "b": 40.46706771850586,
  "c": 84.39498901367188,
  "d": 55.81700134277344,
  "e": 116.40359497070312,
  "f": 427879136,
  "g": 884910720,
  "h": 623273408,
  "i": 1289965824,
  "j": 420857504,
  "k": 877707904,
  "l": 613987008,
  "m": 1280439552,
  "n": 7021620,
  "o": 7202873,
  "p": 9286371,
  "q": 9526327,
  "r": 53051052,
  "s": 109801464,
  "t": 74439128,
  "u": 154195728
}
