{
  "b": 1.5124298334121704,
  "c": 3.2280633449554443,
  "d": 1.7161134481430054,
  "e": 3.662235736846924,
  "f": 16000000,
  "g": 33900000,
  "h": 19200000,
  "i": 40700000,
  "j": 15700000,
  "k": 33600000,
  "l": 18900000,
  "m": 40300000,
  "n": 296000,
  "o": 296000,
  "p": 362000,
  "q": 362000,
  "r": 662000,
  "s": 1400000,
  "t": 831000,
  "u": 1750000
}
