{
  "b": 15.680163383483887,
  "c": 33.280677795410156,
  "d": 17.347692489624023,
  "e": 36.818275451660156,
  "f": 165838224,
  "g": 348996576,
  "h": 194076512,
  "i": 408386304,
  "j": 163073696,
  "k": 346119040,
  "l": 190824624,
  "m": 405001024,
  "n": 2764534,
  "o": 2877555,
  "p": 3251884,
  "q": 3385253,
  "r": 6277563,
  "s": 13183634,
  "t": 7539750,
  "u": 15836438
}
