{
  "b": 40.46706771850586,
  "c": 84.39498901367188,
  "d": 55.81700134277344,
  "e": 116.40359497070312,
  "f": 428000000,
  "g": 885000000,
  "h": 623000000,
  "i": 1290000000,
  "j": 421000000,
  "k": 878000000,
  "l": 614000000,
  "m": 1280000000,
  "n": 7110000,
  "o": 7110000,
  "p": 9410000,
  "q": 9410000,
  "r": 53100000,
  "s": 110000000,
  "t": 74400000,
  "u": 154000000
}
