{
  "b": 6.062166690826416,
  "c": 12.5997953414917,
  "d": 6.0160322189331055,
  "e": 12.50270938873291,
  "f": 64100000,
  "g": 132000000,
  "h": 67400000,
  "i": 139000000,
  "j": 63000000,
  "k": 131000000,
  "l": 66200000,
  "m": 138000000,
  "n": 1100000,
  "o": 1100000,
  "p": 1230000,
  "q": 1230000,
  "r": 1570000,
  "s": 3230000,
  "t": 1690000,
  "u": 3470000
}
