{
  "b": 1.5124298334121704,
  "c": 3.2280633449554443,
  "d": 1.7161134481430054,
  "e": 3.662235736846924,
  "f": 16019692,
  "g": 33874076,
  "h": 19232504,
  "i": 40654232,
  "j": 15729270,
  "k": 33571860,
  "l": 18877248,
  "m": 40284592,
  "n": 290423,
  "o": 302212,
  "p": 355256,
  "q": 369640,
  "r": 662190,
  "s": 1396138,
  "t": 831339,
  "u": 1752866
}
