{
  "b": 6.062166690826416,
  "c": 12.5997953414917,
  "d": 6.0160322189331055,
  "e": 12.50270938873291,
  "f": 64137384,
  "g": 132153904,
  "h": 67396296,
  "i": 138778240,
  "j": 63046536,
  "k": 131037872,
  "l": 66176352,
  "m": 137529808,
  "n": 1090845,
  "o": 1116048,
  "p": 1219944,
  "q": 1248422,
  "r": 1570166,
  "s": 3227078,
  "t": 1689814,
  "u": 3471857
}
