{
  "b": 12.058606147766113,
  "c": 25.422056198120117,
  "d": 14.634725570678711,
  "e": 30.85101890563965,
  "f": 128000000,
  "g": 267000000,
  "h": 164000000,
  "i": 342000000,
  "j": 125000000,
  "k": 264000000,
  "l": 161000000,
  "m": 339000000,
  "n": 2170000,
  "o": 2170000,
  "p": 2710000,
  "q": 2710000,
  "r": 4150000,
  "s": 8650000,
  "t": 5210000,
  "u": 10900000
}
