{
  "b": 12.058606147766113,
  "c": 25.422056198120117,
  "d": 14.634725570678711,
  "e": 30.85101890563965,
  "f": 127541992,
  "g": 266601792,
  "h": 163644560,
  "i": 342123968,
  "j": 125409504,
  "k": 264389392,
  "l": 160981984,
  "m": 339361216,
  "n": 2132473,
  "o": 2212412,
  "p": 2662579,
  "q": 2762758,
  "r": 4153481,
  "s": 8649634,
  "t": 5210081,
  "u": 10856792
}
