{
  "b": 30.07537841796875,
  "c": 62.27497863769531,
  "d": 37.42999267578125,
  "e": 77.50077056884766,
  "f": 318006720,
  "g": 652980096,
  "h": 418259040,
  "i": 859159744,
  "j": 312783936,
  "k": 647659776,
  "l": 411729920,
  "m": 852508480,
  "n": 5222794,
  "o": 5320298,
  "p": 6529052,
  "q": 6651286,
  "r": 6792454,
  "s": 13921961,
  "t": 8966654,
  "u": 18389854
}
