{
  "b": 12.121500015258789,
  "c": 25.5159854888916,
  "d": 13.393704414367676,
  "e": 28.191875457763672,
  "f": 128244112,
  "g": 267622992,
  "h": 149861008,
  "i": 312729504,
  "j": 126063600,
  "k": 265366240,
  "l": 147330752,
  "m": 310110624,
  "n": 2180515,
  "o": 2256740,
  "p": 2530243,
  "q": 2618894,
  "r": 3100041,
  "s": 6465703,
  "t": 3729838,
  "u": 7782473
}
