{
  "b": 1.7828601598739624,
  "c": 3.765749931335449,
  "d": 1.920861840248108,
  "e": 4.056695461273193,
  "f": 18873760,
  "g": 39507852,
  "h": 21508688,
  "i": 45016680,
  "j": 18541746,
  "k": 39163800,
  "l": 21129480,
  "m": 44623648,
  "n": 332013,
  "o": 344049,
  "p": 379207,
  "q": 393033,
  "r": 425303,
  "s": 887439,
  "t": 502736,
  "u": 1049340
}
