{
  "b": 276.64398193359375,
  "c": 558.933349609375,
  "d": 321.7265930175781,
  "e": 650.0049438476562,
  "f": 2925378304,
  "g": 5861002240,
  "h": 3597142528,
  "i": 7207984128,
  "j": 2877097472,
  "k": 5812907008,
  "l": 3538992640,
  "m": 7150054400,
  "n": 48281108,
  "o": 48095604,
  "p": 58149608,
  "q": 57929696,
  "r": 862950976,
  "s": 1726787712,
  "t": 1082787584,
  "u": 2167525376
}
