{
  "b": 30.07537841796875,
  "c": 62.27497863769531,
  "d": 37.42999267578125,
  "e": 77.50077056884766,
  "f": 318000000,
  "g": 653000000,
  "h": 418000000,
  "i": 859000000,
  "j": 313000000,
  "k": 648000000,
  "l": 412000000,
  "m": 853000000,
  "n": 5270000,
  "o": 5270000,
  "p": 6590000,
  "q": 6590000,
  "r": 6790000,
  "s": 13900000,
  "t": 8970000,
  "u": 18400000
}
