{
  "b": 2.304517984390259,
  "c": 4.86741828918457,
  "d": 2.311594247817993,
  "e": 4.882211208343506,
  "f": 24373776,
  "g": 51042048,
  "h": 25863022,
  "i": 54154980,
  "j": 23966986,
  "k": 50621148,
  "l": 25427538,
  "m": 53704324,
  "n": 406790,
  "o": 420899,
  "p": 435488,
  "q": 450653,
  "r": 327141,
  "s": 684856,
  "t": 354179,
  "u": 741599
}
