{
  "b": 1.7828601598739624,
  "c": 3.765749931335449,
  "d": 1.920861840248108,
  "e": 4.056695461273193,
  "f": 18900000,
  "g": 39500000,
  "h": 21500000,
  "i": 45000000,
  "j": 18500000,
  "k": 39200000,
  "l": 21100000,
  "m": 44600000,
  "n": 338000,
  "o": 338000,
  "p": 386000,
  "q": 386000,
  "r": 425000,
  "s": 887000,
  "t": 503000,
  "u": 1050000
}
