{
  "b": 12.121500015258789,
  "c": 25.5159854888916,
  "d": 13.393704414367676,
  "e": 28.191875457763672,
  "f": 128000000,
  "g": 268000000,
  "h": 150000000,
  "i": 313000000,
  "j": 126000000,
  "k": 265000000,
  "l": 147000000,
  "m": 310000000,
  "n": 2220000,
  "o": 2220000,
  "p": 2570000,
  "q": 2570000,
  "r": 3100000,
  "s": 6470000,
  "t": 3730000,
  "u": 7780000
}
