{
  "b": 2.304517984390259,
  "c": 4.86741828918457,
  "d": 2.311594247817993,
  "e": 4.882211208343506,
  "f": 24400000,
  "g": 51000000,
  "h": 25900000,
  "i": 54200000,
  "j": 24000000,
  "k": 50600000,
  "l": 25400000,
  "m": 53700000,
  "n": 414000,
  "o": 414000,
  "p": 443000,
  "q": 443000,
  "r": 327000,
  "s": 685000,
  "t": 354000,
  "u": 742000
}
