{
  "b": 2.3122034072875977,
  "c": 4.959765911102295,
  "d": 2.5185813903808594,
  "e": 5.402293682098389,
  "f": 24500000,
  "g": 52000000,
  "h": 28200000,
  "i": 59900000,
  "j": 24000000,
  "k": 51600000,
  "l": 27700000,
  "m": 59400000,
  "n": 418000,
  "o": 418000,
  "p": 490000,
  "q": 490000,
  "r": 233000,
  "s": 496000,
  "t": 285000,
  "u": 606000
}
