{
  "b": 2.3122034072875977,
  "c": 4.959765911102295,
  "d": 2.5185813903808594,
  "e": 5.402293682098389,
  "f": 24454712,
  "g": 52010200,
  "h": 28182378,
  "i": 59927636,
  "j": 24046916,
  "k": 51581564,
  "l": 27704394,
  "m": 59425232,
  "n": 407796,
  "o": 428634,
  "p": 477984,
  "q": 502406,
  "r": 233191,
  "s": 495797,
  "t": 284901,
  "u": 605743
}
