{
  "b": 5.381117343902588,
  "c": 11.51192855834961,
  "d": 5.754437446594238,
  "e": 12.310219764709473,
  "f": 56900000,
  "g": 121000000,
  "h": 64500000,
  "i": 137000000,
  "j": 56000000,
  "k": 120000000,
  "l": 63300000,
  "m": 135000000,
  "n": 973000,
  "o": 973000,
  "p": 1210000,
  "q": 1210000,
  "r": 988000,
  "s": 2090000,
  "t": 1110000,
  "u": 2360000
}
