{
  "b": 5.381117343902588,
  "c": 11.51192855834961,
  "d": 5.754437446594238,
  "e": 12.310219764709473,
  "f": 56913880,
  "g": 120719896,
  "h": 64479412,
  "i": 136649680,
  "j": 55963620,
  "k": 119724056,
  "l": 63298812,
  "m": 135412416,
  "n": 950258,
  "o": 995844,
  "p": 1180598,
  "q": 1237259,
  "r": 987502,
  "s": 2094365,
  "t": 1112760,
  "u": 2358179
}
