{
  "b": 5.9494147300720215,
  "c": 12.942076683044434,
  "d": 7.9977593421936035,
  "e": 17.3984317779541,
  "f": 62900000,
  "g": 136000000,
  "h": 89300000,
  "i": 193000000,
  "j": 61900000,
  "k": 135000000,
  "l": 88000000,
  "m": 191000000,
  "n": 1040000,
  "o": 1040000,
  "p": 1320000,
  "q": 1320000,
  "r": 15200000,
  "s": 32800000,
  "t": 21900000,
  "u": 47400000
}
