{
  "b": 2.2454140186309814,
  "c": 4.958659648895264,
  "d": 2.7596704959869385,
  "e": 6.094618320465088,
  "f": 23700000,
  "g": 52000000,
  "h": 30800000,
  "i": 67500000,
  "j": 23400000,
  "k": 51600000,
  "l": 30400000,
  "m": 67000000,
  "n": 380000,
  "o": 380000,
  "p": 462000,
  "q": 462000,
  "r": 12000000,
  "s": 26400000,
  "t": 15800000,
  "u": 34600000
}
