{
  "b": 0.6921509504318237,
  "c": 1.5224562883377075,
  "d": 0.9201332926750183,
  "e": 2.0240650177001953,
  "f": 7330000,
  "g": 16000000,
  "h": 10300000,
  "i": 22400000,
  "j": 7200000,
  "k": 15800000,
  "l": 10100000,
  "m": 22300000,
  "n": 136000,
  "o": 136000,
  "p": 162000,
  "q": 162000,
  "r": 645000,
  "s": 1390000,
  "t": 915000,
  "u": 1980000
}
