{
  "b": 2.2454140186309814,
  "c": 4.958659648895264,
  "d": 2.7596704959869385,
  "e": 6.094618320465088,
  "f": 23724496,
  "g": 51957536,
  "h": 30809408,
  "i": 67512504,
  "j": 23352306,
  "k": 51570060,
  "l": 30356376,
  "m": 67040800,
  "n": 372189,
  "o": 387476,
  "p": 453032,
  "q": 471697,
  "r": 12041408,
  "s": 26390466,
  "t": 15753672,
  "u": 34551792
}
