{
  "b": 6.38881254196167,
  "c": 13.750007629394531,
  "d": 8.691449165344238,
  "e": 18.70718002319336,
  "f": 67477992,
  "g": 144045120,
  "h": 96952320,
  "i": 207139248,
  "j": 66443648,
  "k": 143000080,
  "l": 95605944,
  "m": 205778976,
  "n": 1034344,
  "o": 1045023,
  "p": 1346375,
  "q": 1360250,
  "r": 11100396,
  "s": 23709934,
  "t": 16498601,
  "u": 35274692
}
