{
  "b": 0.6921509504318237,
  "c": 1.5224562883377075,
  "d": 0.9201332926750183,
  "e": 2.0240650177001953,
  "f": 7330780,
  "g": 15973804,
  "h": 10278529,
  "i": 22431108,
  "j": 7198370,
  "k": 15833545,
  "l": 10121466,
  "m": 22264714,
  "n": 132410,
  "o": 140259,
  "p": 157064,
  "q": 166397,
  "r": 645322,
  "s": 1394409,
  "t": 915369,
  "u": 1982621
}
