{
  "b": 57.71219253540039,
  "c": 122.62926483154297,
  "d": 85.71086883544922,
  "e": 182.14163208007812,
  "f": 609961088,
  "g": 1285187456,
  "h": 955519552,
  "i": 2016374016,
  "j": 600206784,
  "k": 1275344384,
  "l": 942819520,
  "m": 2003557888,
  "n": 9754235,
  "o": 9843027,
  "p": 12700060,
  "q": 12816249,
  "r": 101914008,
  "s": 214591824,
  "t": 160127088,
  "u": 337760736
}
