{
  "b": 5.9494147300720215,
  "c": 12.942076683044434,
  "d": 7.9977593421936035,
  "e": 17.3984317779541,
  "f": 62898632,
  "g": 135648736,
  "h": 89280976,
  "i": 192722192,
  "j": 61873912,
  "k": 134597600,
  "l": 87975352,
  "m": 191382752,
  "n": 1024722,
  "o": 1051147,
  "p": 1305631,
  "q": 1339450,
  "r": 15198475,
  "s": 32788952,
  "t": 21930994,
  "u": 47362184
}
