{
  "b": 6.38881254196167,
  "c": 13.750007629394531,
  "d": 8.691449165344238,
  "e": 18.70718002319336,
  "f": 67500000,
  "g": 144000000,
  "h": 97000000,
  "i": 207000000,
  "j": 66400000,
  "k": 143000000,
  "l": 95600000,
  "m": 206000000,
  "n": 1040000,
  "o": 1040000,
  "p": 1350000,
  "q": 1350000,
  "r": 11100000,
  "s": 23700000,
  "t": 16500000,
  "u": 35300000
}
