{
  "b": 8.426347732543945,
  "c": 18.500513076782227,
  "d": 14.278155326843262,
  "e": 31.35051727294922,
  "f": 89000000,
  "g": 194000000,
  "h": 159000000,
  "i": 347000000,
  "j": 87600000,
  "k": 192000000,
  "l": 157000000,
  "m": 345000000,
  "n": 1440000,
  "o": 1440000,
  "p": 2070000,
  "q": 2070000,
  "r": 24800000,
  "s": 54000000,
  "t": 45900000,
  "u": 100000000
}
