{
  "b": 4.896785736083984,
  "c": 10.863297462463379,
  "d": 7.117006778717041,
  "e": 15.789252281188965,
  "f": 51522512,
  "g": 113591400,
  "h": 79039504,
  "i": 174455392,
  "j": 50926572,
  "k": 112978296,
  "l": 78287072,
  "m": 173681776,
  "n": 595941,
  "o": 613089,
  "p": 752436,
  "q": 773603,
  "r": 2088653,
  "s": 4596760,
  "t": 3113580,
  "u": 6861555
}
