{
  "b": 4.896785736083984,
  "c": 10.863297462463379,
  "d": 7.117006778717041,
  "e": 15.789252281188965,
  "f": 51500000,
  "g": 114000000,
  "h": 79000000,
  "i": 174000000,
  "j": 50900000,
  "k": 113000000,
  "l": 78300000,
  "m": 174000000,
  "n": 605000,
  "o": 605000,
  "p": 763000,
  "q": 763000,
  "r": 2090000,
  "s": 4600000,
  "t": 3110000,
  "u": 6860000
}
