{
  "b": 7.709109783172607,
  "c": 17.01498031616211,
  "d": 10.331279754638672,
  "e": 22.8039493560791,
  "f": 81400000,
  "g": 178000000,
  "h": 115000000,
  "i": 252000000,
  "j": 80200000,
  "k": 177000000,
  "l": 114000000,
  "m": 251000000,
  "n": 1240000,
  "o": 1240000,
  "p": 1500000,
  "q": 1500000,
  "r": 12700000,
  "s": 27900000,
  "t": 18400000,
  "u": 40300000
}
