{
  "b": 7.709109783172607,
  "c": 17.01498031616211,
  "d": 10.331279754638672,
  "e": 22.8039493560791,
  "f": 81389840,
  "g": 178218320,
  "h": 115118608,
  "i": 252375296,
  "j": 80174744,
  "k": 176955792,
  "l": 113644080,
  "m": 250843440,
  "n": 1215095,
  "o": 1262521,
  "p": 1474525,
  "q": 1531852,
  "r": 12730695,
  "s": 27903274,
  "t": 18380704,
  "u": 40337608
}
