{
  "b": 1.1706420183181763,
  "c": 2.576817750930786,
  "d": 1.7144575119018555,
  "e": 3.774118185043335,
  "f": 12372396,
  "g": 27004818,
  "h": 19105272,
  "i": 41771656,
  "j": 12174677,
  "k": 26798904,
  "l": 18859032,
  "m": 41515300,
  "n": 197720,
  "o": 205913,
  "p": 246244,
  "q": 256356,
  "r": 823079,
  "s": 1800419,
  "t": 1294809,
  "u": 2837342
}
