{
  "b": 5.611694812774658,
  "c": 12.356819152832031,
  "d": 7.1412858963012695,
  "e": 15.725914001464844,
  "f": 59200000,
  "g": 129000000,
  "h": 79500000,
  "i": 174000000,
  "j": 58400000,
  "k": 129000000,
  "l": 78600000,
  "m": 173000000,
  "n": 828000,
  "o": 828000,
  "p": 988000,
  "q": 988000,
  "r": 18700000,
  "s": 40900000,
  "t": 25400000,
  "u": 55500000
}

