{
  "b": 8.426347732543945,
  "c": 18.500513076782227,
  "d": 14.278155326843262,
  "e": 31.35051727294922,
  "f": 89044920,
  "g": 193869712,
  "h": 159089104,
  "i": 346961248,
  "j": 87634016,
  "k": 192405344,
  "l": 157059712,
  "m": 344855680,
  "n": 1410900,
  "o": 1464376,
  "p": 2029383,
  "q": 2105601,
  "r": 24772144,
  "s": 53981708,
  "t": 45881248,
  "u": 100151368
}
