{
  "b": 0.23073764145374298,
  "c": 0.5106792449951172,
  "d": 0.30136239528656006,
  "e": 0.6670190691947937,
  "f": 2440000,
  "g": 5360000,
  "h": 3370000,
  "i": 7390000,
  "j": 2400000,
  "k": 5310000,
  "l": 3310000,
  "m": 7340000,
  "n": 44300,
  "o": 44300,
  "p": 52200,
  "q": 52200,
  "r": 207000,
  "s": 456000,
  "t": 299000,
  "u": 659000
}
