{
  "b": 0.21046648919582367,
  "c": 0.4662312865257263,
  "d": 0.2591646909713745,
  "e": 0.5741356611251831,
  "f": 2227495,
  "g": 4889848,
  "h": 2896441,
  "i": 6363940,
  "j": 2188852,
  "k": 4848806,
  "l": 2850812,
  "m": 6315492,
  "n": 38644,
  "o": 41042,
  "p": 45629,
  "q": 48447,
  "r": 38281,
  "s": 83868,
  "t": 49127,
  "u": 107817
}
