{
  "b": 5.801961898803711,
  "c": 11.973806381225586,
  "d": 8.907658576965332,
  "e": 18.385711669921875,
  "f": 61400000,
  "g": 126000000,
  "h": 99300000,
  "i": 204000000,
  "j": 60300000,
  "k": 125000000,
  "l": 98000000,
  "m": 202000000,
  "n": 1010000,
  "o": 1010000,
  "p": 1310000,
  "q": 1310000,
  "r": 2460000,
  "s": 5030000,
  "t": 4010000,
  "u": 8220000
}
