{
  "b": 0.21046648919582367,
  "c": 0.4662312865257263,
  "d": 0.2591646909713745,
  "e": 0.5741356611251831,
  "f": 2230000,
  "g": 4890000,
  "h": 2900000,
  "i": 6360000,
  "j": 2190000,
  "k": 4850000,
  "l": 2850000,
  "m": 6320000,
  "n": 39800,
  "o": 39800,
  "p": 47000,
  "q": 47000,
  "r": 38300,
  "s": 83900,
  "t": 49100,
  "u": 108000
}
