{
  "b": 0.23073764145374298,
  "c": 0.5106792449951172,
  "d": 0.30136239528656006,
  "e": 0.6670190691947937,
  "f": 2442692,
  "g": 5356742,
  "h": 3365634,
  "i": 7390991,
  "j": 2399672,
  "k": 5311064,
  "l": 3314986,
  "m": 7337210,
  "n": 43020,
  "o": 45678,
  "p": 50647,
  "q": 53781,
  "r": 207247,
  "s": 456031,
  "t": 299097,
  "u": 659236
}
