{
  "b": 20.35458755493164,
  "c": 44.63314437866211,
  "d": 29.072134017944336,
  "e": 63.75455856323242,
  "f": 215000000,
  "g": 467000000,
  "h": 324000000,
  "i": 705000000,
  "j": 212000000,
  "k": 464000000,
  "l": 320000000,
  "m": 701000000,
  "n": 2920000,
  "o": 2920000,
  "p": 3790000,
  "q": 3790000,
  "r": 62200000,
  "s": 135000000,
  "t": 93400000,
  "u": 204000000
}
