{
  "b": 20.35458755493164,
  "c": 44.63314437866211,
  "d": 29.072134017944336,
  "e": 63.75455856323242,
  "f": 214577152,
  "g": 467144800,
  "h": 323542464,
  "i": 705139328,
  "j": 211687712,
  "k": 464184704,
  "l": 319793472,
  "m": 701300160,
  "n": 2889437,
  "o": 2960112,
  "p": 3748932,
  "q": 3839191,
  "r": 62198040,
  "s": 135308272,
  "t": 93448184,
  "u": 203537600
}
