{
  "b": 0.0903540775179863,
  "c": 0.19448530673980713,
  "d": 0.12341692298650742,
  "e": 0.26569685339927673,
  "f": 955040,
  "g": 2038283,
  "h": 1376583,
  "i": 2942003,
  "j": 939682,
  "k": 2022647,
  "l": 1357586,
  "m": 2922665,
  "n": 15358,
  "o": 15636,
  "p": 18996,
  "q": 19338,
  "r": 198966,
  "s": 426131,
  "t": 291661,
  "u": 625492
}
