{
  "b": 0.0903540775179863,
  "c": 0.19448530673980713,
  "d": 0.12341692298650742,
  "e": 0.26569685339927673,
  "f": 955000,
  "g": 2040000,
  "h": 1380000,
  "i": 2940000,
  "j": 940000,
  "k": 2020000,
  "l": 1360000,
  "m": 2920000,
  "n": 15500,
  "o": 15500,
  "p": 19200,
  "q": 19200,
  "r": 199000,
  "s": 426000,
  "t": 292000,
  "u": 625000
}
