{
  "b": 5.801961898803711,
  "c": 11.973806381225586,
  "d": 8.907658576965332,
  "e": 18.385711669921875,
  "f": 61357624,
  "g": 125536520,
  "h": 99297392,
  "i": 203545248,
  "j": 60340404,
  "k": 124527584,
  "l": 97984240,
  "m": 202242832,
  "n": 1017216,
  "o": 1008920,
  "p": 1313158,
  "q": 1302404,
  "r": 2459346,
  "s": 5034255,
  "t": 4007017,
  "u": 8219334
}
