{
  "b": 18.72502899169922,
  "c": 41.09492111206055,
  "d": 26.972522735595703,
  "e": 59.19948959350586,
  "f": 197000000,
  "g": 430000000,
  "h": 300000000,
  "i": 654000000,
  "j": 195000000,
  "k": 427000000,
  "l": 297000000,
  "m": 651000000,
  "n": 2350000,
  "o": 2350000,
  "p": 3070000,
  "q": 3070000,
  "r": 117000000,
  "s": 255000000,
  "t": 182000000,
  "u": 398000000
}
