{
  "b": 3.029433012008667,
  "c": 6.695093631744385,
  "d": 3.8048079013824463,
  "e": 8.409157752990723,
  "f": 32001718,
  "g": 70148184,
  "h": 42451124,
  "i": 93127240,
  "j": 31506104,
  "k": 69628976,
  "l": 41852888,
  "m": 92500736,
  "n": 495613,
  "o": 519204,
  "p": 598232,
  "q": 626518,
  "r": 3233583,
  "s": 7090412,
  "t": 4374802,
  "u": 9602590
}
