{
  "b": 18.72502899169922,
  "c": 41.09492111206055,
  "d": 26.972522735595703,
  "e": 59.19948959350586,
  "f": 197074736,
  "g": 429761184,
  "h": 299747264,
  "i": 654294080,
  "j": 194740304,
  "k": 427387168,
  "l": 296697760,
  "m": 651194368,
  "n": 2334428,
  "o": 2373963,
  "p": 3049548,
  "q": 3099695,
  "r": 116575696,
  "s": 254536512,
  "t": 181902752,
  "u": 397531008
}
