{
  "b": 0.2814393639564514,
  "c": 0.6223044991493225,
  "d": 0.3652353584766388,
  "e": 0.8076375722885132,
  "f": 2975135,
  "g": 6522613,
  "h": 4076194,
  "i": 8945618,
  "j": 2926970,
  "k": 6471967,
  "l": 4017589,
  "m": 8884013,
  "n": 48165,
  "o": 50646,
  "p": 58604,
  "q": 61606,
  "r": 381387,
  "s": 839464,
  "t": 549275,
  "u": 1210251
}
