{
  "b": 3.029433012008667,
  "c": 6.695093631744385,
  "d": 3.8048079013824463,
  "e": 8.409157752990723,
  "f": 32000000,
  "g": 70100000,
  "h": 42500000,
  "i": 93100000,
  "j": 31500000,
  "k": 69600000,
  "l": 41900000,
  "m": 92500000,
  "n": 507000,
  "o": 507000,
  "p": 612000,
  "q": 612000,
  "r": 3230000,
  "s": 7090000,
  "t": 4370000,
  "u": 9600000
}
