{
  "b": 1.3363056182861328,
  "c": 2.9184629917144775,
  "d": 1.7616970539093018,
  "e": 3.847879648208618,
  "f": 14100000,
  "g": 30600000,
  "h": 19700000,
  "i": 42600000,
  "j": 13900000,
  "k": 30400000,
  "l": 19400000,
  "m": 42300000,
  "n": 225000,
  "o": 225000,
  "p": 289000,
  "q": 289000,
  "r": 1890000,
  "s": 4110000,
  "t": 2720000,
  "u": 5900000
}
