{
  "b": 1.3363056182861328,
  "c": 2.9184629917144775,
  "d": 1.7616970539093018,
  "e": 3.847879648208618,
  "f": 14119125,
  "g": 30579908,
  "h": 19663518,
  "i": 42619616,
  "j": 13897579,
  "k": 30352014,
  "l": 19378668,
  "m": 42326676,
  "n": 221544,
  "o": 227894,
  "p": 284850,
  "q": 292944,
  "r": 1892806,
  "s": 4108932,
  "t": 2715334,
  "u": 5899600
}
