{
  "b": 0.2814393639564514,
  "c": 0.6223044991493225,
  "d": 0.3652353584766388,
  "e": 0.8076375722885132,
  "f": 2980000,
  "g": 6520000,
  "h": 4080000,
  "i": 8950000,
  "j": 2930000,
  "k": 6470000,
  "l": 4020000,
  "m": 8880000,
  "n": 49400,
  "o": 49400,
  "p": 60100,
  "q": 60100,
  "r": 381000,
  "s": 839000,
  "t": 549000,
  "u": 1210000
}
