{
  "b": 0.7698642015457153,
  "c": 1.700340986251831,
  "d": 0.8554396629333496,
  "e": 1.889307975769043,
  "f": 8160000,
  "g": 17800000,
  "h": 9590000,
  "i": 21000000,
  "j": 8010000,
  "k": 17700000,
  "l": 9410000,
  "m": 20800000,
  "n": 155000,
  "o": 155000,
  "p": 182000,
  "q": 182000,
  "r": 432000,
  "s": 946000,
  "t": 518000,
  "u": 1140000
}
