{
  "b": 38.69535827636719,
  "c": 82.48033142089844,
  "d": 49.12721633911133,
  "e": 104.72666931152344,
  "f": 409000000,
  "g": 864000000,
  "h": 549000000,
  "i": 1160000000,
  "j": 402000000,
  "k": 858000000,
  "l": 540000000,
  "m": 1150000000,
  "n": 6530000,
  "o": 6530000,
  "p": 8380000,
  "q": 8380000,
  "r": 135000000,
  "s": 286000000,
  "t": 184000000,
  "u": 389000000
}
