{
  "b": 9.799983024597168,
  "c": 21.400806427001953,
  "d": 12.62615966796875,
  "e": 27.57505989074707,
  "f": 103570184,
  "g": 224271216,
  "h": 140957312,
  "i": 305461184,
  "j": 101919824,
  "k": 222568384,
  "l": 138887760,
  "m": 303325664,
  "n": 1650365,
  "o": 1702838,
  "p": 2069546,
  "q": 2135511,
  "r": 21224524,
  "s": 45977364,
  "t": 29236138,
  "u": 63393304
}
