{
  "b": 0.7698642015457153,
  "c": 1.700340986251831,
  "d": 0.8554396629333496,
  "e": 1.889307975769043,
  "f": 8156978,
  "g": 17843972,
  "h": 9586415,
  "i": 20970752,
  "j": 8006588,
  "k": 17683546,
  "l": 9409836,
  "m": 20782388,
  "n": 150389,
  "o": 160426,
  "p": 176579,
  "q": 188364,
  "r": 431844,
  "s": 945812,
  "t": 518472,
  "u": 1136306
}
