{
  "b": 9.799983024597168,
  "c": 21.400806427001953,
  "d": 12.62615966796875,
  "e": 27.57505989074707,
  "f": 104000000,
  "g": 224000000,
  "h": 141000000,
  "i": 305000000,
  "j": 102000000,
  "k": 223000000,
  "l": 139000000,
  "m": 303000000,
  "n": 1680000,
  "o": 1680000,
  "p": 2100000,
  "q": 2100000,
  "r": 21200000,
  "s": 46000000,
  "t": 29200000,
  "u": 63400000
}
