{
  "b": 4.141630172729492,
  "c": 9.072537422180176,
  "d": 5.5639190673828125,
  "e": 12.188630104064941,
  "f": 43745168,
  "g": 95048440,
  "h": 62062756,
  "i": 134962416,
  "j": 43072956,
  "k": 94354392,
  "l": 61203108,
  "m": 134074928,
  "n": 672214,
  "o": 694044,
  "p": 859654,
  "q": 887499,
  "r": 11925657,
  "s": 25909528,
  "t": 16897086,
  "u": 36746180
}
