{
  "b": 11.146330833435059,
  "c": 23.575571060180664,
  "d": 14.607996940612793,
  "e": 30.899394989013672,
  "f": 118000000,
  "g": 247000000,
  "h": 163000000,
  "i": 342000000,
  "j": 116000000,
  "k": 245000000,
  "l": 161000000,
  "m": 340000000,
  "n": 1860000,
  "o": 1860000,
  "p": 2450000,
  "q": 2450000,
  "r": 11500000,
  "s": 24100000,
  "t": 16100000,
  "u": 33800000
}
