{
  "b": 2.925806999206543,
  "c": 6.349246025085449,
  "d": 4.075727939605713,
  "e": 8.846789360046387,
  "f": 31000000,
  "g": 66600000,
  "h": 45500000,
  "i": 98000000,
  "j": 30400000,
  "k": 66000000,
  "l": 44800000,
  "m": 97300000,
  "n": 535000,
  "o": 535000,
  "p": 688000,
  "q": 688000,
  "r": 5540000,
  "s": 11900000,
  "t": 7930000,
  "u": 17100000
}
