{
  "b": 11.146330833435059,
  "c": 23.575571060180664,
  "d": 14.607996940612793,
  "e": 30.899394989013672,
  "f": 117782864,
  "g": 247046912,
  "h": 163133840,
  "i": 342339168,
  "j": 115921840,
  "k": 245185936,
  "l": 160687968,
  "m": 339893344,
  "n": 1861013,
  "o": 1860944,
  "p": 2445859,
  "q": 2445791,
  "r": 11480582,
  "s": 24075016,
  "t": 16127906,
  "u": 33845200
}
