{
  "b": 161.30191040039062,
  "c": 332.2520751953125,
  "d": 201.86553955078125,
  "e": 415.87750244140625,
  "f": 1706849536,
  "g": 3484452608,
  "h": 2256706048,
  "i": 4610492416,
  "j": 1677539840,
  "k": 3455421696,
  "l": 2220520960,
  "m": 4574652416,
  "n": 29309866,
  "o": 29031144,
  "p": 36185212,
  "q": 35840732,
  "r": 1218881280,
  "s": 2489222912,
  "t": 1615889792,
  "u": 3303160576
}
