{
  "b": 0.09458356350660324,
  "c": 0.2049647867679596,
  "d": 0.08543194085359573,
  "e": 0.18515558540821075,
  "f": 1000000,
  "g": 2150000,
  "h": 958000,
  "i": 2060000,
  "j": 984000,
  "k": 2130000,
  "l": 940000,
  "m": 2040000,
  "n": 16300,
  "o": 16300,
  "p": 18400,
  "q": 18400,
  "r": 53900,
  "s": 116000,
  "t": 51900,
  "u": 111000
}
