{
  "b": 2.37931227684021,
  "c": 5.181201457977295,
  "d": 2.928126811981201,
  "e": 6.3766021728515625,
  "f": 25168800,
  "g": 54322000,
  "h": 32726860,
  "i": 70676672,
  "j": 24744848,
  "k": 53884496,
  "l": 32209394,
  "m": 70142624,
  "n": 423951,
  "o": 437503,
  "p": 517463,
  "q": 534052,
  "r": 2974949,
  "s": 6416826,
  "t": 3876422,
  "u": 8370021
}
