{
  "b": 2.37931227684021,
  "c": 5.181201457977295,
  "d": 2.928126811981201,
  "e": 6.3766021728515625,
  "f": 25200000,
  "g": 54300000,
  "h": 32700000,
  "i": 70700000,
  "j": 24700000,
  "k": 53900000,
  "l": 32200000,
  "m": 70100000,
  "n": 431000,
  "o": 431000,
  "p": 526000,
  "q": 526000,
  "r": 2970000,
  "s": 6420000,
  "t": 3880000,
  "u": 8370000
}
