{
  "b": 2.925806999206543,
  "c": 6.349246025085449,
  "d": 4.075727939605713,
  "e": 8.846789360046387,
  "f": 30954828,
  "g": 66576100,
  "h": 45509416,
  "i": 98013416,
  "j": 30428394,
  "k": 66032160,
  "l": 44833008,
  "m": 97314688,
  "n": 526436,
  "o": 543934,
  "p": 676409,
  "q": 698728,
  "r": 5536524,
  "s": 11912609,
  "t": 7932113,
  "u": 17092320
}
