{
  "b": 0.09458356350660324,
  "c": 0.2049647867679596,
  "d": 0.08543194085359573,
  "e": 0.18515558540821075,
  "f": 999761,
  "g": 2148136,
  "h": 957939,
  "i": 2055361,
  "j": 983669,
  "k": 2131634,
  "l": 939751,
  "m": 2036712,
  "n": 16092,
  "o": 16502,
  "p": 18187,
  "q": 18649,
  "r": 53898,
  "s": 115857,
  "t": 51859,
  "u": 111377
}
