{
  "b": 1.2605841159820557,
  "c": 2.742724895477295,
  "d": 1.5705759525299072,
  "e": 3.417583703994751,
  "f": 13300000,
  "g": 28800000,
  "h": 17600000,
  "i": 37900000,
  "j": 13100000,
  "k": 28500000,
  "l": 17300000,
  "m": 37600000,
  "n": 234000,
  "o": 234000,
  "p": 280000,
  "q": 280000,
  "r": 1060000,
  "s": 2280000,
  "t": 1400000,
  "u": 3030000
}
