{
  "b": 64.1558609008789,
  "c": 135.37315368652344,
  "d": 92.57389831542969,
  "e": 195.34869384765625,
  "f": 679000000,
  "g": 1420000000,
  "h": 1030000000,
  "i": 2170000000,
  "j": 667000000,
  "k": 1410000000,
  "l": 1020000000,
  "m": 2150000000,
  "n": 11800000,
  "o": 11800000,
  "p": 16500000,
  "q": 16500000,
  "r": 366000000,
  "s": 764000000,
  "t": 569000000,
  "u": 1190000000
}
