{
  "b": 1.8959128856658936,
  "c": 4.134665012359619,
  "d": 2.4534428119659424,
  "e": 5.351069450378418,
  "f": 20000000,
  "g": 43300000,
  "h": 27400000,
  "i": 59300000,
  "j": 19700000,
  "k": 43000000,
  "l": 27000000,
  "m": 58900000,
  "n": 334000,
  "o": 334000,
  "p": 410000,
  "q": 410000,
  "r": 1520000,
  "s": 3300000,
  "t": 2090000,
  "u": 4530000
}
