{
  "b": 0.29686784744262695,
  "c": 0.6513321399688721,
  "d": 0.38536500930786133,
  "e": 0.8455452919006348,
  "f": 3140000,
  "g": 6830000,
  "h": 4300000,
  "i": 9370000,
  "j": 3090000,
  "k": 6770000,
  "l": 4240000,
  "m": 9300000,
  "n": 55900,
  "o": 55900,
  "p": 66900,
  "q": 66900,
  "r": 148000,
  "s": 322000,
  "t": 208000,
  "u": 454000
}
