{
  "b": 0.014489061199128628,
  "c": 0.03132414072751999,
  "d": 0.012793373316526413,
  "e": 0.027661675587296486,
  "f": 153000,
  "g": 328000,
  "h": 144000,
  "i": 307000,
  "j": 151000,
  "k": 326000,
  "l": 141000,
  "m": 304000,
  "n": 2630,
  "o": 2630,
  "p": 3010,
  "q": 3010,
  "r": 7620,
  "s": 16400,
  "t": 7450,
  "u": 16000
}
