{
  "b": 0.29686784744262695,
  "c": 0.6513321399688721,
  "d": 0.38536500930786133,
  "e": 0.8455452919006348,
  "f": 3141845,
  "g": 6831225,
  "h": 4304177,
  "i": 9369700,
  "j": 3087426,
  "k": 6773855,
  "l": 4239015,
  "m": 9300998,
  "n": 54420,
  "o": 57369,
  "p": 65162,
  "q": 68702,
  "r": 147714,
  "s": 321904,
  "t": 208154,
  "u": 454227
}
