{
  "b": 1.8959128856658936,
  "c": 4.134665012359619,
  "d": 2.4534428119659424,
  "e": 5.351069450378418,
  "f": 20045772,
  "g": 43340584,
  "h": 27390768,
  "i": 59279148,
  "j": 19717494,
  "k": 43000516,
  "l": 26987872,
  "m": 58861764,
  "n": 328280,
  "o": 340067,
  "p": 402896,
  "q": 417390,
  "r": 1523412,
  "s": 3297148,
  "t": 2092095,
  "u": 4533559
}
