{
  "b": 64.1558609008789,
  "c": 135.37315368652344,
  "d": 92.57389831542969,
  "e": 195.34869384765625,
  "f": 679008960,
  "g": 1419645952,
  "h": 1034841088,
  "i": 2165333248,
  "j": 667220992,
  "k": 1407880832,
  "l": 1018312896,
  "m": 2148835584,
  "n": 11787951,
  "o": 11765186,
  "p": 16528220,
  "q": 16497584,
  "r": 365671488,
  "s": 764351872,
  "t": 568725568,
  "u": 1190034816
}
