{
  "b": 1.2605841159820557,
  "c": 2.742724895477295,
  "d": 1.5705759525299072,
  "e": 3.417583703994751,
  "f": 13339730,
  "g": 28763164,
  "h": 17551060,
  "i": 37879132,
  "j": 13110075,
  "k": 28524340,
  "l": 17276336,
  "m": 37593420,
  "n": 229655,
  "o": 238829,
  "p": 274724,
  "q": 285711,
  "r": 1057698,
  "s": 2281585,
  "t": 1402083,
  "u": 3028272
}
