{
  "b": 21.202173233032227,
  "c": 43.80908203125,
  "d": 29.527488708496094,
  "e": 61.01531982421875,
  "f": 224260400,
  "g": 459298496,
  "h": 329753536,
  "i": 676022208,
  "j": 220502592,
  "k": 455614464,
  "l": 324802368,
  "m": 671168512,
  "n": 3757812,
  "o": 3684003,
  "p": 4951136,
  "q": 4853681,
  "r": 28967728,
  "s": 59356336,
  "t": 42215128,
  "u": 86599216
}
