{
  "b": 2050.664306640625,
  "c": 4057.408203125,
  "d": 2225.5517578125,
  "e": 4403.16455078125,
  "f": 21667969024,
  "g": 42532642816,
  "h": 24833540096,
  "i": 48781709312,
  "j": 21326909440,
  "k": 42197045248,
  "l": 24481069056,
  "m": 48434810880,
  "n": 341058368,
  "o": 335595136,
  "p": 352473376,
  "q": 346894720,
  "r": 4194960640,
  "s": 8217545728,
  "t": 4875710464,
  "u": 9559121920
}
