{
  "b": 2050.664306640625,
  "c": 4057.408203125,
  "d": 2225.5517578125,
  "e": 4403.16455078125,
  "f": 21700000000,
  "g": 42500000000,
  "h": 24800000000,
  "i": 48800000000,
  "j": 21300000000,
  "k": 42200000000,
  "l": 24500000000,
  "m": 48400000000,
  "n": 338000000,
  "o": 338000000,
  "p": 350000000,
  "q": 350000000,
  "r": 4190000000,
  "s": 8220000000,
  "t": 4880000000,
  "u": 9560000000
}
