{
  "b": 130.56321716308594,
  "c": 260.357177734375,
  "d": 164.83151245117188,
  "e": 328.6766662597656,
  "f": 1380000000,
  "g": 2730000000,
  "h": 1840000000,
  "i": 3640000000,
  "j": 1360000000,
  "k": 2710000000,
  "l": 1810000000,
  "m": 3620000000,
  "n": 22600000,
  "o": 22600000,
  "p": 26700000,
  "q": 26700000,
  "r": 27700000,
  "s": 54700000,
  "t": 40300000,
  "u": 79700000
}
