{
  "b": 163.92864990234375,
  "c": 333.7144775390625,
  "d": 186.77239990234375,
  "e": 380.19696044921875,
  "f": 1730000000,
  "g": 3500000000,
  "h": 2080000000,
  "i": 4210000000,
  "j": 1700000000,
  "k": 3470000000,
  "l": 2050000000,
  "m": 4180000000,
  "n": 27500000,
  "o": 27500000,
  "p": 28500000,
  "q": 28500000,
  "r": 433000000,
  "s": 875000000,
  "t": 505000000,
  "u": 1020000000
}
