{
  "b": 54.216270446777344,
  "c": 113.02900695800781,
  "d": 63.19544982910156,
  "e": 131.7433624267578,
  "f": 573000000,
  "g": 1190000000,
  "h": 705000000,
  "i": 1460000000,
  "j": 564000000,
  "k": 1180000000,
  "l": 695000000,
  "m": 1450000000,
  "n": 9360000,
  "o": 9360000,
  "p": 10000000,
  "q": 10000000,
  "r": 6720000,
  "s": 13800000,
  "t": 8990000,
  "u": 18600000
}
