{
  "b": 54.216270446777344,
  "c": 113.02900695800781,
  "d": 63.19544982910156,
  "e": 131.7433624267578,
  "f": 573061184,
  "g": 1185001472,
  "h": 705034368,
  "i": 1459370752,
  "j": 563849216,
  "k": 1175501696,
  "l": 695149952,
  "m": 1449176960,
  "n": 9211946,
  "o": 9499582,
  "p": 9884486,
  "q": 10193494,
  "r": 6716514,
  "s": 13839678,
  "t": 8994383,
  "u": 18562944
}
