{
  "b": 163.92864990234375,
  "c": 333.7144775390625,
  "d": 186.77239990234375,
  "e": 380.19696044921875,
  "f": 1732269824,
  "g": 3498251776,
  "h": 2082893568,
  "i": 4210781952,
  "j": 1704857984,
  "k": 3470630656,
  "l": 2054496384,
  "m": 4182166528,
  "n": 27411778,
  "o": 27620906,
  "p": 28397332,
  "q": 28615320,
  "r": 433272384,
  "s": 875403776,
  "t": 505062816,
  "u": 1021719872
}
