{
  "b": 130.56321716308594,
  "c": 260.357177734375,
  "d": 164.83151245117188,
  "e": 328.6766662597656,
  "f": 1380547456,
  "g": 2730226688,
  "h": 1839982336,
  "i": 3642074112,
  "j": 1357857408,
  "k": 2707714560,
  "l": 1813146624,
  "m": 3615443200,
  "n": 22689964,
  "o": 22511976,
  "p": 26835604,
  "q": 26630188,
  "r": 27699376,
  "s": 54691948,
  "t": 40335884,
  "u": 79737792
}
