{
  "b": 364.2275695800781,
  "c": 736.1278686523438,
  "d": 432.63519287109375,
  "e": 874.3394165039062,
  "f": 3852386560,
  "g": 7720487936,
  "h": 4832996352,
  "i": 9692149760,
  "j": 3787966720,
  "k": 7655729664,
  "l": 4758987264,
  "m": 9617733632,
  "n": 64420088,
  "o": 64759004,
  "p": 74009704,
  "q": 74416008,
  "r": 241805824,
  "s": 483405248,
  "t": 313439648,
  "u": 627159680
}
