{
  "b": 646.3401489257812,
  "c": 1299.787841796875,
  "d": 873.09423828125,
  "e": 1755.722412109375,
  "f": 6843932672,
  "g": 13640692736,
  "h": 9746724864,
  "i": 19456759808,
  "j": 6721937408,
  "k": 13517793280,
  "l": 9604036608,
  "m": 19312947200,
  "n": 121995616,
  "o": 122899944,
  "p": 142688048,
  "q": 143809648,
  "r": 424628352,
  "s": 843271744,
  "t": 632648576,
  "u": 1259051648
}
