{
  "b": 46.96289825439453,
  "c": 100.22367858886719,
  "d": 53.14393997192383,
  "e": 113.41051483154297,
  "f": 496000000,
  "g": 1050000000,
  "h": 593000000,
  "i": 1260000000,
  "j": 488000000,
  "k": 1040000000,
  "l": 585000000,
  "m": 1250000000,
  "n": 8250000,
  "o": 8250000,
  "p": 9000000,
  "q": 9000000,
  "r": 7050000,
  "s": 14900000,
  "t": 9310000,
  "u": 19700000
}
