{
  "b": 221.01031494140625,
  "c": 456.156494140625,
  "d": 281.23907470703125,
  "e": 580.4364624023438,
  "f": 2340000000,
  "g": 4780000000,
  "h": 3140000000,
  "i": 6430000000,
  "j": 2300000000,
  "k": 4740000000,
  "l": 3090000000,
  "m": 6380000000,
  "n": 37500000,
  "o": 37500000,
  "p": 42800000,
  "q": 42800000,
  "r": 108000000,
  "s": 220000000,
  "t": 157000000,
  "u": 321000000
}
