{
  "b": 46.96289825439453,
  "c": 100.22367858886719,
  "d": 53.14393997192383,
  "e": 113.41051483154297,
  "f": 496447200,
  "g": 1050796352,
  "h": 593348480,
  "i": 1256756864,
  "j": 488414144,
  "k": 1042326272,
  "l": 584583360,
  "m": 1247515648,
  "n": 8033026,
  "o": 8469916,
  "p": 8765143,
  "q": 9241269,
  "r": 7051326,
  "s": 14880601,
  "t": 9312422,
  "u": 19670920
}
