{
  "b": 646.3401489257812,
  "c": 1299.787841796875,
  "d": 873.09423828125,
  "e": 1755.722412109375,
  "f": 6840000000,
  "g": 13600000000,
  "h": 9750000000,
  "i": 19500000000,
  "j": 6720000000,
  "k": 13500000000,
  "l": 9600000000,
  "m": 19300000000,
  "n": 122000000,
  "o": 122000000,
  "p": 143000000,
  "q": 143000000,
  "r": 425000000,
  "s": 843000000,
  "t": 633000000,
  "u": 1260000000
}
