{
  "b": 171.51797485351562,
  "c": 352.0313720703125,
  "d": 191.34815979003906,
  "e": 392.7154846191406,
  "f": 1812817280,
  "g": 3690612480,
  "h": 2135439616,
  "i": 4350962176,
  "j": 1783787008,
  "k": 3661126144,
  "l": 2104829696,
  "m": 4319870464,
  "n": 29030150,
  "o": 29485842,
  "p": 30609992,
  "q": 31091508,
  "r": 55482376,
  "s": 112630640,
  "t": 70511408,
  "u": 143310416
}
