{
  "b": 364.2275695800781,
  "c": 736.1278686523438,
  "d": 432.63519287109375,
  "e": 874.3394165039062,
  "f": 3850000000,
  "g": 7720000000,
  "h": 4830000000,
  "i": 9690000000,
  "j": 3790000000,
  "k": 7660000000,
  "l": 4760000000,
  "m": 9620000000,
  "n": 64600000,
  "o": 64600000,
  "p": 74200000,
  "q": 74200000,
  "r": 242000000,
  "s": 483000000,
  "t": 313000000,
  "u": 627000000
}
