{
  "b": 221.01031494140625,
  "c": 456.156494140625,
  "d": 281.23907470703125,
  "e": 580.4364624023438,
  "f": 2335637504,
  "g": 4781992448,
  "h": 3135949568,
  "i": 6428074496,
  "j": 2298507264,
  "k": 4744027648,
  "l": 3093629952,
  "m": 6384801280,
  "n": 37130220,
  "o": 37964532,
  "p": 42319528,
  "q": 43272604,
  "r": 107990016,
  "s": 220325248,
  "t": 157071632,
  "u": 320925440
}
