{
  "b": 288.076171875,
  "c": 588.0809936523438,
  "d": 307.52752685546875,
  "e": 627.7576904296875,
  "f": 3044159232,
  "g": 6164702208,
  "h": 3430572032,
  "i": 6953594880,
  "j": 2995992320,
  "k": 6116042240,
  "l": 3382802944,
  "m": 6905334784,
  "n": 48167040,
  "o": 48659544,
  "p": 47769668,
  "q": 48259840,
  "r": 90333352,
  "s": 182696752,
  "t": 102295416,
  "u": 207127296
}
