{
  "b": 407.7707824707031,
  "c": 807.028076171875,
  "d": 552.0697631835938,
  "e": 1092.540283203125,
  "f": 4320000000,
  "g": 8470000000,
  "h": 6160000000,
  "i": 12100000000,
  "j": 4240000000,
  "k": 8390000000,
  "l": 6070000000,
  "m": 12000000000,
  "n": 74800000,
  "o": 74800000,
  "p": 88900000,
  "q": 88900000,
  "r": 220000000,
  "s": 430000000,
  "t": 335000000,
  "u": 656000000
}
