{
  "b": 8.958242416381836,
  "c": 18.907516479492188,
  "d": 9.461556434631348,
  "e": 19.96938133239746,
  "f": 94656984,
  "g": 198193232,
  "h": 105541720,
  "i": 221190464,
  "j": 93165720,
  "k": 196638176,
  "l": 104077120,
  "m": 219663200,
  "n": 1491251,
  "o": 1555072,
  "p": 1464593,
  "q": 1527272,
  "r": 272666,
  "s": 569000,
  "t": 336233,
  "u": 702593
}
