{
  "b": 407.7707824707031,
  "c": 807.028076171875,
  "d": 552.0697631835938,
  "e": 1092.540283203125,
  "f": 4316079104,
  "g": 8467472896,
  "h": 6162187264,
  "i": 12106347520,
  "j": 4240816128,
  "k": 8393092096,
  "l": 6072767488,
  "m": 12017942528,
  "n": 75262840,
  "o": 74380800,
  "p": 89420928,
  "q": 88405568,
  "r": 220259680,
  "s": 430346112,
  "t": 335329216,
  "u": 656471232
}
