{
  "b": 86.78077697753906,
  "c": 181.61863708496094,
  "d": 107.544189453125,
  "e": 225.0613250732422,
  "f": 917000000,
  "g": 1900000000,
  "h": 1200000000,
  "i": 2490000000,
  "j": 903000000,
  "k": 1890000000,
  "l": 1180000000,
  "m": 2480000000,
  "n": 15100000,
  "o": 15100000,
  "p": 17500000,
  "q": 17500000,
  "r": 37300000,
  "s": 77300000,
  "t": 53800000,
  "u": 112000000
}
