{
  "b": 70.72941589355469,
  "c": 146.39744567871094,
  "d": 84.62483215332031,
  "e": 175.1519317626953,
  "f": 748000000,
  "g": 1540000000,
  "h": 945000000,
  "i": 1940000000,
  "j": 736000000,
  "k": 1520000000,
  "l": 931000000,
  "m": 1930000000,
  "n": 12600000,
  "o": 12600000,
  "p": 14500000,
  "q": 14500000,
  "r": 17700000,
  "s": 36400000,
  "t": 23200000,
  "u": 47500000
}
