{
  "b": 8.958242416381836,
  "c": 18.907516479492188,
  "d": 9.461556434631348,
  "e": 19.96938133239746,
  "f": 94700000,
  "g": 198000000,
  "h": 106000000,
  "i": 221000000,
  "j": 93200000,
  "k": 197000000,
  "l": 104000000,
  "m": 220000000,
  "n": 1520000,
  "o": 1520000,
  "p": 1500000,
  "q": 1500000,
  "r": 273000,
  "s": 569000,
  "t": 336000,
  "u": 703000
}
