{
  "b": 70.72941589355469,
  "c": 146.39744567871094,
  "d": 84.62483215332031,
  "e": 175.1519317626953,
  "f": 748042240,
  "g": 1535332096,
  "h": 945176960,
  "i": 1941369856,
  "j": 735585920,
  "k": 1522533376,
  "l": 930873152,
  "m": 1926671232,
  "n": 12456414,
  "o": 12798532,
  "p": 14303819,
  "q": 14698526,
  "r": 17741514,
  "s": 36358272,
  "t": 23170616,
  "u": 47529104
}
