{
  "b": 288.076171875,
  "c": 588.0809936523438,
  "d": 307.52752685546875,
  "e": 627.7576904296875,
  "f": 3040000000,
  "g": 6160000000,
  "h": 3430000000,
  "i": 6950000000,
  "j": 3000000000,
  "k": 6120000000,
  "l": 3380000000,
  "m": 6910000000,
  "n": 48400000,
  "o": 48400000,
  "p": 48000000,
  "q": 48000000,
  "r": 90300000,
  "s": 183000000,
  "t": 102000000,
  "u": 207000000
}
