{
  "b": 32.04249954223633,
  "c": 67.17696380615234,
  "d": 33.118343353271484,
  "e": 69.42951965332031,
  "f": 339000000,
  "g": 704000000,
  "h": 370000000,
  "i": 770000000,
  "j": 333000000,
  "k": 699000000,
  "l": 364000000,
  "m": 764000000,
  "n": 5580000,
  "o": 5580000,
  "p": 6090000,
  "q": 6090000,
  "r": 3340000,
  "s": 6920000,
  "t": 4040000,
  "u": 8370000
}
