{
  "b": 58.3775634765625,
  "c": 121.00208282470703,
  "d": 63.577964782714844,
  "e": 131.77536010742188,
  "f": 617000000,
  "g": 1270000000,
  "h": 710000000,
  "i": 1460000000,
  "j": 607000000,
  "k": 1260000000,
  "l": 699000000,
  "m": 1450000000,
  "n": 9940000,
  "o": 9940000,
  "p": 10400000,
  "q": 10400000,
  "r": 8620000,
  "s": 17700000,
  "t": 10600000,
  "u": 21800000
}

