{
  "b": 95.340087890625,
  "c": 196.70896911621094,
  "d": 109.64656829833984,
  "e": 226.21942138671875,
  "f": 1007548032,
  "g": 2062100736,
  "h": 1223781888,
  "i": 2506431232,
  "j": 991536896,
  "k": 2045773312,
  "l": 1206112256,
  "m": 2488413696,
  "n": 16011036,
  "o": 16327293,
  "p": 17669618,
  "q": 18017698,
  "r": 20194462,
  "s": 41138560,
  "t": 26506394,
  "u": 54057324
}
