{
  "b": 139.402099609375,
  "c": 293.6860656738281,
  "d": 161.61903381347656,
  "e": 340.4799499511719,
  "f": 1473205120,
  "g": 3078723328,
  "h": 1802678016,
  "i": 3771173888,
  "j": 1449781760,
  "k": 3054334976,
  "l": 1777809408,
  "m": 3745279488,
  "n": 23423280,
  "o": 24388828,
  "p": 24868778,
  "q": 25894212,
  "r": 191389648,
  "s": 399977120,
  "t": 225130512,
  "u": 471054688
}
