{
  "b": 66.37478637695312,
  "c": 135.93667602539062,
  "d": 75.93842315673828,
  "e": 155.51699829101562,
  "f": 701733120,
  "g": 1425342336,
  "h": 848136064,
  "i": 1723686528,
  "j": 690297792,
  "k": 1413741440,
  "l": 835322688,
  "m": 1710686976,
  "n": 11435300,
  "o": 11600873,
  "p": 12813290,
  "q": 12999484,
  "r": 9039334,
  "s": 18314680,
  "t": 11980249,
  "u": 24297310
}
