{
  "b": 139.402099609375,
  "c": 293.6860656738281,
  "d": 161.61903381347656,
  "e": 340.4799499511719,
  "f": 1470000000,
  "g": 3080000000,
  "h": 1800000000,
  "i": 3770000000,
  "j": 1450000000,
  "k": 3050000000,
  "l": 1780000000,
  "m": 3750000000,
  "n": 23900000,
  "o": 23900000,
  "p": 25400000,
  "q": 25400000,
  "r": 191000000,
  "s": 400000000,
  "t": 225000000,
  "u": 471000000
}
