{
  "b": 32.04249954223633,
  "c": 67.17696380615234,
  "d": 33.118343353271484,
  "e": 69.42951965332031,
  "f": 338724896,
  "g": 704319552,
  "h": 370282592,
  "i": 769919168,
  "j": 333241984,
  "k": 698640384,
  "l": 364301792,
  "m": 763724736,
  "n": 5482911,
  "o": 5679101,
  "p": 5980779,
  "q": 6194454,
  "r": 3336511,
  "s": 6918550,
  "t": 4036940,
  "u": 8373622
}
