{
  "b": 66.37478637695312,
  "c": 135.93667602539062,
  "d": 75.93842315673828,
  "e": 155.51699829101562,
  "f": 702000000,
  "g": 1430000000,
  "h": 848000000,
  "i": 1720000000,
  "j": 690000000,
  "k": 1410000000,
  "l": 835000000,
  "m": 1710000000,
  "n": 11500000,
  "o": 11500000,
  "p": 12900000,
  "q": 12900000,
  "r": 9040000,
  "s": 18300000,
  "t": 12000000,
  "u": 24300000
}
