{
  "b": 95.340087890625,
  "c": 196.70896911621094,
  "d": 109.64656829833984,
  "e": 226.21942138671875,
  "f": 1010000000,
  "g": 2060000000,
  "h": 1220000000,
  "i": 2510000000,
  "j": 992000000,
  "k": 2050000000,
  "l": 1210000000,
  "m": 2490000000,
  "n": 16200000,
  "o": 16200000,
  "p": 17800000,
  "q": 17800000,
  "r": 20200000,
  "s": 41100000,
  "t": 26500000,
  "u": 54100000
}
