{
  "b": 609.6768188476562,
  "c": 1188.402099609375,
  "d": 709.1912231445312,
  "e": 1382.343017578125,
  "f": 6450000000,
  "g": 12500000000,
  "h": 7930000000,
  "i": 15300000000,
  "j": 6340000000,
  "k": 12400000000,
  "l": 7800000000,
  "m": 15200000000,
  "n": 112000000,
  "o": 112000000,
  "p": 127000000,
  "q": 127000000,
  "r": 1090000000,
  "s": 2110000000,
  "t": 1440000000,
  "u": 2790000000
}
