{
  "b": 609.6768188476562,
  "c": 1188.402099609375,
  "d": 709.1912231445312,
  "e": 1382.343017578125,
  "f": 6453356544,
  "g": 12469857280,
  "h": 7929279488,
  "i": 15331473408,
  "j": 6340638720,
  "k": 12359382016,
  "l": 7801103360,
  "m": 15205773312,
  "n": 112717336,
  "o": 110474976,
  "p": 128175248,
  "q": 125698896,
  "r": 1093934336,
  "s": 2110231808,
  "t": 1442656000,
  "u": 2785712128
}
