{
  "b": 53.8641357421875,
  "c": 112.38829803466797,
  "d": 63.19804382324219,
  "e": 131.8589630126953,
  "f": 569241792,
  "g": 1178173696,
  "h": 704447872,
  "i": 1460004992,
  "j": 560187008,
  "k": 1168838272,
  "l": 695178496,
  "m": 1450448640,
  "n": 9054802,
  "o": 9335442,
  "p": 9269326,
  "q": 9556387,
  "r": 8709074,
  "s": 18001572,
  "t": 11774757,
  "u": 24376772
}
