{
  "b": 53.8641357421875,
  "c": 112.38829803466797,
  "d": 63.19804382324219,
  "e": 131.8589630126953,
  "f": 569000000,
  "g": 1180000000,
  "h": 704000000,
  "i": 1460000000,
  "j": 560000000,
  "k": 1170000000,
  "l": 695000000,
  "m": 1450000000,
  "n": 9200000,
  "o": 9200000,
  "p": 9410000,
  "q": 9410000,
  "r": 8710000,
  "s": 18000000,
  "t": 11800000,
  "u": 24400000
}
