{
  "b": 218.33058166503906,
  "c": 441.3235168457031,
  "d": 285.8020935058594,
  "e": 577.68603515625,
  "f": 2310000000,
  "g": 4630000000,
  "h": 3190000000,
  "i": 6400000000,
  "j": 2270000000,
  "k": 4590000000,
  "l": 3140000000,
  "m": 6350000000,
  "n": 37900000,
  "o": 37900000,
  "p": 44400000,
  "q": 44400000,
  "r": 104000000,
  "s": 207000000,
  "t": 154000000,
  "u": 308000000
}
