{
  "b": 200.01806640625,
  "c": 418.42181396484375,
  "d": 243.2627716064453,
  "e": 508.8702697753906,
  "f": 2110000000,
  "g": 4390000000,
  "h": 2710000000,
  "i": 5640000000,
  "j": 2080000000,
  "k": 4350000000,
  "l": 2680000000,
  "m": 5600000000,
  "n": 34400000,
  "o": 34400000,
  "p": 37600000,
  "q": 37600000,
  "r": 115000000,
  "s": 239000000,
  "t": 158000000,
  "u": 327000000
}
