{
  "b": 257.0223083496094,
  "c": 507.40234375,
  "d": 292.4717102050781,
  "e": 577.3580322265625,
  "f": 2717867776,
  "g": 5321067008,
  "h": 3268277504,
  "i": 6401181184,
  "j": 2673031936,
  "k": 5276984320,
  "l": 3217188864,
  "m": 6350938112,
  "n": 44835952,
  "o": 44082368,
  "p": 51088776,
  "q": 50243416,
  "r": 96194440,
  "s": 187557008,
  "t": 123927632,
  "u": 241843968
}
