{
  "b": 90.15579223632812,
  "c": 186.17921447753906,
  "d": 100.17102813720703,
  "e": 206.85108947753906,
  "f": 953000000,
  "g": 1950000000,
  "h": 1120000000,
  "i": 2290000000,
  "j": 938000000,
  "k": 1940000000,
  "l": 1100000000,
  "m": 2280000000,
  "n": 15200000,
  "o": 15200000,
  "p": 16100000,
  "q": 16100000,
  "r": 187000000,
  "s": 383000000,
  "t": 216000000,
  "u": 442000000
}
