{
  "b": 135.8746337890625,
  "c": 279.98529052734375,
  "d": 162.57351684570312,
  "e": 334.9882507324219,
  "f": 1440000000,
  "g": 2940000000,
  "h": 1820000000,
  "i": 3710000000,
  "j": 1410000000,
  "k": 2910000000,
  "l": 1790000000,
  "m": 3680000000,
  "n": 23600000,
  "o": 23600000,
  "p": 27700000,
  "q": 27700000,
  "r": 33000000,
  "s": 67200000,
  "t": 46100000,
  "u": 94000000
}
