{
  "b": 260.7001953125,
  "c": 533.4874267578125,
  "d": 287.2566833496094,
  "e": 587.8004150390625,
  "f": 2760000000,
  "g": 5590000000,
  "h": 3210000000,
  "i": 6510000000,
  "j": 2710000000,
  "k": 5550000000,
  "l": 3160000000,
  "m": 6470000000,
  "n": 44000000,
  "o": 44000000,
  "p": 45700000,
  "q": 45700000,
  "r": 53100000,
  "s": 107000000,
  "t": 68300000,
  "u": 138000000
}
