{
  "b": 135.8746337890625,
  "c": 279.98529052734375,
  "d": 162.57351684570312,
  "e": 334.9882507324219,
  "f": 1436449664,
  "g": 2935666944,
  "h": 1815749504,
  "i": 3712861184,
  "j": 1413096192,
  "k": 2911846912,
  "l": 1788308608,
  "m": 3684870656,
  "n": 23353666,
  "o": 23820002,
  "p": 27440936,
  "q": 27990678,
  "r": 33016700,
  "s": 67244360,
  "t": 46106684,
  "u": 94001560
}
