{
  "b": 7.985252380371094,
  "c": 16.753257751464844,
  "d": 8.676539421081543,
  "e": 18.202978134155273,
  "f": 84392136,
  "g": 175629808,
  "h": 96923152,
  "i": 201769392,
  "j": 83046624,
  "k": 174233888,
  "l": 95441936,
  "m": 200232768,
  "n": 1345521,
  "o": 1395901,
  "p": 1481222,
  "q": 1536611,
  "r": 892023,
  "s": 1850654,
  "t": 1133374,
  "u": 2352898
}
