{
  "b": 14.7251558303833,
  "c": 30.379079818725586,
  "d": 16.140552520751953,
  "e": 33.297828674316406,
  "f": 156000000,
  "g": 319000000,
  "h": 180000000,
  "i": 369000000,
  "j": 153000000,
  "k": 316000000,
  "l": 178000000,
  "m": 366000000,
  "n": 2550000,
  "o": 2550000,
  "p": 2830000,
  "q": 2830000,
  "r": 1400000,
  "s": 2850000,
  "t": 1740000,
  "u": 3560000
}
