{
  "b": 14.7251558303833,
  "c": 30.379079818725586,
  "d": 16.140552520751953,
  "e": 33.297828674316406,
  "f": 155663488,
  "g": 318517504,
  "h": 180350448,
  "i": 369139744,
  "j": 153141616,
  "k": 315942432,
  "l": 177546080,
  "m": 366276096,
  "n": 2521873,
  "o": 2575073,
  "p": 2804407,
  "q": 2863747,
  "r": 1399067,
  "s": 2854587,
  "t": 1743493,
  "u": 3560405
}
