{
  "b": 7.985252380371094,
  "c": 16.753257751464844,
  "d": 8.676539421081543,
  "e": 18.202978134155273,
  "f": 84400000,
  "g": 176000000,
  "h": 96900000,
  "i": 202000000,
  "j": 83000000,
  "k": 174000000,
  "l": 95400000,
  "m": 200000000,
  "n": 1370000,
  "o": 1370000,
  "p": 1510000,
  "q": 1510000,
  "r": 892000,
  "s": 1850000,
  "t": 1130000,
  "u": 2350000
}
