{
  "b": 260.7001953125,
  "c": 533.4874267578125,
  "d": 287.2566833496094,
  "e": 587.8004150390625,
  "f": 2755027200,
  "g": 5592573952,
  "h": 3205210368,
  "i": 6511777280,
  "j": 2711282176,
  "k": 5548269056,
  "l": 3159823616,
  "m": 6465804800,
  "n": 43744696,
  "o": 44304916,
  "p": 45386836,
  "q": 45972236,
  "r": 53064096,
  "s": 107338760,
  "t": 68327456,
  "u": 138374048
}
