{
  "b": 204.24221801757812,
  "c": 426.2557067871094,
  "d": 227.6204376220703,
  "e": 475.02996826171875,
  "f": 2159650304,
  "g": 4469785088,
  "h": 2542242048,
  "i": 5265039360,
  "j": 2124119040,
  "k": 4433059328,
  "l": 2503824896,
  "m": 5225329664,
  "n": 35531360,
  "o": 36725944,
  "p": 38417700,
  "q": 39709684,
  "r": 67880920,
  "s": 139966496,
  "t": 85047456,
  "u": 175560608
}
