{
  "b": 165.22756958007812,
  "c": 334.2183837890625,
  "d": 184.35980224609375,
  "e": 372.8985900878906,
  "f": 1750000000,
  "g": 3500000000,
  "h": 2060000000,
  "i": 4130000000,
  "j": 1720000000,
  "k": 3480000000,
  "l": 2030000000,
  "m": 4100000000,
  "n": 27700000,
  "o": 27700000,
  "p": 29600000,
  "q": 29600000,
  "r": 425000000,
  "s": 853000000,
  "t": 496000000,
  "u": 996000000
}
