{
  "b": 46.827980041503906,
  "c": 96.83690643310547,
  "d": 51.31565475463867,
  "e": 106.11222076416016,
  "f": 495000000,
  "g": 1020000000,
  "h": 573000000,
  "i": 1180000000,
  "j": 487000000,
  "k": 1010000000,
  "l": 564000000,
  "m": 1170000000,
  "n": 8040000,
  "o": 8040000,
  "p": 8620000,
  "q": 8620000,
  "r": 4260000,
  "s": 8720000,
  "t": 5500000,
  "u": 11300000
}
