{
  "b": 25.1351375579834,
  "c": 51.4188232421875,
  "d": 28.711971282958984,
  "e": 58.733638763427734,
  "f": 265704096,
  "g": 539109760,
  "h": 320695936,
  "i": 650997184,
  "j": 261405424,
  "k": 534755776,
  "l": 315831680,
  "m": 646070016,
  "n": 4298692,
  "o": 4353988,
  "p": 4864262,
  "q": 4927188,
  "r": 2451951,
  "s": 4962490,
  "t": 3321937,
  "u": 6729057
}
