{
  "b": 25.1351375579834,
  "c": 51.4188232421875,
  "d": 28.711971282958984,
  "e": 58.733638763427734,
  "f": 266000000,
  "g": 539000000,
  "h": 321000000,
  "i": 651000000,
  "j": 261000000,
  "k": 535000000,
  "l": 316000000,
  "m": 646000000,
  "n": 4330000,
  "o": 4330000,
  "p": 4900000,
  "q": 4900000,
  "r": 2450000,
  "s": 4960000,
  "t": 3320000,
  "u": 6730000
}
