{
  "b": 204.24221801757812,
  "c": 426.2557067871094,
  "d": 227.6204376220703,
  "e": 475.02996826171875,
  "f": 2160000000,
  "g": 4470000000,
  "h": 2540000000,
  "i": 5270000000,
  "j": 2120000000,
  "k": 4430000000,
  "l": 2500000000,
  "m": 5230000000,
  "n": 36100000,
  "o": 36100000,
  "p": 39100000,
  "q": 39100000,
  "r": 67900000,
  "s": 140000000,
  "t": 85000000,
  "u": 176000000
}
