{
  "b": 46.827980041503906,
  "c": 96.83690643310547,
  "d": 51.31565475463867,
  "e": 106.11222076416016,
  "f": 494961728,
  "g": 1015239104,
  "h": 572992320,
  "i": 1175952512,
  "j": 487011008,
  "k": 1007103808,
  "l": 564472192,
  "m": 1167234432,
  "n": 7950747,
  "o": 8135281,
  "p": 8520152,
  "q": 8718128,
  "r": 4257802,
  "s": 8715031,
  "t": 5497259,
  "u": 11263344
}
