{
  "b": 90.00228881835938,
  "c": 187.8078155517578,
  "d": 100.86663818359375,
  "e": 210.47052001953125,
  "f": 951130880,
  "g": 1968780800,
  "h": 1125575680,
  "i": 2331719680,
  "j": 936023808,
  "k": 1953201280,
  "l": 1109533056,
  "m": 2315175680,
  "n": 15107187,
  "o": 15579486,
  "p": 16042635,
  "q": 16544084,
  "r": 10014658,
  "s": 20659266,
  "t": 13330194,
  "u": 27530290
}
