{
  "b": 165.22756958007812,
  "c": 334.2183837890625,
  "d": 184.35980224609375,
  "e": 372.8985900878906,
  "f": 1746080896,
  "g": 3503620096,
  "h": 2057560320,
  "i": 4131525120,
  "j": 1718366720,
  "k": 3475871232,
  "l": 2027957888,
  "m": 4101884416,
  "n": 27714132,
  "o": 27748628,
  "p": 29602514,
  "q": 29640874,
  "r": 425028480,
  "s": 853099008,
  "t": 495751456,
  "u": 995835200
}
