{
  "b": 90.00228881835938,
  "c": 187.8078155517578,
  "d": 100.86663818359375,
  "e": 210.47052001953125,
  "f": 951000000,
  "g": 1970000000,
  "h": 1130000000,
  "i": 2330000000,
  "j": 936000000,
  "k": 1950000000,
  "l": 1110000000,
  "m": 2320000000,
  "n": 15300000,
  "o": 15300000,
  "p": 16300000,
  "q": 16300000,
  "r": 10000000,
  "s": 20700000,
  "t": 13300000,
  "u": 27500000
}
