{
  "b": 128.68133544921875,
  "c": 259.7236328125,
  "d": 143.38803100585938,
  "e": 289.39532470703125,
  "f": 1360000000,
  "g": 2720000000,
  "h": 1600000000,
  "i": 3210000000,
  "j": 1340000000,
  "k": 2700000000,
  "l": 1580000000,
  "m": 3180000000,
  "n": 21600000,
  "o": 21600000,
  "p": 22700000,
  "q": 22700000,
  "r": 149000000,
  "s": 298000000,
  "t": 179000000,
  "u": 359000000
}
