{
  "b": 146.85342407226562,
  "c": 275.44891357421875,
  "d": 177.17576599121094,
  "e": 332.3106384277344,
  "f": 1550000000,
  "g": 2890000000,
  "h": 1980000000,
  "i": 3680000000,
  "j": 1530000000,
  "k": 2860000000,
  "l": 1950000000,
  "m": 3660000000,
  "n": 25200000,
  "o": 25200000,
  "p": 29200000,
  "q": 29200000,
  "r": 43400000,
  "s": 80600000,
  "t": 59900000,
  "u": 111000000
}
