{
  "b": 128.68133544921875,
  "c": 259.7236328125,
  "d": 143.38803100585938,
  "e": 289.39532470703125,
  "f": 1359891968,
  "g": 2722754560,
  "h": 1599995136,
  "i": 3206101248,
  "j": 1338285824,
  "k": 2701125632,
  "l": 1577268352,
  "m": 3183348480,
  "n": 21606190,
  "o": 21628906,
  "p": 22726950,
  "q": 22752856,
  "r": 148973024,
  "s": 298240096,
  "t": 178944768,
  "u": 358594080
}
