{
  "b": 320.4016418457031,
  "c": 672.3388671875,
  "d": 362.40093994140625,
  "e": 760.439697265625,
  "f": 3387796992,
  "g": 7050129920,
  "h": 4046230272,
  "i": 8427010048,
  "j": 3332177152,
  "k": 6992324096,
  "l": 3986410496,
  "m": 8364836352,
  "n": 55619888,
  "o": 57806316,
  "p": 59819428,
  "q": 62172960,
  "r": 126429848,
  "s": 262198496,
  "t": 162426448,
  "u": 337277984
}
