{
  "b": 320.4016418457031,
  "c": 672.3388671875,
  "d": 362.40093994140625,
  "e": 760.439697265625,
  "f": 3390000000,
  "g": 7050000000,
  "h": 4050000000,
  "i": 8430000000,
  "j": 3330000000,
  "k": 6990000000,
  "l": 3990000000,
  "m": 8360000000,
  "n": 56700000,
  "o": 56700000,
  "p": 61000000,
  "q": 61000000,
  "r": 126000000,
  "s": 262000000,
  "t": 162000000,
  "u": 337000000
}
