{
  "b": 371.0472106933594,
  "c": 738.951904296875,
  "d": 441.872802734375,
  "e": 879.9563598632812,
  "f": 3930000000,
  "g": 7750000000,
  "h": 4940000000,
  "i": 9760000000,
  "j": 3860000000,
  "k": 7690000000,
  "l": 4860000000,
  "m": 9680000000,
  "n": 66100000,
  "o": 66100000,
  "p": 76700000,
  "q": 76700000,
  "r": 169000000,
  "s": 333000000,
  "t": 231000000,
  "u": 454000000
}
