{
  "b": 584.2579345703125,
  "c": 1144.3367919921875,
  "d": 757.2001342773438,
  "e": 1482.981689453125,
  "f": 6179883008,
  "g": 12002385920,
  "h": 8454368256,
  "i": 16435208192,
  "j": 6076282368,
  "k": 11901102080,
  "l": 8329201152,
  "m": 16312798208,
  "n": 103600624,
  "o": 101284056,
  "p": 125166480,
  "q": 122411352,
  "r": 310396512,
  "s": 600508096,
  "t": 465947264,
  "u": 902681984
}
