{
  "b": 584.2579345703125,
  "c": 1144.3367919921875,
  "d": 757.2001342773438,
  "e": 1482.981689453125,
  "f": 6180000000,
  "g": 12000000000,
  "h": 8450000000,
  "i": 16400000000,
  "j": 6080000000,
  "k": 11900000000,
  "l": 8330000000,
  "m": 16300000000,
  "n": 102000000,
  "o": 102000000,
  "p": 124000000,
  "q": 124000000,
  "r": 310000000,
  "s": 601000000,
  "t": 466000000,
  "u": 903000000
}
