{
  "b": 371.0472106933594,
  "c": 738.951904296875,
  "d": 441.872802734375,
  "e": 879.9563598632812,
  "f": 3925220608,
  "g": 7750950400,
  "h": 4937584128,
  "i": 9755964416,
  "j": 3858891008,
  "k": 7685100032,
  "l": 4860600832,
  "m": 9679519744,
  "n": 66329476,
  "o": 65849992,
  "p": 76983408,
  "q": 76444576,
  "r": 169067312,
  "s": 332642176,
  "t": 230702784,
  "u": 454398528
}
