{
  "b": 48.49076843261719,
  "c": 98.4830093383789,
  "d": 53.59761047363281,
  "e": 108.8508071899414,
  "f": 513000000,
  "g": 1030000000,
  "h": 599000000,
  "i": 1210000000,
  "j": 504000000,
  "k": 1020000000,
  "l": 590000000,
  "m": 1200000000,
  "n": 8320000,
  "o": 8320000,
  "p": 8970000,
  "q": 8970000,
  "r": 6450000,
  "s": 13000000,
  "t": 8350000,
  "u": 16800000
}
