{
  "b": 54.34066390991211,
  "c": 115.1341323852539,
  "d": 57.979957580566406,
  "e": 122.84146881103516,
  "f": 574000000,
  "g": 1210000000,
  "h": 647000000,
  "i": 1360000000,
  "j": 565000000,
  "k": 1200000000,
  "l": 638000000,
  "m": 1350000000,
  "n": 9300000,
  "o": 9300000,
  "p": 9800000,
  "q": 9800000,
  "r": 8610000,
  "s": 18100000,
  "t": 10600000,
  "u": 22300000
}

