{
  "b": 54.34066390991211,
  "c": 115.1341323852539,
  "d": 57.979957580566406,
  "e": 122.84146881103516,
  "f": 574231040,
  "g": 1206905600,
  "h": 647353280,
  "i": 1361274240,
  "j": 565142912,
  "k": 1197394944,
  "l": 637779520,
  "m": 1351256192,
  "n": 9088087,
  "o": 9510654,
  "p": 9573763,
  "q": 10018030,
  "r": 8611650,
  "s": 18066872,
  "t": 10627236,
  "u": 22310984
}
