{
  "b": 79.21819305419922,
  "c": 167.7045440673828,
  "d": 92.13914489746094,
  "e": 195.0498809814453,
  "f": 837000000,
  "g": 1760000000,
  "h": 1030000000,
  "i": 2160000000,
  "j": 824000000,
  "k": 1740000000,
  "l": 1010000000,
  "m": 2150000000,
  "n": 13900000,
  "o": 13900000,
  "p": 15100000,
  "q": 15100000,
  "r": 14800000,
  "s": 31000000,
  "t": 20100000,
  "u": 42000000
}
