{
  "b": 117.82083892822266,
  "c": 240.59475708007812,
  "d": 134.38938903808594,
  "e": 274.4179382324219,
  "f": 1245226496,
  "g": 2522307840,
  "h": 1499484032,
  "i": 3040046592,
  "j": 1225336704,
  "k": 2502185472,
  "l": 1478283264,
  "m": 3018597376,
  "n": 19889716,
  "o": 20122186,
  "p": 21200730,
  "q": 21449152,
  "r": 42877492,
  "s": 86505240,
  "t": 55183144,
  "u": 111480304
}
