{
  "b": 48.49076843261719,
  "c": 98.4830093383789,
  "d": 53.59761047363281,
  "e": 108.8508071899414,
  "f": 512600736,
  "g": 1032565504,
  "h": 598520256,
  "i": 1206354944,
  "j": 504304000,
  "k": 1024223296,
  "l": 589573696,
  "m": 1197358848,
  "n": 8296749,
  "o": 8342157,
  "p": 8946509,
  "q": 8995910,
  "r": 6445164,
  "s": 12958575,
  "t": 8349419,
  "u": 16804246
}
