{
  "b": 137.53346252441406,
  "c": 283.6368713378906,
  "d": 173.50408935546875,
  "e": 357.8028564453125,
  "f": 1450000000,
  "g": 2970000000,
  "h": 1940000000,
  "i": 3970000000,
  "j": 1430000000,
  "k": 2950000000,
  "l": 1910000000,
  "m": 3940000000,
  "n": 24800000,
  "o": 24800000,
  "p": 29600000,
  "q": 29600000,
  "r": 44300000,
  "s": 90300000,
  "t": 64100000,
  "u": 131000000
}
