{
  "b": 79.21819305419922,
  "c": 167.7045440673828,
  "d": 92.13914489746094,
  "e": 195.0498809814453,
  "f": 837462848,
  "g": 1758346752,
  "h": 1028336640,
  "i": 2161035776,
  "j": 823869184,
  "k": 1744127232,
  "l": 1013530560,
  "m": 2145548672,
  "n": 13593638,
  "o": 14219640,
  "p": 14806116,
  "q": 15487168,
  "r": 14822777,
  "s": 31003378,
  "t": 20074294,
  "u": 42044292
}
