{
  "b": 117.82083892822266,
  "c": 240.59475708007812,
  "d": 134.38938903808594,
  "e": 274.4179382324219,
  "f": 1250000000,
  "g": 2520000000,
  "h": 1500000000,
  "i": 3040000000,
  "j": 1230000000,
  "k": 2500000000,
  "l": 1480000000,
  "m": 3020000000,
  "n": 20000000,
  "o": 20000000,
  "p": 21300000,
  "q": 21300000,
  "r": 42900000,
  "s": 86500000,
  "t": 55200000,
  "u": 111000000
}
