{
  "b": 137.53346252441406,
  "c": 283.6368713378906,
  "d": 173.50408935546875,
  "e": 357.8028564453125,
  "f": 1454867840,
  "g": 2974950912,
  "h": 1937763712,
  "i": 3965776640,
  "j": 1430348032,
  "k": 2949823488,
  "l": 1908545024,
  "m": 3935831552,
  "n": 24519730,
  "o": 25127138,
  "p": 29218564,
  "q": 29945642,
  "r": 44270592,
  "s": 90291168,
  "t": 64140420,
  "u": 130993472
}
