{
  "b": 41.71274185180664,
  "c": 84.955322265625,
  "d": 55.5928955078125,
  "e": 113.2203369140625,
  "f": 441000000,
  "g": 891000000,
  "h": 620000000,
  "i": 1250000000,
  "j": 434000000,
  "k": 884000000,
  "l": 612000000,
  "m": 1250000000,
  "n": 7230000,
  "o": 7230000,
  "p": 8570000,
  "q": 8570000,
  "r": 5010000,
  "s": 10100000,
  "t": 7850000,
  "u": 15900000
}
