{
  "b": 30.962913513183594,
  "c": 63.49315643310547,
  "d": 36.177528381347656,
  "e": 74.18269348144531,
  "f": 327000000,
  "g": 666000000,
  "h": 404000000,
  "i": 822000000,
  "j": 322000000,
  "k": 660000000,
  "l": 398000000,
  "m": 816000000,
  "n": 5300000,
  "o": 5300000,
  "p": 5810000,
  "q": 5810000,
  "r": 142000000,
  "s": 290000000,
  "t": 173000000,
  "u": 352000000
}
