{
  "b": 165.1793670654297,
  "c": 336.2016296386719,
  "d": 180.90054321289062,
  "e": 368.1829528808594,
  "f": 1750000000,
  "g": 3520000000,
  "h": 2020000000,
  "i": 4080000000,
  "j": 1720000000,
  "k": 3500000000,
  "l": 1990000000,
  "m": 4050000000,
  "n": 28200000,
  "o": 28200000,
  "p": 29900000,
  "q": 29900000,
  "r": 27300000,
  "s": 54900000,
  "t": 34100000,
  "u": 68700000
}
