{
  "b": 41.71274185180664,
  "c": 84.955322265625,
  "d": 55.5928955078125,
  "e": 113.2203369140625,
  "f": 441012896,
  "g": 890802752,
  "h": 620050560,
  "i": 1254032768,
  "j": 433812512,
  "k": 883535360,
  "l": 611521856,
  "m": 1245423744,
  "n": 7200383,
  "o": 7267372,
  "p": 8528744,
  "q": 8609037,
  "r": 5006382,
  "s": 10092440,
  "t": 7852856,
  "u": 15857175
}
