{
  "b": 165.1793670654297,
  "c": 336.2016296386719,
  "d": 180.90054321289062,
  "e": 368.1829528808594,
  "f": 1745919104,
  "g": 3524774912,
  "h": 2019644800,
  "i": 4079991552,
  "j": 1717865344,
  "k": 3496496896,
  "l": 1989905920,
  "m": 4050012416,
  "n": 28053742,
  "o": 28278058,
  "p": 29739110,
  "q": 29979044,
  "r": 27267620,
  "s": 54887976,
  "t": 34078772,
  "u": 68662880
}
