{
  "b": 30.962913513183594,
  "c": 63.49315643310547,
  "d": 36.177528381347656,
  "e": 74.18269348144531,
  "f": 327273856,
  "g": 665667072,
  "h": 403724224,
  "i": 821867584,
  "j": 322014304,
  "k": 660328832,
  "l": 397952832,
  "m": 816009600,
  "n": 5259613,
  "o": 5338262,
  "p": 5771465,
  "q": 5857979,
  "r": 142406576,
  "s": 289771168,
  "t": 172575584,
  "u": 351502016
}
