{
  "b": 312.84503173828125,
  "c": 632.6447143554688,
  "d": 416.6949768066406,
  "e": 842.6155395507812,
  "f": 3310000000,
  "g": 6640000000,
  "h": 4650000000,
  "i": 9340000000,
  "j": 3250000000,
  "k": 6580000000,
  "l": 4580000000,
  "m": 9270000000,
  "n": 56600000,
  "o": 56600000,
  "p": 66300000,
  "q": 66300000,
  "r": 547000000,
  "s": 1100000000,
  "t": 757000000,
  "u": 1520000000
}
