{
  "b": 764.569580078125,
  "c": 1524.3297119140625,
  "d": 923.1384887695312,
  "e": 1840.394287109375,
  "f": 8090000000,
  "g": 16000000000,
  "h": 10300000000,
  "i": 20400000000,
  "j": 7950000000,
  "k": 15900000000,
  "l": 10200000000,
  "m": 20200000000,
  "n": 141000000,
  "o": 141000000,
  "p": 164000000,
  "q": 164000000,
  "r": 718000000,
  "s": 1420000000,
  "t": 965000000,
  "u": 1900000000
}
