{
  "b": 1765.2176513671875,
  "c": 3317.641845703125,
  "d": 1828.2178955078125,
  "e": 3436.0966796875,
  "f": 18700000000,
  "g": 34800000000,
  "h": 20500000000,
  "i": 38200000000,
  "j": 18400000000,
  "k": 34500000000,
  "l": 20100000000,
  "m": 37800000000,
  "n": 331000000,
  "o": 331000000,
  "p": 365000000,
  "q": 365000000,
  "r": 5180000000,
  "s": 9630000000,
  "t": 5850000000,
  "u": 10900000000
}
