{
  "b": 1765.2176513671875,
  "c": 3317.641845703125,
  "d": 1828.2178955078125,
  "e": 3436.0966796875,
  "f": 18696988672,
  "g": 34827640832,
  "h": 20483276800,
  "i": 38154133504,
  "j": 18358263808,
  "k": 34503475200,
  "l": 20110397440,
  "m": 37797064704,
  "n": 338723776,
  "o": 324162368,
  "p": 372879104,
  "q": 357074752,
  "r": 5176990208,
  "s": 9626672128,
  "t": 5850732544,
  "u": 10883037184
}
