{
  "b": 21.60421371459961,
  "c": 46.258018493652344,
  "d": 25.635229110717773,
  "e": 54.887535095214844,
  "f": 228000000,
  "g": 485000000,
  "h": 286000000,
  "i": 608000000,
  "j": 225000000,
  "k": 481000000,
  "l": 282000000,
  "m": 604000000,
  "n": 3730000,
  "o": 3730000,
  "p": 4040000,
  "q": 4040000,
  "r": 937000,
  "s": 1980000,
  "t": 1290000,
  "u": 2740000
}
