{
  "b": 43.815673828125,
  "c": 92.10465240478516,
  "d": 58.114990234375,
  "e": 122.15890502929688,
  "f": 463000000,
  "g": 966000000,
  "h": 649000000,
  "i": 1350000000,
  "j": 456000000,
  "k": 958000000,
  "l": 639000000,
  "m": 1340000000,
  "n": 7960000,
  "o": 7960000,
  "p": 10200000,
  "q": 10200000,
  "r": 9750000,
  "s": 20300000,
  "t": 14900000,
  "u": 31000000
}
