{
  "b": 35.86830520629883,
  "c": 74.23046112060547,
  "d": 41.65916061401367,
  "e": 86.21127319335938,
  "f": 379000000,
  "g": 778000000,
  "h": 465000000,
  "i": 955000000,
  "j": 373000000,
  "k": 772000000,
  "l": 458000000,
  "m": 948000000,
  "n": 6220000,
  "o": 6220000,
  "p": 6980000,
  "q": 6980000,
  "r": 29700000,
  "s": 61000000,
  "t": 36500000,
  "u": 74900000
}
