{
  "b": 181.5201873779297,
  "c": 370.14605712890625,
  "d": 206.6563262939453,
  "e": 421.3834533691406,
  "f": 1919516672,
  "g": 3881653760,
  "h": 2307131136,
  "i": 4669594624,
  "j": 1887809920,
  "k": 3849518848,
  "l": 2273219584,
  "m": 4635217920,
  "n": 31706666,
  "o": 32135116,
  "p": 33911708,
  "q": 34376520,
  "r": 59848496,
  "s": 120873424,
  "t": 71649216,
  "u": 144859184
}
