{
  "b": 21.60421371459961,
  "c": 46.258018493652344,
  "d": 25.635229110717773,
  "e": 54.887535095214844,
  "f": 228307696,
  "g": 484917568,
  "h": 285911040,
  "i": 607913920,
  "j": 224683824,
  "k": 481083392,
  "l": 281987520,
  "m": 603762880,
  "n": 3623891,
  "o": 3834198,
  "p": 3923487,
  "q": 4151099,
  "r": 936549,
  "s": 1982699,
  "t": 1294796,
  "u": 2744964
}
