{
  "b": 43.815673828125,
  "c": 92.10465240478516,
  "d": 58.114990234375,
  "e": 122.15890502929688,
  "f": 463480032,
  "g": 966014784,
  "h": 649284160,
  "i": 1354191360,
  "j": 455683008,
  "k": 957888384,
  "l": 639264896,
  "m": 1343747968,
  "n": 7797051,
  "o": 8126482,
  "p": 10019243,
  "q": 10443410,
  "r": 9750656,
  "s": 20277644,
  "t": 14894343,
  "u": 31011722
}
