{
  "b": 35.86830520629883,
  "c": 74.23046112060547,
  "d": 41.65916061401367,
  "e": 86.21127319335938,
  "f": 379178432,
  "g": 778293632,
  "h": 465149056,
  "i": 955389440,
  "j": 373030368,
  "k": 771996800,
  "l": 458250752,
  "m": 948324032,
  "n": 6148078,
  "o": 6296865,
  "p": 6898292,
  "q": 7065494,
  "r": 29723840,
  "s": 61025208,
  "t": 36451992,
  "u": 74899512
}
