{
  "b": 7.360145568847656,
  "c": 15.563945770263672,
  "d": 8.193556785583496,
  "e": 17.32568359375,
  "f": 77805880,
  "g": 163183312,
  "h": 91486424,
  "i": 192002160,
  "j": 76545512,
  "k": 161865040,
  "l": 90129128,
  "m": 190582528,
  "n": 1260371,
  "o": 1318287,
  "p": 1357284,
  "q": 1419624,
  "r": 512489,
  "s": 1072836,
  "t": 665408,
  "u": 1394409
}
