{
  "b": 38.087318420410156,
  "c": 78.74055480957031,
  "d": 48.58990478515625,
  "e": 100.44932556152344,
  "f": 403000000,
  "g": 826000000,
  "h": 542000000,
  "i": 1110000000,
  "j": 396000000,
  "k": 819000000,
  "l": 534000000,
  "m": 1100000000,
  "n": 6600000,
  "o": 6600000,
  "p": 7790000,
  "q": 7790000,
  "r": 7060000,
  "s": 14400000,
  "t": 10500000,
  "u": 21400000
}
