{
  "b": 114.46075439453125,
  "c": 239.3437042236328,
  "d": 141.0164337158203,
  "e": 294.8578186035156,
  "f": 1209798528,
  "g": 2509248256,
  "h": 1571883392,
  "i": 3264851200,
  "j": 1190391808,
  "k": 2489174528,
  "l": 1551180800,
  "m": 3243436032,
  "n": 19406542,
  "o": 20073822,
  "p": 20702532,
  "q": 21415156,
  "r": 20922356,
  "s": 43248808,
  "t": 29817650,
  "u": 61751744
}
