{
  "b": 33.73262023925781,
  "c": 71.90265655517578,
  "d": 42.23270797729492,
  "e": 90.01780700683594,
  "f": 357000000,
  "g": 754000000,
  "h": 471000000,
  "i": 997000000,
  "j": 351000000,
  "k": 748000000,
  "l": 465000000,
  "m": 990000000,
  "n": 5980000,
  "o": 5980000,
  "p": 6740000,
  "q": 6740000,
  "r": 4270000,
  "s": 9010000,
  "t": 6210000,
  "u": 13100000
}
