{
  "b": 114.46075439453125,
  "c": 239.3437042236328,
  "d": 141.0164337158203,
  "e": 294.8578186035156,
  "f": 1210000000,
  "g": 2510000000,
  "h": 1570000000,
  "i": 3260000000,
  "j": 1190000000,
  "k": 2490000000,
  "l": 1550000000,
  "m": 3240000000,
  "n": 19700000,
  "o": 19700000,
  "p": 21100000,
  "q": 21100000,
  "r": 20900000,
  "s": 43200000,
  "t": 29800000,
  "u": 61800000
}
