{
  "b": 38.087318420410156,
  "c": 78.74055480957031,
  "d": 48.58990478515625,
  "e": 100.44932556152344,
  "f": 402637248,
  "g": 825579776,
  "h": 542194368,
  "i": 1112823680,
  "j": 396108128,
  "k": 818901760,
  "l": 534488960,
  "m": 1104942592,
  "n": 6529149,
  "o": 6677934,
  "p": 7705419,
  "q": 7881057,
  "r": 7060199,
  "s": 14425772,
  "t": 10467835,
  "u": 21418784
}
