{
  "b": 29.31650733947754,
  "c": 61.90675735473633,
  "d": 33.019527435302734,
  "e": 69.7235107421875,
  "f": 309894720,
  "g": 649045760,
  "h": 368694944,
  "i": 772670528,
  "j": 304891680,
  "k": 643830272,
  "l": 363214816,
  "m": 766958592,
  "n": 5003043,
  "o": 5215466,
  "p": 5480125,
  "q": 5711930,
  "r": 3002324,
  "s": 6271731,
  "t": 4039416,
  "u": 8445760
}
