{
  "b": 29.31650733947754,
  "c": 61.90675735473633,
  "d": 33.019527435302734,
  "e": 69.7235107421875,
  "f": 310000000,
  "g": 649000000,
  "h": 369000000,
  "i": 773000000,
  "j": 305000000,
  "k": 644000000,
  "l": 363000000,
  "m": 767000000,
  "n": 5110000,
  "o": 5110000,
  "p": 5600000,
  "q": 5600000,
  "r": 3000000,
  "s": 6270000,
  "t": 4040000,
  "u": 8450000
}
