{
  "b": 477.8065185546875,
  "c": 958.78076171875,
  "d": 567.4287719726562,
  "e": 1138.55224609375,
  "f": 5047996416,
  "g": 10049852416,
  "h": 6327299072,
  "i": 12609374208,
  "j": 4969187840,
  "k": 9971319808,
  "l": 6241716736,
  "m": 12524075008,
  "n": 78808856,
  "o": 78533040,
  "p": 85582856,
  "q": 85297752,
  "r": 169156592,
  "s": 335864000,
  "t": 226610096,
  "u": 450425440
}
