{
  "b": 58.23558044433594,
  "c": 120.07838439941406,
  "d": 66.61698150634766,
  "e": 137.35546875,
  "f": 615454592,
  "g": 1258817280,
  "h": 743114176,
  "i": 1521445376,
  "j": 605650048,
  "k": 1248815232,
  "l": 732786816,
  "m": 1510910208,
  "n": 9804575,
  "o": 10002156,
  "p": 10327181,
  "q": 10535187,
  "r": 14555732,
  "s": 29719276,
  "t": 17771388,
  "u": 36328272
}
