{
  "b": 47.8169059753418,
  "c": 100.95591735839844,
  "d": 62.3003044128418,
  "e": 131.5310516357422,
  "f": 505665376,
  "g": 1058695040,
  "h": 694850560,
  "i": 1456827136,
  "j": 497295808,
  "k": 1049941504,
  "l": 685303360,
  "m": 1446841600,
  "n": 8369602,
  "o": 8753576,
  "p": 9547174,
  "q": 9985470,
  "r": 8877302,
  "s": 18553620,
  "t": 13366649,
  "u": 27985632
}
