{
  "b": 477.8065185546875,
  "c": 958.78076171875,
  "d": 567.4287719726562,
  "e": 1138.55224609375,
  "f": 5050000000,
  "g": 10000000000,
  "h": 6330000000,
  "i": 12600000000,
  "j": 4970000000,
  "k": 9970000000,
  "l": 6240000000,
  "m": 12500000000,
  "n": 78700000,
  "o": 78700000,
  "p": 85400000,
  "q": 85400000,
  "r": 169000000,
  "s": 336000000,
  "t": 227000000,
  "u": 450000000
}
