{
  "b": 54.03377914428711,
  "c": 115.17398071289062,
  "d": 61.3331298828125,
  "e": 130.72946166992188,
  "f": 571000000,
  "g": 1210000000,
  "h": 684000000,
  "i": 1450000000,
  "j": 562000000,
  "k": 1200000000,
  "l": 675000000,
  "m": 1440000000,
  "n": 9270000,
  "o": 9270000,
  "p": 9780000,
  "q": 9780000,
  "r": 9950000,
  "s": 21000000,
  "t": 14500000,
  "u": 30600000
}

