{
  "b": 54.03377914428711,
  "c": 115.17398071289062,
  "d": 61.3331298828125,
  "e": 130.72946166992188,
  "f": 570983104,
  "g": 1207323904,
  "h": 684185600,
  "i": 1448053760,
  "j": 561951296,
  "k": 1197809408,
  "l": 674664448,
  "m": 1438024064,
  "n": 9031747,
  "o": 9514684,
  "p": 9520949,
  "q": 10029690,
  "r": 9946130,
  "s": 21004800,
  "t": 14470182,
  "u": 30596226
}
