{
  "b": 722.0772094726562,
  "c": 1463.69482421875,
  "d": 879.823486328125,
  "e": 1783.3455810546875,
  "f": 7630000000,
  "g": 15300000000,
  "h": 9810000000,
  "i": 19700000000,
  "j": 7510000000,
  "k": 15200000000,
  "l": 9680000000,
  "m": 19600000000,
  "n": 121000000,
  "o": 121000000,
  "p": 128000000,
  "q": 128000000,
  "r": 238000000,
  "s": 476000000,
  "t": 329000000,
  "u": 660000000
}
