{
  "b": 47.8169059753418,
  "c": 100.95591735839844,
  "d": 62.3003044128418,
  "e": 131.5310516357422,
  "f": 506000000,
  "g": 1060000000,
  "h": 695000000,
  "i": 1460000000,
  "j": 497000000,
  "k": 1050000000,
  "l": 685000000,
  "m": 1450000000,
  "n": 8560000,
  "o": 8560000,
  "p": 9770000,
  "q": 9770000,
  "r": 8880000,
  "s": 18600000,
  "t": 13400000,
  "u": 28000000
}
