{
  "b": 58.23558044433594,
  "c": 120.07838439941406,
  "d": 66.61698150634766,
  "e": 137.35546875,
  "f": 615000000,
  "g": 1260000000,
  "h": 743000000,
  "i": 1520000000,
  "j": 606000000,
  "k": 1250000000,
  "l": 733000000,
  "m": 1510000000,
  "n": 9900000,
  "o": 9900000,
  "p": 10400000,
  "q": 10400000,
  "r": 14600000,
  "s": 29700000,
  "t": 17800000,
  "u": 36300000
}

