{
  "b": 722.0772094726562,
  "c": 1463.69482421875,
  "d": 879.823486328125,
  "e": 1783.3455810546875,
  "f": 7630183424,
  "g": 15343572992,
  "h": 9805286400,
  "i": 19744641024,
  "j": 7509602816,
  "k": 15222425600,
  "l": 9678058496,
  "m": 19616800768,
  "n": 120579856,
  "o": 121147112,
  "p": 127228728,
  "q": 127838840,
  "r": 237600352,
  "s": 475637376,
  "t": 329052512,
  "u": 659900672
}
