{
  "b": 442.13970947265625,
  "c": 867.48681640625,
  "d": 557.211669921875,
  "e": 1093.2015380859375,
  "f": 4680000000,
  "g": 9100000000,
  "h": 6220000000,
  "i": 12100000000,
  "j": 4600000000,
  "k": 9020000000,
  "l": 6130000000,
  "m": 12000000000,
  "n": 77200000,
  "o": 77200000,
  "p": 90900000,
  "q": 90900000,
  "r": 909000000,
  "s": 1770000000,
  "t": 1200000000,
  "u": 2340000000
}
