{
  "b": 25.0992488861084,
  "c": 51.907081604003906,
  "d": 29.63823127746582,
  "e": 61.29185104370117,
  "f": 265000000,
  "g": 544000000,
  "h": 331000000,
  "i": 679000000,
  "j": 261000000,
  "k": 540000000,
  "l": 326000000,
  "m": 674000000,
  "n": 4390000,
  "o": 4390000,
  "p": 4800000,
  "q": 4800000,
  "r": 4380000,
  "s": 8960000,
  "t": 5920000,
  "u": 12100000
}
