{
  "b": 25.0992488861084,
  "c": 51.907081604003906,
  "d": 29.63823127746582,
  "e": 61.29185104370117,
  "f": 265375040,
  "g": 544279552,
  "h": 330761504,
  "i": 679063680,
  "j": 261032192,
  "k": 539833664,
  "l": 326020544,
  "m": 674210368,
  "n": 4342830,
  "o": 4445933,
  "p": 4740934,
  "q": 4853282,
  "r": 4375628,
  "s": 8956152,
  "t": 5923319,
  "u": 12138636
}
