{
  "b": 442.13970947265625,
  "c": 867.48681640625,
  "d": 557.211669921875,
  "e": 1093.2015380859375,
  "f": 4676306944,
  "g": 9098248192,
  "h": 6221198336,
  "i": 12115154944,
  "j": 4598253056,
  "k": 9021862912,
  "l": 6129328128,
  "m": 12025217024,
  "n": 78054096,
  "o": 76385216,
  "p": 91870680,
  "q": 89938656,
  "r": 908938752,
  "s": 1768611456,
  "t": 1199241216,
  "u": 2335868416
}
