{
  "b": 404.8440246582031,
  "c": 826.612060546875,
  "d": 466.2154235839844,
  "e": 951.9368286132812,
  "f": 4286652928,
  "g": 8673591296,
  "h": 5216216576,
  "i": 10559767552,
  "j": 4210377984,
  "k": 8596765696,
  "l": 5128369664,
  "m": 10471305216,
  "n": 76274816,
  "o": 76824704,
  "p": 87846544,
  "q": 88461872,
  "r": 450964064,
  "s": 909639680,
  "t": 570406464,
  "u": 1151602304
}
