{
  "b": 44.051490783691406,
  "c": 90.85584259033203,
  "d": 60.175498962402344,
  "e": 124.1118392944336,
  "f": 466256640,
  "g": 953141056,
  "h": 671196416,
  "i": 1374629632,
  "j": 458135488,
  "k": 944900736,
  "l": 661930496,
  "m": 1365230208,
  "n": 8121137,
  "o": 8240324,
  "p": 9265892,
  "q": 9399516,
  "r": 8851250,
  "s": 18045970,
  "t": 13425658,
  "u": 27434632
}
