{
  "b": 57.697593688964844,
  "c": 121.13572692871094,
  "d": 69.90205383300781,
  "e": 146.7577667236328,
  "f": 611000000,
  "g": 1270000000,
  "h": 780000000,
  "i": 1630000000,
  "j": 600000000,
  "k": 1260000000,
  "l": 769000000,
  "m": 1610000000,
  "n": 10700000,
  "o": 10700000,
  "p": 11700000,
  "q": 11700000,
  "r": 28200000,
  "s": 58600000,
  "t": 37900000,
  "u": 78900000
}
