{
  "b": 57.697593688964844,
  "c": 121.13572692871094,
  "d": 69.90205383300781,
  "e": 146.7577667236328,
  "f": 610570368,
  "g": 1270664320,
  "h": 780462016,
  "i": 1626242048,
  "j": 600054976,
  "k": 1259811584,
  "l": 768922560,
  "m": 1614335360,
  "n": 10515370,
  "o": 10852711,
  "p": 11539385,
  "q": 11906656,
  "r": 28223820,
  "s": 58600676,
  "t": 37940996,
  "u": 78906400
}
