{
  "b": 128.0467071533203,
  "c": 265.5050048828125,
  "d": 161.87876892089844,
  "e": 335.65753173828125,
  "f": 1355076224,
  "g": 2785158400,
  "h": 1807843840,
  "i": 3720002560,
  "j": 1331685760,
  "k": 2761252096,
  "l": 1780666496,
  "m": 3692232960,
  "n": 23390432,
  "o": 23906230,
  "p": 27177524,
  "q": 27769906,
  "r": 123981144,
  "s": 254109552,
  "t": 172863872,
  "u": 354821856
}
