{
  "b": 80.58998107910156,
  "c": 170.0113525390625,
  "d": 113.63290405273438,
  "e": 239.72012329101562,
  "f": 852930496,
  "g": 1783497728,
  "h": 1267531264,
  "i": 2655180544,
  "j": 838135808,
  "k": 1768118144,
  "l": 1249961984,
  "m": 2636921344,
  "n": 14794738,
  "o": 15379417,
  "p": 17569192,
  "q": 18259216,
  "r": 48048536,
  "s": 100238856,
  "t": 75776864,
  "u": 158434224
}
