{
  "b": 128.0467071533203,
  "c": 265.5050048828125,
  "d": 161.87876892089844,
  "e": 335.65753173828125,
  "f": 1360000000,
  "g": 2790000000,
  "h": 1810000000,
  "i": 3720000000,
  "j": 1330000000,
  "k": 2760000000,
  "l": 1780000000,
  "m": 3690000000,
  "n": 23600000,
  "o": 23600000,
  "p": 27500000,
  "q": 27500000,
  "r": 124000000,
  "s": 254000000,
  "t": 173000000,
  "u": 355000000
}
