{
  "b": 44.051490783691406,
  "c": 90.85584259033203,
  "d": 60.175498962402344,
  "e": 124.1118392944336,
  "f": 466000000,
  "g": 953000000,
  "h": 671000000,
  "i": 1370000000,
  "j": 458000000,
  "k": 945000000,
  "l": 662000000,
  "m": 1370000000,
  "n": 8180000,
  "o": 8180000,
  "p": 9330000,
  "q": 9330000,
  "r": 8850000,
  "s": 18000000,
  "t": 13400000,
  "u": 27400000
}
