{
  "b": 80.58998107910156,
  "c": 170.0113525390625,
  "d": 113.63290405273438,
  "e": 239.72012329101562,
  "f": 853000000,
  "g": 1780000000,
  "h": 1270000000,
  "i": 2660000000,
  "j": 838000000,
  "k": 1770000000,
  "l": 1250000000,
  "m": 2640000000,
  "n": 15100000,
  "o": 15100000,
  "p": 17900000,
  "q": 17900000,
  "r": 48000000,
  "s": 100000000,
  "t": 75800000,
  "u": 158000000
}
