{
  "b": 404.8440246582031,
  "c": 826.612060546875,
  "d": 466.2154235839844,
  "e": 951.9368286132812,
  "f": 4290000000,
  "g": 8670000000,
  "h": 5220000000,
  "i": 10600000000,
  "j": 4210000000,
  "k": 8600000000,
  "l": 5130000000,
  "m": 10500000000,
  "n": 76500000,
  "o": 76500000,
  "p": 88200000,
  "q": 88200000,
  "r": 451000000,
  "s": 910000000,
  "t": 570000000,
  "u": 1150000000
}
