{
  "b": 76.42762756347656,
  "c": 156.3292694091797,
  "d": 101.20523834228516,
  "e": 207.00254821777344,
  "f": 808170880,
  "g": 1639316736,
  "h": 1129570048,
  "i": 2293546752,
  "j": 794847296,
  "k": 1625824384,
  "l": 1113257600,
  "m": 2277028096,
  "n": 13323606,
  "o": 13492222,
  "p": 16312435,
  "q": 16518850,
  "r": 15311869,
  "s": 30385572,
  "t": 26976382,
  "u": 53849548
}
