{
  "b": 117.87159729003906,
  "c": 234.96578979492188,
  "d": 147.9749298095703,
  "e": 294.9563293457031,
  "f": 1250000000,
  "g": 2460000000,
  "h": 1650000000,
  "i": 3270000000,
  "j": 1230000000,
  "k": 2440000000,
  "l": 1630000000,
  "m": 3240000000,
  "n": 20700000,
  "o": 20700000,
  "p": 25100000,
  "q": 25100000,
  "r": 146000000,
  "s": 288000000,
  "t": 205000000,
  "u": 404000000
}
