{
  "b": 117.87159729003906,
  "c": 234.96578979492188,
  "d": 147.9749298095703,
  "e": 294.9563293457031,
  "f": 1246609024,
  "g": 2464236800,
  "h": 1652918400,
  "i": 3269533184,
  "j": 1225864576,
  "k": 2443644160,
  "l": 1627724288,
  "m": 3244519680,
  "n": 20744376,
  "o": 20592272,
  "p": 25194112,
  "q": 25013912,
  "r": 146097552,
  "s": 288427040,
  "t": 204596864,
  "u": 404318208
}
