{
  "b": 76.42762756347656,
  "c": 156.3292694091797,
  "d": 101.20523834228516,
  "e": 207.00254821777344,
  "f": 808000000,
  "g": 1640000000,
  "h": 1130000000,
  "i": 2290000000,
  "j": 795000000,
  "k": 1630000000,
  "l": 1110000000,
  "m": 2280000000,
  "n": 13400000,
  "o": 13400000,
  "p": 16400000,
  "q": 16400000,
  "r": 15300000,
  "s": 30400000,
  "t": 27000000,
  "u": 53800000
}
