{
  "b": 4.596418380737305,
  "c": 9.564802169799805,
  "d": 5.430045127868652,
  "e": 11.299131393432617,
  "f": 48600000,
  "g": 100000000,
  "h": 60600000,
  "i": 125000000,
  "j": 47800000,
  "k": 99500000,
  "l": 59700000,
  "m": 124000000,
  "n": 801000,
  "o": 801000,
  "p": 871000,
  "q": 871000,
  "r": 541000,
  "s": 1110000,
  "t": 720000,
  "u": 1480000
}
