{
  "b": 14.375837326049805,
  "c": 29.34505844116211,
  "d": 16.071979522705078,
  "e": 32.806209564208984,
  "f": 152013184,
  "g": 307727520,
  "h": 179590624,
  "i": 363705920,
  "j": 149508704,
  "k": 305188608,
  "l": 176791776,
  "m": 360868320,
  "n": 2504480,
  "o": 2538912,
  "p": 2798833,
  "q": 2837646,
  "r": -4394253,
  "s": -8944420,
  "t": -4979243,
  "u": -10142980
}
