{
  "b": 11.730361938476562,
  "c": 24.147537231445312,
  "d": 13.918296813964844,
  "e": 28.651155471801758,
  "f": 123982944,
  "g": 253153792,
  "h": 155277104,
  "i": 317373600,
  "j": 121995768,
  "k": 251134384,
  "l": 153101264,
  "m": 315162720,
  "n": 1987188,
  "o": 2019416,
  "p": 2175826,
  "q": 2210892,
  "r": 761191,
  "s": 1549498,
  "t": 991262,
  "u": 2020285
}
