{
  "b": 11.730361938476562,
  "c": 24.147537231445312,
  "d": 13.918296813964844,
  "e": 28.651155471801758,
  "f": 124000000,
  "g": 253000000,
  "h": 155000000,
  "i": 317000000,
  "j": 122000000,
  "k": 251000000,
  "l": 153000000,
  "m": 315000000,
  "n": 2000000,
  "o": 2000000,
  "p": 2190000,
  "q": 2190000,
  "r": 761000,
  "s": 1550000,
  "t": 991000,
  "u": 2020000
}
