{
  "b": 11.89522933959961,
  "c": 24.446683883666992,
  "d": 13.08814525604248,
  "e": 26.897319793701172,
  "f": 126000000,
  "g": 256000000,
  "h": 146000000,
  "i": 298000000,
  "j": 124000000,
  "k": 254000000,
  "l": 144000000,
  "m": 296000000,
  "n": 2080000,
  "o": 2080000,
  "p": 2300000,
  "q": 2300000,
  "r": 2090000,
  "s": 4260000,
  "t": 2430000,
  "u": 4950000
}
