{
  "b": 10.24591064453125,
  "c": 21.032604217529297,
  "d": 12.568567276000977,
  "e": 25.800004959106445,
  "f": 108339968,
  "g": 220546608,
  "h": 140382464,
  "i": 285958048,
  "j": 106557472,
  "k": 218739088,
  "l": 138254240,
  "m": 283800064,
  "n": 1782512,
  "o": 1807512,
  "p": 2128238,
  "q": 2157980,
  "r": 1779536,
  "s": 3612769,
  "t": 2313381,
  "u": 4700534
}
