{
  "b": 158.88201904296875,
  "c": 334.6354675292969,
  "d": 222.34088134765625,
  "e": 468.270263671875,
  "f": 1680463616,
  "g": 3509246464,
  "h": 2480425216,
  "i": 5186807808,
  "j": 1652372992,
  "k": 3480208896,
  "l": 2445749760,
  "m": 5150972928,
  "n": 28090680,
  "o": 29037882,
  "p": 34675532,
  "q": 35835484,
  "r": 155820608,
  "s": 323726720,
  "t": 235267728,
  "u": 489649920
}
