{
  "b": 158.88201904296875,
  "c": 334.6354675292969,
  "d": 222.34088134765625,
  "e": 468.270263671875,
  "f": 1680000000,
  "g": 3510000000,
  "h": 2480000000,
  "i": 5190000000,
  "j": 1650000000,
  "k": 3480000000,
  "l": 2450000000,
  "m": 5150000000,
  "n": 28600000,
  "o": 28600000,
  "p": 35300000,
  "q": 35300000,
  "r": 156000000,
  "s": 324000000,
  "t": 235000000,
  "u": 490000000
}
