{
  "b": 11.89522933959961,
  "c": 24.446683883666992,
  "d": 13.08814525604248,
  "e": 26.897319793701172,
  "f": 125772144,
  "g": 256342416,
  "h": 146253520,
  "i": 298193344,
  "j": 123710384,
  "k": 254245504,
  "l": 143969600,
  "m": 295870528,
  "n": 2061763,
  "o": 2096916,
  "p": 2283913,
  "q": 2322828,
  "r": 2093897,
  "s": 4261027,
  "t": 2432658,
  "u": 4952290
}
