{
  "b": 84.24705505371094,
  "c": 174.6422882080078,
  "d": 140.6097412109375,
  "e": 291.4693908691406,
  "f": 890983488,
  "g": 1831360768,
  "h": 1568159744,
  "i": 3227997952,
  "j": 876169408,
  "k": 1816279808,
  "l": 1546707072,
  "m": 3206163456,
  "n": 14814037,
  "o": 15081299,
  "p": 21452722,
  "q": 21834392,
  "r": 212104832,
  "s": 436211744,
  "t": 389572096,
  "u": 802503424
}
