{
  "b": 84.24705505371094,
  "c": 174.6422882080078,
  "d": 140.6097412109375,
  "e": 291.4693908691406,
  "f": 891000000,
  "g": 1830000000,
  "h": 1570000000,
  "i": 3230000000,
  "j": 876000000,
  "k": 1820000000,
  "l": 1550000000,
  "m": 3210000000,
  "n": 14900000,
  "o": 14900000,
  "p": 21600000,
  "q": 21600000,
  "r": 212000000,
  "s": 436000000,
  "t": 390000000,
  "u": 803000000
}
