{
  "b": 88.50106048583984,
  "c": 184.90187072753906,
  "d": 142.23814392089844,
  "e": 297.1618347167969,
  "f": 935739648,
  "g": 1938750720,
  "h": 1585325696,
  "i": 3290078976,
  "j": 920411008,
  "k": 1922979456,
  "l": 1564619648,
  "m": 3268780288,
  "n": 15328628,
  "o": 15771368,
  "p": 20705812,
  "q": 21298634,
  "r": 52074384,
  "s": 107371840,
  "t": 95405712,
  "u": 197119424
}
