{
  "b": 10.24591064453125,
  "c": 21.032604217529297,
  "d": 12.568567276000977,
  "e": 25.800004959106445,
  "f": 108000000,
  "g": 221000000,
  "h": 140000000,
  "i": 286000000,
  "j": 107000000,
  "k": 219000000,
  "l": 138000000,
  "m": 284000000,
  "n": 1800000,
  "o": 1800000,
  "p": 2140000,
  "q": 2140000,
  "r": 1780000,
  "s": 3610000,
  "t": 2310000,
  "u": 4700000
}
