{
  "b": 18.39519500732422,
  "c": 38.147884368896484,
  "d": 19.949386596679688,
  "e": 41.369483947753906,
  "f": 194492864,
  "g": 399999040,
  "h": 223037808,
  "i": 458746912,
  "j": 191310032,
  "k": 396737984,
  "l": 219443248,
  "m": 455064320,
  "n": 3182832,
  "o": 3261024,
  "p": 3594574,
  "q": 3682618,
  "r": 5050147,
  "s": 10341191,
  "t": 5921033,
  "u": 12130123
}
