{
  "b": 40.26167297363281,
  "c": 80.12420654296875,
  "d": 44.894290924072266,
  "e": 89.33885955810547,
  "f": 425785312,
  "g": 840284160,
  "h": 501987712,
  "i": 990796800,
  "j": 418721408,
  "k": 833291776,
  "l": 493837184,
  "m": 982727488,
  "n": 7063936,
  "o": 6992418,
  "p": 8150453,
  "q": 8069304,
  "r": 12383543,
  "s": 24352528,
  "t": 14881814,
  "u": 29277232
}
