{
  "b": 40.26167297363281,
  "c": 80.12420654296875,
  "d": 44.894290924072266,
  "e": 89.33885955810547,
  "f": 426000000,
  "g": 840000000,
  "h": 502000000,
  "i": 991000000,
  "j": 419000000,
  "k": 833000000,
  "l": 494000000,
  "m": 983000000,
  "n": 7030000,
  "o": 7030000,
  "p": 8110000,
  "q": 8110000,
  "r": 12400000,
  "s": 24400000,
  "t": 14900000,
  "u": 29300000
}
