{
  "b": 24.116485595703125,
  "c": 49.474422454833984,
  "d": 26.496105194091797,
  "e": 54.35347366333008,
  "f": 255058496,
  "g": 518859840,
  "h": 296214720,
  "i": 602735104,
  "j": 250811456,
  "k": 514533984,
  "l": 291457152,
  "m": 597888192,
  "n": 4247044,
  "o": 4325878,
  "p": 4757611,
  "q": 4846834,
  "r": 6642730,
  "s": 13441984,
  "t": 7789859,
  "u": 15771276
}
