{
  "b": 25.145042419433594,
  "c": 52.08494186401367,
  "d": 31.06024169921875,
  "e": 64.33502197265625,
  "f": 265856192,
  "g": 546141248,
  "h": 346754368,
  "i": 712906368,
  "j": 261508432,
  "k": 541683392,
  "l": 341662656,
  "m": 707685248,
  "n": 4347746,
  "o": 4457907,
  "p": 5091653,
  "q": 5221063,
  "r": 5203176,
  "s": 10626643,
  "t": 7097527,
  "u": 14511596
}
