{
  "b": 24.116485595703125,
  "c": 49.474422454833984,
  "d": 26.496105194091797,
  "e": 54.35347366333008,
  "f": 255000000,
  "g": 519000000,
  "h": 296000000,
  "i": 603000000,
  "j": 251000000,
  "k": 515000000,
  "l": 291000000,
  "m": 598000000,
  "n": 4290000,
  "o": 4290000,
  "p": 4800000,
  "q": 4800000,
  "r": 6640000,
  "s": 13400000,
  "t": 7790000,
  "u": 15800000
}
