{
  "b": 21.421188354492188,
  "c": 44.541683197021484,
  "d": 27.050655364990234,
  "e": 56.24570083618164,
  "f": 226000000,
  "g": 467000000,
  "h": 302000000,
  "i": 623000000,
  "j": 223000000,
  "k": 463000000,
  "l": 298000000,
  "m": 619000000,
  "n": 3750000,
  "o": 3750000,
  "p": 4460000,
  "q": 4460000,
  "r": 17100000,
  "s": 35200000,
  "t": 24500000,
  "u": 50500000
}
