{
  "b": 21.421188354492188,
  "c": 44.541683197021484,
  "d": 27.050655364990234,
  "e": 56.24570083618164,
  "f": 226487552,
  "g": 467036096,
  "h": 301964192,
  "i": 623222400,
  "j": 222780352,
  "k": 463233504,
  "l": 297557216,
  "m": 618702720,
  "n": 3707177,
  "o": 3802586,
  "p": 4406983,
  "q": 4519704,
  "r": 17070282,
  "s": 35191964,
  "t": 24452266,
  "u": 50474248
}
