{
  "b": 64.5973129272461,
  "c": 131.3016357421875,
  "d": 94.20308685302734,
  "e": 191.47531127929688,
  "f": 683069440,
  "g": 1376794368,
  "h": 1051011328,
  "i": 2121003776,
  "j": 671812032,
  "k": 1365537024,
  "l": 1036233984,
  "m": 2106228480,
  "n": 11257354,
  "o": 11257500,
  "p": 14777341,
  "q": 14775168,
  "r": 35025624,
  "s": 70399520,
  "t": 56418880,
  "u": 113570208
}
