{
  "b": 18.19975471496582,
  "c": 36.786502838134766,
  "d": 21.069650650024414,
  "e": 42.586360931396484,
  "f": 192000000,
  "g": 386000000,
  "h": 235000000,
  "i": 472000000,
  "j": 189000000,
  "k": 383000000,
  "l": 232000000,
  "m": 468000000,
  "n": 3180000,
  "o": 3180000,
  "p": 3530000,
  "q": 3530000,
  "r": 3600000,
  "s": 7180000,
  "t": 4510000,
  "u": 9020000
}
