{
  "b": 11.736865997314453,
  "c": 23.74470329284668,
  "d": 13.206917762756348,
  "e": 26.717731475830078,
  "f": 124000000,
  "g": 249000000,
  "h": 148000000,
  "i": 296000000,
  "j": 122000000,
  "k": 247000000,
  "l": 145000000,
  "m": 294000000,
  "n": 2060000,
  "o": 2060000,
  "p": 2300000,
  "q": 2300000,
  "r": 1740000,
  "s": 3480000,
  "t": 2140000,
  "u": 4280000
}
