{
  "b": 18.656530380249023,
  "c": 38.45272445678711,
  "d": 21.851442337036133,
  "e": 45.036712646484375,
  "f": 197000000,
  "g": 403000000,
  "h": 244000000,
  "i": 499000000,
  "j": 194000000,
  "k": 400000000,
  "l": 240000000,
  "m": 495000000,
  "n": 3300000,
  "o": 3300000,
  "p": 3740000,
  "q": 3740000,
  "r": 1680000,
  "s": 3410000,
  "t": 2090000,
  "u": 4260000
}
