{
  "b": 40.59028625488281,
  "c": 82.61431121826172,
  "d": 46.0771484375,
  "e": 93.77831268310547,
  "f": 429000000,
  "g": 866000000,
  "h": 515000000,
  "i": 1040000000,
  "j": 422000000,
  "k": 859000000,
  "l": 507000000,
  "m": 1030000000,
  "n": 7010000,
  "o": 7010000,
  "p": 7830000,
  "q": 7830000,
  "r": 30900000,
  "s": 62300000,
  "t": 38800000,
  "u": 78300000
}
