{
  "b": 18.19975471496582,
  "c": 36.786502838134766,
  "d": 21.069650650024414,
  "e": 42.586360931396484,
  "f": 192450816,
  "g": 385761216,
  "h": 235286800,
  "i": 471980192,
  "j": 189277456,
  "k": 382579616,
  "l": 231766160,
  "m": 468449952,
  "n": 3173360,
  "o": 3181612,
  "p": 3520641,
  "q": 3530204,
  "r": 3597229,
  "s": 7180783,
  "t": 4514128,
  "u": 9021363
}
