{
  "b": 18.656530380249023,
  "c": 38.45272445678711,
  "d": 21.851442337036133,
  "e": 45.036712646484375,
  "f": 197298208,
  "g": 403243904,
  "h": 244069088,
  "i": 499181120,
  "j": 194027920,
  "k": 399908352,
  "l": 240365856,
  "m": 495403840,
  "n": 3270261,
  "o": 3335532,
  "p": 3703210,
  "q": 3777306,
  "r": 1675853,
  "s": 3407563,
  "t": 2091254,
  "u": 4256635
}
