{
  "b": 11.736865997314453,
  "c": 23.74470329284668,
  "d": 13.206917762756348,
  "e": 26.717731475830078,
  "f": 124119152,
  "g": 249007040,
  "h": 147576704,
  "i": 296202848,
  "j": 122063408,
  "k": 246944912,
  "l": 145276096,
  "m": 293895040,
  "n": 2055752,
  "o": 2062147,
  "p": 2300613,
  "q": 2307857,
  "r": 1741800,
  "s": 3478307,
  "t": 2141812,
  "u": 4280361
}
