{
  "b": 64.5973129272461,
  "c": 131.3016357421875,
  "d": 94.20308685302734,
  "e": 191.47531127929688,
  "f": 683000000,
  "g": 1380000000,
  "h": 1050000000,
  "i": 2120000000,
  "j": 672000000,
  "k": 1370000000,
  "l": 1040000000,
  "m": 2110000000,
  "n": 11300000,
  "o": 11300000,
  "p": 14800000,
  "q": 14800000,
  "r": 35000000,
  "s": 70400000,
  "t": 56400000,
  "u": 114000000
}
