{
  "b": 40.59028625488281,
  "c": 82.61431121826172,
  "d": 46.0771484375,
  "e": 93.77831268310547,
  "f": 429119328,
  "g": 866220032,
  "h": 514645920,
  "i": 1039415680,
  "j": 422138976,
  "k": 859188864,
  "l": 506848640,
  "m": 1031561472,
  "n": 6980361,
  "o": 7031201,
  "p": 7797312,
  "q": 7854181,
  "r": 30906980,
  "s": 62327560,
  "t": 38805620,
  "u": 78318672
}
