{
  "b": 9.831302642822266,
  "c": 20.451623916625977,
  "d": 10.8663911819458,
  "e": 22.604408264160156,
  "f": 104000000,
  "g": 214000000,
  "h": 121000000,
  "i": 251000000,
  "j": 102000000,
  "k": 213000000,
  "l": 120000000,
  "m": 249000000,
  "n": 1720000,
  "o": 1720000,
  "p": 1910000,
  "q": 1910000,
  "r": 2730000,
  "s": 5620000,
  "t": 3320000,
  "u": 6840000
}
