{
  "b": 9.831302642822266,
  "c": 20.451623916625977,
  "d": 10.8663911819458,
  "e": 22.604408264160156,
  "f": 103938024,
  "g": 214434496,
  "h": 121419224,
  "i": 250587552,
  "j": 102245552,
  "k": 212696880,
  "l": 119530304,
  "m": 248648496,
  "n": 1692479,
  "o": 1737622,
  "p": 1888923,
  "q": 1939051,
  "r": 2732191,
  "s": 5620940,
  "t": 3321536,
  "u": 6837077
}
