{
  "b": 36.30007553100586,
  "c": 76.86112976074219,
  "d": 50.10042190551758,
  "e": 106.07772064208984,
  "f": 383733152,
  "g": 805839680,
  "h": 558619648,
  "i": 1174697600,
  "j": 377520800,
  "k": 799355712,
  "l": 551104640,
  "m": 1166854912,
  "n": 6212282,
  "o": 6483923,
  "p": 7514985,
  "q": 7842667,
  "r": 58360388,
  "s": 122516640,
  "t": 85115200,
  "u": 178951008
}
