{
  "b": 33.19682693481445,
  "c": 68.56590270996094,
  "d": 36.74867630004883,
  "e": 75.8993911743164,
  "f": 351020288,
  "g": 718989504,
  "h": 410720736,
  "i": 841525824,
  "j": 345247008,
  "k": 713085376,
  "l": 404235424,
  "m": 834893312,
  "n": 5773288,
  "o": 5904051,
  "p": 6485371,
  "q": 6632446,
  "r": 12418679,
  "s": 25299562,
  "t": 15034590,
  "u": 30646028
}
