{
  "b": 278.6354064941406,
  "c": 545.703125,
  "d": 362.3061828613281,
  "e": 709.5328369140625,
  "f": 2947121920,
  "g": 5723479552,
  "h": 4046395136,
  "i": 7864479232,
  "j": 2897808384,
  "k": 5675312640,
  "l": 3985368064,
  "m": 7804860928,
  "n": 49313180,
  "o": 48166196,
  "p": 61027560,
  "q": 59618036,
  "r": 292574304,
  "s": 565623616,
  "t": 417993568,
  "u": 808908608
}
