{
  "b": 70.97901916503906,
  "c": 148.4987030029297,
  "d": 86.36287689208984,
  "e": 180.6756591796875,
  "f": 750000000,
  "g": 1560000000,
  "h": 965000000,
  "i": 2000000000,
  "j": 738000000,
  "k": 1540000000,
  "l": 950000000,
  "m": 1990000000,
  "n": 12400000,
  "o": 12400000,
  "p": 15000000,
  "q": 15000000,
  "r": 50400000,
  "s": 104000000,
  "t": 66400000,
  "u": 137000000
}
