{
  "b": 33.19682693481445,
  "c": 68.56590270996094,
  "d": 36.74867630004883,
  "e": 75.8993911743164,
  "f": 351000000,
  "g": 719000000,
  "h": 411000000,
  "i": 842000000,
  "j": 345000000,
  "k": 713000000,
  "l": 404000000,
  "m": 835000000,
  "n": 5840000,
  "o": 5840000,
  "p": 6560000,
  "q": 6560000,
  "r": 12400000,
  "s": 25300000,
  "t": 15000000,
  "u": 30600000
}
