{
  "b": 278.6354064941406,
  "c": 545.703125,
  "d": 362.3061828613281,
  "e": 709.5328369140625,
  "f": 2950000000,
  "g": 5720000000,
  "h": 4050000000,
  "i": 7860000000,
  "j": 2900000000,
  "k": 5680000000,
  "l": 3990000000,
  "m": 7800000000,
  "n": 48700000,
  "o": 48700000,
  "p": 60300000,
  "q": 60300000,
  "r": 293000000,
  "s": 566000000,
  "t": 418000000,
  "u": 809000000
}
