{
  "b": 70.97901916503906,
  "c": 148.4987030029297,
  "d": 86.36287689208984,
  "e": 180.6756591796875,
  "f": 750376384,
  "g": 1556986240,
  "h": 964768320,
  "i": 2002698752,
  "j": 738181760,
  "k": 1544386432,
  "l": 949991680,
  "m": 1987432192,
  "n": 12194662,
  "o": 12599866,
  "p": 14776666,
  "q": 15266728,
  "r": 50423868,
  "s": 104284256,
  "t": 66390680,
  "u": 137377856
}
