{
  "b": 11.440400123596191,
  "c": 23.839069366455078,
  "d": 14.170842170715332,
  "e": 29.52725601196289,
  "f": 121000000,
  "g": 250000000,
  "h": 159000000,
  "i": 328000000,
  "j": 119000000,
  "k": 248000000,
  "l": 156000000,
  "m": 325000000,
  "n": 2020000,
  "o": 2020000,
  "p": 2710000,
  "q": 2710000,
  "r": 2310000,
  "s": 4740000,
  "t": 3080000,
  "u": 6330000
}
