{
  "b": 31.348697662353516,
  "c": 65.94702911376953,
  "d": 40.137088775634766,
  "e": 84.43090057373047,
  "f": 331476096,
  "g": 691517632,
  "h": 448068320,
  "i": 935564160,
  "j": 326026464,
  "k": 685849088,
  "l": 441507968,
  "m": 928739904,
  "n": 5449641,
  "o": 5668630,
  "p": 6560385,
  "q": 6824213,
  "r": 14909641,
  "s": 31040184,
  "t": 20935404,
  "u": 43634648
}
