{
  "b": 164.98619079589844,
  "c": 344.4228820800781,
  "d": 242.12228393554688,
  "e": 505.424072265625,
  "f": 1740000000,
  "g": 3610000000,
  "h": 2700000000,
  "i": 5600000000,
  "j": 1720000000,
  "k": 3580000000,
  "l": 2660000000,
  "m": 5560000000,
  "n": 28600000,
  "o": 28600000,
  "p": 37600000,
  "q": 37600000,
  "r": 172000000,
  "s": 356000000,
  "t": 281000000,
  "u": 581000000
}
