{
  "b": 50.42763900756836,
  "c": 102.30107879638672,
  "d": 68.14559936523438,
  "e": 138.2377471923828,
  "f": 533000000,
  "g": 1070000000,
  "h": 761000000,
  "i": 1530000000,
  "j": 524000000,
  "k": 1060000000,
  "l": 750000000,
  "m": 1520000000,
  "n": 9010000,
  "o": 9010000,
  "p": 11600000,
  "q": 11600000,
  "r": 21600000,
  "s": 43300000,
  "t": 32700000,
  "u": 65700000
}
