{
  "b": 44.896141052246094,
  "c": 90.81871032714844,
  "d": 50.50771713256836,
  "e": 102.16581726074219,
  "f": 474777600,
  "g": 952408832,
  "h": 564329472,
  "i": 1132610048,
  "j": 466919872,
  "k": 944514560,
  "l": 555584896,
  "m": 1123824000,
  "n": 7857710,
  "o": 7894380,
  "p": 8744515,
  "q": 8786057,
  "r": 12888811,
  "s": 25706674,
  "t": 15166246,
  "u": 30271898
}
