{
  "b": 50.42763900756836,
  "c": 102.30107879638672,
  "d": 68.14559936523438,
  "e": 138.2377471923828,
  "f": 533415904,
  "g": 1072986560,
  "h": 761130880,
  "i": 1532261376,
  "j": 524447456,
  "k": 1063931200,
  "l": 749601600,
  "m": 1520615168,
  "n": 8968435,
  "o": 9055341,
  "p": 11529232,
  "q": 11646402,
  "r": 21593908,
  "s": 43331312,
  "t": 32702658,
  "u": 65693912
}
