{
  "b": 31.348697662353516,
  "c": 65.94702911376953,
  "d": 40.137088775634766,
  "e": 84.43090057373047,
  "f": 331000000,
  "g": 692000000,
  "h": 448000000,
  "i": 936000000,
  "j": 326000000,
  "k": 686000000,
  "l": 442000000,
  "m": 929000000,
  "n": 5560000,
  "o": 5560000,
  "p": 6690000,
  "q": 6690000,
  "r": 14900000,
  "s": 31000000,
  "t": 20900000,
  "u": 43600000
}
