{
  "b": 11.440400123596191,
  "c": 23.839069366455078,
  "d": 14.170842170715332,
  "e": 29.52725601196289,
  "f": 120971672,
  "g": 249968576,
  "h": 158558752,
  "i": 327546848,
  "j": 118980160,
  "k": 247926320,
  "l": 155879264,
  "m": 324799808,
  "n": 1991529,
  "o": 2042252,
  "p": 2679508,
  "q": 2747012,
  "r": 2305493,
  "s": 4739876,
  "t": 3080399,
  "u": 6333367
}
