{
  "b": 164.98619079589844,
  "c": 344.4228820800781,
  "d": 242.12228393554688,
  "e": 505.424072265625,
  "f": 1744023552,
  "g": 3611027200,
  "h": 2700390400,
  "i": 5597837824,
  "j": 1715856384,
  "k": 3581998080,
  "l": 2663345152,
  "m": 5559664640,
  "n": 28167372,
  "o": 29029038,
  "p": 37044824,
  "q": 38173252,
  "r": 172164480,
  "s": 355811008,
  "t": 280982304,
  "u": 581448320
}
