{
  "b": 144.6913299560547,
  "c": 297.087890625,
  "d": 216.51287841796875,
  "e": 444.544921875,
  "f": 1530356096,
  "g": 3115628032,
  "h": 2415435264,
  "i": 4924244992,
  "j": 1504789888,
  "k": 3089713920,
  "l": 2381641728,
  "m": 4889994240,
  "n": 25566152,
  "o": 25914178,
  "p": 33793432,
  "q": 34250840,
  "r": 137752256,
  "s": 279498816,
  "t": 231423008,
  "u": 470408224
}
