{
  "b": 22.360742568969727,
  "c": 46.375118255615234,
  "d": 24.51302146911621,
  "e": 50.836082458496094,
  "f": 236376736,
  "g": 486219808,
  "h": 273854656,
  "i": 563510976,
  "j": 232551728,
  "k": 482301216,
  "l": 269643232,
  "m": 559196928,
  "n": 3824979,
  "o": 3918580,
  "p": 4211421,
  "q": 4314080,
  "r": 2763057,
  "s": 5656895,
  "t": 3297010,
  "u": 6754406
}
