{
  "b": 22.360742568969727,
  "c": 46.375118255615234,
  "d": 24.51302146911621,
  "e": 50.836082458496094,
  "f": 236000000,
  "g": 486000000,
  "h": 274000000,
  "i": 564000000,
  "j": 233000000,
  "k": 482000000,
  "l": 270000000,
  "m": 559000000,
  "n": 3870000,
  "o": 3870000,
  "p": 4260000,
  "q": 4260000,
  "r": 2760000,
  "s": 5660000,
  "t": 3300000,
  "u": 6750000
}
