{
  "b": 18.689348220825195,
  "c": 38.25837707519531,
  "d": 20.488487243652344,
  "e": 41.93988800048828,
  "f": 197597952,
  "g": 401161632,
  "h": 228938480,
  "i": 464954624,
  "j": 194369216,
  "k": 397887136,
  "l": 225373360,
  "m": 461338752,
  "n": 3228740,
  "o": 3274492,
  "p": 3565110,
  "q": 3615844,
  "r": 6188720,
  "s": 12536464,
  "t": 7279350,
  "u": 14752602
}
