{
  "b": 5.659724712371826,
  "c": 11.773388862609863,
  "d": 6.286333084106445,
  "e": 13.076446533203125,
  "f": 59841868,
  "g": 123454104,
  "h": 70233400,
  "i": 144958000,
  "j": 58861136,
  "k": 122443240,
  "l": 69149664,
  "m": 143840912,
  "n": 980728,
  "o": 1010867,
  "p": 1083734,
  "q": 1117092,
  "r": 669835,
  "s": 1376886,
  "t": 827834,
  "u": 1703035
}
