{
  "b": 12.095616340637207,
  "c": 24.70861053466797,
  "d": 13.744721412658691,
  "e": 28.07651138305664,
  "f": 128000000,
  "g": 259000000,
  "h": 154000000,
  "i": 311000000,
  "j": 126000000,
  "k": 257000000,
  "l": 151000000,
  "m": 309000000,
  "n": 2100000,
  "o": 2100000,
  "p": 2320000,
  "q": 2320000,
  "r": 1870000,
  "s": 3770000,
  "t": 2300000,
  "u": 4650000
}
