{
  "b": 5.659724712371826,
  "c": 11.773388862609863,
  "d": 6.286333084106445,
  "e": 13.076446533203125,
  "f": 59800000,
  "g": 123000000,
  "h": 70200000,
  "i": 145000000,
  "j": 58900000,
  "k": 122000000,
  "l": 69100000,
  "m": 144000000,
  "n": 996000,
  "o": 996000,
  "p": 1100000,
  "q": 1100000,
  "r": 670000,
  "s": 1380000,
  "t": 828000,
  "u": 1700000
}

