{
  "b": 144.6913299560547,
  "c": 297.087890625,
  "d": 216.51287841796875,
  "e": 444.544921875,
  "f": 1530000000,
  "g": 3120000000,
  "h": 2420000000,
  "i": 4920000000,
  "j": 1500000000,
  "k": 3090000000,
  "l": 2380000000,
  "m": 4890000000,
  "n": 25700000,
  "o": 25700000,
  "p": 34000000,
  "q": 34000000,
  "r": 138000000,
  "s": 279000000,
  "t": 231000000,
  "u": 470000000
}
