{
  "b": 12.095616340637207,
  "c": 24.70861053466797,
  "d": 13.744721412658691,
  "e": 28.07651138305664,
  "f": 127878968,
  "g": 259077120,
  "h": 153500752,
  "i": 311175936,
  "j": 125794408,
  "k": 256969552,
  "l": 151191936,
  "m": 308841632,
  "n": 2084563,
  "o": 2107578,
  "p": 2308826,
  "q": 2334313,
  "r": 1870069,
  "s": 3774946,
  "t": 2303282,
  "u": 4653861
}
