{
  "b": 75.80584716796875,
  "c": 149.3050994873047,
  "d": 92.20992279052734,
  "e": 181.60403442382812,
  "f": 801659200,
  "g": 1565805824,
  "h": 1030161408,
  "i": 2013206400,
  "j": 788380800,
  "k": 1552772992,
  "l": 1014309184,
  "m": 1997644416,
  "n": 13278395,
  "o": 13032887,
  "p": 15852132,
  "q": 15561820,
  "r": 36580356,
  "s": 71173128,
  "t": 48137076,
  "u": 93735864
}
