{
  "b": 156.1402587890625,
  "c": 321.3883056640625,
  "d": 187.55697631835938,
  "e": 386.0421447753906,
  "f": 1651520640,
  "g": 3370515200,
  "h": 2095206528,
  "i": 4279021312,
  "j": 1623858688,
  "k": 3342438400,
  "l": 2063126784,
  "m": 4246463744,
  "n": 27661830,
  "o": 28076134,
  "p": 32079856,
  "q": 32557276,
  "r": 342436480,
  "s": 698295552,
  "t": 444375680,
  "u": 907076224
}
