{
  "b": 43.59817123413086,
  "c": 90.40728759765625,
  "d": 49.820003509521484,
  "e": 103.30520629882812,
  "f": 461000000,
  "g": 948000000,
  "h": 557000000,
  "i": 1150000000,
  "j": 453000000,
  "k": 940000000,
  "l": 548000000,
  "m": 1140000000,
  "n": 7630000,
  "o": 7630000,
  "p": 8610000,
  "q": 8610000,
  "r": 40500000,
  "s": 83100000,
  "t": 50000000,
  "u": 103000000
}
