{
  "b": 20.633785247802734,
  "c": 42.755943298339844,
  "d": 22.389984130859375,
  "e": 46.39352035522461,
  "f": 218176480,
  "g": 448340704,
  "h": 250315296,
  "i": 514459584,
  "j": 214591376,
  "k": 444661824,
  "l": 246289824,
  "m": 510328704,
  "n": 3585114,
  "o": 3678826,
  "p": 4025495,
  "q": 4130895,
  "r": 6785751,
  "s": 13875273,
  "t": 7855081,
  "u": 16067390
}
