{
  "b": 47.33738327026367,
  "c": 96.17633819580078,
  "d": 52.88935470581055,
  "e": 107.45105743408203,
  "f": 500000000,
  "g": 1010000000,
  "h": 591000000,
  "i": 1190000000,
  "j": 492000000,
  "k": 1000000000,
  "l": 582000000,
  "m": 1180000000,
  "n": 8220000,
  "o": 8220000,
  "p": 9290000,
  "q": 9290000,
  "r": 15400000,
  "s": 30900000,
  "t": 18900000,
  "u": 37900000
}
