{
  "b": 47.33738327026367,
  "c": 96.17633819580078,
  "d": 52.88935470581055,
  "e": 107.45105743408203,
  "f": 500492864,
  "g": 1008489856,
  "h": 591028032,
  "i": 1191289216,
  "j": 492308768,
  "k": 1000233920,
  "l": 581782912,
  "m": 1181961600,
  "n": 8184099,
  "o": 8256030,
  "p": 9245113,
  "q": 9327611,
  "r": 15387754,
  "s": 30852022,
  "t": 18910866,
  "u": 37938040
}
