{
  "b": 75.80584716796875,
  "c": 149.3050994873047,
  "d": 92.20992279052734,
  "e": 181.60403442382812,
  "f": 802000000,
  "g": 1570000000,
  "h": 1030000000,
  "i": 2010000000,
  "j": 788000000,
  "k": 1550000000,
  "l": 1010000000,
  "m": 2000000000,
  "n": 13200000,
  "o": 13200000,
  "p": 15700000,
  "q": 15700000,
  "r": 36600000,
  "s": 71200000,
  "t": 48100000,
  "u": 93700000
}
