{
  "b": 178.36216735839844,
  "c": 363.4254150390625,
  "d": 210.38925170898438,
  "e": 428.6511535644531,
  "f": 1886331520,
  "g": 3811345664,
  "h": 2351286272,
  "i": 4752590336,
  "j": 1854966528,
  "k": 3779624448,
  "l": 2314281728,
  "m": 4715162624,
  "n": 31364858,
  "o": 31721304,
  "p": 37004428,
  "q": 37427856,
  "r": 160191536,
  "s": 321807520,
  "t": 201713552,
  "u": 405452608
}
