{
  "b": 23.96805191040039,
  "c": 49.939090728759766,
  "d": 30.0008544921875,
  "e": 62.50715255737305,
  "f": 253386928,
  "g": 523591168,
  "h": 334583456,
  "i": 692269184,
  "j": 249267744,
  "k": 519366528,
  "l": 330009408,
  "m": 687578688,
  "n": 4119198,
  "o": 4224714,
  "p": 4574034,
  "q": 4690511,
  "r": 3192925,
  "s": 6571567,
  "t": 4421337,
  "u": 9115507
}
