{
  "b": 11.02801513671875,
  "c": 22.022972106933594,
  "d": 12.245244979858398,
  "e": 24.45296859741211,
  "f": 116627600,
  "g": 230958752,
  "h": 136900992,
  "i": 271167456,
  "j": 114691360,
  "k": 229038912,
  "l": 134697696,
  "m": 268982656,
  "n": 1936238,
  "o": 1919863,
  "p": 2203284,
  "q": 2184776,
  "r": 1400051,
  "s": 2762453,
  "t": 1709384,
  "u": 3374531
}
