{
  "b": 23.96805191040039,
  "c": 49.939090728759766,
  "d": 30.0008544921875,
  "e": 62.50715255737305,
  "f": 253000000,
  "g": 524000000,
  "h": 335000000,
  "i": 692000000,
  "j": 249000000,
  "k": 519000000,
  "l": 330000000,
  "m": 688000000,
  "n": 4170000,
  "o": 4170000,
  "p": 4630000,
  "q": 4630000,
  "r": 3190000,
  "s": 6570000,
  "t": 4420000,
  "u": 9120000
}
