{
  "b": 46.9058952331543,
  "c": 97.01007080078125,
  "d": 55.141380310058594,
  "e": 114.03836822509766,
  "f": 496000000,
  "g": 1020000000,
  "h": 616000000,
  "i": 1260000000,
  "j": 488000000,
  "k": 1010000000,
  "l": 607000000,
  "m": 1250000000,
  "n": 8210000,
  "o": 8210000,
  "p": 9410000,
  "q": 9410000,
  "r": 17300000,
  "s": 35200000,
  "t": 22000000,
  "u": 45000000
}
