{
  "b": 206.051513671875,
  "c": 421.958984375,
  "d": 287.3265686035156,
  "e": 588.3695068359375,
  "f": 2178642688,
  "g": 4424611328,
  "h": 3205709824,
  "i": 6517859328,
  "j": 2142935680,
  "k": 4388373504,
  "l": 3160592384,
  "m": 6472064512,
  "n": 35706980,
  "o": 36237728,
  "p": 45117132,
  "q": 45794896,
  "r": 238658880,
  "s": 483821184,
  "t": 370716352,
  "u": 752568192
}
