{
  "b": 206.051513671875,
  "c": 421.958984375,
  "d": 287.3265686035156,
  "e": 588.3695068359375,
  "f": 2180000000,
  "g": 4420000000,
  "h": 3210000000,
  "i": 6520000000,
  "j": 2140000000,
  "k": 4390000000,
  "l": 3160000000,
  "m": 6470000000,
  "n": 36000000,
  "o": 36000000,
  "p": 45500000,
  "q": 45500000,
  "r": 239000000,
  "s": 484000000,
  "t": 371000000,
  "u": 753000000
}
