{
  "b": 0.7061175107955933,
  "c": 1.5383918285369873,
  "d": 0.6982965469360352,
  "e": 1.5214478969573975,
  "f": 7474551,
  "g": 16138618,
  "h": 7834571,
  "i": 16899090,
  "j": 7343622,
  "k": 15999275,
  "l": 7681262,
  "m": 16735927,
  "n": 130929,
  "o": 139340,
  "p": 153310,
  "q": 163164,
  "r": 114662,
  "s": 247977,
  "t": 121328,
  "u": 262197
}
