{
  "b": 1.4863580465316772,
  "c": 3.1501150131225586,
  "d": 1.6942105293273926,
  "e": 3.590435266494751,
  "f": 15700000,
  "g": 33000000,
  "h": 18900000,
  "i": 39800000,
  "j": 15500000,
  "k": 32800000,
  "l": 18600000,
  "m": 39500000,
  "n": 278000,
  "o": 278000,
  "p": 309000,
  "q": 309000,
  "r": 364000,
  "s": 765000,
  "t": 461000,
  "u": 970000
}
