{
  "b": 1.558079719543457,
  "c": 3.300588846206665,
  "d": 1.4078359603881836,
  "e": 2.9821667671203613,
  "f": 16500000,
  "g": 34600000,
  "h": 15800000,
  "i": 33100000,
  "j": 16200000,
  "k": 34300000,
  "l": 15500000,
  "m": 32800000,
  "n": 287000,
  "o": 287000,
  "p": 314000,
  "q": 314000,
  "r": 368000,
  "s": 772000,
  "t": 368000,
  "u": 773000
}
