{
  "b": 0.7061175107955933,
  "c": 1.5383918285369873,
  "d": 0.6982965469360352,
  "e": 1.5214478969573975,
  "f": 7470000,
  "g": 16100000,
  "h": 7830000,
  "i": 16900000,
  "j": 7340000,
  "k": 16000000,
  "l": 7680000,
  "m": 16700000,
  "n": 135000,
  "o": 135000,
  "p": 158000,
  "q": 158000,
  "r": 115000,
  "s": 248000,
  "t": 121000,
  "u": 262000
}
