{
  "b": 0.3624051809310913,
  "c": 0.78022700548172,
  "d": 0.29275304079055786,
  "e": 0.6302310824394226,
  "f": 3834944,
  "g": 8183964,
  "h": 3289951,
  "i": 7006085,
  "j": 3769014,
  "k": 8114361,
  "l": 3220284,
  "m": 6932542,
  "n": 65930,
  "o": 69603,
  "p": 69668,
  "q": 73543,
  "r": 62307,
  "s": 133002,
  "t": 55727,
  "u": 118778
}
