{
  "b": 0.3624051809310913,
  "c": 0.78022700548172,
  "d": 0.29275304079055786,
  "e": 0.6302310824394226,
  "f": 3830000,
  "g": 8180000,
  "h": 3290000,
  "i": 7010000,
  "j": 3770000,
  "k": 8110000,
  "l": 3220000,
  "m": 6930000,
  "n": 67800,
  "o": 67800,
  "p": 71600,
  "q": 71600,
  "r": 62300,
  "s": 133000,
  "t": 55700,
  "u": 119000
}
