{
  "b": 3.8870787620544434,
  "c": 8.420401573181152,
  "d": 4.29327917098999,
  "e": 9.299851417541504,
  "f": 41139236,
  "g": 88329592,
  "h": 48059024,
  "i": 103182352,
  "j": 40425620,
  "k": 87572176,
  "l": 47226072,
  "m": 102298368,
  "n": 713612,
  "o": 757416,
  "p": 832955,
  "q": 883991,
  "r": 1562426,
  "s": 3354150,
  "t": 1917035,
  "u": 4116543
}
