{
  "b": 2.124356269836426,
  "c": 4.508969783782959,
  "d": 2.7261693477630615,
  "e": 5.785921573638916,
  "f": 22479766,
  "g": 47294880,
  "h": 30462276,
  "i": 64138040,
  "j": 22093306,
  "k": 46893284,
  "l": 29987864,
  "m": 63645136,
  "n": 386463,
  "o": 401594,
  "p": 474413,
  "q": 492912,
  "r": 883750,
  "s": 1857299,
  "t": 1264310,
  "u": 2660139
}
