{
  "b": 0.722804605960846,
  "c": 1.564194917678833,
  "d": 0.7704520225524902,
  "e": 1.667171597480774,
  "f": 7649824,
  "g": 16408276,
  "h": 8622412,
  "i": 18495200,
  "j": 7517168,
  "k": 16267627,
  "l": 8474972,
  "m": 18338888,
  "n": 132656,
  "o": 140649,
  "p": 147440,
  "q": 156311,
  "r": 146915,
  "s": 315143,
  "t": 172837,
  "u": 370946
}
