{
  "b": 0.722804605960846,
  "c": 1.564194917678833,
  "d": 0.7704520225524902,
  "e": 1.667171597480774,
  "f": 7650000,
  "g": 16400000,
  "h": 8620000,
  "i": 18500000,
  "j": 7520000,
  "k": 16300000,
  "l": 8470000,
  "m": 18300000,
  "n": 137000,
  "o": 137000,
  "p": 152000,
  "q": 152000,
  "r": 147000,
  "s": 315000,
  "t": 173000,
  "u": 371000
}
