{
  "b": 0.08368584513664246,
  "c": 0.17826178669929504,
  "d": 0.08991194516420364,
  "e": 0.19150231778621674,
  "f": 886000,
  "g": 1870000,
  "h": 1010000,
  "i": 2130000,
  "j": 870000,
  "k": 1850000,
  "l": 989000,
  "m": 2110000,
  "n": 16200,
  "o": 16200,
  "p": 18400,
  "q": 18400,
  "r": 8230,
  "s": 17400,
  "t": 9920,
  "u": 21000
}
