{
  "b": 1.8743897676467896,
  "c": 4.089807033538818,
  "d": 2.2820017337799072,
  "e": 4.980228424072266,
  "f": 19868850,
  "g": 42933052,
  "h": 25559984,
  "i": 55269676,
  "j": 19493654,
  "k": 42533992,
  "l": 25102020,
  "m": 54782512,
  "n": 375197,
  "o": 399064,
  "p": 457963,
  "q": 487170,
  "r": 211839,
  "s": 459991,
  "t": 275872,
  "u": 599393
}
