{
  "b": 2.124356269836426,
  "c": 4.508969783782959,
  "d": 2.7261693477630615,
  "e": 5.785921573638916,
  "f": 22500000,
  "g": 47300000,
  "h": 30500000,
  "i": 64100000,
  "j": 22100000,
  "k": 46900000,
  "l": 30000000,
  "m": 63600000,
  "n": 394000,
  "o": 394000,
  "p": 484000,
  "q": 484000,
  "r": 884000,
  "s": 1860000,
  "t": 1260000,
  "u": 2660000
}
