{
  "b": 1.8743897676467896,
  "c": 4.089807033538818,
  "d": 2.2820017337799072,
  "e": 4.980228424072266,
  "f": 19900000,
  "g": 42900000,
  "h": 25600000,
  "i": 55300000,
  "j": 19500000,
  "k": 42500000,
  "l": 25100000,
  "m": 54800000,
  "n": 387000,
  "o": 387000,
  "p": 473000,
  "q": 473000,
  "r": 212000,
  "s": 460000,
  "t": 276000,
  "u": 599000
}
