{
  "b": 0.08368584513664246,
  "c": 0.17826178669929504,
  "d": 0.08991194516420364,
  "e": 0.19150231778621674,
  "f": 886295,
  "g": 1870419,
  "h": 1007175,
  "i": 2125272,
  "j": 870333,
  "k": 1853923,
  "l": 989031,
  "m": 2106526,
  "n": 15962,
  "o": 16497,
  "p": 18144,
  "q": 18746,
  "r": 8230,
  "s": 17406,
  "t": 9923,
  "u": 20994
}
