{
  "b": 3.8870787620544434,
  "c": 8.420401573181152,
  "d": 4.29327917098999,
  "e": 9.299851417541504,
  "f": 41100000,
  "g": 88300000,
  "h": 48100000,
  "i": 103000000,
  "j": 40400000,
  "k": 87600000,
  "l": 47200000,
  "m": 102000000,
  "n": 736000,
  "o": 736000,
  "p": 858000,
  "q": 858000,
  "r": 1560000,
  "s": 3350000,
  "t": 1920000,
  "u": 4120000
}
