{
  "b": 1.9378032684326172,
  "c": 4.029468536376953,
  "d": 2.149172067642212,
  "e": 4.468751907348633,
  "f": 20499268,
  "g": 42260512,
  "h": 24038022,
  "i": 49562484,
  "j": 20153154,
  "k": 41906472,
  "l": 23640894,
  "m": 49156272,
  "n": 346112,
  "o": 354038,
  "p": 397129,
  "q": 406209,
  "r": 389169,
  "s": 802169,
  "t": 480398,
  "u": 990674
}
