{
  "b": 0.08097779750823975,
  "c": 0.17336000502109528,
  "d": 0.09402836859226227,
  "e": 0.2012866884469986,
  "f": 857000,
  "g": 1820000,
  "h": 1050000,
  "i": 2230000,
  "j": 842000,
  "k": 1800000,
  "l": 1030000,
  "m": 2210000,
  "n": 15400,
  "o": 15400,
  "p": 17300,
  "q": 17300,
  "r": 19500,
  "s": 41500,
  "t": 25200,
  "u": 53500
}
