{
  "b": 1.0837723016738892,
  "c": 2.303083896636963,
  "d": 1.0319461822509766,
  "e": 2.1928138732910156,
  "f": 11469402,
  "g": 24158528,
  "h": 11579186,
  "i": 24358236,
  "j": 11271232,
  "k": 23952072,
  "l": 11351408,
  "m": 24120952,
  "n": 198170,
  "o": 206455,
  "p": 227778,
  "q": 237283,
  "r": 248703,
  "s": 524001,
  "t": 263771,
  "u": 555309
}
