{
  "b": 0.3463176488876343,
  "c": 0.7393919229507446,
  "d": 0.348932147026062,
  "e": 0.7449359893798828,
  "f": 3660000,
  "g": 7760000,
  "h": 3910000,
  "i": 8270000,
  "j": 3600000,
  "k": 7690000,
  "l": 3840000,
  "m": 8190000,
  "n": 64600,
  "o": 64600,
  "p": 70100,
  "q": 70100,
  "r": 57100,
  "s": 121000,
  "t": 64400,
  "u": 136000
}
