{
  "b": 0.3463176488876343,
  "c": 0.7393919229507446,
  "d": 0.348932147026062,
  "e": 0.7449359893798828,
  "f": 3664749,
  "g": 7755747,
  "h": 3906731,
  "i": 8266054,
  "j": 3601704,
  "k": 7689676,
  "l": 3838254,
  "m": 8194296,
  "n": 63046,
  "o": 66072,
  "p": 68478,
  "q": 71758,
  "r": 57139,
  "s": 121015,
  "t": 64355,
  "u": 136314
}
