{
  "b": 0.08097779750823975,
  "c": 0.17336000502109528,
  "d": 0.09402836859226227,
  "e": 0.2012866884469986,
  "f": 857239,
  "g": 1818722,
  "h": 1051173,
  "i": 2231804,
  "j": 842169,
  "k": 1802944,
  "l": 1034312,
  "m": 2214154,
  "n": 15070,
  "o": 15778,
  "p": 16861,
  "q": 17651,
  "r": 19540,
  "s": 41541,
  "t": 25157,
  "u": 53535
}
