{
  "b": 3.223137617111206,
  "c": 6.807742118835449,
  "d": 3.8252153396606445,
  "e": 8.07894229888916,
  "f": 34100000,
  "g": 71400000,
  "h": 42800000,
  "i": 89600000,
  "j": 33500000,
  "k": 70800000,
  "l": 42100000,
  "m": 88900000,
  "n": 591000,
  "o": 591000,
  "p": 693000,
  "q": 693000,
  "r": 1370000,
  "s": 2870000,
  "t": 1800000,
  "u": 3770000
}
