{
  "b": 1.9378032684326172,
  "c": 4.029468536376953,
  "d": 2.149172067642212,
  "e": 4.468751907348633,
  "f": 20500000,
  "g": 42300000,
  "h": 24000000,
  "i": 49600000,
  "j": 20200000,
  "k": 41900000,
  "l": 23600000,
  "m": 49200000,
  "n": 350000,
  "o": 350000,
  "p": 402000,
  "q": 402000,
  "r": 389000,
  "s": 802000,
  "t": 480000,
  "u": 991000
}
