{
  "b": 1.0621834993362427,
  "c": 2.225597620010376,
  "d": 1.2953137159347534,
  "e": 2.7180299758911133,
  "f": 11456196,
  "g": 23572922,
  "h": 14752893,
  "i": 30424154,
  "j": 11046709,
  "k": 23146216,
  "l": 14248451,
  "m": 29898330,
  "n": 409486,
  "o": 426709,
  "p": 504442,
  "q": 525823,
  "r": 403480,
  "s": 869096,
  "t": 533512,
  "u": 1149781
}
