{
  "b": 0.5514219999313354,
  "c": 1.2073676586151123,
  "d": 0.6461600661277771,
  "e": 1.4148021936416626,
  "f": 5830000,
  "g": 12700000,
  "h": 7220000,
  "i": 15700000,
  "j": 5730000,
  "k": 12600000,
  "l": 7110000,
  "m": 15600000,
  "n": 102000,
  "o": 102000,
  "p": 120000,
  "q": 120000,
  "r": 60400,
  "s": 131000,
  "t": 76900,
  "u": 167000
}
