{
  "b": 0.5616214275360107,
  "c": 1.1912778615951538,
  "d": 0.5614219903945923,
  "e": 1.1907970905303955,
  "f": 5942823,
  "g": 12495531,
  "h": 6284389,
  "i": 13212072,
  "j": 5840863,
  "k": 12389290,
  "l": 6175642,
  "m": 13098768,
  "n": 101960,
  "o": 106241,
  "p": 108747,
  "q": 113304,
  "r": 111703,
  "s": 234902,
  "t": 123793,
  "u": 260392
}
