{
  "b": 1.0621834993362427,
  "c": 2.225597620010376,
  "d": 1.2953137159347534,
  "e": 2.7180299758911133,
  "f": 11500000,
  "g": 23600000,
  "h": 14800000,
  "i": 30400000,
  "j": 11000000,
  "k": 23100000,
  "l": 14200000,
  "m": 29900000,
  "n": 418000,
  "o": 418000,
  "p": 515000,
  "q": 515000,
  "r": 403000,
  "s": 869000,
  "t": 534000,
  "u": 1150000
}
