{
  "b": 0.38671427965164185,
  "c": 0.8163609504699707,
  "d": 0.441731721162796,
  "e": 0.932453989982605,
  "f": 4091651,
  "g": 8562623,
  "h": 4935507,
  "i": 10336349,
  "j": 4021829,
  "k": 8490154,
  "l": 4859049,
  "m": 10256994,
  "n": 69822,
  "o": 72469,
  "p": 76459,
  "q": 79354,
  "r": 77662,
  "s": 162330,
  "t": 97580,
  "u": 204199
}
