{
  "b": 2.5475635528564453,
  "c": 5.397194862365723,
  "d": 2.754650115966797,
  "e": 5.835623741149902,
  "f": 26955132,
  "g": 56609756,
  "h": 30844294,
  "i": 64756724,
  "j": 26494662,
  "k": 56130828,
  "l": 30301152,
  "m": 64191860,
  "n": 460472,
  "o": 478927,
  "p": 543142,
  "q": 564865,
  "r": 1240166,
  "s": 2602095,
  "t": 1483541,
  "u": 3112777
}
