{
  "b": 2.5475635528564453,
  "c": 5.397194862365723,
  "d": 2.754650115966797,
  "e": 5.835623741149902,
  "f": 27000000,
  "g": 56600000,
  "h": 30800000,
  "i": 64800000,
  "j": 26500000,
  "k": 56100000,
  "l": 30300000,
  "m": 64200000,
  "n": 470000,
  "o": 470000,
  "p": 554000,
  "q": 554000,
  "r": 1240000,
  "s": 2600000,
  "t": 1480000,
  "u": 3110000
}
