{
  "b": 0.5616214275360107,
  "c": 1.1912778615951538,
  "d": 0.5614219903945923,
  "e": 1.1907970905303955,
  "f": 5940000,
  "g": 12500000,
  "h": 6280000,
  "i": 13200000,
  "j": 5840000,
  "k": 12400000,
  "l": 6180000,
  "m": 13100000,
  "n": 104000,
  "o": 104000,
  "p": 111000,
  "q": 111000,
  "r": 112000,
  "s": 235000,
  "t": 124000,
  "u": 260000
}
