{
  "b": 0.6058562397956848,
  "c": 1.3229259252548218,
  "d": 0.6799039840698242,
  "e": 1.4845342636108398,
  "f": 6417903,
  "g": 13883098,
  "h": 7615836,
  "i": 16475728,
  "j": 6300905,
  "k": 13758430,
  "l": 7478944,
  "m": 16329877,
  "n": 116997,
  "o": 124669,
  "p": 136893,
  "q": 145852,
  "r": 98067,
  "s": 212657,
  "t": 121088,
  "u": 262698
}
