{
  "b": 0.4650414288043976,
  "c": 0.9996257424354553,
  "d": 0.5207566618919373,
  "e": 1.119335412979126,
  "f": 4922195,
  "g": 10486493,
  "h": 5824592,
  "i": 12414139,
  "j": 4836431,
  "k": 10396108,
  "l": 5728323,
  "m": 12312690,
  "n": 85764,
  "o": 90385,
  "p": 96268,
  "q": 101448,
  "r": 86981,
  "s": 185531,
  "t": 108392,
  "u": 231365
}
