{
  "b": 0.4650414288043976,
  "c": 0.9996257424354553,
  "d": 0.5207566618919373,
  "e": 1.119335412979126,
  "f": 4920000,
  "g": 10500000,
  "h": 5820000,
  "i": 12400000,
  "j": 4840000,
  "k": 10400000,
  "l": 5730000,
  "m": 12300000,
  "n": 88100,
  "o": 88100,
  "p": 98900,
  "q": 98900,
  "r": 87000,
  "s": 186000,
  "t": 108000,
  "u": 231000
}

