{
  "b": 0.6058562397956848,
  "c": 1.3229259252548218,
  "d": 0.6799039840698242,
  "e": 1.4845342636108398,
  "f": 6420000,
  "g": 13900000,
  "h": 7620000,
  "i": 16500000,
  "j": 6300000,
  "k": 13800000,
  "l": 7480000,
  "m": 16300000,
  "n": 121000,
  "o": 121000,
  "p": 141000,
  "q": 141000,
  "r": 98100,
  "s": 213000,
  "t": 121000,
  "u": 263000
}
