{
  "b": 0.31003880500793457,
  "c": 0.6657251119613647,
  "d": 0.3522847592830658,
  "e": 0.7563987374305725,
  "f": 3281402,
  "g": 6983565,
  "h": 3939330,
  "i": 8387985,
  "j": 3224404,
  "k": 6923541,
  "l": 3875133,
  "m": 8320386,
  "n": 56998,
  "o": 60023,
  "p": 64197,
  "q": 67599,
  "r": 55901,
  "s": 119184,
  "t": 71258,
  "u": 152041
}
