{
  "b": 0.31003880500793457,
  "c": 0.6657251119613647,
  "d": 0.3522847592830658,
  "e": 0.7563987374305725,
  "f": 3280000,
  "g": 6980000,
  "h": 3940000,
  "i": 8390000,
  "j": 3220000,
  "k": 6920000,
  "l": 3880000,
  "m": 8320000,
  "n": 58500,
  "o": 58500,
  "p": 65900,
  "q": 65900,
  "r": 55900,
  "s": 119000,
  "t": 71300,
  "u": 152000
}
