{
  "b": 0.5293915271759033,
  "c": 1.131494164466858,
  "d": 0.4557919204235077,
  "e": 0.9741284251213074,
  "f": 5601686,
  "g": 11868325,
  "h": 5117467,
  "i": 10824322,
  "j": 5505672,
  "k": 11767539,
  "l": 5013711,
  "m": 10715413,
  "n": 96014,
  "o": 100787,
  "p": 103756,
  "q": 108909,
  "r": 104414,
  "s": 221459,
  "t": 101210,
  "u": 214411
}
