{
  "b": 0.9331792593002319,
  "c": 1.971304178237915,
  "d": 0.8684511780738831,
  "e": 1.8344883918762207,
  "f": 9873773,
  "g": 20676820,
  "h": 9747445,
  "i": 20381388,
  "j": 9705064,
  "k": 20501564,
  "l": 9552963,
  "m": 20179372,
  "n": 168708,
  "o": 175256,
  "p": 194482,
  "q": 202018,
  "r": 194315,
  "s": 406960,
  "t": 200291,
  "u": 419031
}
