{
  "b": 0.7647508382797241,
  "c": 1.6509608030319214,
  "d": 0.7141018509864807,
  "e": 1.5414961576461792,
  "f": 8093638,
  "g": 17318466,
  "h": 8007680,
  "i": 17117978,
  "j": 7953409,
  "k": 17169992,
  "l": 7855121,
  "m": 16956458,
  "n": 140228,
  "o": 148472,
  "p": 152558,
  "q": 161521,
  "r": 107395,
  "s": 229910,
  "t": 112022,
  "u": 239704
}
