{
  "b": 1.2464438676834106,
  "c": 2.6656062602996826,
  "d": 1.2821118831634521,
  "e": 2.741729974746704,
  "f": 13200000,
  "g": 28000000,
  "h": 14300000,
  "i": 30400000,
  "j": 13000000,
  "k": 27700000,
  "l": 14100000,
  "m": 30200000,
  "n": 228000,
  "o": 228000,
  "p": 249000,
  "q": 249000,
  "r": 1690000,
  "s": 3580000,
  "t": 1690000,
  "u": 3590000
}
