{
  "b": 0.4225732684135437,
  "c": 0.9254209399223328,
  "d": 0.4733298122882843,
  "e": 1.0366134643554688,
  "f": 4470000,
  "g": 9710000,
  "h": 5290000,
  "i": 11500000,
  "j": 4390000,
  "k": 9620000,
  "l": 5210000,
  "m": 11400000,
  "n": 80000,
  "o": 80000,
  "p": 89000,
  "q": 89000,
  "r": 48200,
  "s": 105000,
  "t": 58800,
  "u": 128000
}
