{
  "b": 0.4401046633720398,
  "c": 0.9509105086326599,
  "d": 0.4851410388946533,
  "e": 1.0481581687927246,
  "f": 4657725,
  "g": 9974884,
  "h": 5422529,
  "i": 11620808,
  "j": 4577089,
  "k": 9889469,
  "l": 5336552,
  "m": 11529740,
  "n": 80636,
  "o": 85416,
  "p": 85977,
  "q": 91067,
  "r": 86565,
  "s": 185618,
  "t": 107016,
  "u": 229687
}
