{
  "b": 1.2464438676834106,
  "c": 2.6656062602996826,
  "d": 1.2821118831634521,
  "e": 2.741729974746704,
  "f": 13185500,
  "g": 27956344,
  "h": 14345531,
  "i": 30413904,
  "j": 12963016,
  "k": 27722306,
  "l": 14103231,
  "m": 30159030,
  "n": 222483,
  "o": 234037,
  "p": 242300,
  "q": 254878,
  "r": 1685244,
  "s": 3577777,
  "t": 1691018,
  "u": 3590449
}
