{
  "b": 0.4225732684135437,
  "c": 0.9254209399223328,
  "d": 0.4733298122882843,
  "e": 1.0366134643554688,
  "f": 4472009,
  "g": 9707176,
  "h": 5292545,
  "i": 11494836,
  "j": 4394762,
  "k": 9624378,
  "l": 5206628,
  "m": 11402748,
  "n": 77246,
  "o": 82798,
  "p": 85916,
  "q": 92087,
  "r": 48213,
  "s": 104819,
  "t": 58832,
  "u": 127997
}
