{
  "b": 0.7647508382797241,
  "c": 1.6509608030319214,
  "d": 0.7141018509864807,
  "e": 1.5414961576461792,
  "f": 8090000,
  "g": 17300000,
  "h": 8010000,
  "i": 17100000,
  "j": 7950000,
  "k": 17200000,
  "l": 7860000,
  "m": 17000000,
  "n": 144000,
  "o": 144000,
  "p": 157000,
  "q": 157000,
  "r": 107000,
  "s": 230000,
  "t": 112000,
  "u": 240000
}
