{
  "b": 0.9331792593002319,
  "c": 1.971304178237915,
  "d": 0.8684511780738831,
  "e": 1.8344883918762207,
  "f": 9870000,
  "g": 20700000,
  "h": 9750000,
  "i": 20400000,
  "j": 9710000,
  "k": 20500000,
  "l": 9550000,
  "m": 20200000,
  "n": 172000,
  "o": 172000,
  "p": 198000,
  "q": 198000,
  "r": 194000,
  "s": 407000,
  "t": 200000,
  "u": 419000
}
