{
  "b": 0.13372820615768433,
  "c": 0.2887561619281769,
  "d": 0.14985200762748718,
  "e": 0.32354676723480225,
  "f": 1420000,
  "g": 3030000,
  "h": 1670000,
  "i": 3590000,
  "j": 1390000,
  "k": 3000000,
  "l": 1650000,
  "m": 3560000,
  "n": 25500,
  "o": 25500,
  "p": 26800,
  "q": 26800,
  "r": 17000,
  "s": 36400,
  "t": 21400,
  "u": 45900
}
