{
  "b": 1.2067034244537354,
  "c": 2.584437847137451,
  "d": 1.3696116209030151,
  "e": 2.9331541061401367,
  "f": 12800000,
  "g": 27100000,
  "h": 15300000,
  "i": 32500000,
  "j": 12500000,
  "k": 26900000,
  "l": 15100000,
  "m": 32300000,
  "n": 233000,
  "o": 233000,
  "p": 274000,
  "q": 274000,
  "r": 310000,
  "s": 659000,
  "t": 394000,
  "u": 838000
}
