{
  "b": 0.1921427696943283,
  "c": 0.4008932113647461,
  "d": 0.22499772906303406,
  "e": 0.4694148302078247,
  "f": 2033530,
  "g": 4205259,
  "h": 2516009,
  "i": 5205435,
  "j": 1998285,
  "k": 4169290,
  "l": 2474975,
  "m": 5163563,
  "n": 35245,
  "o": 35969,
  "p": 41034,
  "q": 41872,
  "r": 32986,
  "s": 68253,
  "t": 42560,
  "u": 88140
}
