{
  "b": 1.2067034244537354,
  "c": 2.584437847137451,
  "d": 1.3696116209030151,
  "e": 2.9331541061401367,
  "f": 12777897,
  "g": 27116904,
  "h": 15333814,
  "i": 32545172,
  "j": 12549715,
  "k": 26878154,
  "l": 15065728,
  "m": 32264696,
  "n": 228181,
  "o": 238752,
  "p": 268086,
  "q": 280476,
  "r": 310407,
  "s": 659207,
  "t": 394383,
  "u": 837959
}
