{
  "b": 0.07181928306818008,
  "c": 0.15565001964569092,
  "d": 0.09427998960018158,
  "e": 0.20435258746147156,
  "f": 761000,
  "g": 1630000,
  "h": 1050000,
  "i": 2260000,
  "j": 747000,
  "k": 1620000,
  "l": 1040000,
  "m": 2250000,
  "n": 14100,
  "o": 14100,
  "p": 15700,
  "q": 15700,
  "r": 6340,
  "s": 13600,
  "t": 9310,
  "u": 20100
}
