{
  "b": 0.13372820615768433,
  "c": 0.2887561619281769,
  "d": 0.14985200762748718,
  "e": 0.32354676723480225,
  "f": 1415534,
  "g": 3029236,
  "h": 1674426,
  "i": 3586552,
  "j": 1390773,
  "k": 3003064,
  "l": 1648372,
  "m": 3559015,
  "n": 24760,
  "o": 26172,
  "p": 26054,
  "q": 27537,
  "r": 16994,
  "s": 36433,
  "t": 21386,
  "u": 45903
}
