{
  "b": 1.3579356670379639,
  "c": 2.9148495197296143,
  "d": 1.225553274154663,
  "e": 2.63053297996521,
  "f": 14400000,
  "g": 30600000,
  "h": 13700000,
  "i": 29200000,
  "j": 14100000,
  "k": 30300000,
  "l": 13500000,
  "m": 28900000,
  "n": 251000,
  "o": 251000,
  "p": 272000,
  "q": 272000,
  "r": 380000,
  "s": 809000,
  "t": 383000,
  "u": 814000
}
