{
  "b": 1.3579356670379639,
  "c": 2.9148495197296143,
  "d": 1.225553274154663,
  "e": 2.63053297996521,
  "f": 14367199,
  "g": 30572440,
  "h": 13745489,
  "i": 29214664,
  "j": 14122531,
  "k": 30314436,
  "l": 13481086,
  "m": 28935864,
  "n": 244668,
  "o": 258003,
  "p": 264404,
  "q": 278800,
  "r": 380334,
  "s": 809032,
  "t": 382988,
  "u": 814067
}
