{
  "b": 0.07181928306818008,
  "c": 0.15565001964569092,
  "d": 0.09427998960018158,
  "e": 0.20435258746147156,
  "f": 760605,
  "g": 1633180,
  "h": 1052339,
  "i": 2263960,
  "j": 746921,
  "k": 1618760,
  "l": 1037080,
  "m": 2247879,
  "n": 13684,
  "o": 14420,
  "p": 15259,
  "q": 16082,
  "r": 6338,
  "s": 13636,
  "t": 9309,
  "u": 20060
}
