{
  "b": 0.22770383954048157,
  "c": 0.4862563908100128,
  "d": 0.26040711998939514,
  "e": 0.5560600757598877,
  "f": 2410000,
  "g": 5100000,
  "h": 2910000,
  "i": 6160000,
  "j": 2370000,
  "k": 5060000,
  "l": 2860000,
  "m": 6120000,
  "n": 42600,
  "o": 42600,
  "p": 45900,
  "q": 45900,
  "r": 26400,
  "s": 56000,
  "t": 33800,
  "u": 71700
}
