{
  "b": 0.22770383954048157,
  "c": 0.4862563908100128,
  "d": 0.26040711998939514,
  "e": 0.5560600757598877,
  "f": 2409722,
  "g": 5100652,
  "h": 2909267,
  "i": 6163580,
  "j": 2368120,
  "k": 5057067,
  "l": 2864478,
  "m": 6116661,
  "n": 41602,
  "o": 43585,
  "p": 44788,
  "q": 46919,
  "r": 26397,
  "s": 55950,
  "t": 33787,
  "u": 71699
}
