{
  "b": 1.1229729652404785,
  "c": 2.4201135635375977,
  "d": 0.9778427481651306,
  "e": 2.1072311401367188,
  "f": 11881098,
  "g": 25383390,
  "h": 10975301,
  "i": 23411592,
  "j": 11678919,
  "k": 25169180,
  "l": 10756270,
  "m": 23179542,
  "n": 202179,
  "o": 214209,
  "p": 219031,
  "q": 232051,
  "r": 226847,
  "s": 484768,
  "t": 220679,
  "u": 471067
}
