{
  "b": 1.1229729652404785,
  "c": 2.4201135635375977,
  "d": 0.9778427481651306,
  "e": 2.1072311401367188,
  "f": 11900000,
  "g": 25400000,
  "h": 11000000,
  "i": 23400000,
  "j": 11700000,
  "k": 25200000,
  "l": 10800000,
  "m": 23200000,
  "n": 208000,
  "o": 208000,
  "p": 226000,
  "q": 226000,
  "r": 227000,
  "s": 485000,
  "t": 221000,
  "u": 471000
}
