{
  "b": 1.1761513948440552,
  "c": 2.5135130882263184,
  "d": 1.5489861965179443,
  "e": 3.310080051422119,
  "f": 12444404,
  "g": 26363316,
  "h": 17282784,
  "i": 36666676,
  "j": 12231974,
  "k": 26140536,
  "l": 17038848,
  "m": 36410880,
  "n": 212430,
  "o": 222778,
  "p": 243937,
  "q": 255791,
  "r": 260459,
  "s": 551959,
  "t": 382153,
  "u": 811316
}
