{
  "b": 0.04052416980266571,
  "c": 0.08699701726436615,
  "d": 0.04361380264163017,
  "e": 0.09362450987100601,
  "f": 429315,
  "g": 912991,
  "h": 487823,
  "i": 1038307,
  "j": 421451,
  "k": 904769,
  "l": 479752,
  "m": 1029870,
  "n": 7864,
  "o": 8222,
  "p": 8071,
  "q": 8437,
  "r": 9908,
  "s": 21092,
  "t": 11326,
  "u": 24142
}
