{
  "b": 0.4481755793094635,
  "c": 0.9793131947517395,
  "d": 0.485648512840271,
  "e": 1.061241865158081,
  "f": 4740000,
  "g": 10300000,
  "h": 5440000,
  "i": 11800000,
  "j": 4660000,
  "k": 10200000,
  "l": 5340000,
  "m": 11700000,
  "n": 85100,
  "o": 85100,
  "p": 101000,
  "q": 101000,
  "r": 71400,
  "s": 155000,
  "t": 78000,
  "u": 169000
}
