{
  "b": 1.1761513948440552,
  "c": 2.5135130882263184,
  "d": 1.5489861965179443,
  "e": 3.310080051422119,
  "f": 12400000,
  "g": 26400000,
  "h": 17300000,
  "i": 36700000,
  "j": 12200000,
  "k": 26100000,
  "l": 17000000,
  "m": 36400000,
  "n": 218000,
  "o": 218000,
  "p": 250000,
  "q": 250000,
  "r": 260000,
  "s": 552000,
  "t": 382000,
  "u": 811000
}
