{
  "b": 0.4481755793094635,
  "c": 0.9793131947517395,
  "d": 0.485648512840271,
  "e": 1.061241865158081,
  "f": 4743435,
  "g": 10272711,
  "h": 5439568,
  "i": 11777533,
  "j": 4661026,
  "k": 10184857,
  "l": 5342134,
  "m": 11673660,
  "n": 82409,
  "o": 87854,
  "p": 97435,
  "q": 103873,
  "r": 71380,
  "s": 154716,
  "t": 78019,
  "u": 169099
}
