{
  "b": 3.796217203140259,
  "c": 8.139657974243164,
  "d": 5.926357269287109,
  "e": 12.71069049835205,
  "f": 40271788,
  "g": 85477752,
  "h": 66204524,
  "i": 140876240,
  "j": 39480660,
  "k": 84652440,
  "l": 65189928,
  "m": 139817600,
  "n": 791126,
  "o": 825312,
  "p": 1014590,
  "q": 1058660,
  "r": 2725269,
  "s": 5821182,
  "t": 4409065,
  "u": 9437653
}
