{
  "b": 0.956210196018219,
  "c": 2.0538294315338135,
  "d": 0.8821138143539429,
  "e": 1.8945616483688354,
  "f": 10100000,
  "g": 21500000,
  "h": 9890000,
  "i": 21000000,
  "j": 9940000,
  "k": 21400000,
  "l": 9700000,
  "m": 20800000,
  "n": 177000,
  "o": 177000,
  "p": 193000,
  "q": 193000,
  "r": 242000,
  "s": 514000,
  "t": 246000,
  "u": 523000
}
