{
  "b": 4.7843499183654785,
  "c": 9.764116287231445,
  "d": 6.218898773193359,
  "e": 12.69095516204834,
  "f": 50640676,
  "g": 102432248,
  "h": 69688096,
  "i": 140883440,
  "j": 49757240,
  "k": 101546808,
  "l": 68407888,
  "m": 139600512,
  "n": 883435,
  "o": 885432,
  "p": 1280207,
  "q": 1282923,
  "r": 1803099,
  "s": 3638686,
  "t": 2695040,
  "u": 5436656
}
