{
  "b": 0.33802831172943115,
  "c": 0.7281216979026794,
  "d": 0.36005517840385437,
  "e": 0.7755267024040222,
  "f": 3580000,
  "g": 7640000,
  "h": 4030000,
  "i": 8600000,
  "j": 3520000,
  "k": 7570000,
  "l": 3960000,
  "m": 8530000,
  "n": 63700,
  "o": 63700,
  "p": 70400,
  "q": 70400,
  "r": 82400,
  "s": 176000,
  "t": 98300,
  "u": 210000
}
