{
  "b": 0.39902186393737793,
  "c": 0.8654617071151733,
  "d": 0.34069064259529114,
  "e": 0.7388802766799927,
  "f": 4220000,
  "g": 9080000,
  "h": 3830000,
  "i": 8220000,
  "j": 4150000,
  "k": 9000000,
  "l": 3750000,
  "m": 8130000,
  "n": 77100,
  "o": 77100,
  "p": 88500,
  "q": 88500,
  "r": 54600,
  "s": 117000,
  "t": 50800,
  "u": 109000
}
