{
  "b": 4.7843499183654785,
  "c": 9.764116287231445,
  "d": 6.218898773193359,
  "e": 12.69095516204834,
  "f": 50600000,
  "g": 102000000,
  "h": 69700000,
  "i": 141000000,
  "j": 49800000,
  "k": 102000000,
  "l": 68400000,
  "m": 140000000,
  "n": 884000,
  "o": 884000,
  "p": 1280000,
  "q": 1280000,
  "r": 1800000,
  "s": 3640000,
  "t": 2700000,
  "u": 5440000
}
