{
  "b": 0.956210196018219,
  "c": 2.0538294315338135,
  "d": 0.8821138143539429,
  "e": 1.8945616483688354,
  "f": 10116468,
  "g": 21541174,
  "h": 9891389,
  "i": 21038658,
  "j": 9944586,
  "k": 21359826,
  "l": 9703252,
  "m": 20840178,
  "n": 171883,
  "o": 181346,
  "p": 188136,
  "q": 198479,
  "r": 241502,
  "s": 514062,
  "t": 246053,
  "u": 523425
}
