{
  "b": 0.33802831172943115,
  "c": 0.7281216979026794,
  "d": 0.36005517840385437,
  "e": 0.7755267024040222,
  "f": 3577427,
  "g": 7637875,
  "h": 4029110,
  "i": 8603138,
  "j": 3515495,
  "k": 7572466,
  "l": 3960607,
  "m": 8530794,
  "n": 61932,
  "o": 65410,
  "p": 68502,
  "q": 72344,
  "r": 82354,
  "s": 176117,
  "t": 98342,
  "u": 210385
}
