{
  "b": 15.079375267028809,
  "c": 31.920289993286133,
  "d": 20.016206741333008,
  "e": 42.36765670776367,
  "f": 160000000,
  "g": 335000000,
  "h": 224000000,
  "i": 470000000,
  "j": 157000000,
  "k": 332000000,
  "l": 220000000,
  "m": 466000000,
  "n": 2820000,
  "o": 2820000,
  "p": 3620000,
  "q": 3620000,
  "r": 20700000,
  "s": 43400000,
  "t": 30600000,
  "u": 64100000
}
