{
  "b": 0.16412381827831268,
  "c": 0.3552647531032562,
  "d": 0.14231203496456146,
  "e": 0.308037668466568,
  "f": 1738603,
  "g": 3728236,
  "h": 1601311,
  "i": 3426288,
  "j": 1706888,
  "k": 3694754,
  "l": 1565432,
  "m": 3388414,
  "n": 31716,
  "o": 33482,
  "p": 35878,
  "q": 37874,
  "r": 20297,
  "s": 43635,
  "t": 19575,
  "u": 42016
}
