{
  "b": 3.108041524887085,
  "c": 6.7419962882995605,
  "d": 3.586261749267578,
  "e": 7.78075647354126,
  "f": 32936280,
  "g": 70762728,
  "h": 40241984,
  "i": 86424720,
  "j": 32323632,
  "k": 70116760,
  "l": 39448880,
  "m": 85588320,
  "n": 612649,
  "o": 645977,
  "p": 793107,
  "q": 836389,
  "r": 900319,
  "s": 1942029,
  "t": 1092864,
  "u": 2356453
}
