{
  "b": 0.3140955865383148,
  "c": 0.6719079613685608,
  "d": 0.3214395046234131,
  "e": 0.6875782012939453,
  "f": 3323399,
  "g": 7047536,
  "h": 3595467,
  "i": 7626020,
  "j": 3266594,
  "k": 6987843,
  "l": 3535835,
  "m": 7563361,
  "n": 56805,
  "o": 59692,
  "p": 59633,
  "q": 62659,
  "r": 57763,
  "s": 122429,
  "t": 65740,
  "u": 139410
}
