{
  "b": 0.16412381827831268,
  "c": 0.3552647531032562,
  "d": 0.14231203496456146,
  "e": 0.308037668466568,
  "f": 1740000,
  "g": 3730000,
  "h": 1600000,
  "i": 3430000,
  "j": 1710000,
  "k": 3690000,
  "l": 1570000,
  "m": 3390000,
  "n": 32600,
  "o": 32600,
  "p": 36900,
  "q": 36900,
  "r": 20300,
  "s": 43600,
  "t": 19600,
  "u": 42000
}
