{
  "b": 0.6211599111557007,
  "c": 1.3152254819869995,
  "d": 0.580498218536377,
  "e": 1.2290629148483276,
  "f": 6570000,
  "g": 13800000,
  "h": 6510000,
  "i": 13700000,
  "j": 6460000,
  "k": 13700000,
  "l": 6390000,
  "m": 13500000,
  "n": 116000,
  "o": 116000,
  "p": 131000,
  "q": 131000,
  "r": 120000,
  "s": 252000,
  "t": 126000,
  "u": 263000
}
