{
  "b": 0.3140955865383148,
  "c": 0.6719079613685608,
  "d": 0.3214395046234131,
  "e": 0.6875782012939453,
  "f": 3320000,
  "g": 7050000,
  "h": 3600000,
  "i": 7630000,
  "j": 3270000,
  "k": 6990000,
  "l": 3540000,
  "m": 7560000,
  "n": 58200,
  "o": 58200,
  "p": 61100,
  "q": 61100,
  "r": 57800,
  "s": 122000,
  "t": 65700,
  "u": 139000
}
