{
  "b": 15.079375267028809,
  "c": 31.920289993286133,
  "d": 20.016206741333008,
  "e": 42.36765670776367,
  "f": 159591776,
  "g": 334836608,
  "h": 223737984,
  "i": 469731008,
  "j": 156825504,
  "k": 331971008,
  "l": 220178272,
  "m": 466044224,
  "n": 2766268,
  "o": 2865613,
  "p": 3559704,
  "q": 3686766,
  "r": 20741708,
  "s": 43399888,
  "t": 30621024,
  "u": 64142380
}
