{
  "b": 1.1142137050628662,
  "c": 2.3868558406829834,
  "d": 1.1808606386184692,
  "e": 2.5294878482818604,
  "f": 11790088,
  "g": 25036090,
  "h": 13227771,
  "i": 28075056,
  "j": 11587823,
  "k": 24823300,
  "l": 12989467,
  "m": 27824366,
  "n": 202264,
  "o": 212791,
  "p": 238304,
  "q": 250688,
  "r": 333901,
  "s": 708347,
  "t": 389067,
  "u": 825363
}
