{
  "b": 0.8035222291946411,
  "c": 1.7658050060272217,
  "d": 0.7706589102745056,
  "e": 1.6936547756195068,
  "f": 8500000,
  "g": 18500000,
  "h": 8640000,
  "i": 18800000,
  "j": 8360000,
  "k": 18400000,
  "l": 8480000,
  "m": 18600000,
  "n": 152000,
  "o": 152000,
  "p": 169000,
  "q": 169000,
  "r": 113000,
  "s": 247000,
  "t": 118000,
  "u": 257000
}
