{
  "b": 12.06043529510498,
  "c": 25.955806732177734,
  "d": 16.87242317199707,
  "e": 36.32221221923828,
  "f": 127928992,
  "g": 272551648,
  "h": 188818000,
  "i": 402909376,
  "j": 125428528,
  "k": 269940384,
  "l": 185596656,
  "m": 399544320,
  "n": 2500468,
  "o": 2611254,
  "p": 3221362,
  "q": 3365054,
  "r": 10524981,
  "s": 22559182,
  "t": 15902864,
  "u": 34133984
}
