{
  "b": 1.1545910835266113,
  "c": 2.375828742980957,
  "d": 0.9845527410507202,
  "e": 2.0258595943450928,
  "f": 12200000,
  "g": 24900000,
  "h": 11100000,
  "i": 22500000,
  "j": 12000000,
  "k": 24700000,
  "l": 10800000,
  "m": 22300000,
  "n": 212000,
  "o": 212000,
  "p": 235000,
  "q": 235000,
  "r": 238000,
  "s": 484000,
  "t": 221000,
  "u": 450000
}
