{
  "b": 1.7796236276626587,
  "c": 3.7265591621398926,
  "d": 2.0077295303344727,
  "e": 4.210282325744629,
  "f": 19200000,
  "g": 39500000,
  "h": 22900000,
  "i": 47200000,
  "j": 18500000,
  "k": 38800000,
  "l": 22100000,
  "m": 46300000,
  "n": 706000,
  "o": 706000,
  "p": 853000,
  "q": 853000,
  "r": 412000,
  "s": 887000,
  "t": 491000,
  "u": 1060000
}
