{
  "b": 0.37438493967056274,
  "c": 0.8044345378875732,
  "d": 0.3524208962917328,
  "e": 0.757199227809906,
  "f": 3960000,
  "g": 8440000,
  "h": 3950000,
  "i": 8410000,
  "j": 3890000,
  "k": 8370000,
  "l": 3880000,
  "m": 8330000,
  "n": 71600,
  "o": 71600,
  "p": 79400,
  "q": 79400,
  "r": 87500,
  "s": 187000,
  "t": 92600,
  "u": 197000
}
