{
  "b": 1.1142137050628662,
  "c": 2.3868558406829834,
  "d": 1.1808606386184692,
  "e": 2.5294878482818604,
  "f": 11800000,
  "g": 25000000,
  "h": 13200000,
  "i": 28100000,
  "j": 11600000,
  "k": 24800000,
  "l": 13000000,
  "m": 27800000,
  "n": 208000,
  "o": 208000,
  "p": 244000,
  "q": 244000,
  "r": 334000,
  "s": 708000,
  "t": 389000,
  "u": 825000
}
