{
  "b": 0.37438493967056274,
  "c": 0.8044345378875732,
  "d": 0.3524208962917328,
  "e": 0.757199227809906,
  "f": 3963299,
  "g": 8439536,
  "h": 3953998,
  "i": 8410686,
  "j": 3893603,
  "k": 8366119,
  "l": 3876630,
  "m": 8329192,
  "n": 69696,
  "o": 73417,
  "p": 77368,
  "q": 81494,
  "r": 87488,
  "s": 186733,
  "t": 92558,
  "u": 197425
}
