{
  "b": 0.8035222291946411,
  "c": 1.7658050060272217,
  "d": 0.7706589102745056,
  "e": 1.6936547756195068,
  "f": 8503438,
  "g": 18522218,
  "h": 8640234,
  "i": 18805436,
  "j": 8356631,
  "k": 18364372,
  "l": 8477248,
  "m": 18630202,
  "n": 146808,
  "o": 157847,
  "p": 162986,
  "q": 175232,
  "r": 113334,
  "s": 247229,
  "t": 117661,
  "u": 256524
}
