{
  "b": 1.7796236276626587,
  "c": 3.7265591621398926,
  "d": 2.0077295303344727,
  "e": 4.210282325744629,
  "f": 19199206,
  "g": 39476560,
  "h": 22920132,
  "i": 47183812,
  "j": 18508086,
  "k": 38756216,
  "l": 22085024,
  "m": 46313108,
  "n": 691122,
  "o": 720348,
  "p": 835108,
  "q": 870703,
  "r": 412188,
  "s": 887335,
  "t": 490655,
  "u": 1056366
}
