{
  "b": 1.1545910835266113,
  "c": 2.375828742980957,
  "d": 0.9845527410507202,
  "e": 2.0258595943450928,
  "f": 12217942,
  "g": 24921714,
  "h": 11063202,
  "i": 22520776,
  "j": 12007747,
  "k": 24708618,
  "l": 10830080,
  "m": 22284456,
  "n": 210195,
  "o": 213095,
  "p": 233122,
  "q": 236321,
  "r": 237596,
  "s": 484488,
  "t": 221204,
  "u": 450385
}
