{
  "b": 0.3740231692790985,
  "c": 0.8032161593437195,
  "d": 0.34984904527664185,
  "e": 0.7512601613998413,
  "f": 3960000,
  "g": 8420000,
  "h": 3920000,
  "i": 8340000,
  "j": 3890000,
  "k": 8350000,
  "l": 3850000,
  "m": 8260000,
  "n": 69700,
  "o": 69700,
  "p": 74800,
  "q": 74800,
  "r": 53100,
  "s": 113000,
  "t": 55600,
  "u": 118000
}
