{
  "b": 0.8728519082069397,
  "c": 1.8708518743515015,
  "d": 0.9164836406707764,
  "e": 1.9642794132232666,
  "f": 9240000,
  "g": 19600000,
  "h": 10300000,
  "i": 21800000,
  "j": 9080000,
  "k": 19500000,
  "l": 10100000,
  "m": 21600000,
  "n": 164000,
  "o": 164000,
  "p": 182000,
  "q": 182000,
  "r": 227000,
  "s": 482000,
  "t": 267000,
  "u": 568000
}
