{
  "b": 0.12770940363407135,
  "c": 0.27255475521087646,
  "d": 0.1492411345243454,
  "e": 0.3184893727302551,
  "f": 1352938,
  "g": 2860298,
  "h": 1670810,
  "i": 3533676,
  "j": 1328178,
  "k": 2834570,
  "l": 1641653,
  "m": 3503383,
  "n": 24760,
  "o": 25728,
  "p": 29157,
  "q": 30293,
  "r": 17218,
  "s": 36492,
  "t": 22354,
  "u": 47413
}
