{
  "b": 0.12770940363407135,
  "c": 0.27255475521087646,
  "d": 0.1492411345243454,
  "e": 0.3184893727302551,
  "f": 1350000,
  "g": 2860000,
  "h": 1670000,
  "i": 3530000,
  "j": 1330000,
  "k": 2830000,
  "l": 1640000,
  "m": 3500000,
  "n": 25200,
  "o": 25200,
  "p": 29700,
  "q": 29700,
  "r": 17200,
  "s": 36500,
  "t": 22400,
  "u": 47400
}
