{
  "b": 0.12533816695213318,
  "c": 0.26806163787841797,
  "d": 0.1432325839996338,
  "e": 0.3063156008720398,
  "f": 1330000,
  "g": 2810000,
  "h": 1600000,
  "i": 3400000,
  "j": 1300000,
  "k": 2790000,
  "l": 1580000,
  "m": 3370000,
  "n": 24200,
  "o": 24200,
  "p": 26200,
  "q": 26200,
  "r": 32900,
  "s": 70000,
  "t": 42300,
  "u": 90000
}
