{
  "b": 0.3740231692790985,
  "c": 0.8032161593437195,
  "d": 0.34984904527664185,
  "e": 0.7512601613998413,
  "f": 3957663,
  "g": 8424973,
  "h": 3921165,
  "i": 8340658,
  "j": 3889841,
  "k": 8353448,
  "l": 3848340,
  "m": 8263862,
  "n": 67822,
  "o": 71524,
  "p": 72826,
  "q": 76796,
  "r": 53090,
  "s": 113124,
  "t": 55556,
  "u": 118333
}
