{
  "b": 0.8728519082069397,
  "c": 1.8708518743515015,
  "d": 0.9164836406707764,
  "e": 1.9642794132232666,
  "f": 9237098,
  "g": 19624630,
  "h": 10259102,
  "i": 21794132,
  "j": 9077660,
  "k": 19456860,
  "l": 10081320,
  "m": 21607074,
  "n": 159438,
  "o": 167771,
  "p": 177781,
  "q": 187058,
  "r": 226748,
  "s": 482136,
  "t": 267108,
  "u": 568075
}
