{
  "b": 0.12533816695213318,
  "c": 0.26806163787841797,
  "d": 0.1432325839996338,
  "e": 0.3063156008720398,
  "f": 1327127,
  "g": 2812562,
  "h": 1601155,
  "i": 3396269,
  "j": 1303517,
  "k": 2787841,
  "l": 1575559,
  "m": 3369472,
  "n": 23610,
  "o": 24720,
  "p": 25596,
  "q": 26798,
  "r": 32934,
  "s": 70003,
  "t": 42274,
  "u": 89954
}
