{
  "b": 0.7979642152786255,
  "c": 1.7190357446670532,
  "d": 0.8540318012237549,
  "e": 1.839713215827942,
  "f": 8450000,
  "g": 18000000,
  "h": 9560000,
  "i": 20400000,
  "j": 8300000,
  "k": 17900000,
  "l": 9390000,
  "m": 20200000,
  "n": 152000,
  "o": 152000,
  "p": 170000,
  "q": 170000,
  "r": 245000,
  "s": 523000,
  "t": 292000,
  "u": 624000
}
