{
  "b": 0.5015964508056641,
  "c": 1.0858701467514038,
  "d": 0.5634865164756775,
  "e": 1.2197574377059937,
  "f": 5310000,
  "g": 11400000,
  "h": 6300000,
  "i": 13500000,
  "j": 5220000,
  "k": 11300000,
  "l": 6200000,
  "m": 13400000,
  "n": 97200,
  "o": 97200,
  "p": 107000,
  "q": 107000,
  "r": 69200,
  "s": 149000,
  "t": 87200,
  "u": 188000
}
