{
  "b": 1.4472607374191284,
  "c": 3.0999133586883545,
  "d": 1.498289942741394,
  "e": 3.2090072631835938,
  "f": 15300000,
  "g": 32500000,
  "h": 16800000,
  "i": 35600000,
  "j": 15100000,
  "k": 32200000,
  "l": 16500000,
  "m": 35300000,
  "n": 267000,
  "o": 267000,
  "p": 294000,
  "q": 294000,
  "r": 334000,
  "s": 710000,
  "t": 388000,
  "u": 825000
}
