{
  "b": 2.8918423652648926,
  "c": 5.960570812225342,
  "d": 3.4322662353515625,
  "e": 7.074123859405518,
  "f": 30600000,
  "g": 62500000,
  "h": 38400000,
  "i": 78500000,
  "j": 30100000,
  "k": 62000000,
  "l": 37800000,
  "m": 77800000,
  "n": 519000,
  "o": 519000,
  "p": 646000,
  "q": 646000,
  "r": 1400000,
  "s": 2850000,
  "t": 1810000,
  "u": 3700000
}
