{
  "b": 1.23383629322052,
  "c": 2.6848156452178955,
  "d": 1.4555829763412476,
  "e": 3.167417526245117,
  "f": 13100000,
  "g": 28200000,
  "h": 16300000,
  "i": 35100000,
  "j": 12800000,
  "k": 27900000,
  "l": 16000000,
  "m": 34800000,
  "n": 232000,
  "o": 232000,
  "p": 280000,
  "q": 280000,
  "r": 240000,
  "s": 518000,
  "t": 297000,
  "u": 641000
}
