{
  "b": 2.8918423652648926,
  "c": 5.960570812225342,
  "d": 3.4322662353515625,
  "e": 7.074123859405518,
  "f": 30589514,
  "g": 62512944,
  "h": 38395296,
  "i": 78466528,
  "j": 30075160,
  "k": 61989936,
  "l": 37754928,
  "m": 77815360,
  "n": 514350,
  "o": 523007,
  "p": 640366,
  "q": 651170,
  "r": 1395587,
  "s": 2850265,
  "t": 1810477,
  "u": 3699022
}
