{
  "b": 1.4472607374191284,
  "c": 3.0999133586883545,
  "d": 1.498289942741394,
  "e": 3.2090072631835938,
  "f": 15311539,
  "g": 32512802,
  "h": 16767399,
  "i": 35600316,
  "j": 15051512,
  "k": 32239100,
  "l": 16481190,
  "m": 35299080,
  "n": 260028,
  "o": 273698,
  "p": 286208,
  "q": 301237,
  "r": 334489,
  "s": 710405,
  "t": 388478,
  "u": 825288
}
