{
  "b": 1.23383629322052,
  "c": 2.6848156452178955,
  "d": 1.4555829763412476,
  "e": 3.167417526245117,
  "f": 13056847,
  "g": 28160876,
  "h": 16283426,
  "i": 35130340,
  "j": 12831898,
  "k": 27922082,
  "l": 16011413,
  "m": 34841592,
  "n": 224951,
  "o": 238793,
  "p": 272013,
  "q": 288746,
  "r": 240175,
  "s": 518264,
  "t": 296823,
  "u": 640798
}
