{
  "b": 0.0987670049071312,
  "c": 0.21239709854125977,
  "d": 0.1320084184408188,
  "e": 0.2838978171348572,
  "f": 1045943,
  "g": 2228431,
  "h": 1474601,
  "i": 3146266,
  "j": 1027177,
  "k": 2208930,
  "l": 1452093,
  "m": 3122876,
  "n": 18766,
  "o": 19501,
  "p": 22509,
  "q": 23390,
  "r": 7537,
  "s": 16088,
  "t": 10861,
  "u": 23218
}
