{
  "b": 2.8412039279937744,
  "c": 5.961250305175781,
  "d": 3.5538902282714844,
  "e": 7.456160545349121,
  "f": 30100000,
  "g": 62500000,
  "h": 39700000,
  "i": 82600000,
  "j": 29500000,
  "k": 62000000,
  "l": 39100000,
  "m": 82000000,
  "n": 518000,
  "o": 518000,
  "p": 608000,
  "q": 608000,
  "r": 1080000,
  "s": 2250000,
  "t": 1500000,
  "u": 3120000
}
