{
  "b": 26.322397232055664,
  "c": 54.763328552246094,
  "d": 27.265594482421875,
  "e": 56.72439956665039,
  "f": 278000000,
  "g": 574000000,
  "h": 305000000,
  "i": 629000000,
  "j": 274000000,
  "k": 570000000,
  "l": 300000000,
  "m": 624000000,
  "n": 4430000,
  "o": 4430000,
  "p": 4880000,
  "q": 4880000,
  "r": 2770000,
  "s": 5700000,
  "t": 3200000,
  "u": 6590000
}
