{
  "b": 92.10102081298828,
  "c": 191.80447387695312,
  "d": 118.9522476196289,
  "e": 247.71136474609375,
  "f": 974000000,
  "g": 2010000000,
  "h": 1330000000,
  "i": 2740000000,
  "j": 958000000,
  "k": 1990000000,
  "l": 1310000000,
  "m": 2720000000,
  "n": 16000000,
  "o": 16000000,
  "p": 19800000,
  "q": 19800000,
  "r": 110000000,
  "s": 227000000,
  "t": 158000000,
  "u": 327000000
}
