{
  "b": 8.911904335021973,
  "c": 18.639644622802734,
  "d": 10.517894744873047,
  "e": 21.99770736694336,
  "f": 94200000,
  "g": 195000000,
  "h": 117000000,
  "i": 244000000,
  "j": 92700000,
  "k": 194000000,
  "l": 116000000,
  "m": 242000000,
  "n": 1550000,
  "o": 1550000,
  "p": 1760000,
  "q": 1760000,
  "r": 737000,
  "s": 1530000,
  "t": 992000,
  "u": 2060000
}
