{
  "b": 80.07122802734375,
  "c": 165.39962768554688,
  "d": 98.50464630126953,
  "e": 203.46719360351562,
  "f": 846000000,
  "g": 1730000000,
  "h": 1100000000,
  "i": 2250000000,
  "j": 833000000,
  "k": 1720000000,
  "l": 1080000000,
  "m": 2240000000,
  "n": 13800000,
  "o": 13800000,
  "p": 16000000,
  "q": 16000000,
  "r": 149000000,
  "s": 306000000,
  "t": 194000000,
  "u": 399000000
}
