{
  "b": 80.07122802734375,
  "c": 165.39962768554688,
  "d": 98.50464630126953,
  "e": 203.46719360351562,
  "f": 846431616,
  "g": 1734096384,
  "h": 1099382912,
  "i": 2254257664,
  "j": 832740736,
  "k": 1720156160,
  "l": 1083551104,
  "m": 2238139136,
  "n": 13690919,
  "o": 13940399,
  "p": 15831924,
  "q": 16118674,
  "r": 149210464,
  "s": 305605216,
  "t": 194428064,
  "u": 398601888
}
