{
  "b": 26.869585037231445,
  "c": 55.06631851196289,
  "d": 29.319067001342773,
  "e": 60.083221435546875,
  "f": 284000000,
  "g": 577000000,
  "h": 328000000,
  "i": 667000000,
  "j": 279000000,
  "k": 573000000,
  "l": 323000000,
  "m": 661000000,
  "n": 4760000,
  "o": 4760000,
  "p": 5830000,
  "q": 5830000,
  "r": 5910000,
  "s": 12000000,
  "t": 7330000,
  "u": 14900000
}
