{
  "b": 26.869585037231445,
  "c": 55.06631851196289,
  "d": 29.319067001342773,
  "e": 60.083221435546875,
  "f": 284179040,
  "g": 577477760,
  "h": 328311168,
  "i": 666780416,
  "j": 279443680,
  "k": 572689728,
  "l": 322509728,
  "m": 660915456,
  "n": 4735364,
  "o": 4788035,
  "p": 5801439,
  "q": 5865002,
  "r": 5906674,
  "s": 11970092,
  "t": 7333426,
  "u": 14856950
}
