{
  "b": 79.16439056396484,
  "c": 161.73919677734375,
  "d": 92.10392761230469,
  "e": 188.1697998046875,
  "f": 836272128,
  "g": 1695166976,
  "h": 1028322368,
  "i": 2085182592,
  "j": 823309696,
  "k": 1682087680,
  "l": 1013143232,
  "m": 2069867776,
  "n": 12962388,
  "o": 13079304,
  "p": 15179130,
  "q": 15314744,
  "r": 11816006,
  "s": 23871206,
  "t": 14998689,
  "u": 30318654
}
