{
  "b": 18.31761932373047,
  "c": 38.67415237426758,
  "d": 18.56536293029785,
  "e": 39.1959114074707,
  "f": 194000000,
  "g": 405000000,
  "h": 208000000,
  "i": 435000000,
  "j": 191000000,
  "k": 402000000,
  "l": 204000000,
  "m": 431000000,
  "n": 3180000,
  "o": 3180000,
  "p": 3560000,
  "q": 3560000,
  "r": 3550000,
  "s": 7410000,
  "t": 4100000,
  "u": 8550000
}
