{
  "b": 69.1252212524414,
  "c": 141.26300048828125,
  "d": 77.76787567138672,
  "e": 158.91766357421875,
  "f": 731000000,
  "g": 1480000000,
  "h": 870000000,
  "i": 1760000000,
  "j": 719000000,
  "k": 1470000000,
  "l": 855000000,
  "m": 1750000000,
  "n": 12000000,
  "o": 12000000,
  "p": 14200000,
  "q": 14200000,
  "r": 33800000,
  "s": 68300000,
  "t": 42200000,
  "u": 85200000
}
