{
  "b": 17.930011749267578,
  "c": 36.96714782714844,
  "d": 21.28923988342285,
  "e": 43.892024993896484,
  "f": 190000000,
  "g": 388000000,
  "h": 238000000,
  "i": 487000000,
  "j": 186000000,
  "k": 384000000,
  "l": 234000000,
  "m": 483000000,
  "n": 3120000,
  "o": 3120000,
  "p": 3820000,
  "q": 3820000,
  "r": 1860000,
  "s": 3800000,
  "t": 2490000,
  "u": 5090000
}
