{
  "b": 69.1252212524414,
  "c": 141.26300048828125,
  "d": 77.76787567138672,
  "e": 158.91766357421875,
  "f": 730883712,
  "g": 1481219456,
  "h": 869587072,
  "i": 1762354304,
  "j": 718902272,
  "k": 1469135232,
  "l": 855446656,
  "m": 1748094336,
  "n": 11981560,
  "o": 12084400,
  "p": 14140455,
  "q": 14260054,
  "r": 33838356,
  "s": 68345168,
  "t": 42158612,
  "u": 85176464
}
