{
  "b": 32.309566497802734,
  "c": 68.0300064086914,
  "d": 38.44801330566406,
  "e": 80.95166015625,
  "f": 341541088,
  "g": 713250240,
  "h": 429500672,
  "i": 897298048,
  "j": 336019488,
  "k": 707512064,
  "l": 422928160,
  "m": 890468288,
  "n": 5521602,
  "o": 5738175,
  "p": 6572508,
  "q": 6829743,
  "r": 8628911,
  "s": 17948604,
  "t": 11291000,
  "u": 23505064
}
