{
  "b": 79.16439056396484,
  "c": 161.73919677734375,
  "d": 92.10392761230469,
  "e": 188.1697998046875,
  "f": 836000000,
  "g": 1700000000,
  "h": 1030000000,
  "i": 2090000000,
  "j": 823000000,
  "k": 1680000000,
  "l": 1010000000,
  "m": 2070000000,
  "n": 13000000,
  "o": 13000000,
  "p": 15200000,
  "q": 15200000,
  "r": 11800000,
  "s": 23900000,
  "t": 15000000,
  "u": 30300000
}
