{
  "b": 17.930011749267578,
  "c": 36.96714782714844,
  "d": 21.28923988342285,
  "e": 43.892024993896484,
  "f": 189561376,
  "g": 387602368,
  "h": 237967744,
  "i": 486665024,
  "j": 186472128,
  "k": 384458336,
  "l": 234181632,
  "m": 482812288,
  "n": 3089259,
  "o": 3144030,
  "p": 3786111,
  "q": 3852701,
  "r": 1862637,
  "s": 3803493,
  "t": 2491801,
  "u": 5090436
}
