{
  "b": 18.31761932373047,
  "c": 38.67415237426758,
  "d": 18.56536293029785,
  "e": 39.1959114074707,
  "f": 193620800,
  "g": 405459360,
  "h": 207703584,
  "i": 434785600,
  "j": 190503248,
  "k": 402211168,
  "l": 204218992,
  "m": 431155008,
  "n": 3117549,
  "o": 3248219,
  "p": 3484597,
  "q": 3630553,
  "r": 3546831,
  "s": 7405083,
  "t": 4095099,
  "u": 8549560
}
