{
  "b": 28.680727005004883,
  "c": 57.542381286621094,
  "d": 36.81378936767578,
  "e": 73.85769653320312,
  "f": 303572704,
  "g": 603689216,
  "h": 411553792,
  "i": 818980480,
  "j": 298279552,
  "k": 598440768,
  "l": 404951680,
  "m": 812434624,
  "n": 5293189,
  "o": 5248462,
  "p": 6602094,
  "q": 6545886,
  "r": 10458754,
  "s": 20745888,
  "t": 15014019,
  "u": 29812920
}
