{
  "b": 24.531953811645508,
  "c": 51.612003326416016,
  "d": 28.80732536315918,
  "e": 60.60432434082031,
  "f": 259308544,
  "g": 541103040,
  "h": 321836480,
  "i": 671795328,
  "j": 255132320,
  "k": 536764832,
  "l": 316880576,
  "m": 666647552,
  "n": 4176200,
  "o": 4338262,
  "p": 4955921,
  "q": 5147780,
  "r": 6924701,
  "s": 14418830,
  "t": 9301240,
  "u": 19378942
}
