{
  "b": 6.453331470489502,
  "c": 13.418469429016113,
  "d": 6.352686405181885,
  "e": 13.208739280700684,
  "f": 68200000,
  "g": 141000000,
  "h": 71100000,
  "i": 147000000,
  "j": 67100000,
  "k": 140000000,
  "l": 69900000,
  "m": 145000000,
  "n": 1110000,
  "o": 1110000,
  "p": 1260000,
  "q": 1260000,
  "r": 836000,
  "s": 1720000,
  "t": 943000,
  "u": 1940000
}
