{
  "b": 6.453331470489502,
  "c": 13.418469429016113,
  "d": 6.352686405181885,
  "e": 13.208739280700684,
  "f": 68214184,
  "g": 140682080,
  "h": 71124376,
  "i": 146575408,
  "j": 67114648,
  "k": 139552080,
  "l": 69879552,
  "m": 145296128,
  "n": 1099539,
  "o": 1130030,
  "p": 1244836,
  "q": 1279287,
  "r": 835830,
  "s": 1720115,
  "t": 942782,
  "u": 1939462
}
