{
  "b": 30.83952522277832,
  "c": 64.40638732910156,
  "d": 35.78483200073242,
  "e": 74.73143005371094,
  "f": 325966272,
  "g": 675227520,
  "h": 399680064,
  "i": 828283584,
  "j": 320731072,
  "k": 669826432,
  "l": 393633152,
  "m": 822045696,
  "n": 5235204,
  "o": 5401033,
  "p": 6046913,
  "q": 6237973,
  "r": 8662511,
  "s": 17883278,
  "t": 11012123,
  "u": 22750226
}
