{
  "b": 9.31717586517334,
  "c": 19.228931427001953,
  "d": 11.121501922607422,
  "e": 22.95187759399414,
  "f": 98500000,
  "g": 202000000,
  "h": 124000000,
  "i": 254000000,
  "j": 96900000,
  "k": 200000000,
  "l": 122000000,
  "m": 252000000,
  "n": 1610000,
  "o": 1610000,
  "p": 1940000,
  "q": 1940000,
  "r": 1260000,
  "s": 2570000,
  "t": 1720000,
  "u": 3530000
}
