{
  "b": 9.31717586517334,
  "c": 19.228931427001953,
  "d": 11.121501922607422,
  "e": 22.95187759399414,
  "f": 98493568,
  "g": 201605472,
  "h": 124261088,
  "i": 254430912,
  "j": 96898632,
  "k": 199980880,
  "l": 122336520,
  "m": 252470656,
  "n": 1594929,
  "o": 1624619,
  "p": 1924568,
  "q": 1960247,
  "r": 1255246,
  "s": 2566218,
  "t": 1724033,
  "u": 3526626
}
