{
  "b": 8.54245376586914,
  "c": 17.88335609436035,
  "d": 9.3421630859375,
  "e": 19.55674171447754,
  "f": 90297264,
  "g": 187491104,
  "h": 104385008,
  "i": 216799296,
  "j": 88841520,
  "k": 185986896,
  "l": 102763792,
  "m": 215124160,
  "n": 1455735,
  "o": 1504222,
  "p": 1621204,
  "q": 1675146,
  "r": 1324801,
  "s": 2742867,
  "t": 1643612,
  "u": 3404989
}
