{
  "b": 327.2850036621094,
  "c": 665.7438354492188,
  "d": 356.7158203125,
  "e": 725.5811767578125,
  "f": 3464655104,
  "g": 6984808448,
  "h": 3997592576,
  "i": 8055321088,
  "j": 3403763968,
  "k": 6923736064,
  "l": 3923874048,
  "m": 7981392896,
  "n": 60891272,
  "o": 61072384,
  "p": 73718352,
  "q": 73928240,
  "r": 799705856,
  "s": 1607087744,
  "t": 957211648,
  "u": 1923287936
}
