{
  "b": 35.48209762573242,
  "c": 73.05825805664062,
  "d": 38.974876403808594,
  "e": 80.24685668945312,
  "f": 375103744,
  "g": 766001408,
  "h": 435863232,
  "i": 889978304,
  "j": 369013824,
  "k": 759805888,
  "l": 428723648,
  "m": 882715392,
  "n": 6089967,
  "o": 6195535,
  "p": 7139588,
  "q": 7262828,
  "r": 19661192,
  "s": 40058600,
  "t": 23192154,
  "u": 47256028
}
