{
  "b": 49.2540397644043,
  "c": 104.1583251953125,
  "d": 60.267921447753906,
  "e": 127.4451904296875,
  "f": 520601024,
  "g": 1091971840,
  "h": 673353984,
  "i": 1412759296,
  "j": 512242016,
  "k": 1083246592,
  "l": 662947136,
  "m": 1401897088,
  "n": 8358995,
  "o": 8725310,
  "p": 10406839,
  "q": 10862173,
  "r": 17171706,
  "s": 35867016,
  "t": 23403700,
  "u": 48914388
}
