{
  "b": 327.2850036621094,
  "c": 665.7438354492188,
  "d": 356.7158203125,
  "e": 725.5811767578125,
  "f": 3460000000,
  "g": 6980000000,
  "h": 4000000000,
  "i": 8060000000,
  "j": 3400000000,
  "k": 6920000000,
  "l": 3920000000,
  "m": 7980000000,
  "n": 61000000,
  "o": 61000000,
  "p": 73800000,
  "q": 73800000,
  "r": 800000000,
  "s": 1610000000,
  "t": 957000000,
  "u": 1920000000
}
