{
  "b": 15.435118675231934,
  "c": 31.017688751220703,
  "d": 16.403148651123047,
  "e": 32.96244812011719,
  "f": 163116720,
  "g": 325160224,
  "h": 183339408,
  "i": 365474464,
  "j": 160525232,
  "k": 322583968,
  "l": 180434640,
  "m": 362586944,
  "n": 2591488,
  "o": 2576226,
  "p": 2904761,
  "q": 2887536,
  "r": 3289916,
  "s": 6556572,
  "t": 3999574,
  "u": 7972827
}
