{
  "b": 8.54245376586914,
  "c": 17.88335609436035,
  "d": 9.3421630859375,
  "e": 19.55674171447754,
  "f": 90300000,
  "g": 187000000,
  "h": 104000000,
  "i": 217000000,
  "j": 88800000,
  "k": 186000000,
  "l": 103000000,
  "m": 215000000,
  "n": 1480000,
  "o": 1480000,
  "p": 1650000,
  "q": 1650000,
  "r": 1320000,
  "s": 2740000,
  "t": 1640000,
  "u": 3400000
}
