{
  "b": 15.435118675231934,
  "c": 31.017688751220703,
  "d": 16.403148651123047,
  "e": 32.96244812011719,
  "f": 163000000,
  "g": 325000000,
  "h": 183000000,
  "i": 365000000,
  "j": 161000000,
  "k": 323000000,
  "l": 180000000,
  "m": 363000000,
  "n": 2580000,
  "o": 2580000,
  "p": 2900000,
  "q": 2900000,
  "r": 3290000,
  "s": 6560000,
  "t": 4000000,
  "u": 7970000
}
