{
  "b": 35.48209762573242,
  "c": 73.05825805664062,
  "d": 38.974876403808594,
  "e": 80.24685668945312,
  "f": 375000000,
  "g": 766000000,
  "h": 436000000,
  "i": 890000000,
  "j": 369000000,
  "k": 760000000,
  "l": 429000000,
  "m": 883000000,
  "n": 6140000,
  "o": 6140000,
  "p": 7200000,
  "q": 7200000,
  "r": 19700000,
  "s": 40100000,
  "t": 23200000,
  "u": 47300000
}
