{
  "b": 29.56184959411621,
  "c": 61.04405975341797,
  "d": 33.915809631347656,
  "e": 70.03163146972656,
  "f": 312656160,
  "g": 640167936,
  "h": 379444608,
  "i": 776836096,
  "j": 307443232,
  "k": 634858240,
  "l": 373073920,
  "m": 770347968,
  "n": 5212896,
  "o": 5309604,
  "p": 6370687,
  "q": 6488126,
  "r": 9436165,
  "s": 19251664,
  "t": 12110288,
  "u": 24713524
}
