{
  "b": 19.923717498779297,
  "c": 40.93551254272461,
  "d": 21.320697784423828,
  "e": 43.80451202392578,
  "f": 211000000,
  "g": 429000000,
  "h": 238000000,
  "i": 486000000,
  "j": 207000000,
  "k": 426000000,
  "l": 235000000,
  "m": 482000000,
  "n": 3450000,
  "o": 3450000,
  "p": 3920000,
  "q": 3920000,
  "r": 9210000,
  "s": 18700000,
  "t": 11000000,
  "u": 22400000
}
