{
  "b": 21.486400604248047,
  "c": 45.1051025390625,
  "d": 24.52770233154297,
  "e": 51.48819351196289,
  "f": 227000000,
  "g": 473000000,
  "h": 274000000,
  "i": 571000000,
  "j": 223000000,
  "k": 469000000,
  "l": 270000000,
  "m": 566000000,
  "n": 3700000,
  "o": 3700000,
  "p": 4340000,
  "q": 4340000,
  "r": 3410000,
  "s": 7080000,
  "t": 4460000,
  "u": 9270000
}
