{
  "b": 17.99727439880371,
  "c": 37.41643142700195,
  "d": 23.85031509399414,
  "e": 49.58302688598633,
  "f": 190292448,
  "g": 392335776,
  "h": 266467552,
  "i": 549638080,
  "j": 187171648,
  "k": 389130880,
  "l": 262353472,
  "m": 545413312,
  "n": 3120797,
  "o": 3204915,
  "p": 4114106,
  "q": 4224791,
  "r": 5302841,
  "s": 10915726,
  "t": 7994719,
  "u": 16469854
}
