{
  "b": 29.56184959411621,
  "c": 61.04405975341797,
  "d": 33.915809631347656,
  "e": 70.03163146972656,
  "f": 313000000,
  "g": 640000000,
  "h": 379000000,
  "i": 777000000,
  "j": 307000000,
  "k": 635000000,
  "l": 373000000,
  "m": 770000000,
  "n": 5260000,
  "o": 5260000,
  "p": 6430000,
  "q": 6430000,
  "r": 9440000,
  "s": 19300000,
  "t": 12100000,
  "u": 24700000
}
