{
  "b": 21.365095138549805,
  "c": 44.86429977416992,
  "d": 25.612335205078125,
  "e": 53.7822151184082,
  "f": 226000000,
  "g": 470000000,
  "h": 286000000,
  "i": 596000000,
  "j": 222000000,
  "k": 467000000,
  "l": 282000000,
  "m": 592000000,
  "n": 3590000,
  "o": 3590000,
  "p": 4190000,
  "q": 4190000,
  "r": 1990000,
  "s": 4130000,
  "t": 2690000,
  "u": 5600000
}
