{
  "b": 19.923717498779297,
  "c": 40.93551254272461,
  "d": 21.320697784423828,
  "e": 43.80451202392578,
  "f": 210626464,
  "g": 429203872,
  "h": 238417968,
  "i": 485802176,
  "j": 207206656,
  "k": 425729344,
  "l": 234527680,
  "m": 481849632,
  "n": 3419799,
  "o": 3474558,
  "p": 3890298,
  "q": 3952553,
  "r": 9213510,
  "s": 18719044,
  "t": 11001749,
  "u": 22356918
}
