{
  "b": 21.365095138549805,
  "c": 44.86429977416992,
  "d": 25.612335205078125,
  "e": 53.7822151184082,
  "f": 225725120,
  "g": 470249056,
  "h": 285848864,
  "i": 595871488,
  "j": 222196992,
  "k": 466588704,
  "l": 281735680,
  "m": 591604352,
  "n": 3528099,
  "o": 3660350,
  "p": 4113226,
  "q": 4267224,
  "r": 1985035,
  "s": 4128503,
  "t": 2691011,
  "u": 5601150
}
