{
  "b": 28.485082626342773,
  "c": 59.606571197509766,
  "d": 31.735563278198242,
  "e": 66.40653228759766,
  "f": 301000000,
  "g": 625000000,
  "h": 355000000,
  "i": 736000000,
  "j": 296000000,
  "k": 620000000,
  "l": 349000000,
  "m": 730000000,
  "n": 4890000,
  "o": 4890000,
  "p": 5570000,
  "q": 5570000,
  "r": 6260000,
  "s": 13000000,
  "t": 7650000,
  "u": 15800000
}
