{
  "b": 54.26001739501953,
  "c": 111.97481536865234,
  "d": 61.04971694946289,
  "e": 125.98387145996094,
  "f": 573491840,
  "g": 1173906304,
  "h": 682098112,
  "i": 1396579584,
  "j": 564304192,
  "k": 1164538112,
  "l": 671546880,
  "m": 1385822592,
  "n": 9187618,
  "o": 9368200,
  "p": 10551142,
  "q": 10756991,
  "r": 23803678,
  "s": 48565140,
  "t": 29233886,
  "u": 59677704
}
