{
  "b": 54.26001739501953,
  "c": 111.97481536865234,
  "d": 61.04971694946289,
  "e": 125.98387145996094,
  "f": 573000000,
  "g": 1170000000,
  "h": 682000000,
  "i": 1400000000,
  "j": 564000000,
  "k": 1160000000,
  "l": 672000000,
  "m": 1390000000,
  "n": 9280000,
  "o": 9280000,
  "p": 10700000,
  "q": 10700000,
  "r": 23800000,
  "s": 48600000,
  "t": 29200000,
  "u": 59700000
}
