{
  "b": 27.85862159729004,
  "c": 57.95222091674805,
  "d": 33.10110092163086,
  "e": 68.85709381103516,
  "f": 294000000,
  "g": 608000000,
  "h": 370000000,
  "i": 763000000,
  "j": 290000000,
  "k": 603000000,
  "l": 364000000,
  "m": 757000000,
  "n": 4830000,
  "o": 4830000,
  "p": 5690000,
  "q": 5690000,
  "r": 7300000,
  "s": 15000000,
  "t": 9830000,
  "u": 20300000
}
