{
  "b": 27.85862159729004,
  "c": 57.95222091674805,
  "d": 33.10110092163086,
  "e": 68.85709381103516,
  "f": 294492032,
  "g": 607597760,
  "h": 369725952,
  "i": 763197376,
  "j": 289729664,
  "k": 602703104,
  "l": 364112128,
  "m": 757428032,
  "n": 4762401,
  "o": 4894664,
  "p": 5613863,
  "q": 5769286,
  "r": 7296832,
  "s": 15023102,
  "t": 9830253,
  "u": 20254934
}
