{
  "b": 30.095443725585938,
  "c": 62.38028335571289,
  "d": 37.02682876586914,
  "e": 76.74472045898438,
  "f": 318031520,
  "g": 653914304,
  "h": 413432352,
  "i": 850475456,
  "j": 312992608,
  "k": 648754944,
  "l": 407295136,
  "m": 844191936,
  "n": 5038877,
  "o": 5159269,
  "p": 6137271,
  "q": 6283450,
  "r": 5072725,
  "s": 10405800,
  "t": 6997271,
  "u": 14363411
}
