{
  "b": 30.095443725585938,
  "c": 62.38028335571289,
  "d": 37.02682876586914,
  "e": 76.74472045898438,
  "f": 318000000,
  "g": 654000000,
  "h": 413000000,
  "i": 850000000,
  "j": 313000000,
  "k": 649000000,
  "l": 407000000,
  "m": 844000000,
  "n": 5100000,
  "o": 5100000,
  "p": 6210000,
  "q": 6210000,
  "r": 5070000,
  "s": 10400000,
  "t": 7000000,
  "u": 14400000
}
