{
  "b": 30.784584045410156,
  "c": 63.55345916748047,
  "d": 32.498748779296875,
  "e": 67.09046936035156,
  "f": 325000000,
  "g": 666000000,
  "h": 363000000,
  "i": 744000000,
  "j": 320000000,
  "k": 661000000,
  "l": 357000000,
  "m": 738000000,
  "n": 5240000,
  "o": 5240000,
  "p": 5870000,
  "q": 5870000,
  "r": 9130000,
  "s": 18700000,
  "t": 10900000,
  "u": 22300000
}
