{
  "b": 30.784584045410156,
  "c": 63.55345916748047,
  "d": 32.498748779296875,
  "e": 67.09046936035156,
  "f": 325350944,
  "g": 666250624,
  "h": 363297536,
  "i": 743921792,
  "j": 320159680,
  "k": 660955968,
  "l": 357486240,
  "m": 737995136,
  "n": 5191248,
  "o": 5294583,
  "p": 5811294,
  "q": 5926677,
  "r": 9131455,
  "s": 18666698,
  "t": 10900406,
  "u": 22288612
}
