{
  "b": 28.485082626342773,
  "c": 59.606571197509766,
  "d": 31.735563278198242,
  "e": 66.40653228759766,
  "f": 301052736,
  "g": 624875328,
  "h": 354571424,
  "i": 736132992,
  "j": 296244864,
  "k": 619908352,
  "l": 349091200,
  "m": 730471872,
  "n": 4807882,
  "o": 4966979,
  "p": 5480243,
  "q": 5661204,
  "r": 6258227,
  "s": 12955322,
  "t": 7650830,
  "u": 15846116
}
