{
  "b": 302.7831115722656,
  "c": 628.6561889648438,
  "d": 359.1256103515625,
  "e": 745.6084594726562,
  "f": 3200629760,
  "g": 6590924800,
  "h": 4009860096,
  "i": 8262562816,
  "j": 3148944384,
  "k": 6538024448,
  "l": 3950381568,
  "m": 8201693184,
  "n": 51685452,
  "o": 52900788,
  "p": 59478088,
  "q": 60868524,
  "r": 445384224,
  "s": 914270272,
  "t": 580180160,
  "u": 1191997696
}
