{
  "b": 302.7831115722656,
  "c": 628.6561889648438,
  "d": 359.1256103515625,
  "e": 745.6084594726562,
  "f": 3200000000,
  "g": 6590000000,
  "h": 4010000000,
  "i": 8260000000,
  "j": 3150000000,
  "k": 6540000000,
  "l": 3950000000,
  "m": 8200000000,
  "n": 52300000,
  "o": 52300000,
  "p": 60200000,
  "q": 60200000,
  "r": 445000000,
  "s": 914000000,
  "t": 580000000,
  "u": 1190000000
}
