{
  "b": 6.6290693283081055,
  "c": 13.79222583770752,
  "d": 7.357696533203125,
  "e": 15.307758331298828,
  "f": 70064208,
  "g": 144592592,
  "h": 82180672,
  "i": 169666208,
  "j": 68942320,
  "k": 143439152,
  "l": 80934664,
  "m": 168385344,
  "n": 1121895,
  "o": 1153437,
  "p": 1246012,
  "q": 1280892,
  "r": 415692,
  "s": 856873,
  "t": 522652,
  "u": 1078104
}
