{
  "b": 6.6290693283081055,
  "c": 13.79222583770752,
  "d": 7.357696533203125,
  "e": 15.307758331298828,
  "f": 70100000,
  "g": 145000000,
  "h": 82200000,
  "i": 170000000,
  "j": 68900000,
  "k": 143000000,
  "l": 80900000,
  "m": 168000000,
  "n": 1140000,
  "o": 1140000,
  "p": 1260000,
  "q": 1260000,
  "r": 416000,
  "s": 857000,
  "t": 523000,
  "u": 1080000
}
