{
  "b": 10.852402687072754,
  "c": 22.641742706298828,
  "d": 12.309521675109863,
  "e": 25.680770874023438,
  "f": 114727464,
  "g": 237392480,
  "h": 137483984,
  "i": 284629952,
  "j": 112864992,
  "k": 235474128,
  "l": 135404736,
  "m": 282488480,
  "n": 1862484,
  "o": 1918323,
  "p": 2079241,
  "q": 2141454,
  "r": 3020493,
  "s": 6238289,
  "t": 3876424,
  "u": 8012820
}
