{
  "b": 63.68315124511719,
  "c": 127.6624984741211,
  "d": 75.53551483154297,
  "e": 151.41555786132812,
  "f": 673000000,
  "g": 1340000000,
  "h": 844000000,
  "i": 1680000000,
  "j": 662000000,
  "k": 1330000000,
  "l": 831000000,
  "m": 1670000000,
  "n": 10700000,
  "o": 10700000,
  "p": 12900000,
  "q": 12900000,
  "r": 151000000,
  "s": 300000000,
  "t": 200000000,
  "u": 397000000
}
