{
  "b": 16.83186912536621,
  "c": 35.38512420654297,
  "d": 18.12212371826172,
  "e": 38.09671401977539,
  "f": 177889552,
  "g": 370952480,
  "h": 202591744,
  "i": 422436928,
  "j": 175051440,
  "k": 368005280,
  "l": 199343360,
  "m": 419063840,
  "n": 2838087,
  "o": 2947165,
  "p": 3248378,
  "q": 3373073,
  "r": 1881227,
  "s": 3914599,
  "t": 2218486,
  "u": 4617418
}
