{
  "b": 10.852402687072754,
  "c": 22.641742706298828,
  "d": 12.309521675109863,
  "e": 25.680770874023438,
  "f": 115000000,
  "g": 237000000,
  "h": 137000000,
  "i": 285000000,
  "j": 113000000,
  "k": 235000000,
  "l": 135000000,
  "m": 282000000,
  "n": 1890000,
  "o": 1890000,
  "p": 2110000,
  "q": 2110000,
  "r": 3020000,
  "s": 6240000,
  "t": 3880000,
  "u": 8010000
}
