{
  "b": 63.68315124511719,
  "c": 127.6624984741211,
  "d": 75.53551483154297,
  "e": 151.41555786132812,
  "f": 673011584,
  "g": 1338306432,
  "h": 843892992,
  "i": 1678462720,
  "j": 662304768,
  "k": 1327689984,
  "l": 830890688,
  "m": 1665571200,
  "n": 10706783,
  "o": 10616516,
  "p": 13002242,
  "q": 12891530,
  "r": 151061840,
  "s": 299889152,
  "t": 199683952,
  "u": 396571840
}
