{
  "b": 14.755587577819824,
  "c": 30.784337997436523,
  "d": 16.51139259338379,
  "e": 34.4461669921875,
  "f": 155977136,
  "g": 322750912,
  "h": 184532128,
  "i": 381900672,
  "j": 153458112,
  "k": 320157120,
  "l": 181625328,
  "m": 378907840,
  "n": 2519041,
  "o": 2593786,
  "p": 2906812,
  "q": 2992880,
  "r": 3907537,
  "s": 8062029,
  "t": 4823927,
  "u": 9958681
}
