{
  "b": 48.41718292236328,
  "c": 99.84463500976562,
  "d": 57.5727653503418,
  "e": 118.7218017578125,
  "f": 511715456,
  "g": 1046716032,
  "h": 643064448,
  "i": 1315887872,
  "j": 503538688,
  "k": 1038384192,
  "l": 633300416,
  "m": 1305939840,
  "n": 8176634,
  "o": 8331797,
  "p": 9764043,
  "q": 9948069,
  "r": 36927760,
  "s": 75337360,
  "t": 56417616,
  "u": 115234928
}
