{
  "b": 14.45162296295166,
  "c": 29.857694625854492,
  "d": 15.705920219421387,
  "e": 32.44842529296875,
  "f": 152731360,
  "g": 313006080,
  "h": 175443536,
  "i": 359667744,
  "j": 150296880,
  "k": 310520032,
  "l": 172765120,
  "m": 356932672,
  "n": 2434478,
  "o": 2486073,
  "p": 2678390,
  "q": 2735088,
  "r": 3584381,
  "s": 7335328,
  "t": 4324422,
  "u": 8855348
}
