{
  "b": 41.10213088989258,
  "c": 86.34933471679688,
  "d": 42.618309020996094,
  "e": 89.53303527832031,
  "f": 434000000,
  "g": 905000000,
  "h": 476000000,
  "i": 993000000,
  "j": 427000000,
  "k": 898000000,
  "l": 469000000,
  "m": 985000000,
  "n": 6990000,
  "o": 6990000,
  "p": 7790000,
  "q": 7790000,
  "r": 7390000,
  "s": 15400000,
  "t": 8680000,
  "u": 18100000
}
