{
  "b": 17.30423355102539,
  "c": 36.198883056640625,
  "d": 19.440139770507812,
  "e": 40.66497802734375,
  "f": 183000000,
  "g": 379000000,
  "h": 217000000,
  "i": 451000000,
  "j": 180000000,
  "k": 376000000,
  "l": 214000000,
  "m": 447000000,
  "n": 2970000,
  "o": 2970000,
  "p": 3370000,
  "q": 3370000,
  "r": 11900000,
  "s": 24600000,
  "t": 15200000,
  "u": 31500000
}
