{
  "b": 14.755587577819824,
  "c": 30.784337997436523,
  "d": 16.51139259338379,
  "e": 34.4461669921875,
  "f": 156000000,
  "g": 323000000,
  "h": 185000000,
  "i": 382000000,
  "j": 153000000,
  "k": 320000000,
  "l": 182000000,
  "m": 379000000,
  "n": 2560000,
  "o": 2560000,
  "p": 2950000,
  "q": 2950000,
  "r": 3910000,
  "s": 8060000,
  "t": 4820000,
  "u": 9960000
}
