{
  "b": 14.45162296295166,
  "c": 29.857694625854492,
  "d": 15.705920219421387,
  "e": 32.44842529296875,
  "f": 153000000,
  "g": 313000000,
  "h": 175000000,
  "i": 360000000,
  "j": 150000000,
  "k": 311000000,
  "l": 173000000,
  "m": 357000000,
  "n": 2460000,
  "o": 2460000,
  "p": 2710000,
  "q": 2710000,
  "r": 3580000,
  "s": 7340000,
  "t": 4320000,
  "u": 8860000
}
