{
  "b": 48.41718292236328,
  "c": 99.84463500976562,
  "d": 57.5727653503418,
  "e": 118.7218017578125,
  "f": 512000000,
  "g": 1050000000,
  "h": 643000000,
  "i": 1320000000,
  "j": 504000000,
  "k": 1040000000,
  "l": 633000000,
  "m": 1310000000,
  "n": 8250000,
  "o": 8250000,
  "p": 9860000,
  "q": 9860000,
  "r": 36900000,
  "s": 75300000,
  "t": 56400000,
  "u": 115000000
}
