{
  "b": 41.10213088989258,
  "c": 86.34933471679688,
  "d": 42.618309020996094,
  "e": 89.53303527832031,
  "f": 434326368,
  "g": 905155200,
  "h": 476446336,
  "i": 992795456,
  "j": 427462144,
  "k": 898033088,
  "l": 468801408,
  "m": 984863424,
  "n": 6864198,
  "o": 7122005,
  "p": 7644890,
  "q": 7931965,
  "r": 7386642,
  "s": 15352294,
  "t": 8683869,
  "u": 18050024
}
