{
  "b": 9.17174243927002,
  "c": 19.15540885925293,
  "d": 9.949687004089355,
  "e": 20.779556274414062,
  "f": 96900000,
  "g": 201000000,
  "h": 111000000,
  "i": 230000000,
  "j": 95400000,
  "k": 199000000,
  "l": 109000000,
  "m": 229000000,
  "n": 1570000,
  "o": 1570000,
  "p": 1830000,
  "q": 1830000,
  "r": 717000,
  "s": 1480000,
  "t": 921000,
  "u": 1900000
}
