{
  "b": 62.156978607177734,
  "c": 127.93763732910156,
  "d": 71.23456573486328,
  "e": 146.61622619628906,
  "f": 657000000,
  "g": 1340000000,
  "h": 796000000,
  "i": 1630000000,
  "j": 646000000,
  "k": 1330000000,
  "l": 784000000,
  "m": 1610000000,
  "n": 10600000,
  "o": 10600000,
  "p": 12800000,
  "q": 12800000,
  "r": 30200000,
  "s": 61400000,
  "t": 37700000,
  "u": 76800000
}
