{
  "b": 9.17174243927002,
  "c": 19.15540885925293,
  "d": 9.949687004089355,
  "e": 20.779556274414062,
  "f": 96937160,
  "g": 200812864,
  "h": 111247352,
  "i": 230428800,
  "j": 95386120,
  "k": 199216256,
  "l": 109446560,
  "m": 228575120,
  "n": 1551050,
  "o": 1596631,
  "p": 1800784,
  "q": 1853682,
  "r": 716837,
  "s": 1479788,
  "t": 920513,
  "u": 1900458
}
