{
  "b": 62.156978607177734,
  "c": 127.93763732910156,
  "d": 71.23456573486328,
  "e": 146.61622619628906,
  "f": 656937344,
  "g": 1341228288,
  "h": 796270080,
  "i": 1625674880,
  "j": 646432576,
  "k": 1330551424,
  "l": 783580224,
  "m": 1612778496,
  "n": 10504720,
  "o": 10676933,
  "p": 12689800,
  "q": 12896476,
  "r": 30168884,
  "s": 61406044,
  "t": 37701676,
  "u": 76754360
}
