{
  "b": 15.351777076721191,
  "c": 32.4495964050293,
  "d": 17.003156661987305,
  "e": 35.93846893310547,
  "f": 162000000,
  "g": 340000000,
  "h": 190000000,
  "i": 399000000,
  "j": 160000000,
  "k": 337000000,
  "l": 187000000,
  "m": 395000000,
  "n": 2710000,
  "o": 2710000,
  "p": 3190000,
  "q": 3190000,
  "r": 2260000,
  "s": 4720000,
  "t": 2820000,
  "u": 5880000
}
