{
  "b": 15.55725383758545,
  "c": 32.526798248291016,
  "d": 16.549222946166992,
  "e": 34.599544525146484,
  "f": 164438368,
  "g": 341002464,
  "h": 185044688,
  "i": 383690016,
  "j": 161795440,
  "k": 338278720,
  "l": 182041456,
  "m": 380595008,
  "n": 2642934,
  "o": 2723786,
  "p": 3003248,
  "q": 3095051,
  "r": 51791524,
  "s": 107472360,
  "t": 57482600,
  "u": 119289232
}
