{
  "b": 15.55725383758545,
  "c": 32.526798248291016,
  "d": 16.549222946166992,
  "e": 34.599544525146484,
  "f": 164000000,
  "g": 341000000,
  "h": 185000000,
  "i": 384000000,
  "j": 162000000,
  "k": 338000000,
  "l": 182000000,
  "m": 381000000,
  "n": 2680000,
  "o": 2680000,
  "p": 3050000,
  "q": 3050000,
  "r": 51800000,
  "s": 107000000,
  "t": 57500000,
  "u": 119000000
}
