{
  "b": 15.351777076721191,
  "c": 32.4495964050293,
  "d": 17.003156661987305,
  "e": 35.93846893310547,
  "f": 162312864,
  "g": 340243872,
  "h": 190162624,
  "i": 398584832,
  "j": 159658480,
  "k": 337475808,
  "l": 187034720,
  "m": 395323168,
  "n": 2654381,
  "o": 2768069,
  "p": 3127889,
  "q": 3261652,
  "r": 2262884,
  "s": 4717891,
  "t": 2817436,
  "u": 5875891
}
