{
  "b": 9.367899894714355,
  "c": 19.394691467285156,
  "d": 10.309361457824707,
  "e": 21.343095779418945,
  "f": 99023376,
  "g": 203338528,
  "h": 115247608,
  "i": 236660736,
  "j": 97426160,
  "k": 201704784,
  "l": 113402976,
  "m": 234774064,
  "n": 1597217,
  "o": 1633715,
  "p": 1844629,
  "q": 1886636,
  "r": 937318,
  "s": 1921629,
  "t": 1187156,
  "u": 2434622
}
