{
  "b": 43.061641693115234,
  "c": 89.90049743652344,
  "d": 45.79803466796875,
  "e": 95.61072540283203,
  "f": 455000000,
  "g": 942000000,
  "h": 512000000,
  "i": 1060000000,
  "j": 448000000,
  "k": 935000000,
  "l": 504000000,
  "m": 1050000000,
  "n": 7350000,
  "o": 7350000,
  "p": 8510000,
  "q": 8510000,
  "r": 9610000,
  "s": 19900000,
  "t": 11500000,
  "u": 23800000
}
