{
  "b": 13.436604499816895,
  "c": 26.991485595703125,
  "d": 14.349648475646973,
  "e": 28.8247127532959,
  "f": 142073248,
  "g": 283031872,
  "h": 160498560,
  "i": 319710592,
  "j": 139740688,
  "k": 280711456,
  "l": 157846128,
  "m": 317071840,
  "n": 2332556,
  "o": 2320448,
  "p": 2652444,
  "q": 2638720,
  "r": 4716486,
  "s": 9369764,
  "t": 5698396,
  "u": 11323010
}
