{
  "b": 368.17138671875,
  "c": 753.7136840820312,
  "d": 458.3641052246094,
  "e": 938.3055419921875,
  "f": 3892399616,
  "g": 7902562304,
  "h": 5119997952,
  "i": 10399985664,
  "j": 3828982272,
  "k": 7838622208,
  "l": 5042004992,
  "m": 10321360896,
  "n": 63417360,
  "o": 63939576,
  "p": 77993224,
  "q": 78624456,
  "r": 485832832,
  "s": 982823168,
  "t": 660244096,
  "u": 1336646528
}
