{
  "b": 13.436604499816895,
  "c": 26.991485595703125,
  "d": 14.349648475646973,
  "e": 28.8247127532959,
  "f": 142000000,
  "g": 283000000,
  "h": 160000000,
  "i": 320000000,
  "j": 140000000,
  "k": 281000000,
  "l": 158000000,
  "m": 317000000,
  "n": 2330000,
  "o": 2330000,
  "p": 2650000,
  "q": 2650000,
  "r": 4720000,
  "s": 9370000,
  "t": 5700000,
  "u": 11300000
}
