{
  "b": 368.17138671875,
  "c": 753.7136840820312,
  "d": 458.3641052246094,
  "e": 938.3055419921875,
  "f": 3890000000,
  "g": 7900000000,
  "h": 5120000000,
  "i": 10400000000,
  "j": 3830000000,
  "k": 7840000000,
  "l": 5040000000,
  "m": 10300000000,
  "n": 63700000,
  "o": 63700000,
  "p": 78300000,
  "q": 78300000,
  "r": 486000000,
  "s": 983000000,
  "t": 660000000,
  "u": 1340000000
}
