{
  "b": 5.606854438781738,
  "c": 11.104148864746094,
  "d": 6.37547492980957,
  "e": 12.626302719116211,
  "f": 59266200,
  "g": 116421120,
  "h": 71197208,
  "i": 139937376,
  "j": 58311288,
  "k": 115483144,
  "l": 70130224,
  "m": 138889328,
  "n": 954907,
  "o": 937969,
  "p": 1066982,
  "q": 1048051,
  "r": 2645269,
  "s": 5178520,
  "t": 3418297,
  "u": 6696944
}
