{
  "b": 14.222911834716797,
  "c": 29.427778244018555,
  "d": 16.677812576293945,
  "e": 34.50555419921875,
  "f": 150000000,
  "g": 309000000,
  "h": 186000000,
  "i": 382000000,
  "j": 148000000,
  "k": 306000000,
  "l": 183000000,
  "m": 380000000,
  "n": 2440000,
  "o": 2440000,
  "p": 2820000,
  "q": 2820000,
  "r": 1980000,
  "s": 4050000,
  "t": 2620000,
  "u": 5370000
}
