{
  "b": 43.061641693115234,
  "c": 89.90049743652344,
  "d": 45.79803466796875,
  "e": 95.61072540283203,
  "f": 455078528,
  "g": 942424576,
  "h": 512156800,
  "i": 1060352704,
  "j": 447841056,
  "k": 934965184,
  "l": 503778368,
  "m": 1051717952,
  "n": 7237491,
  "o": 7459470,
  "p": 8378362,
  "q": 8634817,
  "r": 9612530,
  "s": 19859954,
  "t": 11520842,
  "u": 23801900
}
