{
  "b": 15.834771156311035,
  "c": 32.85066604614258,
  "d": 16.959142684936523,
  "e": 35.181705474853516,
  "f": 167000000,
  "g": 344000000,
  "h": 190000000,
  "i": 390000000,
  "j": 165000000,
  "k": 342000000,
  "l": 187000000,
  "m": 387000000,
  "n": 2720000,
  "o": 2720000,
  "p": 3140000,
  "q": 3140000,
  "r": 3620000,
  "s": 7420000,
  "t": 4390000,
  "u": 9010000
}
