{
  "b": 12.877017974853516,
  "c": 26.795181274414062,
  "d": 15.81783390045166,
  "e": 32.91371536254883,
  "f": 136091136,
  "g": 280899232,
  "h": 176515728,
  "i": 364639040,
  "j": 133920984,
  "k": 278669888,
  "l": 173996176,
  "m": 362050880,
  "n": 2170151,
  "o": 2229350,
  "p": 2519551,
  "q": 2588152,
  "r": 1186069,
  "s": 2442919,
  "t": 1669608,
  "u": 3442569
}
