{
  "b": 60.28842544555664,
  "c": 124.6954345703125,
  "d": 84.4686279296875,
  "e": 174.69985961914062,
  "f": 637000000,
  "g": 1310000000,
  "h": 942000000,
  "i": 1930000000,
  "j": 627000000,
  "k": 1300000000,
  "l": 929000000,
  "m": 1920000000,
  "n": 10200000,
  "o": 10200000,
  "p": 12700000,
  "q": 12700000,
  "r": 60700000,
  "s": 124000000,
  "t": 94400000,
  "u": 194000000
}
