{
  "b": 21.144004821777344,
  "c": 44.37492370605469,
  "d": 23.6705379486084,
  "e": 49.675025939941406,
  "f": 224000000,
  "g": 465000000,
  "h": 264000000,
  "i": 551000000,
  "j": 220000000,
  "k": 461000000,
  "l": 260000000,
  "m": 546000000,
  "n": 3690000,
  "o": 3690000,
  "p": 4130000,
  "q": 4130000,
  "r": 4600000,
  "s": 9560000,
  "t": 5880000,
  "u": 12200000
}
