{
  "b": 15.834771156311035,
  "c": 32.85066604614258,
  "d": 16.959142684936523,
  "e": 35.181705474853516,
  "f": 167371520,
  "g": 344401664,
  "h": 189649504,
  "i": 390172064,
  "j": 164681616,
  "k": 341646912,
  "l": 186550576,
  "m": 386998752,
  "n": 2689904,
  "o": 2754756,
  "p": 3098897,
  "q": 3173326,
  "r": 3617925,
  "s": 7422771,
  "t": 4392646,
  "u": 9013131
}
