{
  "b": 60.28842544555664,
  "c": 124.6954345703125,
  "d": 84.4686279296875,
  "e": 174.69985961914062,
  "f": 637117376,
  "g": 1307142784,
  "h": 941707072,
  "i": 1934488576,
  "j": 626999616,
  "k": 1296832512,
  "l": 929154880,
  "m": 1921698432,
  "n": 10117710,
  "o": 10310244,
  "p": 12552289,
  "q": 12790115,
  "r": 60660936,
  "s": 124252208,
  "t": 94371168,
  "u": 193574880
}
