{
  "b": 42.410091400146484,
  "c": 87.70610046386719,
  "d": 45.92626190185547,
  "e": 94.97428131103516,
  "f": 448254432,
  "g": 919482816,
  "h": 513218624,
  "i": 1052913472,
  "j": 441064960,
  "k": 912143424,
  "l": 505188864,
  "m": 1044717120,
  "n": 7189461,
  "o": 7339278,
  "p": 8029819,
  "q": 8196345,
  "r": 39429532,
  "s": 80830624,
  "t": 47022248,
  "u": 96430552
}
