{
  "b": 42.410091400146484,
  "c": 87.70610046386719,
  "d": 45.92626190185547,
  "e": 94.97428131103516,
  "f": 448000000,
  "g": 919000000,
  "h": 513000000,
  "i": 1050000000,
  "j": 441000000,
  "k": 912000000,
  "l": 505000000,
  "m": 1040000000,
  "n": 7260000,
  "o": 7260000,
  "p": 8110000,
  "q": 8110000,
  "r": 39400000,
  "s": 80800000,
  "t": 47000000,
  "u": 96400000
}
