{
  "b": 37.25165939331055,
  "c": 77.78985595703125,
  "d": 40.851985931396484,
  "e": 85.30474090576172,
  "f": 393844512,
  "g": 815633472,
  "h": 456755616,
  "i": 945955712,
  "j": 387417248,
  "k": 809014464,
  "l": 449371840,
  "m": 938352128,
  "n": 6427270,
  "o": 6619047,
  "p": 7383749,
  "q": 7603490,
  "r": 30064772,
  "s": 62016128,
  "t": 36732452,
  "u": 75801864
}
