{
  "b": 78.34130096435547,
  "c": 162.0431671142578,
  "d": 94.4393310546875,
  "e": 195.33433532714844,
  "f": 828339072,
  "g": 1699108096,
  "h": 1055686656,
  "i": 2165863424,
  "j": 814749504,
  "k": 1685248896,
  "l": 1038832640,
  "m": 2148677632,
  "n": 13589520,
  "o": 13859353,
  "p": 16853994,
  "q": 17185702,
  "r": 30981746,
  "s": 63382332,
  "t": 41405528,
  "u": 84749504
}
