{
  "b": 17.150741577148438,
  "c": 36.23406219482422,
  "d": 18.51643180847168,
  "e": 39.117740631103516,
  "f": 181305120,
  "g": 379898304,
  "h": 207191616,
  "i": 433957248,
  "j": 178367712,
  "k": 376834240,
  "l": 203680752,
  "m": 430295136,
  "n": 2937403,
  "o": 3064062,
  "p": 3510883,
  "q": 3662077,
  "r": 2777699,
  "s": 5795795,
  "t": 3456152,
  "u": 7210379
}
