{
  "b": 78.34130096435547,
  "c": 162.0431671142578,
  "d": 94.4393310546875,
  "e": 195.33433532714844,
  "f": 828000000,
  "g": 1700000000,
  "h": 1060000000,
  "i": 2170000000,
  "j": 815000000,
  "k": 1690000000,
  "l": 1040000000,
  "m": 2150000000,
  "n": 13700000,
  "o": 13700000,
  "p": 17000000,
  "q": 17000000,
  "r": 31000000,
  "s": 63400000,
  "t": 41400000,
  "u": 84700000
}
