{
  "b": 19.491134643554688,
  "c": 40.79072189331055,
  "d": 22.558551788330078,
  "e": 47.208396911621094,
  "f": 206000000,
  "g": 428000000,
  "h": 252000000,
  "i": 523000000,
  "j": 203000000,
  "k": 424000000,
  "l": 248000000,
  "m": 519000000,
  "n": 3400000,
  "o": 3400000,
  "p": 3970000,
  "q": 3970000,
  "r": 4910000,
  "s": 10200000,
  "t": 6290000,
  "u": 13000000
}
