{
  "b": 20.07029914855957,
  "c": 40.9299430847168,
  "d": 23.1904354095459,
  "e": 47.29118347167969,
  "f": 212000000,
  "g": 429000000,
  "h": 259000000,
  "i": 524000000,
  "j": 209000000,
  "k": 426000000,
  "l": 255000000,
  "m": 520000000,
  "n": 3520000,
  "o": 3520000,
  "p": 4160000,
  "q": 4160000,
  "r": 6170000,
  "s": 12400000,
  "t": 8020000,
  "u": 16200000
}
