{
  "b": 20.07029914855957,
  "c": 40.9299430847168,
  "d": 23.1904354095459,
  "e": 47.29118347167969,
  "f": 212240816,
  "g": 429206272,
  "h": 259237376,
  "i": 524374880,
  "j": 208731120,
  "k": 425671392,
  "l": 255094784,
  "m": 520203008,
  "n": 3509693,
  "o": 3534911,
  "p": 4142564,
  "q": 4171891,
  "r": 6173769,
  "s": 12441046,
  "t": 8024937,
  "u": 16180948
}
