{
  "b": 37.25165939331055,
  "c": 77.78985595703125,
  "d": 40.851985931396484,
  "e": 85.30474090576172,
  "f": 394000000,
  "g": 816000000,
  "h": 457000000,
  "i": 946000000,
  "j": 387000000,
  "k": 809000000,
  "l": 449000000,
  "m": 938000000,
  "n": 6520000,
  "o": 6520000,
  "p": 7490000,
  "q": 7490000,
  "r": 30100000,
  "s": 62000000,
  "t": 36700000,
  "u": 75800000
}
