{
  "b": 63.71227264404297,
  "c": 132.61000061035156,
  "d": 78.9271240234375,
  "e": 164.2696990966797,
  "f": 674000000,
  "g": 1390000000,
  "h": 883000000,
  "i": 1820000000,
  "j": 663000000,
  "k": 1380000000,
  "l": 868000000,
  "m": 1810000000,
  "n": 11300000,
  "o": 11300000,
  "p": 15200000,
  "q": 15200000,
  "r": 39200000,
  "s": 80600000,
  "t": 56900000,
  "u": 117000000
}
