{
  "b": 4.678897857666016,
  "c": 9.514179229736328,
  "d": 5.160490036010742,
  "e": 10.492924690246582,
  "f": 49467768,
  "g": 99759248,
  "h": 57711300,
  "i": 116373352,
  "j": 48660536,
  "k": 98947464,
  "l": 56765388,
  "m": 115422176,
  "n": 807237,
  "o": 811784,
  "p": 945914,
  "q": 951176,
  "r": 2614591,
  "s": 5247782,
  "t": 3287444,
  "u": 6599238
}
