{
  "b": 30.020387649536133,
  "c": 63.228641510009766,
  "d": 36.305809020996094,
  "e": 76.46339416503906,
  "f": 317000000,
  "g": 663000000,
  "h": 406000000,
  "i": 848000000,
  "j": 312000000,
  "k": 658000000,
  "l": 399000000,
  "m": 841000000,
  "n": 5230000,
  "o": 5230000,
  "p": 6280000,
  "q": 6280000,
  "r": 8430000,
  "s": 17500000,
  "t": 11600000,
  "u": 24200000
}
