{
  "b": 30.020387649536133,
  "c": 63.228641510009766,
  "d": 36.305809020996094,
  "e": 76.46339416503906,
  "f": 317337472,
  "g": 662907264,
  "h": 405524608,
  "i": 847502528,
  "j": 312212032,
  "k": 657577856,
  "l": 399363904,
  "m": 841097344,
  "n": 5125488,
  "o": 5329505,
  "p": 6160661,
  "q": 6405210,
  "r": 8426124,
  "s": 17535978,
  "t": 11597412,
  "u": 24153354
}
