{
  "b": 63.71227264404297,
  "c": 132.61000061035156,
  "d": 78.9271240234375,
  "e": 164.2696990966797,
  "f": 673804032,
  "g": 1390612480,
  "h": 883197952,
  "i": 1822328064,
  "j": 662607616,
  "k": 1379143936,
  "l": 868198400,
  "m": 1806966656,
  "n": 11196418,
  "o": 11468560,
  "p": 14999493,
  "q": 15361560,
  "r": 39200220,
  "s": 80572952,
  "t": 56852256,
  "u": 116847696
}
