{
  "b": 22.291343688964844,
  "c": 46.3914680480957,
  "d": 27.94145965576172,
  "e": 58.14864730834961,
  "f": 236000000,
  "g": 486000000,
  "h": 312000000,
  "i": 644000000,
  "j": 232000000,
  "k": 482000000,
  "l": 307000000,
  "m": 640000000,
  "n": 3780000,
  "o": 3780000,
  "p": 4520000,
  "q": 4520000,
  "r": 1710000,
  "s": 3520000,
  "t": 2430000,
  "u": 5000000
}
