{
  "b": 11.430681228637695,
  "c": 23.549678802490234,
  "d": 14.095796585083008,
  "e": 29.03931999206543,
  "f": 121000000,
  "g": 247000000,
  "h": 157000000,
  "i": 322000000,
  "j": 119000000,
  "k": 245000000,
  "l": 155000000,
  "m": 319000000,
  "n": 1960000,
  "o": 1960000,
  "p": 2350000,
  "q": 2350000,
  "r": 1920000,
  "s": 3910000,
  "t": 2690000,
  "u": 5490000
}
