{
  "b": 4.678897857666016,
  "c": 9.514179229736328,
  "d": 5.160490036010742,
  "e": 10.492924690246582,
  "f": 49500000,
  "g": 99800000,
  "h": 57700000,
  "i": 116000000,
  "j": 48700000,
  "k": 98900000,
  "l": 56800000,
  "m": 115000000,
  "n": 810000,
  "o": 810000,
  "p": 949000,
  "q": 949000,
  "r": 2610000,
  "s": 5250000,
  "t": 3290000,
  "u": 6600000
}
