{
  "b": 22.291343688964844,
  "c": 46.3914680480957,
  "d": 27.94145965576172,
  "e": 58.14864730834961,
  "f": 235562336,
  "g": 486304576,
  "h": 311819136,
  "i": 644218752,
  "j": 231829984,
  "k": 482471264,
  "l": 307356064,
  "m": 639635136,
  "n": 3732344,
  "o": 3833346,
  "p": 4463092,
  "q": 4583604,
  "r": 1708518,
  "s": 3518783,
  "t": 2426881,
  "u": 5002973
}
