{
  "b": 5.132237911224365,
  "c": 10.72352123260498,
  "d": 5.483260154724121,
  "e": 11.456439971923828,
  "f": 54254392,
  "g": 112431304,
  "h": 61331280,
  "i": 127068048,
  "j": 53375276,
  "k": 111524624,
  "l": 60315860,
  "m": 126020840,
  "n": 879110,
  "o": 906681,
  "p": 1015416,
  "q": 1047206,
  "r": 513034,
  "s": 1059292,
  "t": 637099,
  "u": 1315499
}
