{
  "b": 20.52964210510254,
  "c": 42.69915771484375,
  "d": 21.766111373901367,
  "e": 45.2697868347168,
  "f": 216974144,
  "g": 447634048,
  "h": 243275776,
  "i": 501923744,
  "j": 213508272,
  "k": 444071232,
  "l": 239427216,
  "m": 497967648,
  "n": 3465869,
  "o": 3562801,
  "p": 3848554,
  "q": 3956090,
  "r": 6719226,
  "s": 13837533,
  "t": 8062944,
  "u": 16610107
}
