{
  "b": 4.098747253417969,
  "c": 8.578658103942871,
  "d": 4.394647121429443,
  "e": 9.197676658630371,
  "f": 43322752,
  "g": 89937776,
  "h": 49142708,
  "i": 102003544,
  "j": 42626972,
  "k": 89218048,
  "l": 48341116,
  "m": 101174440,
  "n": 695788,
  "o": 719723,
  "p": 801590,
  "q": 829116,
  "r": 539159,
  "s": 1117085,
  "t": 664364,
  "u": 1376735
}
