{
  "b": 16.961145401000977,
  "c": 35.39822769165039,
  "d": 18.835554122924805,
  "e": 39.308876037597656,
  "f": 179274352,
  "g": 371108128,
  "h": 210510480,
  "i": 435818400,
  "j": 176395920,
  "k": 368141568,
  "l": 207191088,
  "m": 432397632,
  "n": 2878426,
  "o": 2966553,
  "p": 3319392,
  "q": 3420709,
  "r": 2551858,
  "s": 5268825,
  "t": 3228507,
  "u": 6668580
}
