{
  "b": 16.961145401000977,
  "c": 35.39822769165039,
  "d": 18.835554122924805,
  "e": 39.308876037597656,
  "f": 179000000,
  "g": 371000000,
  "h": 211000000,
  "i": 436000000,
  "j": 176000000,
  "k": 368000000,
  "l": 207000000,
  "m": 432000000,
  "n": 2920000,
  "o": 2920000,
  "p": 3370000,
  "q": 3370000,
  "r": 2550000,
  "s": 5270000,
  "t": 3230000,
  "u": 6670000
}
