{
  "b": 4.098747253417969,
  "c": 8.578658103942871,
  "d": 4.394647121429443,
  "e": 9.197676658630371,
  "f": 43300000,
  "g": 89900000,
  "h": 49100000,
  "i": 102000000,
  "j": 42600000,
  "k": 89200000,
  "l": 48300000,
  "m": 101000000,
  "n": 708000,
  "o": 708000,
  "p": 815000,
  "q": 815000,
  "r": 539000,
  "s": 1120000,
  "t": 664000,
  "u": 1380000
}
