{
  "b": 5.132237911224365,
  "c": 10.72352123260498,
  "d": 5.483260154724121,
  "e": 11.456439971923828,
  "f": 54300000,
  "g": 112000000,
  "h": 61300000,
  "i": 127000000,
  "j": 53400000,
  "k": 112000000,
  "l": 60300000,
  "m": 126000000,
  "n": 893000,
  "o": 893000,
  "p": 1030000,
  "q": 1030000,
  "r": 513000,
  "s": 1060000,
  "t": 637000,
  "u": 1320000
}
