{
  "b": 20.52964210510254,
  "c": 42.69915771484375,
  "d": 21.766111373901367,
  "e": 45.2697868347168,
  "f": 217000000,
  "g": 448000000,
  "h": 243000000,
  "i": 502000000,
  "j": 214000000,
  "k": 444000000,
  "l": 239000000,
  "m": 498000000,
  "n": 3510000,
  "o": 3510000,
  "p": 3900000,
  "q": 3900000,
  "r": 6720000,
  "s": 13800000,
  "t": 8060000,
  "u": 16600000
}
