{
  "b": 13.407493591308594,
  "c": 28.22909164428711,
  "d": 15.809123039245605,
  "e": 33.284427642822266,
  "f": 142000000,
  "g": 296000000,
  "h": 176000000,
  "i": 369000000,
  "j": 139000000,
  "k": 294000000,
  "l": 174000000,
  "m": 366000000,
  "n": 2340000,
  "o": 2340000,
  "p": 2640000,
  "q": 2640000,
  "r": 4620000,
  "s": 9650000,
  "t": 6230000,
  "u": 13000000
}
