{
  "b": 45.391822814941406,
  "c": 94.71322631835938,
  "d": 50.72140884399414,
  "e": 105.82966613769531,
  "f": 479810912,
  "g": 992983808,
  "h": 567367104,
  "i": 1173837568,
  "j": 472074976,
  "k": 985017536,
  "l": 557935488,
  "m": 1164126336,
  "n": 7735935,
  "o": 7966260,
  "p": 9431566,
  "q": 9711225,
  "r": 20601092,
  "s": 42465720,
  "t": 25656286,
  "u": 52887648
}
