{
  "b": 165.43397521972656,
  "c": 340.6206359863281,
  "d": 224.59759521484375,
  "e": 462.4183044433594,
  "f": 1750000000,
  "g": 3570000000,
  "h": 2510000000,
  "i": 5130000000,
  "j": 1720000000,
  "k": 3540000000,
  "l": 2470000000,
  "m": 5090000000,
  "n": 29200000,
  "o": 29200000,
  "p": 40000000,
  "q": 40000000,
  "r": 164000000,
  "s": 335000000,
  "t": 255000000,
  "u": 519000000
}
