{
  "b": 37.03998565673828,
  "c": 76.77215576171875,
  "d": 40.99843978881836,
  "e": 84.97430419921875,
  "f": 391434080,
  "g": 804790528,
  "h": 458130048,
  "i": 942026944,
  "j": 385215840,
  "k": 798430400,
  "l": 450982848,
  "m": 934717312,
  "n": 6218235,
  "o": 6360174,
  "p": 7147211,
  "q": 7309709,
  "r": 10859828,
  "s": 22264768,
  "t": 13619589,
  "u": 27931886
}
