{
  "b": 61.020240783691406,
  "c": 126.71682739257812,
  "d": 72.94923400878906,
  "e": 151.48245239257812,
  "f": 644861568,
  "g": 1328343808,
  "h": 814120256,
  "i": 1678255488,
  "j": 634610496,
  "k": 1317854976,
  "l": 802441600,
  "m": 1666306944,
  "n": 10251119,
  "o": 10488957,
  "p": 11678662,
  "q": 11948692,
  "r": 161145824,
  "s": 332186304,
  "t": 199569968,
  "u": 411753088
}
