{
  "b": 37.03998565673828,
  "c": 76.77215576171875,
  "d": 40.99843978881836,
  "e": 84.97430419921875,
  "f": 391000000,
  "g": 805000000,
  "h": 458000000,
  "i": 942000000,
  "j": 385000000,
  "k": 798000000,
  "l": 451000000,
  "m": 935000000,
  "n": 6290000,
  "o": 6290000,
  "p": 7230000,
  "q": 7230000,
  "r": 10900000,
  "s": 22300000,
  "t": 13600000,
  "u": 27900000
}
