{
  "b": 56.41529846191406,
  "c": 113.4012680053711,
  "d": 70.4098892211914,
  "e": 141.52577209472656,
  "f": 597000000,
  "g": 1190000000,
  "h": 787000000,
  "i": 1570000000,
  "j": 587000000,
  "k": 1180000000,
  "l": 775000000,
  "m": 1560000000,
  "n": 10200000,
  "o": 10200000,
  "p": 12900000,
  "q": 12900000,
  "r": 14300000,
  "s": 28500000,
  "t": 20200000,
  "u": 40100000
}
