{
  "b": 61.020240783691406,
  "c": 126.71682739257812,
  "d": 72.94923400878906,
  "e": 151.48245239257812,
  "f": 645000000,
  "g": 1330000000,
  "h": 814000000,
  "i": 1680000000,
  "j": 635000000,
  "k": 1320000000,
  "l": 802000000,
  "m": 1670000000,
  "n": 10400000,
  "o": 10400000,
  "p": 11800000,
  "q": 11800000,
  "r": 161000000,
  "s": 332000000,
  "t": 200000000,
  "u": 412000000
}
