{
  "b": 165.43397521972656,
  "c": 340.6206359863281,
  "d": 224.59759521484375,
  "e": 462.4183044433594,
  "f": 1749547264,
  "g": 3571898112,
  "h": 2510309376,
  "i": 5126888448,
  "j": 1720513408,
  "k": 3542454528,
  "l": 2470573568,
  "m": 5086601216,
  "n": 29033914,
  "o": 29443794,
  "p": 39736172,
  "q": 40287800,
  "r": 164396560,
  "s": 334641376,
  "t": 254743280,
  "u": 518894656
}
