{
  "b": 56.41529846191406,
  "c": 113.4012680053711,
  "d": 70.4098892211914,
  "e": 141.52577209472656,
  "f": 596937472,
  "g": 1189514112,
  "h": 787477888,
  "i": 1569653888,
  "j": 586719104,
  "k": 1179373184,
  "l": 774508800,
  "m": 1556783488,
  "n": 10218383,
  "o": 10140924,
  "p": 12969029,
  "q": 12870592,
  "r": 14349394,
  "s": 28507752,
  "t": 20164636,
  "u": 40089820
}
