{
  "b": 45.391822814941406,
  "c": 94.71322631835938,
  "d": 50.72140884399414,
  "e": 105.82966613769531,
  "f": 480000000,
  "g": 993000000,
  "h": 567000000,
  "i": 1170000000,
  "j": 472000000,
  "k": 985000000,
  "l": 558000000,
  "m": 1160000000,
  "n": 7850000,
  "o": 7850000,
  "p": 9570000,
  "q": 9570000,
  "r": 20600000,
  "s": 42500000,
  "t": 25700000,
  "u": 52900000
}
