{
  "b": 658.24609375,
  "c": 1335.559326171875,
  "d": 740.7626342773438,
  "e": 1502.94140625,
  "f": 6964207104,
  "g": 14008606720,
  "h": 8287324160,
  "i": 16671688704,
  "j": 6845759488,
  "k": 13889816576,
  "l": 8148388864,
  "m": 16532356096,
  "n": 118447328,
  "o": 118789672,
  "p": 138935488,
  "q": 139332304,
  "r": 2326858240,
  "s": 4672521728,
  "t": 2860772352,
  "u": 5746704896
}
