{
  "b": 65.54822540283203,
  "c": 137.7846221923828,
  "d": 88.33500671386719,
  "e": 185.67433166503906,
  "f": 693000000,
  "g": 1440000000,
  "h": 986000000,
  "i": 2060000000,
  "j": 682000000,
  "k": 1430000000,
  "l": 972000000,
  "m": 2040000000,
  "n": 11400000,
  "o": 11400000,
  "p": 14900000,
  "q": 14900000,
  "r": 43000000,
  "s": 89400000,
  "t": 65300000,
  "u": 136000000
}
