{
  "b": 65.54822540283203,
  "c": 137.7846221923828,
  "d": 88.33500671386719,
  "e": 185.67433166503906,
  "f": 692849856,
  "g": 1444519040,
  "h": 986292992,
  "i": 2057561856,
  "j": 681701568,
  "k": 1432960000,
  "l": 971685056,
  "m": 2042417664,
  "n": 11148315,
  "o": 11559261,
  "p": 14607863,
  "q": 15144020,
  "r": 43001552,
  "s": 89403088,
  "t": 65293020,
  "u": 135859616
}
