{
  "b": 22.60137939453125,
  "c": 47.30498504638672,
  "d": 26.33538246154785,
  "e": 55.11901092529297,
  "f": 239000000,
  "g": 496000000,
  "h": 294000000,
  "i": 611000000,
  "j": 235000000,
  "k": 492000000,
  "l": 290000000,
  "m": 606000000,
  "n": 3920000,
  "o": 3920000,
  "p": 4490000,
  "q": 4490000,
  "r": 4600000,
  "s": 9510000,
  "t": 5830000,
  "u": 12100000
}
