{
  "b": 11.515707969665527,
  "c": 23.632457733154297,
  "d": 14.994314193725586,
  "e": 30.770193099975586,
  "f": 122000000,
  "g": 248000000,
  "h": 167000000,
  "i": 341000000,
  "j": 120000000,
  "k": 246000000,
  "l": 165000000,
  "m": 338000000,
  "n": 1950000,
  "o": 1950000,
  "p": 2490000,
  "q": 2490000,
  "r": 1170000,
  "s": 2390000,
  "t": 1790000,
  "u": 3640000
}
