{
  "b": 22.60137939453125,
  "c": 47.30498504638672,
  "d": 26.33538246154785,
  "e": 55.11901092529297,
  "f": 238912464,
  "g": 495958240,
  "h": 294108736,
  "i": 610875200,
  "j": 235054336,
  "k": 491971840,
  "l": 289689216,
  "m": 606309120,
  "n": 3858117,
  "o": 3986437,
  "p": 4419540,
  "q": 4566134,
  "r": 4595811,
  "s": 9513745,
  "t": 5832435,
  "u": 12083453
}
