{
  "b": 15.561543464660645,
  "c": 32.50056457519531,
  "d": 17.90604019165039,
  "e": 37.396060943603516,
  "f": 164000000,
  "g": 341000000,
  "h": 200000000,
  "i": 414000000,
  "j": 162000000,
  "k": 338000000,
  "l": 197000000,
  "m": 411000000,
  "n": 2620000,
  "o": 2620000,
  "p": 3030000,
  "q": 3030000,
  "r": 2060000,
  "s": 4260000,
  "t": 2730000,
  "u": 5640000
}
