{
  "b": 8.667308807373047,
  "c": 17.822834014892578,
  "d": 10.311695098876953,
  "e": 21.203046798706055,
  "f": 91645472,
  "g": 186884656,
  "h": 115225032,
  "i": 235055744,
  "j": 90140016,
  "k": 185357472,
  "l": 113428648,
  "m": 233233520,
  "n": 1505462,
  "o": 1527203,
  "p": 1796381,
  "q": 1822238,
  "r": 867774,
  "s": 1764642,
  "t": 1191296,
  "u": 2424265
}
