{
  "b": 178.90634155273438,
  "c": 367.39532470703125,
  "d": 227.483154296875,
  "e": 467.1349792480469,
  "f": 1891529984,
  "g": 3852205824,
  "h": 2541864704,
  "i": 5178531840,
  "j": 1860625920,
  "k": 3820911360,
  "l": 2502314752,
  "m": 5138484736,
  "n": 30903876,
  "o": 31294896,
  "p": 39549984,
  "q": 40047452,
  "r": 483395072,
  "s": 984749888,
  "t": 640299328,
  "u": 1305014272
}
