{
  "b": 8.667308807373047,
  "c": 17.822834014892578,
  "d": 10.311695098876953,
  "e": 21.203046798706055,
  "f": 91600000,
  "g": 187000000,
  "h": 115000000,
  "i": 235000000,
  "j": 90100000,
  "k": 185000000,
  "l": 113000000,
  "m": 233000000,
  "n": 1520000,
  "o": 1520000,
  "p": 1810000,
  "q": 1810000,
  "r": 868000,
  "s": 1760000,
  "t": 1190000,
  "u": 2420000
}
