{
  "b": 36.8186149597168,
  "c": 73.15363311767578,
  "d": 45.59759521484375,
  "e": 90.59471893310547,
  "f": 390000000,
  "g": 767000000,
  "h": 510000000,
  "i": 1000000000,
  "j": 383000000,
  "k": 761000000,
  "l": 502000000,
  "m": 997000000,
  "n": 6680000,
  "o": 6680000,
  "p": 8510000,
  "q": 8510000,
  "r": 11300000,
  "s": 22100000,
  "t": 15600000,
  "u": 30600000
}
