{
  "b": 178.90634155273438,
  "c": 367.39532470703125,
  "d": 227.483154296875,
  "e": 467.1349792480469,
  "f": 1890000000,
  "g": 3850000000,
  "h": 2540000000,
  "i": 5180000000,
  "j": 1860000000,
  "k": 3820000000,
  "l": 2500000000,
  "m": 5140000000,
  "n": 31100000,
  "o": 31100000,
  "p": 39800000,
  "q": 39800000,
  "r": 483000000,
  "s": 985000000,
  "t": 640000000,
  "u": 1310000000
}
