{
  "b": 184.54330444335938,
  "c": 372.3421630859375,
  "d": 222.42527770996094,
  "e": 448.7586364746094,
  "f": 1950000000,
  "g": 3900000000,
  "h": 2480000000,
  "i": 4970000000,
  "j": 1920000000,
  "k": 3870000000,
  "l": 2450000000,
  "m": 4940000000,
  "n": 30400000,
  "o": 30400000,
  "p": 34400000,
  "q": 34400000,
  "r": 695000000,
  "s": 1390000000,
  "t": 917000000,
  "u": 1840000000
}
