{
  "b": 36.8186149597168,
  "c": 73.15363311767578,
  "d": 45.59759521484375,
  "e": 90.59471893310547,
  "f": 389639072,
  "g": 767425024,
  "h": 510150944,
  "i": 1004994048,
  "j": 382913600,
  "k": 760797760,
  "l": 501573568,
  "m": 996541888,
  "n": 6725546,
  "o": 6627328,
  "p": 8577353,
  "q": 8452231,
  "r": 11261487,
  "s": 22136534,
  "t": 15571249,
  "u": 30623604
}
