{
  "b": 14.268827438354492,
  "c": 30.148889541625977,
  "d": 16.599634170532227,
  "e": 35.072784423828125,
  "f": 151000000,
  "g": 316000000,
  "h": 185000000,
  "i": 389000000,
  "j": 148000000,
  "k": 314000000,
  "l": 183000000,
  "m": 386000000,
  "n": 2480000,
  "o": 2480000,
  "p": 2880000,
  "q": 2880000,
  "r": 54500000,
  "s": 114000000,
  "t": 64400000,
  "u": 135000000
}
