{
  "b": 184.54330444335938,
  "c": 372.3421630859375,
  "d": 222.42527770996094,
  "e": 448.7586364746094,
  "f": 1949703552,
  "g": 3902732288,
  "h": 2481088512,
  "i": 4970663936,
  "j": 1919250432,
  "k": 3872358400,
  "l": 2446678016,
  "m": 4936345088,
  "n": 30453132,
  "o": 30373812,
  "p": 34410352,
  "q": 34318260,
  "r": 695320384,
  "s": 1391621760,
  "t": 916755840,
  "u": 1836568960
}
