{
  "b": 92.04021453857422,
  "c": 190.0230712890625,
  "d": 110.01326751708984,
  "e": 227.12013244628906,
  "f": 973000000,
  "g": 1990000000,
  "h": 1230000000,
  "i": 2520000000,
  "j": 957000000,
  "k": 1980000000,
  "l": 1210000000,
  "m": 2500000000,
  "n": 15700000,
  "o": 15700000,
  "p": 19000000,
  "q": 19000000,
  "r": 63300000,
  "s": 129000000,
  "t": 84900000,
  "u": 173000000
}
