{
  "b": 92.04021453857422,
  "c": 190.0230712890625,
  "d": 110.01326751708984,
  "e": 227.12013244628906,
  "f": 972767232,
  "g": 1992095488,
  "h": 1229008768,
  "i": 2517554688,
  "j": 957218240,
  "k": 1976239872,
  "l": 1210145920,
  "m": 2498321408,
  "n": 15549060,
  "o": 15855794,
  "p": 18862978,
  "q": 19233128,
  "r": 63313760,
  "s": 129218664,
  "t": 84873504,
  "u": 173312736
}
