{
  "b": 3.9618518352508545,
  "c": 8.252845764160156,
  "d": 4.532501220703125,
  "e": 9.441288948059082,
  "f": 41861948,
  "g": 86506880,
  "h": 50623572,
  "i": 104641784,
  "j": 41203260,
  "k": 85829592,
  "l": 49857516,
  "m": 103854176,
  "n": 658688,
  "o": 677291,
  "p": 766057,
  "q": 787617,
  "r": 255596,
  "s": 527507,
  "t": 338005,
  "u": 697951
}
