{
  "b": 35.1911735534668,
  "c": 74.1955337524414,
  "d": 36.14888000488281,
  "e": 76.21290588378906,
  "f": 372000000,
  "g": 778000000,
  "h": 404000000,
  "i": 845000000,
  "j": 366000000,
  "k": 772000000,
  "l": 398000000,
  "m": 838000000,
  "n": 6060000,
  "o": 6060000,
  "p": 6850000,
  "q": 6850000,
  "r": 8040000,
  "s": 16800000,
  "t": 9260000,
  "u": 19300000
}
