{
  "b": 35.1911735534668,
  "c": 74.1955337524414,
  "d": 36.14888000488281,
  "e": 76.21290588378906,
  "f": 371924448,
  "g": 777812736,
  "h": 404349248,
  "i": 845327808,
  "j": 365988224,
  "k": 771633536,
  "l": 397637664,
  "m": 838341952,
  "n": 5936242,
  "o": 6179259,
  "p": 6711563,
  "q": 6985854,
  "r": 8041340,
  "s": 16773189,
  "t": 9259451,
  "u": 19311938
}
