{
  "b": 18.42949104309082,
  "c": 37.96284484863281,
  "d": 22.961322784423828,
  "e": 47.29585266113281,
  "f": 194832656,
  "g": 398031648,
  "h": 256443472,
  "i": 524186496,
  "j": 191666704,
  "k": 394813600,
  "l": 252574544,
  "m": 520254368,
  "n": 3165984,
  "o": 3218036,
  "p": 3868975,
  "q": 3932073,
  "r": 3436896,
  "s": 7008666,
  "t": 4906030,
  "u": 10012731
}
