{
  "b": 15.973803520202637,
  "c": 33.352813720703125,
  "d": 18.543874740600586,
  "e": 38.717369079589844,
  "f": 169000000,
  "g": 350000000,
  "h": 207000000,
  "i": 429000000,
  "j": 166000000,
  "k": 347000000,
  "l": 204000000,
  "m": 426000000,
  "n": 2750000,
  "o": 2750000,
  "p": 3070000,
  "q": 3070000,
  "r": 2430000,
  "s": 5020000,
  "t": 3160000,
  "u": 6530000
}
