{
  "b": 3.9618518352508545,
  "c": 8.252845764160156,
  "d": 4.532501220703125,
  "e": 9.441288948059082,
  "f": 41900000,
  "g": 86500000,
  "h": 50600000,
  "i": 105000000,
  "j": 41200000,
  "k": 85800000,
  "l": 49900000,
  "m": 104000000,
  "n": 668000,
  "o": 668000,
  "p": 777000,
  "q": 777000,
  "r": 256000,
  "s": 528000,
  "t": 338000,
  "u": 698000
}
