{
  "b": 18.42949104309082,
  "c": 37.96284484863281,
  "d": 22.961322784423828,
  "e": 47.29585266113281,
  "f": 195000000,
  "g": 398000000,
  "h": 256000000,
  "i": 524000000,
  "j": 192000000,
  "k": 395000000,
  "l": 253000000,
  "m": 520000000,
  "n": 3190000,
  "o": 3190000,
  "p": 3900000,
  "q": 3900000,
  "r": 3440000,
  "s": 7010000,
  "t": 4910000,
  "u": 10000000
}
