{
  "b": 30.956531524658203,
  "c": 65.00154113769531,
  "d": 34.787391662597656,
  "e": 73.04359436035156,
  "f": 327000000,
  "g": 681000000,
  "h": 389000000,
  "i": 810000000,
  "j": 322000000,
  "k": 676000000,
  "l": 383000000,
  "m": 803000000,
  "n": 5300000,
  "o": 5300000,
  "p": 6130000,
  "q": 6130000,
  "r": 4600000,
  "s": 9550000,
  "t": 5870000,
  "u": 12200000
}
