{
  "b": 20.2243709564209,
  "c": 41.90625762939453,
  "d": 19.530920028686523,
  "e": 40.4682502746582,
  "f": 214000000,
  "g": 439000000,
  "h": 219000000,
  "i": 449000000,
  "j": 210000000,
  "k": 436000000,
  "l": 215000000,
  "m": 445000000,
  "n": 3450000,
  "o": 3450000,
  "p": 3850000,
  "q": 3850000,
  "r": 5120000,
  "s": 10500000,
  "t": 5640000,
  "u": 11600000
}
