{
  "b": 80.47474670410156,
  "c": 166.02093505859375,
  "d": 156.02708435058594,
  "e": 321.8652648925781,
  "f": 851586816,
  "g": 1741492864,
  "h": 1738474240,
  "i": 3563030784,
  "j": 836937344,
  "k": 1726617728,
  "l": 1716297984,
  "m": 3540517888,
  "n": 14649546,
  "o": 14875345,
  "p": 22176364,
  "q": 22512862,
  "r": 65715944,
  "s": 133924008,
  "t": 149624944,
  "u": 305806176
}
