{
  "b": 17.01781463623047,
  "c": 35.454986572265625,
  "d": 19.379117965698242,
  "e": 40.373321533203125,
  "f": 180000000,
  "g": 372000000,
  "h": 216000000,
  "i": 447000000,
  "j": 177000000,
  "k": 369000000,
  "l": 213000000,
  "m": 444000000,
  "n": 2880000,
  "o": 2880000,
  "p": 3290000,
  "q": 3290000,
  "r": 1580000,
  "s": 3260000,
  "t": 2040000,
  "u": 4200000
}
