{
  "b": 86.29549407958984,
  "c": 176.45835876464844,
  "d": 121.20464324951172,
  "e": 247.8238067626953,
  "f": 913000000,
  "g": 1850000000,
  "h": 1350000000,
  "i": 2750000000,
  "j": 897000000,
  "k": 1840000000,
  "l": 1330000000,
  "m": 2730000000,
  "n": 15500000,
  "o": 15500000,
  "p": 21500000,
  "q": 21500000,
  "r": 31700000,
  "s": 64000000,
  "t": 51200000,
  "u": 104000000
}
