{
  "b": 30.956531524658203,
  "c": 65.00154113769531,
  "d": 34.787391662597656,
  "e": 73.04359436035156,
  "f": 327153632,
  "g": 681413440,
  "h": 388679584,
  "i": 809718912,
  "j": 321947936,
  "k": 676016064,
  "l": 382661312,
  "m": 803479552,
  "n": 5205705,
  "o": 5397431,
  "p": 6018237,
  "q": 6239426,
  "r": 4597968,
  "s": 9552791,
  "t": 5866747,
  "u": 12193737
}
