{
  "b": 86.29549407958984,
  "c": 176.45835876464844,
  "d": 121.20464324951172,
  "e": 247.8238067626953,
  "f": 912893632,
  "g": 1850708224,
  "h": 1354620160,
  "i": 2747595520,
  "j": 897473152,
  "k": 1835166976,
  "l": 1333251072,
  "m": 2726061824,
  "n": 15420512,
  "o": 15541260,
  "p": 21368932,
  "q": 21533492,
  "r": 31679472,
  "s": 63968372,
  "t": 51243584,
  "u": 103570096
}
