{
  "b": 6.500550746917725,
  "c": 14.14197063446045,
  "d": 7.867384910583496,
  "e": 17.115203857421875,
  "f": 68726944,
  "g": 148265152,
  "h": 87978056,
  "i": 189790240,
  "j": 67605728,
  "k": 147076496,
  "l": 86541232,
  "m": 188267248,
  "n": 1121206,
  "o": 1188659,
  "p": 1436825,
  "q": 1523010,
  "r": 8138518,
  "s": 17552946,
  "t": 10671958,
  "u": 23022528
}
