{
  "b": 17.799362182617188,
  "c": 36.833377838134766,
  "d": 20.746620178222656,
  "e": 42.930667877197266,
  "f": 188297952,
  "g": 386313568,
  "h": 232095712,
  "i": 476196352,
  "j": 185113360,
  "k": 383067136,
  "l": 228212816,
  "m": 472237344,
  "n": 3184584,
  "o": 3246430,
  "p": 3882902,
  "q": 3958977,
  "r": 12413139,
  "s": 25357632,
  "t": 15658675,
  "u": 32000966
}
