{
  "b": 2.170269250869751,
  "c": 4.628628730773926,
  "d": 2.4906866550445557,
  "e": 5.3117804527282715,
  "f": 22955410,
  "g": 48539496,
  "h": 27847798,
  "i": 58899948,
  "j": 22570800,
  "k": 48137740,
  "l": 27397554,
  "m": 58429584,
  "n": 384608,
  "o": 401755,
  "p": 450244,
  "q": 470361,
  "r": 303896,
  "s": 640673,
  "t": 377445,
  "u": 796106
}
