{
  "b": 6.500550746917725,
  "c": 14.14197063446045,
  "d": 7.867384910583496,
  "e": 17.115203857421875,
  "f": 68700000,
  "g": 148000000,
  "h": 88000000,
  "i": 190000000,
  "j": 67600000,
  "k": 147000000,
  "l": 86500000,
  "m": 188000000,
  "n": 1150000,
  "o": 1150000,
  "p": 1480000,
  "q": 1480000,
  "r": 8140000,
  "s": 17600000,
  "t": 10700000,
  "u": 23000000
}
