{
  "b": 17.799362182617188,
  "c": 36.833377838134766,
  "d": 20.746620178222656,
  "e": 42.930667877197266,
  "f": 188000000,
  "g": 386000000,
  "h": 232000000,
  "i": 476000000,
  "j": 185000000,
  "k": 383000000,
  "l": 228000000,
  "m": 472000000,
  "n": 3220000,
  "o": 3220000,
  "p": 3920000,
  "q": 3920000,
  "r": 12400000,
  "s": 25400000,
  "t": 15700000,
  "u": 32000000
}
