{
  "b": 2.170269250869751,
  "c": 4.628628730773926,
  "d": 2.4906866550445557,
  "e": 5.3117804527282715,
  "f": 23000000,
  "g": 48500000,
  "h": 27800000,
  "i": 58900000,
  "j": 22600000,
  "k": 48100000,
  "l": 27400000,
  "m": 58400000,
  "n": 393000,
  "o": 393000,
  "p": 460000,
  "q": 460000,
  "r": 304000,
  "s": 641000,
  "t": 377000,
  "u": 796000
}
