{
  "b": 17.326393127441406,
  "c": 35.92516326904297,
  "d": 17.67091941833496,
  "e": 36.62663650512695,
  "f": 183225952,
  "g": 376708736,
  "h": 197472208,
  "i": 406045504,
  "j": 180194496,
  "k": 373621696,
  "l": 194380112,
  "m": 402892992,
  "n": 3031457,
  "o": 3087076,
  "p": 3092090,
  "q": 3152498,
  "r": 3413661,
  "s": 6983912,
  "t": 4492551,
  "u": 9200946
}
