{
  "b": 2.173342227935791,
  "c": 4.613888263702393,
  "d": 2.6975977420806885,
  "e": 5.726187705993652,
  "f": 23000000,
  "g": 48400000,
  "h": 30200000,
  "i": 63600000,
  "j": 22600000,
  "k": 48000000,
  "l": 29700000,
  "m": 63000000,
  "n": 419000,
  "o": 419000,
  "p": 569000,
  "q": 569000,
  "r": 1270000,
  "s": 2670000,
  "t": 1750000,
  "u": 3670000
}
