{
  "b": 17.326393127441406,
  "c": 35.92516326904297,
  "d": 17.67091941833496,
  "e": 36.62663650512695,
  "f": 183000000,
  "g": 377000000,
  "h": 197000000,
  "i": 406000000,
  "j": 180000000,
  "k": 374000000,
  "l": 194000000,
  "m": 403000000,
  "n": 3060000,
  "o": 3060000,
  "p": 3120000,
  "q": 3120000,
  "r": 3410000,
  "s": 6980000,
  "t": 4490000,
  "u": 9200000
}
