{
  "b": 13.591713905334473,
  "c": 28.229476928710938,
  "d": 17.339380264282227,
  "e": 36.00836944580078,
  "f": 144000000,
  "g": 296000000,
  "h": 194000000,
  "i": 399000000,
  "j": 141000000,
  "k": 294000000,
  "l": 191000000,
  "m": 396000000,
  "n": 2560000,
  "o": 2560000,
  "p": 3330000,
  "q": 3330000,
  "r": 7450000,
  "s": 15300000,
  "t": 10400000,
  "u": 21400000
}
