{
  "b": 0.41326645016670227,
  "c": 0.8749032616615295,
  "d": 0.39222121238708496,
  "e": 0.8302282094955444,
  "f": 4380000,
  "g": 9180000,
  "h": 4400000,
  "i": 9220000,
  "j": 4300000,
  "k": 9100000,
  "l": 4310000,
  "m": 9130000,
  "n": 80400,
  "o": 80400,
  "p": 88400,
  "q": 88400,
  "r": 51100,
  "s": 107000,
  "t": 54300,
  "u": 114000
}
