{
  "b": 0.21326985955238342,
  "c": 0.45960691571235657,
  "d": 0.247328981757164,
  "e": 0.5329350829124451,
  "f": 2258215,
  "g": 4822254,
  "h": 2765998,
  "i": 5910077,
  "j": 2218007,
  "k": 4779912,
  "l": 2720619,
  "m": 5862286,
  "n": 40209,
  "o": 42342,
  "p": 45380,
  "q": 47791,
  "r": 17008,
  "s": 36401,
  "t": 22326,
  "u": 47829
}
