{
  "b": 0.41326645016670227,
  "c": 0.8749032616615295,
  "d": 0.39222121238708496,
  "e": 0.8302282094955444,
  "f": 4377075,
  "g": 9180604,
  "h": 4401498,
  "i": 9222338,
  "j": 4297971,
  "k": 9098994,
  "l": 4314434,
  "m": 9132510,
  "n": 79104,
  "o": 81609,
  "p": 87064,
  "q": 89827,
  "r": 51110,
  "s": 107422,
  "t": 54267,
  "u": 114011
}
