{
  "b": 0.21326985955238342,
  "c": 0.45960691571235657,
  "d": 0.247328981757164,
  "e": 0.5329350829124451,
  "f": 2260000,
  "g": 4820000,
  "h": 2770000,
  "i": 5910000,
  "j": 2220000,
  "k": 4780000,
  "l": 2720000,
  "m": 5860000,
  "n": 41300,
  "o": 41300,
  "p": 46600,
  "q": 46600,
  "r": 17000,
  "s": 36400,
  "t": 22300,
  "u": 47800
}
