{
  "b": 7.502950191497803,
  "c": 15.549261093139648,
  "d": 8.944831848144531,
  "e": 18.53732681274414,
  "f": 79600000,
  "g": 163000000,
  "h": 100000000,
  "i": 206000000,
  "j": 78000000,
  "k": 162000000,
  "l": 98400000,
  "m": 204000000,
  "n": 1550000,
  "o": 1550000,
  "p": 2040000,
  "q": 2040000,
  "r": 1320000,
  "s": 2710000,
  "t": 1680000,
  "u": 3430000
}
