{
  "b": 5.1341023445129395,
  "c": 10.924057006835938,
  "d": 7.356402397155762,
  "e": 15.65109634399414,
  "f": 54300000,
  "g": 115000000,
  "h": 82100000,
  "i": 173000000,
  "j": 53400000,
  "k": 114000000,
  "l": 80900000,
  "m": 172000000,
  "n": 940000,
  "o": 940000,
  "p": 1200000,
  "q": 1200000,
  "r": 1800000,
  "s": 3780000,
  "t": 2850000,
  "u": 6000000
}
