{
  "b": 238.55458068847656,
  "c": 495.46844482421875,
  "d": 316.0557861328125,
  "e": 656.2657470703125,
  "f": 2529504256,
  "g": 5201733632,
  "h": 3540547840,
  "i": 7283291136,
  "j": 2480967680,
  "k": 5152871936,
  "l": 3476613632,
  "m": 7218923008,
  "n": 48536340,
  "o": 48861284,
  "p": 63933912,
  "q": 64368192,
  "r": 1307574144,
  "s": 2685082624,
  "t": 1797145984,
  "u": 3691720960
}
