{
  "b": 238.55458068847656,
  "c": 495.46844482421875,
  "d": 316.0557861328125,
  "e": 656.2657470703125,
  "f": 2530000000,
  "g": 5200000000,
  "h": 3540000000,
  "i": 7280000000,
  "j": 2480000000,
  "k": 5150000000,
  "l": 3480000000,
  "m": 7220000000,
  "n": 48700000,
  "o": 48700000,
  "p": 64200000,
  "q": 64200000,
  "r": 1310000000,
  "s": 2690000000,
  "t": 1800000000,
  "u": 3690000000
}
