{
  "b": 33.229270935058594,
  "c": 69.5830307006836,
  "d": 40.759586334228516,
  "e": 85.33505249023438,
  "f": 352000000,
  "g": 731000000,
  "h": 457000000,
  "i": 948000000,
  "j": 346000000,
  "k": 724000000,
  "l": 448000000,
  "m": 939000000,
  "n": 6840000,
  "o": 6840000,
  "p": 8770000,
  "q": 8770000,
  "r": 24700000,
  "s": 50900000,
  "t": 33400000,
  "u": 69000000
}
