{
  "b": 15.512256622314453,
  "c": 31.88144302368164,
  "d": 20.770612716674805,
  "e": 42.68040466308594,
  "f": 164496128,
  "g": 334750784,
  "h": 232524656,
  "i": 473554880,
  "j": 161327472,
  "k": 331567008,
  "l": 228476736,
  "m": 469484448,
  "n": 3168659,
  "o": 3183764,
  "p": 4047902,
  "q": 4070490,
  "r": 3225858,
  "s": 6547098,
  "t": 4988184,
  "u": 10140222
}
