{
  "b": 15.512256622314453,
  "c": 31.88144302368164,
  "d": 20.770612716674805,
  "e": 42.68040466308594,
  "f": 164000000,
  "g": 335000000,
  "h": 233000000,
  "i": 474000000,
  "j": 161000000,
  "k": 332000000,
  "l": 228000000,
  "m": 469000000,
  "n": 3180000,
  "o": 3180000,
  "p": 4060000,
  "q": 4060000,
  "r": 3230000,
  "s": 6550000,
  "t": 4990000,
  "u": 10100000
}
