{
  "b": 1.1962193250656128,
  "c": 2.5739388465881348,
  "d": 1.1405887603759766,
  "e": 2.4541406631469727,
  "f": 12652706,
  "g": 26992506,
  "h": 12775003,
  "i": 27236516,
  "j": 12440681,
  "k": 26768964,
  "l": 12546476,
  "m": 26995546,
  "n": 212027,
  "o": 223539,
  "p": 228527,
  "q": 240972,
  "r": 76492,
  "s": 163051,
  "t": 81394,
  "u": 173451
}
