{
  "b": 1.1962193250656128,
  "c": 2.5739388465881348,
  "d": 1.1405887603759766,
  "e": 2.4541406631469727,
  "f": 12700000,
  "g": 27000000,
  "h": 12800000,
  "i": 27200000,
  "j": 12400000,
  "k": 26800000,
  "l": 12500000,
  "m": 27000000,
  "n": 218000,
  "o": 218000,
  "p": 235000,
  "q": 235000,
  "r": 76500,
  "s": 163000,
  "t": 81400,
  "u": 173000
}
