{
  "b": 3.232428550720215,
  "c": 6.897710800170898,
  "d": 3.598533868789673,
  "e": 7.678194999694824,
  "f": 34207016,
  "g": 72346144,
  "h": 40283264,
  "i": 85183328,
  "j": 33617256,
  "k": 71736192,
  "l": 39583872,
  "m": 84460144,
  "n": 589760,
  "o": 609957,
  "p": 699388,
  "q": 723177,
  "r": 1604635,
  "s": 3391809,
  "t": 1952963,
  "u": 4129218
}
