{
  "b": 33.229270935058594,
  "c": 69.5830307006836,
  "d": 40.759586334228516,
  "e": 85.33505249023438,
  "f": 352355648,
  "g": 730572224,
  "h": 457038272,
  "i": 947543360,
  "j": 345584416,
  "k": 723663552,
  "l": 448355456,
  "m": 938685568,
  "n": 6771222,
  "o": 6908741,
  "p": 8682784,
  "q": 8857732,
  "r": 24684064,
  "s": 50912440,
  "t": 33422012,
  "u": 68987176
}
