{
  "b": 3.232428550720215,
  "c": 6.897710800170898,
  "d": 3.598533868789673,
  "e": 7.678194999694824,
  "f": 34200000,
  "g": 72300000,
  "h": 40300000,
  "i": 85200000,
  "j": 33600000,
  "k": 71700000,
  "l": 39600000,
  "m": 84500000,
  "n": 600000,
  "o": 600000,
  "p": 711000,
  "q": 711000,
  "r": 1600000,
  "s": 3390000,
  "t": 1950000,
  "u": 4130000
}
