{
  "b": 6.712555408477783,
  "c": 14.472552299499512,
  "d": 8.306023597717285,
  "e": 17.907400131225586,
  "f": 71024400,
  "g": 151797376,
  "h": 92895208,
  "i": 198597488,
  "j": 69810576,
  "k": 150514544,
  "l": 91366256,
  "m": 196981408,
  "n": 1213824,
  "o": 1282831,
  "p": 1528951,
  "q": 1616055,
  "r": 1246949,
  "s": 2660815,
  "t": 1686700,
  "u": 3601390
}
