{
  "b": 1.6057884693145752,
  "c": 3.404254674911499,
  "d": 2.224353551864624,
  "e": 4.7148027420043945,
  "f": 17023724,
  "g": 35739572,
  "h": 24924200,
  "i": 52335880,
  "j": 16700200,
  "k": 35404248,
  "l": 24467890,
  "m": 51862832,
  "n": 323523,
  "o": 335324,
  "p": 456307,
  "q": 473049,
  "r": 219130,
  "s": 459570,
  "t": 343550,
  "u": 721086
}
