{
  "b": 23.938268661499023,
  "c": 49.7466926574707,
  "d": 26.556873321533203,
  "e": 55.18268966674805,
  "f": 253000000,
  "g": 522000000,
  "h": 297000000,
  "i": 612000000,
  "j": 249000000,
  "k": 517000000,
  "l": 292000000,
  "m": 607000000,
  "n": 4320000,
  "o": 4320000,
  "p": 4910000,
  "q": 4910000,
  "r": 10200000,
  "s": 20800000,
  "t": 12100000,
  "u": 24800000
}
