{
  "b": 6.712555408477783,
  "c": 14.472552299499512,
  "d": 8.306023597717285,
  "e": 17.907400131225586,
  "f": 71000000,
  "g": 152000000,
  "h": 92900000,
  "i": 199000000,
  "j": 69800000,
  "k": 151000000,
  "l": 91400000,
  "m": 197000000,
  "n": 1250000,
  "o": 1250000,
  "p": 1570000,
  "q": 1570000,
  "r": 1250000,
  "s": 2660000,
  "t": 1690000,
  "u": 3600000
}
