{
  "b": 23.938268661499023,
  "c": 49.7466926574707,
  "d": 26.556873321533203,
  "e": 55.18268966674805,
  "f": 253222912,
  "g": 521733344,
  "h": 296974048,
  "i": 611976064,
  "j": 248958000,
  "k": 517365600,
  "l": 292125600,
  "m": 607009600,
  "n": 4264925,
  "o": 4367780,
  "p": 4848414,
  "q": 4966482,
  "r": 10155433,
  "s": 20792820,
  "t": 12085433,
  "u": 24765416
}
