{
  "b": 1.6057884693145752,
  "c": 3.404254674911499,
  "d": 2.224353551864624,
  "e": 4.7148027420043945,
  "f": 17000000,
  "g": 35700000,
  "h": 24900000,
  "i": 52300000,
  "j": 16700000,
  "k": 35400000,
  "l": 24500000,
  "m": 51900000,
  "n": 329000,
  "o": 329000,
  "p": 465000,
  "q": 465000,
  "r": 219000,
  "s": 460000,
  "t": 344000,
  "u": 721000
}
