{
  "b": 0.04710287228226662,
  "c": 0.10083646327257156,
  "d": 0.04920431971549988,
  "e": 0.10532120615243912,
  "f": 498820,
  "g": 1058023,
  "h": 550910,
  "i": 1168599,
  "j": 489870,
  "k": 1048699,
  "l": 541248,
  "m": 1158533,
  "n": 8950,
  "o": 9324,
  "p": 9663,
  "q": 10065,
  "r": 4534,
  "s": 9601,
  "t": 5246,
  "u": 11116
}
