{
  "b": 5.2194905281066895,
  "c": 11.172380447387695,
  "d": 5.711992263793945,
  "e": 12.224663734436035,
  "f": 55251360,
  "g": 117207520,
  "h": 63962852,
  "i": 135656512,
  "j": 54282700,
  "k": 116192752,
  "l": 62831916,
  "m": 134471296,
  "n": 968662,
  "o": 1014772,
  "p": 1130936,
  "q": 1185204,
  "r": 1634483,
  "s": 3455429,
  "t": 1984137,
  "u": 4196107
}
