{
  "b": 19.107818603515625,
  "c": 39.46118927001953,
  "d": 25.35793685913086,
  "e": 52.359649658203125,
  "f": 202000000,
  "g": 414000000,
  "h": 284000000,
  "i": 581000000,
  "j": 199000000,
  "k": 410000000,
  "l": 279000000,
  "m": 576000000,
  "n": 3720000,
  "o": 3720000,
  "p": 4820000,
  "q": 4820000,
  "r": 12100000,
  "s": 24600000,
  "t": 18600000,
  "u": 37900000
}
