{
  "b": 0.3547758162021637,
  "c": 0.7794362306594849,
  "d": 0.41957131028175354,
  "e": 0.9215922951698303,
  "f": 3757397,
  "g": 8178538,
  "h": 4696296,
  "i": 10224116,
  "j": 3689669,
  "k": 8106137,
  "l": 4615285,
  "m": 10137515,
  "n": 67728,
  "o": 72401,
  "p": 81011,
  "q": 86601,
  "r": 16058,
  "s": 34979,
  "t": 21573,
  "u": 47033
}
