{
  "b": 0.0413036122918129,
  "c": 0.08728466182947159,
  "d": 0.03702525794506073,
  "e": 0.07822754234075546,
  "f": 438000,
  "g": 916000,
  "h": 416000,
  "i": 869000,
  "j": 430000,
  "k": 908000,
  "l": 407000,
  "m": 861000,
  "n": 8130,
  "o": 8130,
  "p": 8670,
  "q": 8670,
  "r": 2780,
  "s": 5850,
  "t": 2850,
  "u": 5980
}
