{
  "b": 0.5918521285057068,
  "c": 1.2899551391601562,
  "d": 0.6022853255271912,
  "e": 1.3126341104507446,
  "f": 6270000,
  "g": 13500000,
  "h": 6760000,
  "i": 14600000,
  "j": 6160000,
  "k": 13400000,
  "l": 6630000,
  "m": 14400000,
  "n": 121000,
  "o": 121000,
  "p": 139000,
  "q": 139000,
  "r": 177000,
  "s": 381000,
  "t": 196000,
  "u": 423000
}
