{
  "b": 0.0413036122918129,
  "c": 0.08728466182947159,
  "d": 0.03702525794506073,
  "e": 0.07822754234075546,
  "f": 437586,
  "g": 915983,
  "h": 415849,
  "i": 869278,
  "j": 429558,
  "k": 907761,
  "l": 407278,
  "m": 860503,
  "n": 8029,
  "o": 8222,
  "p": 8571,
  "q": 8775,
  "r": 2784,
  "s": 5847,
  "t": 2849,
  "u": 5979
}
