{
  "b": 4.384755611419678,
  "c": 9.152215003967285,
  "d": 5.462378025054932,
  "e": 11.401576042175293,
  "f": 46426348,
  "g": 96030880,
  "h": 61108232,
  "i": 126467992,
  "j": 45601460,
  "k": 95183040,
  "l": 60086160,
  "m": 125417336,
  "n": 824886,
  "o": 847832,
  "p": 1022073,
  "q": 1050645,
  "r": 660297,
  "s": 1362597,
  "t": 881512,
  "u": 1820874
}
