{
  "b": 10.86330509185791,
  "c": 23.14687156677246,
  "d": 13.869367599487305,
  "e": 29.54987335205078,
  "f": 115056872,
  "g": 242890912,
  "h": 155275344,
  "i": 327872064,
  "j": 112978376,
  "k": 240727456,
  "l": 152563040,
  "m": 325048608,
  "n": 2078486,
  "o": 2163467,
  "p": 2712280,
  "q": 2823448,
  "r": 2246014,
  "s": 4733364,
  "t": 3115413,
  "u": 6570130
}
