{
  "b": 5.574783802032471,
  "c": 11.682516098022461,
  "d": 6.618044853210449,
  "e": 13.8676118850708,
  "f": 59100000,
  "g": 123000000,
  "h": 74200000,
  "i": 154000000,
  "j": 58000000,
  "k": 121000000,
  "l": 72800000,
  "m": 153000000,
  "n": 1110000,
  "o": 1110000,
  "p": 1410000,
  "q": 1410000,
  "r": 3480000,
  "s": 7220000,
  "t": 4530000,
  "u": 9410000
}
