{
  "b": 2.6106507778167725,
  "c": 5.689648628234863,
  "d": 2.827630043029785,
  "e": 6.162220478057861,
  "f": 27624066,
  "g": 59675176,
  "h": 31670128,
  "i": 68385928,
  "j": 27150768,
  "k": 59172344,
  "l": 31103930,
  "m": 67784424,
  "n": 473299,
  "o": 502826,
  "p": 566199,
  "q": 601506,
  "r": 4884677,
  "s": 10525752,
  "t": 5966394,
  "u": 12857178
}
