{
  "b": 1.8176250457763672,
  "c": 3.938955068588257,
  "d": 2.1947872638702393,
  "e": 4.755473613739014,
  "f": 19200000,
  "g": 41300000,
  "h": 24600000,
  "i": 52800000,
  "j": 18900000,
  "k": 41000000,
  "l": 24100000,
  "m": 52300000,
  "n": 353000,
  "o": 353000,
  "p": 438000,
  "q": 438000,
  "r": 448000,
  "s": 960000,
  "t": 594000,
  "u": 1270000
}
