{
  "b": 2.6106507778167725,
  "c": 5.689648628234863,
  "d": 2.827630043029785,
  "e": 6.162220478057861,
  "f": 27600000,
  "g": 59700000,
  "h": 31700000,
  "i": 68400000,
  "j": 27200000,
  "k": 59200000,
  "l": 31100000,
  "m": 67800000,
  "n": 488000,
  "o": 488000,
  "p": 584000,
  "q": 584000,
  "r": 4880000,
  "s": 10500000,
  "t": 5970000,
  "u": 12900000
}
