{
  "b": 5.574783802032471,
  "c": 11.682516098022461,
  "d": 6.618044853210449,
  "e": 13.8676118850708,
  "f": 59075396,
  "g": 122622984,
  "h": 74189752,
  "i": 153969744,
  "j": 57977752,
  "k": 121498168,
  "l": 72798496,
  "m": 152543728,
  "n": 1097648,
  "o": 1124811,
  "p": 1391261,
  "q": 1426022,
  "r": 3481143,
  "s": 7219631,
  "t": 4534608,
  "u": 9407118
}
