{
  "b": 10.86330509185791,
  "c": 23.14687156677246,
  "d": 13.869367599487305,
  "e": 29.54987335205078,
  "f": 115000000,
  "g": 243000000,
  "h": 155000000,
  "i": 328000000,
  "j": 113000000,
  "k": 241000000,
  "l": 153000000,
  "m": 325000000,
  "n": 2120000,
  "o": 2120000,
  "p": 2770000,
  "q": 2770000,
  "r": 2250000,
  "s": 4730000,
  "t": 3120000,
  "u": 6570000
}
