{
  "b": 4.384755611419678,
  "c": 9.152215003967285,
  "d": 5.462378025054932,
  "e": 11.401576042175293,
  "f": 46400000,
  "g": 96000000,
  "h": 61100000,
  "i": 126000000,
  "j": 45600000,
  "k": 95200000,
  "l": 60100000,
  "m": 125000000,
  "n": 836000,
  "o": 836000,
  "p": 1040000,
  "q": 1040000,
  "r": 660000,
  "s": 1360000,
  "t": 882000,
  "u": 1820000
}
