{
  "b": 1.8176250457763672,
  "c": 3.938955068588257,
  "d": 2.1947872638702393,
  "e": 4.755473613739014,
  "f": 19245746,
  "g": 41328172,
  "h": 24568146,
  "i": 52761388,
  "j": 18903300,
  "k": 40965132,
  "l": 24142660,
  "m": 52310208,
  "n": 342447,
  "o": 363040,
  "p": 425488,
  "q": 451184,
  "r": 448407,
  "s": 959760,
  "t": 594320,
  "u": 1273009
}
