{
  "b": 4.081615924835205,
  "c": 8.089412689208984,
  "d": 4.320760726928711,
  "e": 8.561738014221191,
  "f": 43158988,
  "g": 84825592,
  "h": 48339152,
  "i": 94974048,
  "j": 42448804,
  "k": 84129888,
  "l": 47528368,
  "m": 94179120,
  "n": 710182,
  "o": 695704,
  "p": 810782,
  "q": 794920,
  "r": 845661,
  "s": 1658676,
  "t": 1051988,
  "u": 2063877
}
