{
  "b": 0.6718577742576599,
  "c": 1.4475802183151245,
  "d": 0.7342353463172913,
  "e": 1.5817618370056152,
  "f": 7114879,
  "g": 15189059,
  "h": 8221848,
  "i": 17552228,
  "j": 6987321,
  "k": 15054834,
  "l": 8076589,
  "m": 17399380,
  "n": 127558,
  "o": 134225,
  "p": 145260,
  "q": 152850,
  "r": 181060,
  "s": 385348,
  "t": 212210,
  "u": 451890
}
