{
  "b": 0.6718577742576599,
  "c": 1.4475802183151245,
  "d": 0.7342353463172913,
  "e": 1.5817618370056152,
  "f": 7110000,
  "g": 15200000,
  "h": 8220000,
  "i": 17600000,
  "j": 6990000,
  "k": 15100000,
  "l": 8080000,
  "m": 17400000,
  "n": 131000,
  "o": 131000,
  "p": 149000,
  "q": 149000,
  "r": 181000,
  "s": 385000,
  "t": 212000,
  "u": 452000
}
