{
  "b": 0.5077348351478577,
  "c": 1.0536236763000488,
  "d": 0.4942982792854309,
  "e": 1.0255775451660156,
  "f": 5380000,
  "g": 11100000,
  "h": 5540000,
  "i": 11400000,
  "j": 5280000,
  "k": 11000000,
  "l": 5440000,
  "m": 11300000,
  "n": 98100,
  "o": 98100,
  "p": 106000,
  "q": 106000,
  "r": 116000,
  "s": 239000,
  "t": 127000,
  "u": 262000
}
