{
  "b": 10.010329246520996,
  "c": 20.8365421295166,
  "d": 10.853028297424316,
  "e": 22.589303970336914,
  "f": 106000000,
  "g": 219000000,
  "h": 121000000,
  "i": 251000000,
  "j": 104000000,
  "k": 217000000,
  "l": 119000000,
  "m": 248000000,
  "n": 1790000,
  "o": 1790000,
  "p": 2120000,
  "q": 2120000,
  "r": 3530000,
  "s": 7270000,
  "t": 4220000,
  "u": 8680000
}
