{
  "b": 9.147429466247559,
  "c": 19.051307678222656,
  "d": 10.414046287536621,
  "e": 21.687931060791016,
  "f": 96782336,
  "g": 199825568,
  "h": 116576072,
  "i": 240641824,
  "j": 95133264,
  "k": 198133600,
  "l": 114554512,
  "m": 238567232,
  "n": 1649077,
  "o": 1691952,
  "p": 2021564,
  "q": 2074590,
  "r": 2013391,
  "s": 4138594,
  "t": 2523131,
  "u": 5187377
}
