{
  "b": 6.238606929779053,
  "c": 13.101727485656738,
  "d": 8.500161170959473,
  "e": 17.849830627441406,
  "f": 66122496,
  "g": 137537520,
  "h": 95159744,
  "i": 198057792,
  "j": 64881512,
  "k": 136257968,
  "l": 93501776,
  "m": 196348128,
  "n": 1240989,
  "o": 1279559,
  "p": 1657977,
  "q": 1709679,
  "r": 4285128,
  "s": 8866447,
  "t": 6319960,
  "u": 13095165
}
