{
  "b": 0.17571577429771423,
  "c": 0.3715984523296356,
  "d": 0.16736577451229095,
  "e": 0.35388317704200745,
  "f": 1861183,
  "g": 3899353,
  "h": 1877308,
  "i": 3930061,
  "j": 1827444,
  "k": 3864624,
  "l": 1841024,
  "m": 3892715,
  "n": 33739,
  "o": 34729,
  "p": 36284,
  "q": 37346,
  "r": 53383,
  "s": 111856,
  "t": 56727,
  "u": 118828
}
