{
  "b": 1.1846930980682373,
  "c": 2.568168878555298,
  "d": 1.2276901006698608,
  "e": 2.6611905097961426,
  "f": 12532918,
  "g": 26933924,
  "h": 13747664,
  "i": 29530940,
  "j": 12320808,
  "k": 26708956,
  "l": 13504591,
  "m": 29273096,
  "n": 212108,
  "o": 224969,
  "p": 243073,
  "q": 257844,
  "r": 82622,
  "s": 177500,
  "t": 95170,
  "u": 204452
}
