{
  "b": 9.147429466247559,
  "c": 19.051307678222656,
  "d": 10.414046287536621,
  "e": 21.687931060791016,
  "f": 96800000,
  "g": 200000000,
  "h": 117000000,
  "i": 241000000,
  "j": 95100000,
  "k": 198000000,
  "l": 115000000,
  "m": 239000000,
  "n": 1670000,
  "o": 1670000,
  "p": 2050000,
  "q": 2050000,
  "r": 2010000,
  "s": 4140000,
  "t": 2520000,
  "u": 5190000
}
