{
  "b": 3.330392360687256,
  "c": 7.054710865020752,
  "d": 4.133233547210693,
  "e": 8.755023002624512,
  "f": 35225564,
  "g": 73981248,
  "h": 46166672,
  "i": 97033528,
  "j": 34636080,
  "k": 73368992,
  "l": 45465568,
  "m": 96305248,
  "n": 589483,
  "o": 612258,
  "p": 701103,
  "q": 728275,
  "r": 695075,
  "s": 1457961,
  "t": 948541,
  "u": 1991566
}
