{
  "b": 3.330392360687256,
  "c": 7.054710865020752,
  "d": 4.133233547210693,
  "e": 8.755023002624512,
  "f": 35200000,
  "g": 74000000,
  "h": 46200000,
  "i": 97000000,
  "j": 34600000,
  "k": 73400000,
  "l": 45500000,
  "m": 96300000,
  "n": 601000,
  "o": 601000,
  "p": 715000,
  "q": 715000,
  "r": 695000,
  "s": 1460000,
  "t": 949000,
  "u": 1990000
}
