{
  "b": 1.1846930980682373,
  "c": 2.568168878555298,
  "d": 1.2276901006698608,
  "e": 2.6611905097961426,
  "f": 12500000,
  "g": 26900000,
  "h": 13700000,
  "i": 29500000,
  "j": 12300000,
  "k": 26700000,
  "l": 13500000,
  "m": 29300000,
  "n": 219000,
  "o": 219000,
  "p": 250000,
  "q": 250000,
  "r": 82600,
  "s": 177000,
  "t": 95200,
  "u": 204000
}
