{
  "b": 0.48588037490844727,
  "c": 1.043439269065857,
  "d": 0.52764493227005,
  "e": 1.1329448223114014,
  "f": 5144265,
  "g": 10947324,
  "h": 5909636,
  "i": 12573103,
  "j": 5053156,
  "k": 10851768,
  "l": 5804094,
  "m": 12462393,
  "n": 91108,
  "o": 95555,
  "p": 105541,
  "q": 110709,
  "r": 69241,
  "s": 146856,
  "t": 83701,
  "u": 177584
}
