{
  "b": 0.27550527453422546,
  "c": 0.5943370461463928,
  "d": 0.2568770945072174,
  "e": 0.554060161113739,
  "f": 2920000,
  "g": 6240000,
  "h": 2880000,
  "i": 6150000,
  "j": 2870000,
  "k": 6180000,
  "l": 2830000,
  "m": 6090000,
  "n": 53100,
  "o": 53100,
  "p": 55900,
  "q": 55900,
  "r": 19700,
  "s": 42200,
  "t": 20900,
  "u": 44800
}
