{
  "b": 0.27550527453422546,
  "c": 0.5943370461463928,
  "d": 0.2568770945072174,
  "e": 0.554060161113739,
  "f": 2917020,
  "g": 6235636,
  "h": 2880138,
  "i": 6152064,
  "j": 2865255,
  "k": 6181105,
  "l": 2825648,
  "m": 6094662,
  "n": 51765,
  "o": 54531,
  "p": 54490,
  "q": 57403,
  "r": 19682,
  "s": 42152,
  "t": 20921,
  "u": 44798
}
