{
  "b": 190.96353149414062,
  "c": 392.0276794433594,
  "d": 347.7457580566406,
  "e": 713.77978515625,
  "f": 2025777152,
  "g": 4116999680,
  "h": 3885801984,
  "i": 7912400896,
  "j": 1986020736,
  "k": 4077088000,
  "l": 3825203200,
  "m": 7851577344,
  "n": 39756312,
  "o": 39911500,
  "p": 60598512,
  "q": 60824192,
  "r": 290985024,
  "s": 589241664,
  "t": 643731328,
  "u": 1307102592
}
