{
  "b": 5.538839340209961,
  "c": 11.52748966217041,
  "d": 6.264402866363525,
  "e": 13.037687301635742,
  "f": 58699552,
  "g": 121015712,
  "h": 70235296,
  "i": 144783616,
  "j": 57603928,
  "k": 119885888,
  "l": 68908432,
  "m": 143414560,
  "n": 1095627,
  "o": 1129812,
  "p": 1326860,
  "q": 1369037,
  "r": 1215051,
  "s": 2500471,
  "t": 1429115,
  "u": 2941831
}
