{
  "b": 190.96353149414062,
  "c": 392.0276794433594,
  "d": 347.7457580566406,
  "e": 713.77978515625,
  "f": 2030000000,
  "g": 4120000000,
  "h": 3890000000,
  "i": 7910000000,
  "j": 1990000000,
  "k": 4080000000,
  "l": 3830000000,
  "m": 7850000000,
  "n": 39800000,
  "o": 39800000,
  "p": 60700000,
  "q": 60700000,
  "r": 291000000,
  "s": 589000000,
  "t": 644000000,
  "u": 1310000000
}
