{
  "b": 5.538839340209961,
  "c": 11.52748966217041,
  "d": 6.264402866363525,
  "e": 13.037687301635742,
  "f": 58700000,
  "g": 121000000,
  "h": 70200000,
  "i": 145000000,
  "j": 57600000,
  "k": 120000000,
  "l": 68900000,
  "m": 143000000,
  "n": 1110000,
  "o": 1110000,
  "p": 1350000,
  "q": 1350000,
  "r": 1220000,
  "s": 2500000,
  "t": 1430000,
  "u": 2940000
}
