{
  "b": 0.48588037490844727,
  "c": 1.043439269065857,
  "d": 0.52764493227005,
  "e": 1.1329448223114014,
  "f": 5140000,
  "g": 10900000,
  "h": 5910000,
  "i": 12600000,
  "j": 5050000,
  "k": 10900000,
  "l": 5800000,
  "m": 12500000,
  "n": 93300,
  "o": 93300,
  "p": 108000,
  "q": 108000,
  "r": 69200,
  "s": 147000,
  "t": 83700,
  "u": 178000
}
