{
  "b": 2.0094268321990967,
  "c": 4.364425182342529,
  "d": 1.9532450437545776,
  "e": 4.242099761962891,
  "f": 21258088,
  "g": 45772620,
  "h": 21887862,
  "i": 47090576,
  "j": 20898038,
  "k": 45390020,
  "l": 21485696,
  "m": 46663100,
  "n": 360048,
  "o": 382604,
  "p": 402166,
  "q": 427477,
  "r": 197554,
  "s": 424619,
  "t": 212475,
  "u": 456501
}
