{
  "b": 0.3549596965312958,
  "c": 0.768139660358429,
  "d": 0.40047672390937805,
  "e": 0.8664860725402832,
  "f": 3757441,
  "g": 8058268,
  "h": 4479584,
  "i": 9609943,
  "j": 3691581,
  "k": 7988653,
  "l": 4405244,
  "m": 9531347,
  "n": 65860,
  "o": 69616,
  "p": 74340,
  "q": 78596,
  "r": 43956,
  "s": 94253,
  "t": 56459,
  "u": 121169
}
