{
  "b": 0.3549596965312958,
  "c": 0.768139660358429,
  "d": 0.40047672390937805,
  "e": 0.8664860725402832,
  "f": 3760000,
  "g": 8060000,
  "h": 4480000,
  "i": 9610000,
  "j": 3690000,
  "k": 7990000,
  "l": 4410000,
  "m": 9530000,
  "n": 67700,
  "o": 67700,
  "p": 76500,
  "q": 76500,
  "r": 44000,
  "s": 94300,
  "t": 56500,
  "u": 121000
}
