{
  "b": 7.508746147155762,
  "c": 15.735796928405762,
  "d": 8.836823463439941,
  "e": 18.516206741333008,
  "f": 79552912,
  "g": 165155680,
  "h": 98993968,
  "i": 205518048,
  "j": 78090960,
  "k": 163652288,
  "l": 97205056,
  "m": 203678272,
  "n": 1461949,
  "o": 1503394,
  "p": 1788913,
  "q": 1839798,
  "r": 2849919,
  "s": 5893908,
  "t": 3795007,
  "u": 7853682
}
