{
  "b": 1.9113365411758423,
  "c": 4.0512285232543945,
  "d": 1.9047164916992188,
  "e": 4.036637306213379,
  "f": 20200000,
  "g": 42500000,
  "h": 21400000,
  "i": 44800000,
  "j": 19900000,
  "k": 42100000,
  "l": 21000000,
  "m": 44400000,
  "n": 364000,
  "o": 364000,
  "p": 426000,
  "q": 426000,
  "r": 252000,
  "s": 528000,
  "t": 281000,
  "u": 590000
}
