{
  "b": 11.909261703491211,
  "c": 25.142776489257812,
  "d": 14.418353080749512,
  "e": 30.4387264251709,
  "f": 126056536,
  "g": 263751472,
  "h": 161436912,
  "i": 337746560,
  "j": 123856320,
  "k": 261484880,
  "l": 158601888,
  "m": 334825984,
  "n": 2200217,
  "o": 2266582,
  "p": 2835032,
  "q": 2920575,
  "r": 2519690,
  "s": 5261986,
  "t": 3381435,
  "u": 7063363
}
