{
  "b": 1.9113365411758423,
  "c": 4.0512285232543945,
  "d": 1.9047164916992188,
  "e": 4.036637306213379,
  "f": 20235252,
  "g": 42503928,
  "h": 21369904,
  "i": 44837324,
  "j": 19877900,
  "k": 42132776,
  "l": 20951882,
  "m": 44403008,
  "n": 357353,
  "o": 371150,
  "p": 418023,
  "q": 434317,
  "r": 251628,
  "s": 527887,
  "t": 281373,
  "u": 590006
}
