{
  "b": 11.909261703491211,
  "c": 25.142776489257812,
  "d": 14.418353080749512,
  "e": 30.4387264251709,
  "f": 126000000,
  "g": 264000000,
  "h": 161000000,
  "i": 338000000,
  "j": 124000000,
  "k": 261000000,
  "l": 159000000,
  "m": 335000000,
  "n": 2230000,
  "o": 2230000,
  "p": 2880000,
  "q": 2880000,
  "r": 2520000,
  "s": 5260000,
  "t": 3380000,
  "u": 7060000
}
