{
  "b": 7.508746147155762,
  "c": 15.735796928405762,
  "d": 8.836823463439941,
  "e": 18.516206741333008,
  "f": 79600000,
  "g": 165000000,
  "h": 99000000,
  "i": 206000000,
  "j": 78100000,
  "k": 164000000,
  "l": 97200000,
  "m": 204000000,
  "n": 1480000,
  "o": 1480000,
  "p": 1810000,
  "q": 1810000,
  "r": 2850000,
  "s": 5890000,
  "t": 3800000,
  "u": 7850000
}
