{
  "b": 0.05621078610420227,
  "c": 0.12222094088792801,
  "d": 0.0628671944141388,
  "e": 0.13667085766792297,
  "f": 595767,
  "g": 1282875,
  "h": 704953,
  "i": 1517513,
  "j": 584592,
  "k": 1271098,
  "l": 691539,
  "m": 1503380,
  "n": 11175,
  "o": 11777,
  "p": 13414,
  "q": 14134,
  "r": 9348,
  "s": 19875,
  "t": 10538,
  "u": 22411
}
