{
  "b": 0.6579955816268921,
  "c": 1.3968324661254883,
  "d": 0.64748215675354,
  "e": 1.3743317127227783,
  "f": 6970000,
  "g": 14700000,
  "h": 7270000,
  "i": 15300000,
  "j": 6840000,
  "k": 14500000,
  "l": 7120000,
  "m": 15100000,
  "n": 128000,
  "o": 128000,
  "p": 146000,
  "q": 146000,
  "r": 107000,
  "s": 224000,
  "t": 118000,
  "u": 248000
}
