{
  "b": 0.6579955816268921,
  "c": 1.3968324661254883,
  "d": 0.64748215675354,
  "e": 1.3743317127227783,
  "f": 6968613,
  "g": 14657045,
  "h": 7265276,
  "i": 15265800,
  "j": 6843154,
  "k": 14527058,
  "l": 7122304,
  "m": 15117649,
  "n": 125458,
  "o": 129987,
  "p": 142972,
  "q": 148150,
  "r": 106505,
  "s": 224354,
  "t": 117979,
  "u": 248409
}
