{
  "b": 0.38241779804229736,
  "c": 0.8291795253753662,
  "d": 0.4691535532474518,
  "e": 1.0170681476593018,
  "f": 4050000,
  "g": 8700000,
  "h": 5250000,
  "i": 11300000,
  "j": 3980000,
  "k": 8620000,
  "l": 5160000,
  "m": 11200000,
  "n": 75700,
  "o": 75700,
  "p": 94100,
  "q": 94100,
  "r": 195000,
  "s": 415000,
  "t": 264000,
  "u": 561000
}
