{
  "b": 0.34391096234321594,
  "c": 0.7483285665512085,
  "d": 0.3187646269798279,
  "e": 0.6935655474662781,
  "f": 3638122,
  "g": 7848090,
  "h": 3568850,
  "i": 7695764,
  "j": 3576674,
  "k": 7782617,
  "l": 3506411,
  "m": 7629221,
  "n": 61448,
  "o": 65473,
  "p": 62438,
  "q": 66542,
  "r": 12617,
  "s": 27221,
  "t": 13146,
  "u": 28362
}
