{
  "b": 0.34391096234321594,
  "c": 0.7483285665512085,
  "d": 0.3187646269798279,
  "e": 0.6935655474662781,
  "f": 3640000,
  "g": 7850000,
  "h": 3570000,
  "i": 7700000,
  "j": 3580000,
  "k": 7780000,
  "l": 3510000,
  "m": 7630000,
  "n": 63500,
  "o": 63500,
  "p": 64500,
  "q": 64500,
  "r": 12600,
  "s": 27200,
  "t": 13100,
  "u": 28400
}
