{
  "b": 0.38241779804229736,
  "c": 0.8291795253753662,
  "d": 0.4691535532474518,
  "e": 1.0170681476593018,
  "f": 4051009,
  "g": 8701071,
  "h": 5252504,
  "i": 11284188,
  "j": 3977145,
  "k": 8623467,
  "l": 5160689,
  "m": 11187750,
  "n": 73864,
  "o": 77604,
  "p": 91814,
  "q": 96437,
  "r": 195360,
  "s": 414681,
  "t": 264133,
  "u": 561050
}
