{
  "b": 0.16570286452770233,
  "c": 0.3602738082408905,
  "d": 0.1867205947637558,
  "e": 0.4058874547481537,
  "f": 1760000,
  "g": 3780000,
  "h": 2090000,
  "i": 4500000,
  "j": 1720000,
  "k": 3750000,
  "l": 2050000,
  "m": 4460000,
  "n": 33300,
  "o": 33300,
  "p": 38300,
  "q": 38300,
  "r": 78200,
  "s": 168000,
  "t": 96400,
  "u": 207000
}
