{
  "b": 444.8779296875,
  "c": 910.9581909179688,
  "d": 572.5369262695312,
  "e": 1172.1573486328125,
  "f": 4739913216,
  "g": 9587434496,
  "h": 6443088384,
  "i": 13039273984,
  "j": 4626730496,
  "k": 9473965056,
  "l": 6297906176,
  "m": 12893730816,
  "n": 113183240,
  "o": 113470024,
  "p": 145181760,
  "q": 145542928,
  "r": 2125915904,
  "s": 4279471872,
  "t": 2960508160,
  "u": 5968365568
}
