{
  "b": 1.5050106048583984,
  "c": 3.217209815979004,
  "d": 1.4002926349639893,
  "e": 2.992891311645508,
  "f": 15938330,
  "g": 33757376,
  "h": 15722807,
  "i": 33254986,
  "j": 15652110,
  "k": 33458982,
  "l": 15403219,
  "m": 32921804,
  "n": 286219,
  "o": 298392,
  "p": 319587,
  "q": 333181,
  "r": 631703,
  "s": 1338323,
  "t": 656694,
  "u": 1390145
}
