{
  "b": 1.6654211282730103,
  "c": 3.448364496231079,
  "d": 1.6153219938278198,
  "e": 3.3442301750183105,
  "f": 17600000,
  "g": 36200000,
  "h": 18100000,
  "i": 37100000,
  "j": 17300000,
  "k": 35900000,
  "l": 17800000,
  "m": 36800000,
  "n": 300000,
  "o": 300000,
  "p": 333000,
  "q": 333000,
  "r": 210000,
  "s": 432000,
  "t": 231000,
  "u": 473000
}
