{
  "b": 0.44277486205101013,
  "c": 0.9510223865509033,
  "d": 0.5067627429962158,
  "e": 1.0883018970489502,
  "f": 4690000,
  "g": 9980000,
  "h": 5670000,
  "i": 12100000,
  "j": 4600000,
  "k": 9890000,
  "l": 5570000,
  "m": 12000000,
  "n": 87400,
  "o": 87400,
  "p": 102000,
  "q": 102000,
  "r": 77200,
  "s": 165000,
  "t": 99300,
  "u": 212000
}
