{
  "b": 1.5392860174179077,
  "c": 3.2949912548065186,
  "d": 1.5868093967437744,
  "e": 3.396151542663574,
  "f": 16301984,
  "g": 34574296,
  "h": 17793230,
  "i": 37710976,
  "j": 16008575,
  "k": 34267908,
  "l": 17454904,
  "m": 37357668,
  "n": 293410,
  "o": 306384,
  "p": 338327,
  "q": 353307,
  "r": 258658,
  "s": 548883,
  "t": 297750,
  "u": 631814
}
