{
  "b": 444.8779296875,
  "c": 910.9581909179688,
  "d": 572.5369262695312,
  "e": 1172.1573486328125,
  "f": 4740000000,
  "g": 9590000000,
  "h": 6440000000,
  "i": 13000000000,
  "j": 4630000000,
  "k": 9470000000,
  "l": 6300000000,
  "m": 12900000000,
  "n": 113000000,
  "o": 113000000,
  "p": 145000000,
  "q": 145000000,
  "r": 2130000000,
  "s": 4280000000,
  "t": 2960000000,
  "u": 5970000000
}
