{
  "b": 1.5050106048583984,
  "c": 3.217209815979004,
  "d": 1.4002926349639893,
  "e": 2.992891311645508,
  "f": 15900000,
  "g": 33800000,
  "h": 15700000,
  "i": 33300000,
  "j": 15700000,
  "k": 33500000,
  "l": 15400000,
  "m": 32900000,
  "n": 292000,
  "o": 292000,
  "p": 326000,
  "q": 326000,
  "r": 632000,
  "s": 1340000,
  "t": 657000,
  "u": 1390000
}
