{
  "b": 0.44277486205101013,
  "c": 0.9510223865509033,
  "d": 0.5067627429962158,
  "e": 1.0883018970489502,
  "f": 4690334,
  "g": 9980033,
  "h": 5674354,
  "i": 12075867,
  "j": 4604859,
  "k": 9890633,
  "l": 5574390,
  "m": 11971321,
  "n": 85475,
  "o": 89400,
  "p": 99964,
  "q": 104547,
  "r": 77176,
  "s": 164531,
  "t": 99284,
  "u": 211791
}
