{
  "b": 1.6654211282730103,
  "c": 3.448364496231079,
  "d": 1.6153219938278198,
  "e": 3.3442301750183105,
  "f": 17617360,
  "g": 36166148,
  "h": 18098530,
  "i": 37123516,
  "j": 17320380,
  "k": 35862992,
  "l": 17768542,
  "m": 36786532,
  "n": 296982,
  "o": 303161,
  "p": 329987,
  "q": 336979,
  "r": 210401,
  "s": 431512,
  "t": 230823,
  "u": 473325
}
