{
  "b": 0.45542365312576294,
  "c": 0.9849250912666321,
  "d": 0.43882808089256287,
  "e": 0.9489009380340576,
  "f": 4821805,
  "g": 10333520,
  "h": 4922343,
  "i": 10538617,
  "j": 4736406,
  "k": 10243221,
  "l": 4827109,
  "m": 10437910,
  "n": 85399,
  "o": 90299,
  "p": 95234,
  "q": 100707,
  "r": 44742,
  "s": 95951,
  "t": 47548,
  "u": 101939
}
