{
  "b": 0.45542365312576294,
  "c": 0.9849250912666321,
  "d": 0.43882808089256287,
  "e": 0.9489009380340576,
  "f": 4820000,
  "g": 10300000,
  "h": 4920000,
  "i": 10500000,
  "j": 4740000,
  "k": 10200000,
  "l": 4830000,
  "m": 10400000,
  "n": 87800,
  "o": 87800,
  "p": 98000,
  "q": 98000,
  "r": 44700,
  "s": 96000,
  "t": 47500,
  "u": 102000
}

