{
  "b": 0.3433033525943756,
  "c": 0.741725742816925,
  "d": 0.34553927183151245,
  "e": 0.7465012073516846,
  "f": 3632083,
  "g": 7779168,
  "h": 3866912,
  "i": 8281240,
  "j": 3570355,
  "k": 7713948,
  "l": 3800932,
  "m": 8211513,
  "n": 61728,
  "o": 65220,
  "p": 65981,
  "q": 69726,
  "r": 16866,
  "s": 36112,
  "t": 18711,
  "u": 40074
}
