{
  "b": 0.7266054153442383,
  "c": 1.5782899856567383,
  "d": 0.8601304292678833,
  "e": 1.8680896759033203,
  "f": 7693864,
  "g": 16558834,
  "h": 9628020,
  "i": 20724510,
  "j": 7556697,
  "k": 16414216,
  "l": 9461435,
  "m": 20548986,
  "n": 137168,
  "o": 144618,
  "p": 166584,
  "q": 175523,
  "r": 331214,
  "s": 711474,
  "t": 467580,
  "u": 1004987
}
