{
  "b": 177.47987365722656,
  "c": 367.075439453125,
  "d": 296.9657287597656,
  "e": 614.1587524414062,
  "f": 1882724096,
  "g": 3854816768,
  "h": 3321235456,
  "i": 6810788864,
  "j": 1845790720,
  "k": 3817584640,
  "l": 3266622976,
  "m": 6755746304,
  "n": 36933328,
  "o": 37232116,
  "p": 54612452,
  "q": 55041936,
  "r": 268991616,
  "s": 549106304,
  "t": 523652832,
  "u": 1071520960
}
