{
  "b": 0.7266054153442383,
  "c": 1.5782899856567383,
  "d": 0.8601304292678833,
  "e": 1.8680896759033203,
  "f": 7690000,
  "g": 16600000,
  "h": 9630000,
  "i": 20700000,
  "j": 7560000,
  "k": 16400000,
  "l": 9460000,
  "m": 20500000,
  "n": 141000,
  "o": 141000,
  "p": 171000,
  "q": 171000,
  "r": 331000,
  "s": 711000,
  "t": 468000,
  "u": 1000000
}
