{
  "b": 177.47987365722656,
  "c": 367.075439453125,
  "d": 296.9657287597656,
  "e": 614.1587524414062,
  "f": 1880000000,
  "g": 3850000000,
  "h": 3320000000,
  "i": 6810000000,
  "j": 1850000000,
  "k": 3820000000,
  "l": 3270000000,
  "m": 6760000000,
  "n": 37100000,
  "o": 37100000,
  "p": 54800000,
  "q": 54800000,
  "r": 269000000,
  "s": 549000000,
  "t": 524000000,
  "u": 1070000000
}
