{
  "b": 3.8120510578155518,
  "c": 8.108810424804688,
  "d": 4.007153511047363,
  "e": 8.523174285888672,
  "f": 40300000,
  "g": 85100000,
  "h": 44900000,
  "i": 94600000,
  "j": 39600000,
  "k": 84300000,
  "l": 44100000,
  "m": 93800000,
  "n": 717000,
  "o": 717000,
  "p": 842000,
  "q": 842000,
  "r": 924000,
  "s": 1940000,
  "t": 1100000,
  "u": 2300000
}
