{
  "b": 3.8120510578155518,
  "c": 8.108810424804688,
  "d": 4.007153511047363,
  "e": 8.523174285888672,
  "f": 40348788,
  "g": 85062240,
  "h": 44904624,
  "i": 94612928,
  "j": 39645332,
  "k": 84331632,
  "l": 44078688,
  "m": 93754920,
  "n": 703455,
  "o": 730603,
  "p": 825943,
  "q": 858006,
  "r": 923818,
  "s": 1943832,
  "t": 1095290,
  "u": 2304323
}
