{
  "b": 0.3433033525943756,
  "c": 0.741725742816925,
  "d": 0.34553927183151245,
  "e": 0.7465012073516846,
  "f": 3630000,
  "g": 7780000,
  "h": 3870000,
  "i": 8280000,
  "j": 3570000,
  "k": 7710000,
  "l": 3800000,
  "m": 8210000,
  "n": 63500,
  "o": 63500,
  "p": 67900,
  "q": 67900,
  "r": 16900,
  "s": 36100,
  "t": 18700,
  "u": 40100
}
