{
  "b": 0.0812852680683136,
  "c": 0.17441269755363464,
  "d": 0.06736194342374802,
  "e": 0.14452335238456726,
  "f": 859896,
  "g": 1829053,
  "h": 756806,
  "i": 1606268,
  "j": 845367,
  "k": 1813892,
  "l": 740981,
  "m": 1589757,
  "n": 14530,
  "o": 15161,
  "p": 15824,
  "q": 16511,
  "r": 2389,
  "s": 5051,
  "t": 2142,
  "u": 4520
}
