{
  "b": 3.167562484741211,
  "c": 6.8259782791137695,
  "d": 3.1418142318725586,
  "e": 6.769471168518066,
  "f": 33529908,
  "g": 71610192,
  "h": 35222784,
  "i": 75164240,
  "j": 32942650,
  "k": 70990176,
  "l": 34559956,
  "m": 74464184,
  "n": 587257,
  "o": 620016,
  "p": 662825,
  "q": 700051,
  "r": 861338,
  "s": 1831564,
  "t": 939024,
  "u": 1996304
}
