{
  "b": 14.632498741149902,
  "c": 31.025667190551758,
  "d": 20.517833709716797,
  "e": 43.49846267700195,
  "f": 155147568,
  "g": 325698496,
  "h": 229871360,
  "i": 482742592,
  "j": 152177984,
  "k": 322666944,
  "l": 225696176,
  "m": 478483104,
  "n": 2969572,
  "o": 3031561,
  "p": 4175177,
  "q": 4259478,
  "r": 26314558,
  "s": 55119628,
  "t": 40418304,
  "u": 84731648
}
