{
  "b": 47.31673049926758,
  "c": 98.24717712402344,
  "d": 69.15574645996094,
  "e": 143.58299255371094,
  "f": 501000000,
  "g": 1030000000,
  "h": 773000000,
  "i": 1590000000,
  "j": 492000000,
  "k": 1020000000,
  "l": 761000000,
  "m": 1580000000,
  "n": 8950000,
  "o": 8950000,
  "p": 12200000,
  "q": 12200000,
  "r": 55100000,
  "s": 113000000,
  "t": 89800000,
  "u": 185000000
}
