{
  "b": 14.632498741149902,
  "c": 31.025667190551758,
  "d": 20.517833709716797,
  "e": 43.49846267700195,
  "f": 155000000,
  "g": 326000000,
  "h": 230000000,
  "i": 483000000,
  "j": 152000000,
  "k": 323000000,
  "l": 226000000,
  "m": 478000000,
  "n": 3000000,
  "o": 3000000,
  "p": 4220000,
  "q": 4220000,
  "r": 26300000,
  "s": 55100000,
  "t": 40400000,
  "u": 84700000
}
