{
  "b": 0.0812852680683136,
  "c": 0.17441269755363464,
  "d": 0.06736194342374802,
  "e": 0.14452335238456726,
  "f": 860000,
  "g": 1830000,
  "h": 757000,
  "i": 1610000,
  "j": 845000,
  "k": 1810000,
  "l": 741000,
  "m": 1590000,
  "n": 14800,
  "o": 14800,
  "p": 16200,
  "q": 16200,
  "r": 2390,
  "s": 5050,
  "t": 2140,
  "u": 4520
}
