{
  "b": 3.167562484741211,
  "c": 6.8259782791137695,
  "d": 3.1418142318725586,
  "e": 6.769471168518066,
  "f": 33500000,
  "g": 71600000,
  "h": 35200000,
  "i": 75200000,
  "j": 32900000,
  "k": 71000000,
  "l": 34600000,
  "m": 74500000,
  "n": 604000,
  "o": 604000,
  "p": 681000,
  "q": 681000,
  "r": 861000,
  "s": 1830000,
  "t": 939000,
  "u": 2000000
}
