{
  "b": 0.9958555698394775,
  "c": 2.1846554279327393,
  "d": 1.0223771333694458,
  "e": 2.2426633834838867,
  "f": 10544617,
  "g": 22920628,
  "h": 11461767,
  "i": 24899170,
  "j": 10356898,
  "k": 22720416,
  "l": 11246148,
  "m": 24669296,
  "n": 187719,
  "o": 200212,
  "p": 215618,
  "q": 229874,
  "r": 208153,
  "s": 451820,
  "t": 240334,
  "u": 521562
}
