{
  "b": 6.673393249511719,
  "c": 14.172842979431152,
  "d": 7.631598472595215,
  "e": 16.204683303833008,
  "f": 70700000,
  "g": 149000000,
  "h": 85400000,
  "i": 180000000,
  "j": 69400000,
  "k": 147000000,
  "l": 83900000,
  "m": 178000000,
  "n": 1300000,
  "o": 1300000,
  "p": 1530000,
  "q": 1530000,
  "r": 10700000,
  "s": 22600000,
  "t": 7170000,
  "u": 15100000
}
