{
  "b": 4.475090503692627,
  "c": 9.548845291137695,
  "d": 4.6537628173828125,
  "e": 9.92856502532959,
  "f": 47383216,
  "g": 100186856,
  "h": 52241640,
  "i": 110310248,
  "j": 46540940,
  "k": 99307992,
  "l": 51191392,
  "m": 109214216,
  "n": 842278,
  "o": 878858,
  "p": 1050250,
  "q": 1096036,
  "r": 843436,
  "s": 1775151,
  "t": 982249,
  "u": 2065631
}
