{
  "b": 8.62633991241455,
  "c": 18.11080551147461,
  "d": 9.421332359313965,
  "e": 19.777936935424805,
  "f": 91317216,
  "g": 190007920,
  "h": 105549720,
  "i": 219535232,
  "j": 89713936,
  "k": 188352384,
  "l": 103634656,
  "m": 217557312,
  "n": 1603272,
  "o": 1655552,
  "p": 1915075,
  "q": 1977917,
  "r": 1796305,
  "s": 3726749,
  "t": 2166882,
  "u": 4496511
}
