{
  "b": 8.62633991241455,
  "c": 18.11080551147461,
  "d": 9.421332359313965,
  "e": 19.777936935424805,
  "f": 91300000,
  "g": 190000000,
  "h": 106000000,
  "i": 220000000,
  "j": 89700000,
  "k": 188000000,
  "l": 104000000,
  "m": 218000000,
  "n": 1630000,
  "o": 1630000,
  "p": 1950000,
  "q": 1950000,
  "r": 1800000,
  "s": 3730000,
  "t": 2170000,
  "u": 4500000
}
