{
  "b": 58.04539108276367,
  "c": 122.2795181274414,
  "d": 86.17306518554688,
  "e": 181.5435333251953,
  "f": 616291840,
  "g": 1284476544,
  "h": 964914752,
  "i": 2014185856,
  "j": 603672064,
  "k": 1271707008,
  "l": 947903680,
  "m": 1996978816,
  "n": 12619761,
  "o": 12769485,
  "p": 17011030,
  "q": 17207140,
  "r": 328135584,
  "s": 682710656,
  "t": 529801536,
  "u": 1104643072
}
