{
  "b": 58.04539108276367,
  "c": 122.2795181274414,
  "d": 86.17306518554688,
  "e": 181.5435333251953,
  "f": 616000000,
  "g": 1280000000,
  "h": 965000000,
  "i": 2010000000,
  "j": 604000000,
  "k": 1270000000,
  "l": 948000000,
  "m": 2000000000,
  "n": 12700000,
  "o": 12700000,
  "p": 17100000,
  "q": 17100000,
  "r": 328000000,
  "s": 683000000,
  "t": 530000000,
  "u": 1100000000
}
