{
  "b": 3.877861499786377,
  "c": 8.091699600219727,
  "d": 4.031117916107178,
  "e": 8.410524368286133,
  "f": 41100000,
  "g": 84900000,
  "h": 45100000,
  "i": 93300000,
  "j": 40300000,
  "k": 84200000,
  "l": 44300000,
  "m": 92500000,
  "n": 731000,
  "o": 731000,
  "p": 804000,
  "q": 804000,
  "r": 439000,
  "s": 906000,
  "t": 509000,
  "u": 1050000
}
