{
  "b": 6.673393249511719,
  "c": 14.172842979431152,
  "d": 7.631598472595215,
  "e": 16.204683303833008,
  "f": 70671992,
  "g": 148721280,
  "h": 85444392,
  "i": 179815712,
  "j": 69403288,
  "k": 147397568,
  "l": 83947584,
  "m": 178251520,
  "n": 1268704,
  "o": 1323722,
  "p": 1496801,
  "q": 1564176,
  "r": 10703883,
  "s": 22559574,
  "t": 7174107,
  "u": 15108043
}
