{
  "b": 3.877861499786377,
  "c": 8.091699600219727,
  "d": 4.031117916107178,
  "e": 8.410524368286133,
  "f": 41052320,
  "g": 84893800,
  "h": 45136960,
  "i": 93330072,
  "j": 40329760,
  "k": 84153680,
  "l": 44342296,
  "m": 92515768,
  "n": 722561,
  "o": 740118,
  "p": 794662,
  "q": 814307,
  "r": 438972,
  "s": 906465,
  "t": 508670,
  "u": 1050978
}
