{
  "b": 0.5501223802566528,
  "c": 1.1745615005493164,
  "d": 0.5051708221435547,
  "e": 1.0784202814102173,
  "f": 5820000,
  "g": 12300000,
  "h": 5670000,
  "i": 12000000,
  "j": 5720000,
  "k": 12200000,
  "l": 5560000,
  "m": 11900000,
  "n": 106000,
  "o": 106000,
  "p": 111000,
  "q": 111000,
  "r": 82900,
  "s": 176000,
  "t": 86500,
  "u": 183000
}
