{
  "b": 3.561406135559082,
  "c": 7.215235233306885,
  "d": 4.1256937980651855,
  "e": 8.35649585723877,
  "f": 37700000,
  "g": 75700000,
  "h": 46100000,
  "i": 92700000,
  "j": 37000000,
  "k": 75000000,
  "l": 45400000,
  "m": 91900000,
  "n": 618000,
  "o": 618000,
  "p": 766000,
  "q": 766000,
  "r": 757000,
  "s": 1520000,
  "t": 1030000,
  "u": 2060000
}
