{
  "b": 148.09840393066406,
  "c": 288.2184753417969,
  "d": 284.4346618652344,
  "e": 553.6127319335938,
  "f": 1580000000,
  "g": 3030000000,
  "h": 3190000000,
  "i": 6150000000,
  "j": 1540000000,
  "k": 3000000000,
  "l": 3130000000,
  "m": 6090000000,
  "n": 34600000,
  "o": 34600000,
  "p": 56700000,
  "q": 56700000,
  "r": 219000000,
  "s": 422000000,
  "t": 469000000,
  "u": 905000000
}
