{
  "b": 3.561406135559082,
  "c": 7.215235233306885,
  "d": 4.1256937980651855,
  "e": 8.35649585723877,
  "f": 37657236,
  "g": 75656112,
  "h": 46149364,
  "i": 92687496,
  "j": 37038624,
  "k": 75038448,
  "l": 45382632,
  "m": 91921456,
  "n": 618612,
  "o": 617666,
  "p": 766722,
  "q": 766039,
  "r": 756817,
  "s": 1515173,
  "t": 1030142,
  "u": 2063182
}
