{
  "b": 0.1807323396205902,
  "c": 0.3886435031890869,
  "d": 0.18735770881175995,
  "e": 0.40286168456077576,
  "f": 1912019,
  "g": 4076004,
  "h": 2095156,
  "i": 4467509,
  "j": 1879616,
  "k": 4041893,
  "l": 2060935,
  "m": 4431479,
  "n": 32402,
  "o": 34111,
  "p": 34221,
  "q": 36031,
  "r": 6329,
  "s": 13495,
  "t": 7399,
  "u": 15787
}
