{
  "b": 148.09840393066406,
  "c": 288.2184753417969,
  "d": 284.4346618652344,
  "e": 553.6127319335938,
  "f": 1575283456,
  "g": 3031670528,
  "h": 3186186240,
  "i": 6145731584,
  "j": 1540223360,
  "k": 2997472256,
  "l": 3128781312,
  "m": 6089739776,
  "n": 35060152,
  "o": 34198152,
  "p": 57404840,
  "q": 55991344,
  "r": 219153456,
  "s": 421532928,
  "t": 469278944,
  "u": 905211520
}
