{
  "b": 0.8295288681983948,
  "c": 1.7772908210754395,
  "d": 0.8054053783416748,
  "e": 1.7254654169082642,
  "f": 8775670,
  "g": 18639514,
  "h": 9019878,
  "i": 19148260,
  "j": 8627100,
  "k": 18483824,
  "l": 8859459,
  "m": 18980120,
  "n": 148569,
  "o": 155689,
  "p": 160419,
  "q": 168141,
  "r": 94738,
  "s": 201078,
  "t": 102566,
  "u": 217664
}
