{
  "b": 0.5501223802566528,
  "c": 1.1745615005493164,
  "d": 0.5051708221435547,
  "e": 1.0784202814102173,
  "f": 5824993,
  "g": 12323628,
  "h": 5665951,
  "i": 11976411,
  "j": 5721273,
  "k": 12215440,
  "l": 5556879,
  "m": 11862623,
  "n": 103720,
  "o": 108188,
  "p": 109072,
  "q": 113787,
  "r": 82863,
  "s": 175680,
  "t": 86548,
  "u": 183430
}
