{
  "b": 0.1807323396205902,
  "c": 0.3886435031890869,
  "d": 0.18735770881175995,
  "e": 0.40286168456077576,
  "f": 1910000,
  "g": 4080000,
  "h": 2100000,
  "i": 4470000,
  "j": 1880000,
  "k": 4040000,
  "l": 2060000,
  "m": 4430000,
  "n": 33300,
  "o": 33300,
  "p": 35100,
  "q": 35100,
  "r": 6330,
  "s": 13500,
  "t": 7400,
  "u": 15800
}
