{
  "b": 1.6310194730758667,
  "c": 3.504319667816162,
  "d": 1.6841096878051758,
  "e": 3.617759943008423,
  "f": 17269686,
  "g": 36765276,
  "h": 18908184,
  "i": 40194852,
  "j": 16962602,
  "k": 36444924,
  "l": 18525206,
  "m": 39795360,
  "n": 307085,
  "o": 320355,
  "p": 382979,
  "q": 399493,
  "r": 835790,
  "s": 1775087,
  "t": 975478,
  "u": 2070049
}
