{
  "b": 6.972382545471191,
  "c": 14.362744331359863,
  "d": 7.612631320953369,
  "e": 15.67746353149414,
  "f": 73800000,
  "g": 151000000,
  "h": 85200000,
  "i": 174000000,
  "j": 72500000,
  "k": 149000000,
  "l": 83700000,
  "m": 172000000,
  "n": 1250000,
  "o": 1250000,
  "p": 1460000,
  "q": 1460000,
  "r": 21900000,
  "s": 44800000,
  "t": 17100000,
  "u": 35000000
}
