{
  "b": 0.841475784778595,
  "c": 1.8105442523956299,
  "d": 0.9098951816558838,
  "e": 1.9575976133346558,
  "f": 8903232,
  "g": 18989156,
  "h": 10187507,
  "i": 21721202,
  "j": 8751348,
  "k": 18829660,
  "l": 10008847,
  "m": 21533574,
  "n": 151885,
  "o": 159494,
  "p": 178660,
  "q": 187629,
  "r": 168060,
  "s": 357751,
  "t": 205963,
  "u": 438425
}
