{
  "b": 122.74663543701172,
  "c": 254.8356170654297,
  "d": 174.3372802734375,
  "e": 361.9505310058594,
  "f": 1300830464,
  "g": 2675046912,
  "h": 1951639296,
  "i": 4016085760,
  "j": 1276564992,
  "k": 2650290432,
  "l": 1917710080,
  "m": 3981455872,
  "n": 24265360,
  "o": 24756576,
  "p": 33929356,
  "q": 34629856,
  "r": 420062304,
  "s": 863609536,
  "t": 590929856,
  "u": 1215997184
}
