{
  "b": 122.74663543701172,
  "c": 254.8356170654297,
  "d": 174.3372802734375,
  "e": 361.9505310058594,
  "f": 1300000000,
  "g": 2680000000,
  "h": 1950000000,
  "i": 4020000000,
  "j": 1280000000,
  "k": 2650000000,
  "l": 1920000000,
  "m": 3980000000,
  "n": 24500000,
  "o": 24500000,
  "p": 34300000,
  "q": 34300000,
  "r": 420000000,
  "s": 864000000,
  "t": 591000000,
  "u": 1220000000
}
