{
  "b": 0.841475784778595,
  "c": 1.8105442523956299,
  "d": 0.9098951816558838,
  "e": 1.9575976133346558,
  "f": 8900000,
  "g": 19000000,
  "h": 10200000,
  "i": 21700000,
  "j": 8750000,
  "k": 18800000,
  "l": 10000000,
  "m": 21500000,
  "n": 156000,
  "o": 156000,
  "p": 183000,
  "q": 183000,
  "r": 168000,
  "s": 358000,
  "t": 206000,
  "u": 438000
}
