{
  "b": 1.8090301752090454,
  "c": 3.839576482772827,
  "d": 1.964741826057434,
  "e": 4.169528007507324,
  "f": 19156296,
  "g": 40284584,
  "h": 22033196,
  "i": 46298820,
  "j": 18813914,
  "k": 39931596,
  "l": 21612160,
  "m": 45864808,
  "n": 342382,
  "o": 352986,
  "p": 421037,
  "q": 434011,
  "r": 746684,
  "s": 1565670,
  "t": 896501,
  "u": 1879178
}
