{
  "b": 1.6310194730758667,
  "c": 3.504319667816162,
  "d": 1.6841096878051758,
  "e": 3.617759943008423,
  "f": 17300000,
  "g": 36800000,
  "h": 18900000,
  "i": 40200000,
  "j": 17000000,
  "k": 36400000,
  "l": 18500000,
  "m": 39800000,
  "n": 314000,
  "o": 314000,
  "p": 391000,
  "q": 391000,
  "r": 836000,
  "s": 1780000,
  "t": 975000,
  "u": 2070000
}
