{
  "b": 6.972382545471191,
  "c": 14.362744331359863,
  "d": 7.612631320953369,
  "e": 15.67746353149414,
  "f": 73758912,
  "g": 150634432,
  "h": 85192824,
  "i": 173925728,
  "j": 72512776,
  "k": 149372544,
  "l": 83738944,
  "m": 172452096,
  "n": 1246136,
  "o": 1261884,
  "p": 1453877,
  "q": 1473636,
  "r": 21885852,
  "s": 44776484,
  "t": 17134532,
  "u": 35048440
}
