{
  "b": 1.8090301752090454,
  "c": 3.839576482772827,
  "d": 1.964741826057434,
  "e": 4.169528007507324,
  "f": 19200000,
  "g": 40300000,
  "h": 22000000,
  "i": 46300000,
  "j": 18800000,
  "k": 39900000,
  "l": 21600000,
  "m": 45900000,
  "n": 348000,
  "o": 348000,
  "p": 428000,
  "q": 428000,
  "r": 747000,
  "s": 1570000,
  "t": 897000,
  "u": 1880000
}
