{
  "b": 4.570601463317871,
  "c": 9.81375503540039,
  "d": 6.075239658355713,
  "e": 13.042298316955566,
  "f": 48382792,
  "g": 102952072,
  "h": 67903800,
  "i": 144593008,
  "j": 47534256,
  "k": 102063056,
  "l": 66827636,
  "m": 143465280,
  "n": 848541,
  "o": 889017,
  "p": 1076161,
  "q": 1127719,
  "r": 1435163,
  "s": 3048536,
  "t": 2115250,
  "u": 4498069
}
