{
  "b": 0.9361279010772705,
  "c": 2.009542465209961,
  "d": 1.1590192317962646,
  "e": 2.4878273010253906,
  "f": 9910000,
  "g": 21100000,
  "h": 13000000,
  "i": 27600000,
  "j": 9740000,
  "k": 20900000,
  "l": 12700000,
  "m": 27400000,
  "n": 174000,
  "o": 174000,
  "p": 217000,
  "q": 217000,
  "r": 996000,
  "s": 2120000,
  "t": 1210000,
  "u": 2580000
}
