{
  "b": 3.229801893234253,
  "c": 6.875492095947266,
  "d": 3.4409706592559814,
  "e": 7.324291706085205,
  "f": 34200000,
  "g": 72100000,
  "h": 38600000,
  "i": 81300000,
  "j": 33600000,
  "k": 71500000,
  "l": 37900000,
  "m": 80600000,
  "n": 620000,
  "o": 620000,
  "p": 736000,
  "q": 736000,
  "r": 790000,
  "s": 1660000,
  "t": 907000,
  "u": 1910000
}
