{
  "b": 0.07633710652589798,
  "c": 0.16211478412151337,
  "d": 0.09012320637702942,
  "e": 0.19135147333145142,
  "f": 809129,
  "g": 1701589,
  "h": 1009788,
  "i": 2123736,
  "j": 793906,
  "k": 1685994,
  "l": 991355,
  "m": 2104866,
  "n": 15223,
  "o": 15595,
  "p": 18433,
  "q": 18870,
  "r": 10335,
  "s": 21721,
  "t": 13255,
  "u": 27878
}
