{
  "b": 2.657900810241699,
  "c": 5.739737033843994,
  "d": 2.5300796031951904,
  "e": 5.462944030761719,
  "f": 28100000,
  "g": 60200000,
  "h": 28400000,
  "i": 60700000,
  "j": 27600000,
  "k": 59700000,
  "l": 27800000,
  "m": 60100000,
  "n": 515000,
  "o": 515000,
  "p": 570000,
  "q": 570000,
  "r": 2060000,
  "s": 4400000,
  "t": 2160000,
  "u": 4600000
}
