{
  "b": 2.657900810241699,
  "c": 5.739737033843994,
  "d": 2.5300796031951904,
  "e": 5.462944030761719,
  "f": 28143386,
  "g": 60221836,
  "h": 28386024,
  "i": 60677832,
  "j": 27642168,
  "k": 59693264,
  "l": 27830876,
  "m": 60092384,
  "n": 501218,
  "o": 528578,
  "p": 555146,
  "q": 585449,
  "r": 2063409,
  "s": 4403657,
  "t": 2157076,
  "u": 4600431
}
