{
  "b": 0.9361279010772705,
  "c": 2.009542465209961,
  "d": 1.1590192317962646,
  "e": 2.4878273010253906,
  "f": 9906071,
  "g": 21077164,
  "h": 12961126,
  "i": 27587430,
  "j": 9735730,
  "k": 20899242,
  "l": 12749212,
  "m": 27366100,
  "n": 170341,
  "o": 177925,
  "p": 211915,
  "q": 221328,
  "r": 995645,
  "s": 2122235,
  "t": 1209383,
  "u": 2578919
}
