{
  "b": 4.570601463317871,
  "c": 9.81375503540039,
  "d": 6.075239658355713,
  "e": 13.042298316955566,
  "f": 48400000,
  "g": 103000000,
  "h": 67900000,
  "i": 145000000,
  "j": 47500000,
  "k": 102000000,
  "l": 66800000,
  "m": 143000000,
  "n": 869000,
  "o": 869000,
  "p": 1100000,
  "q": 1100000,
  "r": 1440000,
  "s": 3050000,
  "t": 2120000,
  "u": 4500000
}
