{
  "b": 3.229801893234253,
  "c": 6.875492095947266,
  "d": 3.4409706592559814,
  "e": 7.324291706085205,
  "f": 34197972,
  "g": 72137776,
  "h": 38571864,
  "i": 81317872,
  "j": 33589940,
  "k": 71505120,
  "l": 37850676,
  "m": 80567208,
  "n": 608033,
  "o": 632658,
  "p": 721189,
  "q": 750658,
  "r": 790145,
  "s": 1663223,
  "t": 906835,
  "u": 1908764
}
