{
  "b": 0.07633710652589798,
  "c": 0.16211478412151337,
  "d": 0.09012320637702942,
  "e": 0.19135147333145142,
  "f": 809000,
  "g": 1700000,
  "h": 1010000,
  "i": 2120000,
  "j": 794000,
  "k": 1690000,
  "l": 991000,
  "m": 2100000,
  "n": 15400,
  "o": 15400,
  "p": 18700,
  "q": 18700,
  "r": 10300,
  "s": 21700,
  "t": 13300,
  "u": 27900
}
