{
  "b": 7.774261474609375,
  "c": 16.31529426574707,
  "d": 9.030049324035645,
  "e": 18.94876480102539,
  "f": 82400000,
  "g": 171000000,
  "h": 101000000,
  "i": 210000000,
  "j": 80900000,
  "k": 170000000,
  "l": 99300000,
  "m": 208000000,
  "n": 1560000,
  "o": 1560000,
  "p": 1910000,
  "q": 1910000,
  "r": 4960000,
  "s": 10300000,
  "t": 3750000,
  "u": 7790000
}
