{
  "b": 24.567028045654297,
  "c": 50.06583786010742,
  "d": 31.88498306274414,
  "e": 64.96438598632812,
  "f": 260294944,
  "g": 525442048,
  "h": 356922112,
  "i": 720747200,
  "j": 255497088,
  "k": 520684704,
  "l": 350734816,
  "m": 714608256,
  "n": 4797888,
  "o": 4757332,
  "p": 6187268,
  "q": 6138982,
  "r": 14576219,
  "s": 29386018,
  "t": 21735562,
  "u": 43862640
}
