{
  "b": 60.33889389038086,
  "c": 119.44127655029297,
  "d": 75.52759552001953,
  "e": 149.50167846679688,
  "f": 637991936,
  "g": 1252443392,
  "h": 843917632,
  "i": 1657368064,
  "j": 627524480,
  "k": 1242189312,
  "l": 830803520,
  "m": 1644518528,
  "n": 10467493,
  "o": 10254071,
  "p": 13113979,
  "q": 12849283,
  "r": 97466120,
  "s": 190877920,
  "t": 132667384,
  "u": 259972512
}
