{
  "b": 2.787736415863037,
  "c": 5.8941650390625,
  "d": 2.7787833213806152,
  "e": 5.874445915222168,
  "f": 29520912,
  "g": 61844836,
  "h": 31159574,
  "i": 65231108,
  "j": 28992458,
  "k": 61299316,
  "l": 30566616,
  "m": 64618904,
  "n": 528453,
  "o": 545519,
  "p": 592957,
  "q": 612205,
  "r": 1034969,
  "s": 2166265,
  "t": 1114446,
  "u": 2332211
}
