{
  "b": 51.8595085144043,
  "c": 108.47647094726562,
  "d": 62.133399963378906,
  "e": 129.96206665039062,
  "f": 548923008,
  "g": 1137991680,
  "h": 695330112,
  "i": 1441757952,
  "j": 539338880,
  "k": 1128155264,
  "l": 683467392,
  "m": 1429582720,
  "n": 9584043,
  "o": 9836401,
  "p": 11862678,
  "q": 12175389,
  "r": 34584292,
  "s": 71525336,
  "t": 43569048,
  "u": 90150496
}
