{
  "b": 24.567028045654297,
  "c": 50.06583786010742,
  "d": 31.88498306274414,
  "e": 64.96438598632812,
  "f": 260000000,
  "g": 525000000,
  "h": 357000000,
  "i": 721000000,
  "j": 255000000,
  "k": 521000000,
  "l": 351000000,
  "m": 715000000,
  "n": 4780000,
  "o": 4780000,
  "p": 6160000,
  "q": 6160000,
  "r": 14600000,
  "s": 29400000,
  "t": 21700000,
  "u": 43900000
}
