{
  "b": 2.787736415863037,
  "c": 5.8941650390625,
  "d": 2.7787833213806152,
  "e": 5.874445915222168,
  "f": 29500000,
  "g": 61800000,
  "h": 31200000,
  "i": 65200000,
  "j": 29000000,
  "k": 61300000,
  "l": 30600000,
  "m": 64600000,
  "n": 537000,
  "o": 537000,
  "p": 603000,
  "q": 603000,
  "r": 1030000,
  "s": 2170000,
  "t": 1110000,
  "u": 2330000
}
