{
  "b": 1.4924373626708984,
  "c": 3.199711561203003,
  "d": 1.5332316160202026,
  "e": 3.2867257595062256,
  "f": 15800000,
  "g": 33600000,
  "h": 17200000,
  "i": 36500000,
  "j": 15500000,
  "k": 33300000,
  "l": 16900000,
  "m": 36200000,
  "n": 289000,
  "o": 289000,
  "p": 337000,
  "q": 337000,
  "r": 124000,
  "s": 263000,
  "t": 144000,
  "u": 306000
}
