{
  "b": 0.7080699801445007,
  "c": 1.5407934188842773,
  "d": 0.665702223777771,
  "e": 1.4484994411468506,
  "f": 7490559,
  "g": 16159079,
  "h": 7464650,
  "i": 16084626,
  "j": 7363928,
  "k": 16024252,
  "l": 7322725,
  "m": 15933494,
  "n": 126632,
  "o": 134827,
  "p": 141926,
  "q": 151133,
  "r": 46489,
  "s": 100310,
  "t": 48711,
  "u": 105030
}
