{
  "b": 0.5006295442581177,
  "c": 1.051775336265564,
  "d": 0.4908596873283386,
  "e": 1.031097173690796,
  "f": 5302250,
  "g": 11036845,
  "h": 5505098,
  "i": 11450668,
  "j": 5206548,
  "k": 10938464,
  "l": 5399457,
  "m": 11342069,
  "n": 95702,
  "o": 98381,
  "p": 105641,
  "q": 108598,
  "r": 120447,
  "s": 248140,
  "t": 132254,
  "u": 272398
}
