{
  "b": 0.5006295442581177,
  "c": 1.051775336265564,
  "d": 0.4908596873283386,
  "e": 1.031097173690796,
  "f": 5300000,
  "g": 11000000,
  "h": 5510000,
  "i": 11500000,
  "j": 5210000,
  "k": 10900000,
  "l": 5400000,
  "m": 11300000,
  "n": 97000,
  "o": 97000,
  "p": 107000,
  "q": 107000,
  "r": 120000,
  "s": 248000,
  "t": 132000,
  "u": 272000
}
