{
  "b": 0.9343299865722656,
  "c": 2.0030975341796875,
  "d": 0.9085083603858948,
  "e": 1.9476730823516846,
  "f": 9882313,
  "g": 21005788,
  "h": 10168572,
  "i": 21608182,
  "j": 9717032,
  "k": 20832214,
  "l": 9993592,
  "m": 21424404,
  "n": 165281,
  "o": 173574,
  "p": 174979,
  "q": 183778,
  "r": 61539,
  "s": 130653,
  "t": 65978,
  "u": 140081
}
