{
  "b": 13.901206016540527,
  "c": 29.029510498046875,
  "d": 19.074193954467773,
  "e": 39.82891082763672,
  "f": 147000000,
  "g": 305000000,
  "h": 213000000,
  "i": 442000000,
  "j": 145000000,
  "k": 302000000,
  "l": 210000000,
  "m": 438000000,
  "n": 2610000,
  "o": 2610000,
  "p": 3410000,
  "q": 3410000,
  "r": 4430000,
  "s": 9080000,
  "t": 6640000,
  "u": 13600000
}
