{
  "b": 1.4924373626708984,
  "c": 3.199711561203003,
  "d": 1.5332316160202026,
  "e": 3.2867257595062256,
  "f": 15803092,
  "g": 33573004,
  "h": 17193924,
  "i": 36499080,
  "j": 15521348,
  "k": 33277000,
  "l": 16865548,
  "m": 36153984,
  "n": 281745,
  "o": 296004,
  "p": 328376,
  "q": 345097,
  "r": 124094,
  "s": 263493,
  "t": 144126,
  "u": 305977
}
