{
  "b": 25.793790817260742,
  "c": 52.5855827331543,
  "d": 30.679447174072266,
  "e": 62.543399810791016,
  "f": 272701984,
  "g": 551358976,
  "h": 342810720,
  "i": 693341824,
  "j": 268255424,
  "k": 546890048,
  "l": 337473920,
  "m": 687977408,
  "n": 4446581,
  "o": 4468997,
  "p": 5336819,
  "q": 5364377,
  "r": 18525942,
  "s": 37391876,
  "t": 22368020,
  "u": 45162496
}
