{
  "b": 0.3223100006580353,
  "c": 0.6910635828971863,
  "d": 0.3817760944366455,
  "e": 0.8184463381767273,
  "f": 3410000,
  "g": 7250000,
  "h": 4280000,
  "i": 9080000,
  "j": 3350000,
  "k": 7190000,
  "l": 4200000,
  "m": 9000000,
  "n": 63300,
  "o": 63300,
  "p": 78400,
  "q": 78400,
  "r": 39000,
  "s": 83000,
  "t": 52300,
  "u": 111000
}
