{
  "b": 1.7129144668579102,
  "c": 3.692918062210083,
  "d": 1.7146209478378296,
  "e": 3.6964497566223145,
  "f": 18100000,
  "g": 38700000,
  "h": 19200000,
  "i": 41000000,
  "j": 17800000,
  "k": 38400000,
  "l": 18900000,
  "m": 40700000,
  "n": 312000,
  "o": 312000,
  "p": 343000,
  "q": 343000,
  "r": 194000,
  "s": 415000,
  "t": 215000,
  "u": 460000
}
