{
  "b": 1.7129144668579102,
  "c": 3.692918062210083,
  "d": 1.7146209478378296,
  "e": 3.6964497566223145,
  "f": 18117854,
  "g": 38726816,
  "h": 19194020,
  "i": 41012776,
  "j": 17814310,
  "k": 38406348,
  "l": 18860830,
  "m": 40660948,
  "n": 303542,
  "o": 320472,
  "p": 333190,
  "q": 351829,
  "r": 194085,
  "s": 414628,
  "t": 215369,
  "u": 460076
}
