{
  "b": 25.793790817260742,
  "c": 52.5855827331543,
  "d": 30.679447174072266,
  "e": 62.543399810791016,
  "f": 273000000,
  "g": 551000000,
  "h": 343000000,
  "i": 693000000,
  "j": 268000000,
  "k": 547000000,
  "l": 337000000,
  "m": 688000000,
  "n": 4460000,
  "o": 4460000,
  "p": 5350000,
  "q": 5350000,
  "r": 18500000,
  "s": 37400000,
  "t": 22400000,
  "u": 45200000
}
