{
  "b": 29.759498596191406,
  "c": 61.7845458984375,
  "d": 41.74758529663086,
  "e": 86.66975402832031,
  "f": 316000000,
  "g": 649000000,
  "h": 467000000,
  "i": 962000000,
  "j": 309000000,
  "k": 643000000,
  "l": 459000000,
  "m": 953000000,
  "n": 6090000,
  "o": 6090000,
  "p": 8100000,
  "q": 8100000,
  "r": 20800000,
  "s": 42600000,
  "t": 31500000,
  "u": 64700000
}
