{
  "b": 1388.6060791015625,
  "c": 2742.107177734375,
  "d": 1982.055908203125,
  "e": 3914.20458984375,
  "f": 14762246144,
  "g": 28834879488,
  "h": 22254913536,
  "i": 43503362048,
  "j": 14441502720,
  "k": 28517914624,
  "l": 21802614784,
  "m": 43056250880,
  "n": 320743072,
  "o": 316965760,
  "p": 452298016,
  "q": 447110080,
  "r": 7341114368,
  "s": 14314487808,
  "t": 11057463296,
  "u": 21585297408
}
