{
  "b": 0.3223100006580353,
  "c": 0.6910635828971863,
  "d": 0.3817760944366455,
  "e": 0.8184463381767273,
  "f": 3413976,
  "g": 7251783,
  "h": 4276184,
  "i": 9082982,
  "j": 3352024,
  "k": 7187061,
  "l": 4199537,
  "m": 9002910,
  "n": 61952,
  "o": 64722,
  "p": 76647,
  "q": 80072,
  "r": 39017,
  "s": 83031,
  "t": 52281,
  "u": 111307
}
