{
  "b": 29.759498596191406,
  "c": 61.7845458984375,
  "d": 41.74758529663086,
  "e": 86.66975402832031,
  "f": 315551712,
  "g": 648680000,
  "h": 467277312,
  "i": 961511104,
  "j": 309498784,
  "k": 642559296,
  "l": 459223424,
  "m": 953367296,
  "n": 6052956,
  "o": 6120645,
  "p": 8053835,
  "q": 8143864,
  "r": 20761082,
  "s": 42592744,
  "t": 31500972,
  "u": 64725364
}
