{
  "b": 21.49379539489746,
  "c": 44.92060089111328,
  "d": 24.421375274658203,
  "e": 51.02920150756836,
  "f": 227426864,
  "g": 471174304,
  "h": 273299680,
  "i": 566118272,
  "j": 223535472,
  "k": 467174240,
  "l": 268635136,
  "m": 561321216,
  "n": 3891392,
  "o": 4000071,
  "p": 4664566,
  "q": 4797108,
  "r": 10292120,
  "s": 21223688,
  "t": 13389384,
  "u": 27624958
}
