{
  "b": 21.49379539489746,
  "c": 44.92060089111328,
  "d": 24.421375274658203,
  "e": 51.02920150756836,
  "f": 227000000,
  "g": 471000000,
  "h": 273000000,
  "i": 566000000,
  "j": 224000000,
  "k": 467000000,
  "l": 269000000,
  "m": 561000000,
  "n": 3950000,
  "o": 3950000,
  "p": 4730000,
  "q": 4730000,
  "r": 10300000,
  "s": 21200000,
  "t": 13400000,
  "u": 27600000
}
