{
  "b": 2.2112507820129395,
  "c": 4.6340413093566895,
  "d": 2.5810813903808594,
  "e": 5.40841817855835,
  "f": 23416638,
  "g": 48623536,
  "h": 28887216,
  "i": 59999624,
  "j": 22997008,
  "k": 48194032,
  "l": 28391894,
  "m": 59492600,
  "n": 419632,
  "o": 429505,
  "p": 495322,
  "q": 507027,
  "r": 2071621,
  "s": 4297399,
  "t": 2726589,
  "u": 5659621
}
