{
  "b": 0.2705132067203522,
  "c": 0.5826996564865112,
  "d": 0.3286884129047394,
  "e": 0.7078911066055298,
  "f": 2860000,
  "g": 6110000,
  "h": 3680000,
  "i": 7850000,
  "j": 2810000,
  "k": 6060000,
  "l": 3620000,
  "m": 7790000,
  "n": 52900,
  "o": 52900,
  "p": 64900,
  "q": 64900,
  "r": 43700,
  "s": 92700,
  "t": 59800,
  "u": 127000
}
