{
  "b": 2.2112507820129395,
  "c": 4.6340413093566895,
  "d": 2.5810813903808594,
  "e": 5.40841817855835,
  "f": 23400000,
  "g": 48600000,
  "h": 28900000,
  "i": 60000000,
  "j": 23000000,
  "k": 48200000,
  "l": 28400000,
  "m": 59500000,
  "n": 425000,
  "o": 425000,
  "p": 501000,
  "q": 501000,
  "r": 2070000,
  "s": 4300000,
  "t": 2730000,
  "u": 5660000
}
