{
  "b": 15.627384185791016,
  "c": 32.75082778930664,
  "d": 17.41391944885254,
  "e": 36.49413299560547,
  "f": 165362976,
  "g": 343523296,
  "h": 194976160,
  "i": 404951040,
  "j": 162524800,
  "k": 340608608,
  "l": 191553120,
  "m": 401435456,
  "n": 2838176,
  "o": 2914669,
  "p": 3423029,
  "q": 3515605,
  "r": 4076207,
  "s": 8458335,
  "t": 4689851,
  "u": 9732406
}
