{
  "b": 0.2705132067203522,
  "c": 0.5826996564865112,
  "d": 0.3286884129047394,
  "e": 0.7078911066055298,
  "f": 2864978,
  "g": 6114182,
  "h": 3679012,
  "i": 7853256,
  "j": 2813338,
  "k": 6060077,
  "l": 3615573,
  "m": 7786803,
  "n": 51640,
  "o": 54105,
  "p": 63439,
  "q": 66454,
  "r": 43714,
  "s": 92733,
  "t": 59803,
  "u": 126968
}
