{
  "b": 15.627384185791016,
  "c": 32.75082778930664,
  "d": 17.41391944885254,
  "e": 36.49413299560547,
  "f": 165000000,
  "g": 344000000,
  "h": 195000000,
  "i": 405000000,
  "j": 163000000,
  "k": 341000000,
  "l": 192000000,
  "m": 401000000,
  "n": 2880000,
  "o": 2880000,
  "p": 3470000,
  "q": 3470000,
  "r": 4080000,
  "s": 8460000,
  "t": 4690000,
  "u": 9730000
}
