{
  "b": 66.34412384033203,
  "c": 142.34288024902344,
  "d": 98.10785675048828,
  "e": 210.49160766601562,
  "f": 703647360,
  "g": 1494396288,
  "h": 1099164672,
  "i": 2335895808,
  "j": 689978880,
  "k": 1480365952,
  "l": 1079186432,
  "m": 2315407616,
  "n": 13668557,
  "o": 14030406,
  "p": 19978108,
  "q": 20488424,
  "r": 229753776,
  "s": 486901472,
  "t": 382420288,
  "u": 811469312
}
