{
  "b": 5.738423824310303,
  "c": 12.096510887145996,
  "d": 6.2626872062683105,
  "e": 13.20051383972168,
  "f": 60700000,
  "g": 127000000,
  "h": 70100000,
  "i": 146000000,
  "j": 59700000,
  "k": 126000000,
  "l": 68900000,
  "m": 145000000,
  "n": 1070000,
  "o": 1070000,
  "p": 1240000,
  "q": 1240000,
  "r": 923000,
  "s": 1920000,
  "t": 1120000,
  "u": 2330000
}
