{
  "b": 8.714959144592285,
  "c": 17.93608856201172,
  "d": 9.690184593200684,
  "e": 19.941436767578125,
  "f": 92200000,
  "g": 188000000,
  "h": 108000000,
  "i": 221000000,
  "j": 90600000,
  "k": 187000000,
  "l": 107000000,
  "m": 219000000,
  "n": 1590000,
  "o": 1590000,
  "p": 1900000,
  "q": 1900000,
  "r": 3180000,
  "s": 6480000,
  "t": 3930000,
  "u": 8020000
}
