{
  "b": 3.437526226043701,
  "c": 7.3334574699401855,
  "d": 4.26066780090332,
  "e": 9.088396072387695,
  "f": 36400000,
  "g": 76900000,
  "h": 47600000,
  "i": 101000000,
  "j": 35800000,
  "k": 76300000,
  "l": 46900000,
  "m": 100000000,
  "n": 660000,
  "o": 660000,
  "p": 777000,
  "q": 777000,
  "r": 8750000,
  "s": 18500000,
  "t": 12200000,
  "u": 25900000
}
