{
  "b": 8.714959144592285,
  "c": 17.93608856201172,
  "d": 9.690184593200684,
  "e": 19.941436767578125,
  "f": 92213352,
  "g": 188135648,
  "h": 108478528,
  "i": 221269888,
  "j": 90635576,
  "k": 186535328,
  "l": 106592032,
  "m": 219355808,
  "n": 1577781,
  "o": 1600334,
  "p": 1886494,
  "q": 1914064,
  "r": 3177163,
  "s": 6477462,
  "t": 3933791,
  "u": 8022143
}
