{
  "b": 0.060506634414196014,
  "c": 0.13162533938884735,
  "d": 0.0590088814496994,
  "e": 0.1283470243215561,
  "f": 641000,
  "g": 1380000,
  "h": 664000,
  "i": 1430000,
  "j": 629000,
  "k": 1370000,
  "l": 649000,
  "m": 1410000,
  "n": 12400,
  "o": 12400,
  "p": 14900,
  "q": 14900,
  "r": 9270,
  "s": 19800,
  "t": 8950,
  "u": 19100
}
