{
  "b": 2.1654131412506104,
  "c": 4.654294013977051,
  "d": 2.4422433376312256,
  "e": 5.248937606811523,
  "f": 22909840,
  "g": 48814772,
  "h": 27333102,
  "i": 58231536,
  "j": 22520296,
  "k": 48404660,
  "l": 26864678,
  "m": 57738312,
  "n": 389546,
  "o": 410116,
  "p": 468424,
  "q": 493224,
  "r": 284494,
  "s": 603553,
  "t": 357101,
  "u": 757665
}
