{
  "b": 37.894161224365234,
  "c": 78.0237808227539,
  "d": 46.93037796020508,
  "e": 96.6282958984375,
  "f": 401123776,
  "g": 818548608,
  "h": 525102976,
  "i": 1071876096,
  "j": 394099296,
  "k": 811447296,
  "l": 516234176,
  "m": 1062911232,
  "n": 7024480,
  "o": 7101190,
  "p": 8868765,
  "q": 8964902,
  "r": 16926434,
  "s": 34490808,
  "t": 21392450,
  "u": 43622448
}
