{
  "b": 2.3073160648345947,
  "c": 4.852513790130615,
  "d": 2.534470558166504,
  "e": 5.330076694488525,
  "f": 24419418,
  "g": 50900916,
  "h": 28378268,
  "i": 59143684,
  "j": 23996086,
  "k": 50466144,
  "l": 27879176,
  "m": 58630844,
  "n": 423332,
  "o": 434770,
  "p": 499093,
  "q": 512841,
  "r": 474996,
  "s": 985748,
  "t": 579420,
  "u": 1202723
}
