{
  "b": 37.894161224365234,
  "c": 78.0237808227539,
  "d": 46.93037796020508,
  "e": 96.6282958984375,
  "f": 401000000,
  "g": 819000000,
  "h": 525000000,
  "i": 1070000000,
  "j": 394000000,
  "k": 811000000,
  "l": 516000000,
  "m": 1060000000,
  "n": 7060000,
  "o": 7060000,
  "p": 8920000,
  "q": 8920000,
  "r": 16900000,
  "s": 34500000,
  "t": 21400000,
  "u": 43600000
}
