{
  "b": 2.3073160648345947,
  "c": 4.852513790130615,
  "d": 2.534470558166504,
  "e": 5.330076694488525,
  "f": 24400000,
  "g": 50900000,
  "h": 28400000,
  "i": 59100000,
  "j": 24000000,
  "k": 50500000,
  "l": 27900000,
  "m": 58600000,
  "n": 429000,
  "o": 429000,
  "p": 506000,
  "q": 506000,
  "r": 475000,
  "s": 986000,
  "t": 579000,
  "u": 1200000
}
