{
  "b": 3.3408308029174805,
  "c": 7.124201774597168,
  "d": 3.6421384811401367,
  "e": 7.766071319580078,
  "f": 35400000,
  "g": 74700000,
  "h": 40800000,
  "i": 86200000,
  "j": 34700000,
  "k": 74100000,
  "l": 40100000,
  "m": 85400000,
  "n": 636000,
  "o": 636000,
  "p": 746000,
  "q": 746000,
  "r": 7310000,
  "s": 15500000,
  "t": 10100000,
  "u": 21400000
}
