{
  "b": 2.1654131412506104,
  "c": 4.654294013977051,
  "d": 2.4422433376312256,
  "e": 5.248937606811523,
  "f": 22900000,
  "g": 48800000,
  "h": 27300000,
  "i": 58200000,
  "j": 22500000,
  "k": 48400000,
  "l": 26900000,
  "m": 57700000,
  "n": 400000,
  "o": 400000,
  "p": 481000,
  "q": 481000,
  "r": 284000,
  "s": 604000,
  "t": 357000,
  "u": 758000
}
