{
  "b": 0.04492899775505066,
  "c": 0.09713241457939148,
  "d": 0.04259330779314041,
  "e": 0.09206848591566086,
  "f": 475948,
  "g": 1019338,
  "h": 479105,
  "i": 1023910,
  "j": 467262,
  "k": 1010177,
  "l": 468526,
  "m": 1012753,
  "n": 8686,
  "o": 9161,
  "p": 10578,
  "q": 11157,
  "r": 4352,
  "s": 9326,
  "t": 4545,
  "u": 9728
}
