{
  "b": 81.6119613647461,
  "c": 168.41073608398438,
  "d": 88.9867935180664,
  "e": 183.61886596679688,
  "f": 863931328,
  "g": 1766829568,
  "h": 996257024,
  "i": 2037429120,
  "j": 848764416,
  "k": 1751471616,
  "l": 978854720,
  "m": 2019807488,
  "n": 15166972,
  "o": 15357994,
  "p": 17402278,
  "q": 17621632,
  "r": 387738848,
  "s": 793193024,
  "t": 449205280,
  "u": 919135104
}
