{
  "b": 0.3410928249359131,
  "c": 0.7416556477546692,
  "d": 0.3581695556640625,
  "e": 0.7787375450134277,
  "f": 3615169,
  "g": 7784484,
  "h": 4019408,
  "i": 8649670,
  "j": 3547365,
  "k": 7713219,
  "l": 3939865,
  "m": 8566113,
  "n": 67803,
  "o": 71265,
  "p": 79543,
  "q": 83557,
  "r": 67122,
  "s": 144479,
  "t": 79230,
  "u": 170526
}
