{
  "b": 9.774328231811523,
  "c": 20.368301391601562,
  "d": 10.880960464477539,
  "e": 22.673187255859375,
  "f": 103000000,
  "g": 214000000,
  "h": 122000000,
  "i": 252000000,
  "j": 102000000,
  "k": 212000000,
  "l": 120000000,
  "m": 249000000,
  "n": 1710000,
  "o": 1710000,
  "p": 2070000,
  "q": 2070000,
  "r": 5510000,
  "s": 11300000,
  "t": 6270000,
  "u": 12900000
}
