{
  "b": 5.7217936515808105,
  "c": 12.357295036315918,
  "d": 6.509765625,
  "e": 14.058586120605469,
  "f": 60535260,
  "g": 129594488,
  "h": 72862120,
  "i": 155959616,
  "j": 59506656,
  "k": 128515864,
  "l": 71607424,
  "m": 154644448,
  "n": 1028603,
  "o": 1078634,
  "p": 1254703,
  "q": 1315181,
  "r": 3725548,
  "s": 7957603,
  "t": 4681164,
  "u": 9999380
}
