{
  "b": 0.04492899775505066,
  "c": 0.09713241457939148,
  "d": 0.04259330779314041,
  "e": 0.09206848591566086,
  "f": 476000,
  "g": 1020000,
  "h": 479000,
  "i": 1020000,
  "j": 467000,
  "k": 1010000,
  "l": 469000,
  "m": 1010000,
  "n": 8920,
  "o": 8920,
  "p": 10900,
  "q": 10900,
  "r": 4350,
  "s": 9330,
  "t": 4540,
  "u": 9730
}
