{
  "b": 1.8233827352523804,
  "c": 3.939403772354126,
  "d": 1.8871134519577026,
  "e": 4.0763630867004395,
  "f": 19310022,
  "g": 41335840,
  "h": 21160448,
  "i": 45264524,
  "j": 18963180,
  "k": 40969800,
  "l": 20758248,
  "m": 44839996,
  "n": 346843,
  "o": 366043,
  "p": 402199,
  "q": 424530,
  "r": 481537,
  "s": 1029434,
  "t": 564014,
  "u": 1205694
}
