{
  "b": 2.3341152667999268,
  "c": 4.947329998016357,
  "d": 2.4281795024871826,
  "e": 5.146331787109375,
  "f": 24702692,
  "g": 51894072,
  "h": 27212424,
  "i": 57128488,
  "j": 24274800,
  "k": 51452232,
  "l": 26709974,
  "m": 56609652,
  "n": 427891,
  "o": 441841,
  "p": 502448,
  "q": 518828,
  "r": 469421,
  "s": 984434,
  "t": 572401,
  "u": 1199958
}
