{
  "b": 25.289215087890625,
  "c": 53.00416564941406,
  "d": 33.785030364990234,
  "e": 70.80134582519531,
  "f": 268027840,
  "g": 556387584,
  "h": 378336192,
  "i": 785681600,
  "j": 263007840,
  "k": 551243328,
  "l": 371635328,
  "m": 778814784,
  "n": 5020015,
  "o": 5144208,
  "p": 6700904,
  "q": 6866795,
  "r": 18655146,
  "s": 38546272,
  "t": 27877192,
  "u": 57663420
}
