{
  "b": 2.3341152667999268,
  "c": 4.947329998016357,
  "d": 2.4281795024871826,
  "e": 5.146331787109375,
  "f": 24700000,
  "g": 51900000,
  "h": 27200000,
  "i": 57100000,
  "j": 24300000,
  "k": 51500000,
  "l": 26700000,
  "m": 56600000,
  "n": 435000,
  "o": 435000,
  "p": 511000,
  "q": 511000,
  "r": 469000,
  "s": 984000,
  "t": 572000,
  "u": 1200000
}
