{
  "b": 32.51970291137695,
  "c": 68.22828674316406,
  "d": 44.18829345703125,
  "e": 92.7015380859375,
  "f": 344000000,
  "g": 716000000,
  "h": 494000000,
  "i": 1030000000,
  "j": 338000000,
  "k": 710000000,
  "l": 486000000,
  "m": 1020000000,
  "n": 6020000,
  "o": 6020000,
  "p": 8120000,
  "q": 8120000,
  "r": 15400000,
  "s": 31900000,
  "t": 23600000,
  "u": 49000000
}
