{
  "b": 25.289215087890625,
  "c": 53.00416564941406,
  "d": 33.785030364990234,
  "e": 70.80134582519531,
  "f": 268000000,
  "g": 556000000,
  "h": 378000000,
  "i": 786000000,
  "j": 263000000,
  "k": 551000000,
  "l": 372000000,
  "m": 779000000,
  "n": 5080000,
  "o": 5080000,
  "p": 6780000,
  "q": 6780000,
  "r": 18700000,
  "s": 38500000,
  "t": 27900000,
  "u": 57700000
}
