{
  "b": 1.8233827352523804,
  "c": 3.939403772354126,
  "d": 1.8871134519577026,
  "e": 4.0763630867004395,
  "f": 19300000,
  "g": 41300000,
  "h": 21200000,
  "i": 45300000,
  "j": 19000000,
  "k": 41000000,
  "l": 20800000,
  "m": 44800000,
  "n": 356000,
  "o": 356000,
  "p": 413000,
  "q": 413000,
  "r": 482000,
  "s": 1030000,
  "t": 564000,
  "u": 1210000
}
