{
  "b": 7.157995223999023,
  "c": 15.000195503234863,
  "d": 10.824726104736328,
  "e": 22.679344177246094,
  "f": 75800000,
  "g": 157000000,
  "h": 121000000,
  "i": 252000000,
  "j": 74400000,
  "k": 156000000,
  "l": 119000000,
  "m": 249000000,
  "n": 1410000,
  "o": 1410000,
  "p": 2020000,
  "q": 2020000,
  "r": 3560000,
  "s": 7380000,
  "t": 6100000,
  "u": 12700000
}
