{
  "b": 0.01758527383208275,
  "c": 0.03842427209019661,
  "d": 0.020850900560617447,
  "e": 0.04555635526776314,
  "f": 186000,
  "g": 403000,
  "h": 233000,
  "i": 505000,
  "j": 183000,
  "k": 400000,
  "l": 229000,
  "m": 501000,
  "n": 3380,
  "o": 3380,
  "p": 3790,
  "q": 3790,
  "r": 8890,
  "s": 19200,
  "t": 11500,
  "u": 24900
}
