{
  "b": 7.900619983673096,
  "c": 16.89089584350586,
  "d": 9.86031723022461,
  "e": 21.076906204223633,
  "f": 83622696,
  "g": 177182496,
  "h": 110219744,
  "i": 233676160,
  "j": 82166448,
  "k": 175665312,
  "l": 108463488,
  "m": 231845968,
  "n": 1456239,
  "o": 1517191,
  "p": 1756261,
  "q": 1830169,
  "r": 5685625,
  "s": 12025112,
  "t": 7683198,
  "u": 16267289
}
