{
  "b": 0.014208301901817322,
  "c": 0.030688254162669182,
  "d": 0.013323268853127956,
  "e": 0.028770815581083298,
  "f": 151000,
  "g": 322000,
  "h": 149000,
  "i": 319000,
  "j": 148000,
  "k": 319000,
  "l": 147000,
  "m": 316000,
  "n": 2810,
  "o": 2810,
  "p": 2780,
  "q": 2780,
  "r": 613,
  "s": 1310,
  "t": 655,
  "u": 1400
}
