{
  "b": 0.49502870440483093,
  "c": 1.0714123249053955,
  "d": 0.547054648399353,
  "e": 1.1837798357009888,
  "f": 5240816,
  "g": 11240332,
  "h": 6123819,
  "i": 13133713,
  "j": 5148299,
  "k": 11142688,
  "l": 6017601,
  "m": 13021578,
  "n": 92517,
  "o": 97646,
  "p": 106218,
  "q": 112135,
  "r": 142048,
  "s": 303674,
  "t": 163316,
  "u": 349380
}
