{
  "b": 0.49502870440483093,
  "c": 1.0714123249053955,
  "d": 0.547054648399353,
  "e": 1.1837798357009888,
  "f": 5240000,
  "g": 11200000,
  "h": 6120000,
  "i": 13100000,
  "j": 5150000,
  "k": 11100000,
  "l": 6020000,
  "m": 13000000,
  "n": 95100,
  "o": 95100,
  "p": 109000,
  "q": 109000,
  "r": 142000,
  "s": 304000,
  "t": 163000,
  "u": 349000
}
