{
  "b": 0.014208301901817322,
  "c": 0.030688254162669182,
  "d": 0.013323268853127956,
  "e": 0.028770815581083298,
  "f": 150506,
  "g": 322044,
  "h": 149268,
  "i": 319336,
  "j": 147766,
  "k": 319158,
  "l": 146556,
  "m": 316479,
  "n": 2740,
  "o": 2886,
  "p": 2712,
  "q": 2857,
  "r": 613,
  "s": 1310,
  "t": 655,
  "u": 1400
}
