{
  "b": 7.900619983673096,
  "c": 16.89089584350586,
  "d": 9.86031723022461,
  "e": 21.076906204223633,
  "f": 83600000,
  "g": 177000000,
  "h": 110000000,
  "i": 234000000,
  "j": 82200000,
  "k": 176000000,
  "l": 108000000,
  "m": 232000000,
  "n": 1490000,
  "o": 1490000,
  "p": 1790000,
  "q": 1790000,
  "r": 5690000,
  "s": 12000000,
  "t": 7680000,
  "u": 16300000
}
