{
  "b": 0.01758527383208275,
  "c": 0.03842427209019661,
  "d": 0.020850900560617447,
  "e": 0.04555635526776314,
  "f": 186173,
  "g": 403091,
  "h": 233046,
  "i": 505019,
  "j": 182887,
  "k": 399612,
  "l": 229360,
  "m": 501120,
  "n": 3286,
  "o": 3479,
  "p": 3686,
  "q": 3899,
  "r": 8888,
  "s": 19248,
  "t": 11489,
  "u": 24915
}
