{
  "b": 0.08698329329490662,
  "c": 0.18812276422977448,
  "d": 0.09085512161254883,
  "e": 0.19646038115024567,
  "f": 921295,
  "g": 1974100,
  "h": 1017093,
  "i": 2179767,
  "j": 904626,
  "k": 1956477,
  "l": 999406,
  "m": 2161064,
  "n": 16668,
  "o": 17623,
  "p": 17687,
  "q": 18703,
  "r": 12394,
  "s": 26457,
  "t": 14679,
  "u": 31357
}
