{
  "b": 0.08698329329490662,
  "c": 0.18812276422977448,
  "d": 0.09085512161254883,
  "e": 0.19646038115024567,
  "f": 921000,
  "g": 1970000,
  "h": 1020000,
  "i": 2180000,
  "j": 905000,
  "k": 1960000,
  "l": 999000,
  "m": 2160000,
  "n": 17100,
  "o": 17100,
  "p": 18200,
  "q": 18200,
  "r": 12400,
  "s": 26500,
  "t": 14700,
  "u": 31400
}
