{
  "b": 0.44717836380004883,
  "c": 0.9737719297409058,
  "d": 0.4866335391998291,
  "e": 1.059613585472107,
  "f": 4729885,
  "g": 10211426,
  "h": 5448458,
  "i": 11757247,
  "j": 4650655,
  "k": 10127228,
  "l": 5352969,
  "m": 11655750,
  "n": 79230,
  "o": 84198,
  "p": 95489,
  "q": 101497,
  "r": 29664,
  "s": 64014,
  "t": 35386,
  "u": 76358
}
