{
  "b": 0.44717836380004883,
  "c": 0.9737719297409058,
  "d": 0.4866335391998291,
  "e": 1.059613585472107,
  "f": 4730000,
  "g": 10200000,
  "h": 5450000,
  "i": 11800000,
  "j": 4650000,
  "k": 10100000,
  "l": 5350000,
  "m": 11700000,
  "n": 81700,
  "o": 81700,
  "p": 98500,
  "q": 98500,
  "r": 29700,
  "s": 64000,
  "t": 35400,
  "u": 76400
}

