{
  "b": 24.881629943847656,
  "c": 51.93183898925781,
  "d": 27.620567321777344,
  "e": 57.64636993408203,
  "f": 263063552,
  "g": 544499392,
  "h": 308952096,
  "i": 639372288,
  "j": 258768960,
  "k": 540091136,
  "l": 303826240,
  "m": 634110080,
  "n": 4294594,
  "o": 4408243,
  "p": 5125884,
  "q": 5262215,
  "r": 6803882,
  "s": 14055156,
  "t": 8358375,
  "u": 17267740
}
