{
  "b": 24.881629943847656,
  "c": 51.93183898925781,
  "d": 27.620567321777344,
  "e": 57.64636993408203,
  "f": 263000000,
  "g": 544000000,
  "h": 309000000,
  "i": 639000000,
  "j": 259000000,
  "k": 540000000,
  "l": 304000000,
  "m": 634000000,
  "n": 4350000,
  "o": 4350000,
  "p": 5190000,
  "q": 5190000,
  "r": 6800000,
  "s": 14100000,
  "t": 8360000,
  "u": 17300000
}
