{
  "b": 1.0071088075637817,
  "c": 2.170260190963745,
  "d": 0.9187257289886475,
  "e": 1.9797223806381226,
  "f": 10652392,
  "g": 22759036,
  "h": 10301516,
  "i": 21983322,
  "j": 10473932,
  "k": 22570706,
  "l": 10105983,
  "m": 21776946,
  "n": 178460,
  "o": 188332,
  "p": 195533,
  "q": 206375,
  "r": 103080,
  "s": 220058,
  "t": 104772,
  "u": 223478
}
