{
  "b": 1.0071088075637817,
  "c": 2.170260190963745,
  "d": 0.9187257289886475,
  "e": 1.9797223806381226,
  "f": 10700000,
  "g": 22800000,
  "h": 10300000,
  "i": 22000000,
  "j": 10500000,
  "k": 22600000,
  "l": 10100000,
  "m": 21800000,
  "n": 183000,
  "o": 183000,
  "p": 201000,
  "q": 201000,
  "r": 103000,
  "s": 220000,
  "t": 105000,
  "u": 223000
}
