{
  "b": 1.1867281198501587,
  "c": 2.5002970695495605,
  "d": 1.1482990980148315,
  "e": 2.419025421142578,
  "f": 12566824,
  "g": 26234652,
  "h": 12879834,
  "i": 26865284,
  "j": 12341972,
  "k": 26003090,
  "l": 12631290,
  "m": 26609280,
  "n": 224853,
  "o": 231560,
  "p": 248543,
  "q": 256004,
  "r": 665074,
  "s": 1390303,
  "t": 742894,
  "u": 1552759
}
