{
  "b": 1.1867281198501587,
  "c": 2.5002970695495605,
  "d": 1.1482990980148315,
  "e": 2.419025421142578,
  "f": 12600000,
  "g": 26200000,
  "h": 12900000,
  "i": 26900000,
  "j": 12300000,
  "k": 26000000,
  "l": 12600000,
  "m": 26600000,
  "n": 228000,
  "o": 228000,
  "p": 252000,
  "q": 252000,
  "r": 665000,
  "s": 1390000,
  "t": 743000,
  "u": 1550000
}
