{
  "b": 6.954878330230713,
  "c": 14.779661178588867,
  "d": 6.6800336837768555,
  "e": 14.195281028747559,
  "f": 73559824,
  "g": 154967616,
  "h": 75008464,
  "i": 157711904,
  "j": 72330736,
  "k": 153708480,
  "l": 73480368,
  "m": 156148096,
  "n": 1229090,
  "o": 1259139,
  "p": 1528099,
  "q": 1563792,
  "r": 2107892,
  "s": 4431480,
  "t": 2048657,
  "u": 4299255
}
