{
  "b": 6.113378047943115,
  "c": 12.90503215789795,
  "d": 5.915006637573242,
  "e": 12.48227310180664,
  "f": 64700000,
  "g": 135000000,
  "h": 66200000,
  "i": 139000000,
  "j": 63600000,
  "k": 134000000,
  "l": 65100000,
  "m": 137000000,
  "n": 1110000,
  "o": 1110000,
  "p": 1180000,
  "q": 1180000,
  "r": 899000,
  "s": 1870000,
  "t": 1060000,
  "u": 2210000
}
