{
  "b": 3.5111420154571533,
  "c": 7.43558931350708,
  "d": 3.8084840774536133,
  "e": 8.06325626373291,
  "f": 37200000,
  "g": 78000000,
  "h": 42700000,
  "i": 89500000,
  "j": 36500000,
  "k": 77300000,
  "l": 41900000,
  "m": 88700000,
  "n": 670000,
  "o": 670000,
  "p": 793000,
  "q": 793000,
  "r": 678000,
  "s": 1420000,
  "t": 888000,
  "u": 1860000
}
