{
  "b": 0.3834793269634247,
  "c": 0.8319085836410522,
  "d": 0.4646705090999603,
  "e": 1.0079271793365479,
  "f": 4060581,
  "g": 8727862,
  "h": 5201466,
  "i": 11181738,
  "j": 3988185,
  "k": 8651849,
  "l": 5111376,
  "m": 11087199,
  "n": 72396,
  "o": 76013,
  "p": 90090,
  "q": 94540,
  "r": 121836,
  "s": 261225,
  "t": 160897,
  "u": 345209
}
