{
  "b": 3.197483539581299,
  "c": 6.86830472946167,
  "d": 3.9489104747772217,
  "e": 8.480988502502441,
  "f": 33858432,
  "g": 72065744,
  "h": 44195008,
  "i": 94086624,
  "j": 33253828,
  "k": 71430368,
  "l": 43438016,
  "m": 93290872,
  "n": 604605,
  "o": 635369,
  "p": 756992,
  "q": 795753,
  "r": 509164,
  "s": 1081616,
  "t": 710610,
  "u": 1510854
}
