{
  "b": 3.197483539581299,
  "c": 6.86830472946167,
  "d": 3.9489104747772217,
  "e": 8.480988502502441,
  "f": 33900000,
  "g": 72100000,
  "h": 44200000,
  "i": 94100000,
  "j": 33300000,
  "k": 71400000,
  "l": 43400000,
  "m": 93300000,
  "n": 620000,
  "o": 620000,
  "p": 776000,
  "q": 776000,
  "r": 509000,
  "s": 1080000,
  "t": 711000,
  "u": 1510000
}
