{
  "b": 0.3834793269634247,
  "c": 0.8319085836410522,
  "d": 0.4646705090999603,
  "e": 1.0079271793365479,
  "f": 4060000,
  "g": 8730000,
  "h": 5200000,
  "i": 11200000,
  "j": 3990000,
  "k": 8650000,
  "l": 5110000,
  "m": 11100000,
  "n": 74200,
  "o": 74200,
  "p": 92300,
  "q": 92300,
  "r": 122000,
  "s": 261000,
  "t": 161000,
  "u": 345000
}
