{
  "b": 4.17006254196167,
  "c": 8.901161193847656,
  "d": 4.592921257019043,
  "e": 9.803401947021484,
  "f": 44150000,
  "g": 93390896,
  "h": 51440496,
  "i": 108800368,
  "j": 43368648,
  "k": 92572080,
  "l": 50522136,
  "m": 107837424,
  "n": 781351,
  "o": 818821,
  "p": 918366,
  "q": 962949,
  "r": 937229,
  "s": 1979798,
  "t": 1132054,
  "u": 2392014
}
