{
  "b": 11.16598892211914,
  "c": 23.657419204711914,
  "d": 9.998990058898926,
  "e": 21.180572509765625,
  "f": 118000000,
  "g": 248000000,
  "h": 112000000,
  "i": 235000000,
  "j": 116000000,
  "k": 246000000,
  "l": 110000000,
  "m": 233000000,
  "n": 1980000,
  "o": 1980000,
  "p": 2020000,
  "q": 2020000,
  "r": 4480000,
  "s": 9410000,
  "t": 4930000,
  "u": 10300000
}
