{
  "b": 1.2427350282669067,
  "c": 2.6700098514556885,
  "d": 1.4460883140563965,
  "e": 3.106686592102051,
  "f": 13200000,
  "g": 28000000,
  "h": 16200000,
  "i": 34500000,
  "j": 12900000,
  "k": 27800000,
  "l": 15900000,
  "m": 34200000,
  "n": 233000,
  "o": 233000,
  "p": 286000,
  "q": 286000,
  "r": 1300000,
  "s": 2780000,
  "t": 1500000,
  "u": 3190000
}
