{
  "b": 0.5208677649497986,
  "c": 1.1196848154067993,
  "d": 0.5599145889282227,
  "e": 1.2035831212997437,
  "f": 5509868,
  "g": 11742266,
  "h": 6267754,
  "i": 13353607,
  "j": 5417025,
  "k": 11644722,
  "l": 6159061,
  "m": 13239414,
  "n": 92844,
  "o": 97545,
  "p": 108694,
  "q": 114194,
  "r": 31057,
  "s": 66049,
  "t": 36506,
  "u": 77632
}
