{
  "b": 3.7884464263916016,
  "c": 8.13754653930664,
  "d": 4.493444442749023,
  "e": 9.65012264251709,
  "f": 40100000,
  "g": 85400000,
  "h": 50300000,
  "i": 107000000,
  "j": 39400000,
  "k": 84600000,
  "l": 49400000,
  "m": 106000000,
  "n": 728000,
  "o": 728000,
  "p": 866000,
  "q": 866000,
  "r": 493000,
  "s": 1050000,
  "t": 667000,
  "u": 1420000
}
