{
  "b": 3.7884464263916016,
  "c": 8.13754653930664,
  "d": 4.493444442749023,
  "e": 9.65012264251709,
  "f": 40109692,
  "g": 85376368,
  "h": 50271972,
  "i": 107038624,
  "j": 39399844,
  "k": 84630488,
  "l": 49427888,
  "m": 106151352,
  "n": 709850,
  "o": 745879,
  "p": 844086,
  "q": 887267,
  "r": 493053,
  "s": 1048583,
  "t": 667479,
  "u": 1420818
}
