{
  "b": 0.5208677649497986,
  "c": 1.1196848154067993,
  "d": 0.5599145889282227,
  "e": 1.2035831212997437,
  "f": 5510000,
  "g": 11700000,
  "h": 6270000,
  "i": 13400000,
  "j": 5420000,
  "k": 11600000,
  "l": 6160000,
  "m": 13200000,
  "n": 95200,
  "o": 95200,
  "p": 111000,
  "q": 111000,
  "r": 31100,
  "s": 66000,
  "t": 36500,
  "u": 77600
}
