{
  "b": 1.2427350282669067,
  "c": 2.6700098514556885,
  "d": 1.4460883140563965,
  "e": 3.106686592102051,
  "f": 13152672,
  "g": 28005824,
  "h": 16187607,
  "i": 34465768,
  "j": 12924444,
  "k": 27768102,
  "l": 15906972,
  "m": 34173552,
  "n": 228228,
  "o": 237727,
  "p": 280635,
  "q": 292217,
  "r": 1302492,
  "s": 2775585,
  "t": 1495353,
  "u": 3187027
}
