{
  "b": 14.988554000854492,
  "c": 31.317968368530273,
  "d": 19.06024742126465,
  "e": 39.822410583496094,
  "f": 159000000,
  "g": 329000000,
  "h": 213000000,
  "i": 442000000,
  "j": 156000000,
  "k": 326000000,
  "l": 210000000,
  "m": 438000000,
  "n": 2970000,
  "o": 2970000,
  "p": 3700000,
  "q": 3700000,
  "r": 6610000,
  "s": 13600000,
  "t": 8940000,
  "u": 18400000
}
