{
  "b": 11.16598892211914,
  "c": 23.657419204711914,
  "d": 9.998990058898926,
  "e": 21.180572509765625,
  "f": 118068680,
  "g": 248052624,
  "h": 111974512,
  "i": 235048016,
  "j": 116126280,
  "k": 246037152,
  "l": 109988888,
  "m": 232986304,
  "n": 1942387,
  "o": 2015456,
  "p": 1985640,
  "q": 2061708,
  "r": 4480576,
  "s": 9407099,
  "t": 4930144,
  "u": 10347388
}
