{
  "b": 14.988554000854492,
  "c": 31.317968368530273,
  "d": 19.06024742126465,
  "e": 39.822410583496094,
  "f": 158812160,
  "g": 328722240,
  "h": 213306752,
  "i": 441796032,
  "j": 155880960,
  "k": 325706880,
  "l": 209662720,
  "m": 438046528,
  "n": 2931189,
  "o": 3015360,
  "p": 3644044,
  "q": 3749501,
  "r": 6613231,
  "s": 13622742,
  "t": 8936934,
  "u": 18434222
}
