{
  "b": 0.5448313355445862,
  "c": 1.144417643547058,
  "d": 0.5408755540847778,
  "e": 1.1359633207321167,
  "f": 5770646,
  "g": 12008902,
  "h": 6063141,
  "i": 12611896,
  "j": 5666246,
  "k": 11901943,
  "l": 5949631,
  "m": 12495596,
  "n": 104400,
  "o": 106959,
  "p": 113509,
  "q": 116299,
  "r": 129603,
  "s": 270314,
  "t": 144736,
  "u": 301890
}
