{
  "b": 0.004152131732553244,
  "c": 0.00895303301513195,
  "d": 0.005789765622466803,
  "e": 0.012483110651373863,
  "f": 44000,
  "g": 93900,
  "h": 64600,
  "i": 138000,
  "j": 43200,
  "k": 93100,
  "l": 63700,
  "m": 137000,
  "n": 804,
  "o": 804,
  "p": 884,
  "q": 884,
  "r": 261,
  "s": 555,
  "t": 399,
  "u": 850
}
