{
  "b": 33.634029388427734,
  "c": 70.455322265625,
  "d": 39.87537384033203,
  "e": 83.51962280273438,
  "f": 356273024,
  "g": 739377472,
  "h": 446540832,
  "i": 926827840,
  "j": 349793920,
  "k": 732735360,
  "l": 438629120,
  "m": 918715840,
  "n": 6479134,
  "o": 6642064,
  "p": 7911680,
  "q": 8111940,
  "r": 26759708,
  "s": 55222704,
  "t": 34708032,
  "u": 71684464
}
