{
  "b": 0.004152131732553244,
  "c": 0.00895303301513195,
  "d": 0.005789765622466803,
  "e": 0.012483110651373863,
  "f": 43967,
  "g": 93934,
  "h": 64551,
  "i": 138219,
  "j": 43182,
  "k": 93112,
  "l": 63687,
  "m": 137314,
  "n": 785,
  "o": 822,
  "p": 864,
  "q": 904,
  "r": 261,
  "s": 555,
  "t": 399,
  "u": 850
}
