{
  "b": 33.634029388427734,
  "c": 70.455322265625,
  "d": 39.87537384033203,
  "e": 83.51962280273438,
  "f": 356000000,
  "g": 739000000,
  "h": 447000000,
  "i": 927000000,
  "j": 350000000,
  "k": 733000000,
  "l": 439000000,
  "m": 919000000,
  "n": 6560000,
  "o": 6560000,
  "p": 8010000,
  "q": 8010000,
  "r": 26800000,
  "s": 55200000,
  "t": 34700000,
  "u": 71700000
}
