{
  "b": 21.589557647705078,
  "c": 45.41532516479492,
  "d": 26.812694549560547,
  "e": 56.39506530761719,
  "f": 229000000,
  "g": 477000000,
  "h": 300000000,
  "i": 626000000,
  "j": 225000000,
  "k": 472000000,
  "l": 295000000,
  "m": 620000000,
  "n": 4240000,
  "o": 4240000,
  "p": 5230000,
  "q": 5230000,
  "r": 27400000,
  "s": 56900000,
  "t": 36900000,
  "u": 76800000
}
