{
  "b": 1.7253048419952393,
  "c": 3.7524518966674805,
  "d": 1.8322396278381348,
  "e": 3.9847381114959717,
  "f": 18300000,
  "g": 39400000,
  "h": 20500000,
  "i": 44200000,
  "j": 17900000,
  "k": 39000000,
  "l": 20200000,
  "m": 43800000,
  "n": 318000,
  "o": 318000,
  "p": 370000,
  "q": 370000,
  "r": 121000,
  "s": 261000,
  "t": 143000,
  "u": 308000
}
