{
  "b": 1.7253048419952393,
  "c": 3.7524518966674805,
  "d": 1.8322396278381348,
  "e": 3.9847381114959717,
  "f": 18251156,
  "g": 39353040,
  "h": 20512896,
  "i": 44213200,
  "j": 17943170,
  "k": 39025500,
  "l": 20154636,
  "m": 43832120,
  "n": 307986,
  "o": 327537,
  "p": 358258,
  "q": 381077,
  "r": 121102,
  "s": 260776,
  "t": 142930,
  "u": 307792
}
