{
  "b": 0.5448313355445862,
  "c": 1.144417643547058,
  "d": 0.5408755540847778,
  "e": 1.1359633207321167,
  "f": 5770000,
  "g": 12000000,
  "h": 6060000,
  "i": 12600000,
  "j": 5670000,
  "k": 11900000,
  "l": 5950000,
  "m": 12500000,
  "n": 106000,
  "o": 106000,
  "p": 115000,
  "q": 115000,
  "r": 130000,
  "s": 270000,
  "t": 145000,
  "u": 302000
}
