{
  "b": 0.43192654848098755,
  "c": 0.9295157790184021,
  "d": 0.44998639822006226,
  "e": 0.968222975730896,
  "f": 4570000,
  "g": 9750000,
  "h": 5040000,
  "i": 10700000,
  "j": 4490000,
  "k": 9670000,
  "l": 4950000,
  "m": 10700000,
  "n": 82400,
  "o": 82400,
  "p": 94100,
  "q": 94100,
  "r": 27100,
  "s": 57900,
  "t": 32400,
  "u": 69100
}
