{
  "b": 0.5736978650093079,
  "c": 1.2219384908676147,
  "d": 0.6291167736053467,
  "e": 1.3398168087005615,
  "f": 6070000,
  "g": 12800000,
  "h": 7050000,
  "i": 14900000,
  "j": 5970000,
  "k": 12700000,
  "l": 6920000,
  "m": 14700000,
  "n": 108000,
  "o": 108000,
  "p": 128000,
  "q": 128000,
  "r": 148000,
  "s": 311000,
  "t": 174000,
  "u": 366000
}
