{
  "b": 4.0795745849609375,
  "c": 8.404708862304688,
  "d": 4.6126532554626465,
  "e": 9.502066612243652,
  "f": 43159552,
  "g": 88154568,
  "h": 51592372,
  "i": 105392056,
  "j": 42427576,
  "k": 87408968,
  "l": 50739184,
  "m": 104522728,
  "n": 731984,
  "o": 745611,
  "p": 853185,
  "q": 869341,
  "r": 656250,
  "s": 1336102,
  "t": 793318,
  "u": 1616205
}
