{
  "b": 0.03512243553996086,
  "c": 0.07549040019512177,
  "d": 0.03568698465824127,
  "e": 0.07669577747583389,
  "f": 372000,
  "g": 792000,
  "h": 400000,
  "i": 851000,
  "j": 365000,
  "k": 785000,
  "l": 393000,
  "m": 844000,
  "n": 6670,
  "o": 6670,
  "p": 7180,
  "q": 7180,
  "r": 20900,
  "s": 44700,
  "t": 23600,
  "u": 50400
}
