{
  "b": 0.03512243553996086,
  "c": 0.07549040019512177,
  "d": 0.03568698465824127,
  "e": 0.07669577747583389,
  "f": 371807,
  "g": 791904,
  "h": 399590,
  "i": 850975,
  "j": 365273,
  "k": 785100,
  "l": 392557,
  "m": 843654,
  "n": 6534,
  "o": 6804,
  "p": 7033,
  "q": 7321,
  "r": 20926,
  "s": 44691,
  "t": 23578,
  "u": 50368
}
