{
  "b": 0.43192654848098755,
  "c": 0.9295157790184021,
  "d": 0.44998639822006226,
  "e": 0.968222975730896,
  "f": 4572432,
  "g": 9751406,
  "h": 5041615,
  "i": 10746853,
  "j": 4492036,
  "k": 9666964,
  "l": 4949851,
  "m": 10650453,
  "n": 80396,
  "o": 84442,
  "p": 91764,
  "q": 96400,
  "r": 27145,
  "s": 57917,
  "t": 32362,
  "u": 69062
}
