{
  "b": 0.5736978650093079,
  "c": 1.2219384908676147,
  "d": 0.6291167736053467,
  "e": 1.3398168087005615,
  "f": 6072334,
  "g": 12817758,
  "h": 7046189,
  "i": 14868286,
  "j": 5966458,
  "k": 12708160,
  "l": 6920285,
  "m": 14737985,
  "n": 105875,
  "o": 109597,
  "p": 125905,
  "q": 130300,
  "r": 147821,
  "s": 311348,
  "t": 173934,
  "u": 366361
}
