{
  "b": 2.2402760982513428,
  "c": 4.645947456359863,
  "d": 2.565009117126465,
  "e": 5.319077968597412,
  "f": 23700000,
  "g": 48800000,
  "h": 28700000,
  "i": 59100000,
  "j": 23300000,
  "k": 48300000,
  "l": 28200000,
  "m": 58500000,
  "n": 431000,
  "o": 431000,
  "p": 538000,
  "q": 538000,
  "r": 465000,
  "s": 952000,
  "t": 587000,
  "u": 1200000
}
