{
  "b": 2.2402760982513428,
  "c": 4.645947456359863,
  "d": 2.565009117126465,
  "e": 5.319077968597412,
  "f": 23725168,
  "g": 48754280,
  "h": 28746388,
  "i": 59053976,
  "j": 23298872,
  "k": 48317856,
  "l": 28215100,
  "m": 58509860,
  "n": 426298,
  "o": 436430,
  "p": 531289,
  "q": 544119,
  "r": 464832,
  "s": 951841,
  "t": 587227,
  "u": 1202692
}
