{
  "b": 4.0795745849609375,
  "c": 8.404708862304688,
  "d": 4.6126532554626465,
  "e": 9.502066612243652,
  "f": 43200000,
  "g": 88200000,
  "h": 51600000,
  "i": 105000000,
  "j": 42400000,
  "k": 87400000,
  "l": 50700000,
  "m": 105000000,
  "n": 739000,
  "o": 739000,
  "p": 861000,
  "q": 861000,
  "r": 656000,
  "s": 1340000,
  "t": 793000,
  "u": 1620000
}
