{
  "b": 1.22138512134552,
  "c": 2.64418363571167,
  "d": 1.714071273803711,
  "e": 3.7103617191314697,
  "f": 12964534,
  "g": 27772230,
  "h": 19238046,
  "i": 41212488,
  "j": 12702405,
  "k": 27499510,
  "l": 18854784,
  "m": 40813980,
  "n": 262129,
  "o": 272720,
  "p": 383263,
  "q": 398508,
  "r": 1686637,
  "s": 3616649,
  "t": 2636219,
  "u": 5655759
}
