{
  "b": 4.5622878074646,
  "c": 9.698136329650879,
  "d": 5.989560604095459,
  "e": 12.730615615844727,
  "f": 48291508,
  "g": 101732512,
  "h": 66989624,
  "i": 141178016,
  "j": 47447792,
  "k": 100860616,
  "l": 65885168,
  "m": 140036768,
  "n": 843715,
  "o": 871881,
  "p": 1104456,
  "q": 1141271,
  "r": 2968839,
  "s": 6241376,
  "t": 4251550,
  "u": 8945386
}
