{
  "b": 0.31026971340179443,
  "c": 0.6723207235336304,
  "d": 0.3246137797832489,
  "e": 0.7032942771911621,
  "f": 3280000,
  "g": 7050000,
  "h": 3630000,
  "i": 7800000,
  "j": 3230000,
  "k": 6990000,
  "l": 3570000,
  "m": 7740000,
  "n": 59200,
  "o": 59200,
  "p": 64500,
  "q": 64500,
  "r": 25000,
  "s": 53700,
  "t": 29900,
  "u": 64300
}
