{
  "b": 1.22138512134552,
  "c": 2.64418363571167,
  "d": 1.714071273803711,
  "e": 3.7103617191314697,
  "f": 13000000,
  "g": 27800000,
  "h": 19200000,
  "i": 41200000,
  "j": 12700000,
  "k": 27500000,
  "l": 18900000,
  "m": 40800000,
  "n": 267000,
  "o": 267000,
  "p": 391000,
  "q": 391000,
  "r": 1690000,
  "s": 3620000,
  "t": 2640000,
  "u": 5660000
}
