{
  "b": 14.300609588623047,
  "c": 30.165002822875977,
  "d": 21.755586624145508,
  "e": 45.882240295410156,
  "f": 152000000,
  "g": 317000000,
  "h": 243000000,
  "i": 509000000,
  "j": 149000000,
  "k": 314000000,
  "l": 239000000,
  "m": 505000000,
  "n": 2890000,
  "o": 2890000,
  "p": 4080000,
  "q": 4080000,
  "r": 37400000,
  "s": 77900000,
  "t": 65200000,
  "u": 136000000
}
