{
  "b": 4.600936412811279,
  "c": 9.964315414428711,
  "d": 5.300644397735596,
  "e": 11.479913711547852,
  "f": 48710596,
  "g": 104544576,
  "h": 59371880,
  "i": 127412208,
  "j": 47849740,
  "k": 103628880,
  "l": 58307088,
  "m": 126279056,
  "n": 860859,
  "o": 915687,
  "p": 1064797,
  "q": 1133163,
  "r": 3170354,
  "s": 6793677,
  "t": 3794879,
  "u": 8133547
}
