{
  "b": 0.31026971340179443,
  "c": 0.6723207235336304,
  "d": 0.3246137797832489,
  "e": 0.7032942771911621,
  "f": 3284311,
  "g": 7053029,
  "h": 3633353,
  "i": 7802541,
  "j": 3226805,
  "k": 6992136,
  "l": 3570752,
  "m": 7736237,
  "n": 57506,
  "o": 60893,
  "p": 62601,
  "q": 66304,
  "r": 24996,
  "s": 53722,
  "t": 29923,
  "u": 64348
}
