{
  "b": 8.634197235107422,
  "c": 18.25432014465332,
  "d": 9.464258193969727,
  "e": 20.008359909057617,
  "f": 91337064,
  "g": 191443520,
  "h": 105959400,
  "i": 222013536,
  "j": 89795656,
  "k": 189844928,
  "l": 104106840,
  "m": 220091952,
  "n": 1541411,
  "o": 1598609,
  "p": 1852559,
  "q": 1921559,
  "r": 1742676,
  "s": 3641836,
  "t": 2121279,
  "u": 4432270
}
