{
  "b": 5.3199028968811035,
  "c": 11.374719619750977,
  "d": 5.611677169799805,
  "e": 11.99739933013916,
  "f": 56300000,
  "g": 119000000,
  "h": 62900000,
  "i": 133000000,
  "j": 55300000,
  "k": 118000000,
  "l": 61700000,
  "m": 132000000,
  "n": 1010000,
  "o": 1010000,
  "p": 1160000,
  "q": 1160000,
  "r": 9470000,
  "s": 20100000,
  "t": 12000000,
  "u": 25500000
}
