{
  "b": 0.7966032028198242,
  "c": 1.7173032760620117,
  "d": 0.8376770615577698,
  "e": 1.8055678606033325,
  "f": 8433440,
  "g": 18016952,
  "h": 9391517,
  "i": 20048178,
  "j": 8284674,
  "k": 17859954,
  "l": 9214448,
  "m": 19861246,
  "n": 148766,
  "o": 156999,
  "p": 177069,
  "q": 186932,
  "r": 62694,
  "s": 133868,
  "t": 74569,
  "u": 159213
}
