{
  "b": 0.9842973351478577,
  "c": 2.10001277923584,
  "d": 1.0996042490005493,
  "e": 2.3457400798797607,
  "f": 10421596,
  "g": 22032288,
  "h": 12313634,
  "i": 26029662,
  "j": 10236692,
  "k": 21840132,
  "l": 12095647,
  "m": 25803142,
  "n": 184905,
  "o": 192155,
  "p": 217987,
  "q": 226517,
  "r": 301035,
  "s": 634460,
  "t": 359628,
  "u": 758279
}
