{
  "b": 5.3199028968811035,
  "c": 11.374719619750977,
  "d": 5.611677169799805,
  "e": 11.99739933013916,
  "f": 56308572,
  "g": 119325808,
  "h": 62863160,
  "i": 133161024,
  "j": 55326992,
  "k": 118297088,
  "l": 61728448,
  "m": 131971392,
  "n": 981582,
  "o": 1028718,
  "p": 1134705,
  "q": 1189615,
  "r": 9469381,
  "s": 20092348,
  "t": 12010892,
  "u": 25485736
}
