{
  "b": 154.95401000976562,
  "c": 306.6695251464844,
  "d": 262.6840515136719,
  "e": 519.8870239257812,
  "f": 1650000000,
  "g": 3230000000,
  "h": 2950000000,
  "i": 5780000000,
  "j": 1610000000,
  "k": 3190000000,
  "l": 2890000000,
  "m": 5720000000,
  "n": 39100000,
  "o": 39100000,
  "p": 59100000,
  "q": 59100000,
  "r": 170000000,
  "s": 332000000,
  "t": 307000000,
  "u": 598000000
}
