{
  "b": 154.95401000976562,
  "c": 306.6695251464844,
  "d": 262.6840515136719,
  "e": 519.8870239257812,
  "f": 1650650368,
  "g": 3228359680,
  "h": 2948672768,
  "i": 5777723904,
  "j": 1611521664,
  "k": 3189362944,
  "l": 2889524480,
  "m": 5718757376,
  "n": 39128656,
  "o": 38996920,
  "p": 59148420,
  "q": 58966568,
  "r": 170239440,
  "s": 331625408,
  "t": 306531776,
  "u": 598491008
}
