{
  "b": 8.634197235107422,
  "c": 18.25432014465332,
  "d": 9.464258193969727,
  "e": 20.008359909057617,
  "f": 91300000,
  "g": 191000000,
  "h": 106000000,
  "i": 222000000,
  "j": 89800000,
  "k": 190000000,
  "l": 104000000,
  "m": 220000000,
  "n": 1570000,
  "o": 1570000,
  "p": 1890000,
  "q": 1890000,
  "r": 1740000,
  "s": 3640000,
  "t": 2120000,
  "u": 4430000
}
