{
  "b": 0.07367762923240662,
  "c": 0.1561543047428131,
  "d": 0.06668836623430252,
  "e": 0.14133372902870178,
  "f": 779459,
  "g": 1637668,
  "h": 747829,
  "i": 1569417,
  "j": 766247,
  "k": 1624005,
  "l": 733572,
  "m": 1554671,
  "n": 13211,
  "o": 13663,
  "p": 14257,
  "q": 14745,
  "r": 2362,
  "s": 4963,
  "t": 2399,
  "u": 5037
}
