{
  "b": 1.9277751445770264,
  "c": 4.119234561920166,
  "d": 2.0356454849243164,
  "e": 4.349089622497559,
  "f": 20414924,
  "g": 43221356,
  "h": 22830356,
  "i": 48296460,
  "j": 20048862,
  "k": 42840040,
  "l": 22392100,
  "m": 47839984,
  "n": 366065,
  "o": 381313,
  "p": 438256,
  "q": 456479,
  "r": 2693076,
  "s": 5707298,
  "t": 3039664,
  "u": 6438333
}
