{
  "b": 5.189485549926758,
  "c": 10.51794719696045,
  "d": 5.078178405761719,
  "e": 10.290014266967773,
  "f": 54900000,
  "g": 110000000,
  "h": 56900000,
  "i": 114000000,
  "j": 54000000,
  "k": 109000000,
  "l": 55900000,
  "m": 113000000,
  "n": 911000,
  "o": 911000,
  "p": 996000,
  "q": 996000,
  "r": 1080000,
  "s": 2160000,
  "t": 1230000,
  "u": 2460000
}
