{
  "b": 11.568462371826172,
  "c": 23.921024322509766,
  "d": 13.054193496704102,
  "e": 26.991769790649414,
  "f": 122390624,
  "g": 250894128,
  "h": 146136816,
  "i": 299495616,
  "j": 120312008,
  "k": 248778656,
  "l": 143596128,
  "m": 296909472,
  "n": 2078613,
  "o": 2115496,
  "p": 2540702,
  "q": 2586171,
  "r": 3565920,
  "s": 7278078,
  "t": 4372431,
  "u": 8925096
}
