{
  "b": 0.07367762923240662,
  "c": 0.1561543047428131,
  "d": 0.06668836623430252,
  "e": 0.14133372902870178,
  "f": 779000,
  "g": 1640000,
  "h": 748000,
  "i": 1570000,
  "j": 766000,
  "k": 1620000,
  "l": 734000,
  "m": 1550000,
  "n": 13400,
  "o": 13400,
  "p": 14500,
  "q": 14500,
  "r": 2360,
  "s": 4960,
  "t": 2400,
  "u": 5040
}
