{
  "b": 1.9277751445770264,
  "c": 4.119234561920166,
  "d": 2.0356454849243164,
  "e": 4.349089622497559,
  "f": 20400000,
  "g": 43200000,
  "h": 22800000,
  "i": 48300000,
  "j": 20000000,
  "k": 42800000,
  "l": 22400000,
  "m": 47800000,
  "n": 374000,
  "o": 374000,
  "p": 447000,
  "q": 447000,
  "r": 2690000,
  "s": 5710000,
  "t": 3040000,
  "u": 6440000
}
