{
  "b": 11.568462371826172,
  "c": 23.921024322509766,
  "d": 13.054193496704102,
  "e": 26.991769790649414,
  "f": 122000000,
  "g": 251000000,
  "h": 146000000,
  "i": 299000000,
  "j": 120000000,
  "k": 249000000,
  "l": 144000000,
  "m": 297000000,
  "n": 2100000,
  "o": 2100000,
  "p": 2560000,
  "q": 2560000,
  "r": 3570000,
  "s": 7280000,
  "t": 4370000,
  "u": 8930000
}
