{
  "b": 5.189485549926758,
  "c": 10.51794719696045,
  "d": 5.078178405761719,
  "e": 10.290014266967773,
  "f": 54880856,
  "g": 110297760,
  "h": 56855452,
  "i": 114187312,
  "j": 53970652,
  "k": 109386648,
  "l": 55859960,
  "m": 113190152,
  "n": 910200,
  "o": 911114,
  "p": 995498,
  "q": 997169,
  "r": 1081076,
  "s": 2162828,
  "t": 1229818,
  "u": 2460516
}
