{
  "b": 17.559083938598633,
  "c": 36.84960174560547,
  "d": 20.447175979614258,
  "e": 42.90586471557617,
  "f": 185857776,
  "g": 386572480,
  "h": 228813152,
  "i": 475971456,
  "j": 182614464,
  "k": 383235840,
  "l": 224918944,
  "m": 471964512,
  "n": 3243329,
  "o": 3336688,
  "p": 3894190,
  "q": 4006957,
  "r": 7653078,
  "s": 15895965,
  "t": 9942042,
  "u": 20661702
}
