{
  "b": 1.0510900020599365,
  "c": 2.2433032989501953,
  "d": 1.1046277284622192,
  "e": 2.3572211265563965,
  "f": 11130655,
  "g": 23538064,
  "h": 12381826,
  "i": 26170044,
  "j": 10931336,
  "k": 23330354,
  "l": 12150905,
  "m": 25929432,
  "n": 199320,
  "o": 207712,
  "p": 230922,
  "q": 240613,
  "r": 234763,
  "s": 495343,
  "t": 281609,
  "u": 594130
}
