{
  "b": 3.137268304824829,
  "c": 6.7594475746154785,
  "d": 3.3881280422210693,
  "e": 7.299373149871826,
  "f": 33188916,
  "g": 70889104,
  "h": 37915392,
  "i": 80973200,
  "j": 32627590,
  "k": 70298256,
  "l": 37269408,
  "m": 80293104,
  "n": 561326,
  "o": 590838,
  "p": 645981,
  "q": 680088,
  "r": 1258255,
  "s": 2680640,
  "t": 1460602,
  "u": 3112257
}
