{
  "b": 75.82191467285156,
  "c": 160.28456115722656,
  "d": 104.14189147949219,
  "e": 220.1450653076172,
  "f": 802000000,
  "g": 1680000000,
  "h": 1160000000,
  "i": 2440000000,
  "j": 789000000,
  "k": 1670000000,
  "l": 1150000000,
  "m": 2420000000,
  "n": 13500000,
  "o": 13500000,
  "p": 17300000,
  "q": 17300000,
  "r": 339000000,
  "s": 710000000,
  "t": 541000000,
  "u": 1130000000
}
