{
  "b": 75.82191467285156,
  "c": 160.28456115722656,
  "d": 104.14189147949219,
  "e": 220.1450653076172,
  "f": 801886080,
  "g": 1680552704,
  "h": 1162698752,
  "i": 2439044096,
  "j": 788547904,
  "k": 1666959360,
  "l": 1145560832,
  "m": 2421595648,
  "n": 13338102,
  "o": 13593168,
  "p": 17137790,
  "q": 17448564,
  "r": 338763744,
  "s": 709546368,
  "t": 541019392,
  "u": 1134574976
}
