{
  "b": 5.286872863769531,
  "c": 11.05766773223877,
  "d": 6.155374526977539,
  "e": 12.873656272888184,
  "f": 55900000,
  "g": 116000000,
  "h": 68800000,
  "i": 143000000,
  "j": 55000000,
  "k": 115000000,
  "l": 67700000,
  "m": 142000000,
  "n": 908000,
  "o": 908000,
  "p": 1090000,
  "q": 1090000,
  "r": 456000,
  "s": 941000,
  "t": 552000,
  "u": 1140000
}
