{
  "b": 0.04296078160405159,
  "c": 0.09010175615549088,
  "d": 0.04347630590200424,
  "e": 0.09116224944591522,
  "f": 455000,
  "g": 946000,
  "h": 488000,
  "i": 1010000,
  "j": 447000,
  "k": 937000,
  "l": 478000,
  "m": 1000000,
  "n": 8580,
  "o": 8580,
  "p": 9790,
  "q": 9790,
  "r": 6820,
  "s": 14100,
  "t": 7200,
  "u": 14900
}
