{
  "b": 4.441012382507324,
  "c": 9.469444274902344,
  "d": 4.625015735626221,
  "e": 9.86040210723877,
  "f": 47025592,
  "g": 99358120,
  "h": 51845748,
  "i": 109477760,
  "j": 46186528,
  "k": 98482224,
  "l": 50875172,
  "m": 108464424,
  "n": 839063,
  "o": 875898,
  "p": 970576,
  "q": 1013342,
  "r": 1040543,
  "s": 2189652,
  "t": 1190693,
  "u": 2505617
}
