{
  "b": 4.441012382507324,
  "c": 9.469444274902344,
  "d": 4.625015735626221,
  "e": 9.86040210723877,
  "f": 47000000,
  "g": 99400000,
  "h": 51800000,
  "i": 109000000,
  "j": 46200000,
  "k": 98500000,
  "l": 50900000,
  "m": 108000000,
  "n": 857000,
  "o": 857000,
  "p": 992000,
  "q": 992000,
  "r": 1040000,
  "s": 2190000,
  "t": 1190000,
  "u": 2510000
}

