{
  "b": 0.5893815159797668,
  "c": 1.2144144773483276,
  "d": 0.5955169200897217,
  "e": 1.2268576622009277,
  "f": 6240000,
  "g": 12700000,
  "h": 6680000,
  "i": 13600000,
  "j": 6130000,
  "k": 12600000,
  "l": 6550000,
  "m": 13500000,
  "n": 114000,
  "o": 114000,
  "p": 129000,
  "q": 129000,
  "r": 131000,
  "s": 268000,
  "t": 148000,
  "u": 303000
}
