{
  "b": 38.00260925292969,
  "c": 80.067626953125,
  "d": 56.67729568481445,
  "e": 119.40874481201172,
  "f": 402168672,
  "g": 839857856,
  "h": 633277184,
  "i": 1323625088,
  "j": 395227136,
  "k": 832703296,
  "l": 623450240,
  "m": 1313496192,
  "n": 6941523,
  "o": 7154532,
  "p": 9826895,
  "q": 10128836,
  "r": 27824120,
  "s": 57991152,
  "t": 45316056,
  "u": 94553248
}
