{
  "b": 40.63289260864258,
  "c": 83.24690246582031,
  "d": 47.930667877197266,
  "e": 98.19366455078125,
  "f": 430000000,
  "g": 873000000,
  "h": 536000000,
  "i": 1090000000,
  "j": 423000000,
  "k": 866000000,
  "l": 527000000,
  "m": 1080000000,
  "n": 7300000,
  "o": 7300000,
  "p": 8550000,
  "q": 8550000,
  "r": 43000000,
  "s": 87100000,
  "t": 54000000,
  "u": 109000000
}
