{
  "b": 40.63289260864258,
  "c": 83.24690246582031,
  "d": 47.930667877197266,
  "e": 98.19366455078125,
  "f": 429859040,
  "g": 873086976,
  "h": 535761056,
  "i": 1088703232,
  "j": 422582080,
  "k": 865767808,
  "l": 527237344,
  "m": 1080130304,
  "n": 7276980,
  "o": 7319092,
  "p": 8523702,
  "q": 8573061,
  "r": 43028848,
  "s": 87135104,
  "t": 54008904,
  "u": 109465808
}
