{
  "b": 6.990684509277344,
  "c": 14.306635856628418,
  "d": 8.210295677185059,
  "e": 16.80143165588379,
  "f": 73937512,
  "g": 150036512,
  "h": 91838000,
  "i": 186357056,
  "j": 72703120,
  "k": 148789008,
  "l": 90313248,
  "m": 184815744,
  "n": 1234395,
  "o": 1247506,
  "p": 1524752,
  "q": 1541295,
  "r": 2020114,
  "s": 4072354,
  "t": 2666222,
  "u": 5376815
}
