{
  "b": 0.21199187636375427,
  "c": 0.4668668806552887,
  "d": 0.23740263283252716,
  "e": 0.5227291584014893,
  "f": 2244792,
  "g": 4898374,
  "h": 2659606,
  "i": 5801662,
  "j": 2204716,
  "k": 4855416,
  "l": 2611429,
  "m": 5750021,
  "n": 40077,
  "o": 42958,
  "p": 48177,
  "q": 51641,
  "r": 17939,
  "s": 39117,
  "t": 22988,
  "u": 50150
}
