{
  "b": 10.526698112487793,
  "c": 22.48232078552246,
  "d": 11.185919761657715,
  "e": 23.885456085205078,
  "f": 111000000,
  "g": 236000000,
  "h": 125000000,
  "i": 265000000,
  "j": 109000000,
  "k": 234000000,
  "l": 123000000,
  "m": 263000000,
  "n": 2040000,
  "o": 2040000,
  "p": 2340000,
  "q": 2340000,
  "r": 13800000,
  "s": 29100000,
  "t": 13300000,
  "u": 28100000
}
