{
  "b": 0.21199187636375427,
  "c": 0.4668668806552887,
  "d": 0.23740263283252716,
  "e": 0.5227291584014893,
  "f": 2240000,
  "g": 4900000,
  "h": 2660000,
  "i": 5800000,
  "j": 2200000,
  "k": 4860000,
  "l": 2610000,
  "m": 5750000,
  "n": 41500,
  "o": 41500,
  "p": 49900,
  "q": 49900,
  "r": 17900,
  "s": 39100,
  "t": 23000,
  "u": 50200
}
