{
  "b": 0.6760222315788269,
  "c": 1.4766347408294678,
  "d": 0.8440150022506714,
  "e": 1.8432588577270508,
  "f": 7161118,
  "g": 15495466,
  "h": 9438465,
  "i": 20439560,
  "j": 7030631,
  "k": 15357001,
  "l": 9284165,
  "m": 20275848,
  "n": 130487,
  "o": 138465,
  "p": 154301,
  "q": 163709,
  "r": 406153,
  "s": 873625,
  "t": 548249,
  "u": 1180989
}
