{
  "b": 3.5276200771331787,
  "c": 7.1097092628479,
  "d": 4.233582496643066,
  "e": 8.531697273254395,
  "f": 37332816,
  "g": 74584072,
  "h": 47392416,
  "i": 94668928,
  "j": 36687248,
  "k": 73940976,
  "l": 46569408,
  "m": 93848672,
  "n": 645570,
  "o": 643093,
  "p": 823005,
  "q": 820254,
  "r": 959851,
  "s": 1915164,
  "t": 1298176,
  "u": 2591066
}
