{
  "b": 10.526698112487793,
  "c": 22.48232078552246,
  "d": 11.185919761657715,
  "e": 23.885456085205078,
  "f": 111475952,
  "g": 235893520,
  "h": 125342528,
  "i": 265128064,
  "j": 109477664,
  "k": 233816128,
  "l": 123045120,
  "m": 262740016,
  "n": 1998285,
  "o": 2077393,
  "p": 2297400,
  "q": 2388037,
  "r": 13756994,
  "s": 29127774,
  "t": 13276058,
  "u": 28087254
}
