{
  "b": 0.6760222315788269,
  "c": 1.4766347408294678,
  "d": 0.8440150022506714,
  "e": 1.8432588577270508,
  "f": 7160000,
  "g": 15500000,
  "h": 9440000,
  "i": 20400000,
  "j": 7030000,
  "k": 15400000,
  "l": 9280000,
  "m": 20300000,
  "n": 134000,
  "o": 134000,
  "p": 159000,
  "q": 159000,
  "r": 406000,
  "s": 874000,
  "t": 548000,
  "u": 1180000
}
