{
  "b": 19.883934020996094,
  "c": 41.27198028564453,
  "d": 23.294719696044922,
  "e": 48.35019302368164,
  "f": 210000000,
  "g": 433000000,
  "h": 260000000,
  "i": 536000000,
  "j": 207000000,
  "k": 429000000,
  "l": 256000000,
  "m": 532000000,
  "n": 3510000,
  "o": 3510000,
  "p": 4280000,
  "q": 4280000,
  "r": 7000000,
  "s": 14400000,
  "t": 8740000,
  "u": 17900000
}
