{
  "b": 3.5276200771331787,
  "c": 7.1097092628479,
  "d": 4.233582496643066,
  "e": 8.531697273254395,
  "f": 37300000,
  "g": 74600000,
  "h": 47400000,
  "i": 94700000,
  "j": 36700000,
  "k": 73900000,
  "l": 46600000,
  "m": 93800000,
  "n": 644000,
  "o": 644000,
  "p": 822000,
  "q": 822000,
  "r": 960000,
  "s": 1920000,
  "t": 1300000,
  "u": 2590000
}
