{
  "b": 19.883934020996094,
  "c": 41.27198028564453,
  "d": 23.294719696044922,
  "e": 48.35019302368164,
  "f": 210265504,
  "g": 432780768,
  "h": 260473824,
  "i": 536182144,
  "j": 206792912,
  "k": 429228608,
  "l": 256241920,
  "m": 531852128,
  "n": 3472584,
  "o": 3552168,
  "p": 4231908,
  "q": 4330028,
  "r": 7002791,
  "s": 14368980,
  "t": 8737972,
  "u": 17936084
}
