{
  "b": 0.49807628989219666,
  "c": 1.06905996799469,
  "d": 0.5343559980392456,
  "e": 1.146794319152832,
  "f": 5269533,
  "g": 11211900,
  "h": 5985278,
  "i": 12727074,
  "j": 5179994,
  "k": 11118224,
  "l": 5877916,
  "m": 12614737,
  "n": 89539,
  "o": 93674,
  "p": 107362,
  "q": 112339,
  "r": 71442,
  "s": 152101,
  "t": 87013,
  "u": 185229
}
