{
  "b": 0.49807628989219666,
  "c": 1.06905996799469,
  "d": 0.5343559980392456,
  "e": 1.146794319152832,
  "f": 5270000,
  "g": 11200000,
  "h": 5990000,
  "i": 12700000,
  "j": 5180000,
  "k": 11100000,
  "l": 5880000,
  "m": 12600000,
  "n": 91600,
  "o": 91600,
  "p": 110000,
  "q": 110000,
  "r": 71400,
  "s": 152000,
  "t": 87000,
  "u": 185000
}
