{
  "b": 6.927769184112549,
  "c": 14.526527404785156,
  "d": 6.807650089263916,
  "e": 14.27413558959961,
  "f": 73231952,
  "g": 152297136,
  "h": 76174576,
  "i": 158347680,
  "j": 72048800,
  "k": 151075888,
  "l": 74884152,
  "m": 157015488,
  "n": 1183147,
  "o": 1221261,
  "p": 1290423,
  "q": 1332195,
  "r": 588793,
  "s": 1222870,
  "t": 634827,
  "u": 1318306
}
