{
  "b": 10.542701721191406,
  "c": 22.43344497680664,
  "d": 14.807215690612793,
  "e": 31.501264572143555,
  "f": 111637568,
  "g": 235372608,
  "h": 165526000,
  "i": 349254976,
  "j": 109644096,
  "k": 233307824,
  "l": 162879376,
  "m": 346513920,
  "n": 1993461,
  "o": 2064794,
  "p": 2646615,
  "q": 2741053,
  "r": 6119755,
  "s": 12858059,
  "t": 9648142,
  "u": 20299858
}
