{
  "b": 0.16278807818889618,
  "c": 0.34885427355766296,
  "d": 0.21232227981090546,
  "e": 0.4549107253551483,
  "f": 1720000,
  "g": 3660000,
  "h": 2370000,
  "i": 5040000,
  "j": 1690000,
  "k": 3630000,
  "l": 2340000,
  "m": 5000000,
  "n": 32000,
  "o": 32000,
  "p": 39900,
  "q": 39900,
  "r": 50400,
  "s": 106000,
  "t": 75200,
  "u": 159000
}
