{
  "b": 6.927769184112549,
  "c": 14.526527404785156,
  "d": 6.807650089263916,
  "e": 14.27413558959961,
  "f": 73200000,
  "g": 152000000,
  "h": 76200000,
  "i": 158000000,
  "j": 72000000,
  "k": 151000000,
  "l": 74900000,
  "m": 157000000,
  "n": 1200000,
  "o": 1200000,
  "p": 1310000,
  "q": 1310000,
  "r": 589000,
  "s": 1220000,
  "t": 635000,
  "u": 1320000
}
