{
  "b": 0.16278807818889618,
  "c": 0.34885427355766296,
  "d": 0.21232227981090546,
  "e": 0.4549107253551483,
  "f": 1724493,
  "g": 3660671,
  "h": 2374779,
  "i": 5044593,
  "j": 1692996,
  "k": 3628085,
  "l": 2335545,
  "m": 5004018,
  "n": 31497,
  "o": 32586,
  "p": 39234,
  "q": 40575,
  "r": 50445,
  "s": 106295,
  "t": 75234,
  "u": 158757
}
