{
  "b": 10.542701721191406,
  "c": 22.43344497680664,
  "d": 14.807215690612793,
  "e": 31.501264572143555,
  "f": 112000000,
  "g": 235000000,
  "h": 166000000,
  "i": 349000000,
  "j": 110000000,
  "k": 233000000,
  "l": 163000000,
  "m": 347000000,
  "n": 2030000,
  "o": 2030000,
  "p": 2690000,
  "q": 2690000,
  "r": 6120000,
  "s": 12900000,
  "t": 9650000,
  "u": 20300000
}
