{
  "b": 0.797666072845459,
  "c": 1.7335944175720215,
  "d": 0.9668262600898743,
  "e": 2.101038932800293,
  "f": 8440000,
  "g": 18200000,
  "h": 10800000,
  "i": 23300000,
  "j": 8300000,
  "k": 18000000,
  "l": 10600000,
  "m": 23100000,
  "n": 152000,
  "o": 152000,
  "p": 181000,
  "q": 181000,
  "r": 426000,
  "s": 917000,
  "t": 552000,
  "u": 1190000
}
