{
  "b": 4.063798427581787,
  "c": 8.60578727722168,
  "d": 4.3662028312683105,
  "e": 9.245899200439453,
  "f": 43000000,
  "g": 90300000,
  "h": 48900000,
  "i": 103000000,
  "j": 42300000,
  "k": 89500000,
  "l": 48000000,
  "m": 102000000,
  "n": 767000,
  "o": 767000,
  "p": 918000,
  "q": 918000,
  "r": 1450000,
  "s": 3050000,
  "t": 1590000,
  "u": 3330000
}
