{
  "b": 39.89945602416992,
  "c": 77.7203369140625,
  "d": 68.1636962890625,
  "e": 132.77139282226562,
  "f": 423354208,
  "g": 816382656,
  "h": 762874624,
  "i": 1473080960,
  "j": 414954336,
  "k": 808291520,
  "l": 749800640,
  "m": 1460485248,
  "n": 8399914,
  "o": 8091085,
  "p": 13073954,
  "q": 12595778,
  "r": 23822142,
  "s": 45877836,
  "t": 49166604,
  "u": 94847688
}
