{
  "b": 0.8413863182067871,
  "c": 1.836161494255066,
  "d": 0.8649172782897949,
  "e": 1.887393593788147,
  "f": 8900000,
  "g": 19300000,
  "h": 9680000,
  "i": 20900000,
  "j": 8750000,
  "k": 19100000,
  "l": 9510000,
  "m": 20800000,
  "n": 157000,
  "o": 157000,
  "p": 171000,
  "q": 171000,
  "r": 391000,
  "s": 844000,
  "t": 451000,
  "u": 973000
}
