{
  "b": 39.89945602416992,
  "c": 77.7203369140625,
  "d": 68.1636962890625,
  "e": 132.77139282226562,
  "f": 423000000,
  "g": 816000000,
  "h": 763000000,
  "i": 1470000000,
  "j": 415000000,
  "k": 808000000,
  "l": 750000000,
  "m": 1460000000,
  "n": 8250000,
  "o": 8250000,
  "p": 12800000,
  "q": 12800000,
  "r": 23800000,
  "s": 45900000,
  "t": 49200000,
  "u": 94800000
}
