{
  "b": 0.10874716192483902,
  "c": 0.23319363594055176,
  "d": 0.11457376182079315,
  "e": 0.2456776201725006,
  "f": 1150473,
  "g": 2445633,
  "h": 1282643,
  "i": 2725834,
  "j": 1130971,
  "k": 2425214,
  "l": 1260311,
  "m": 2702454,
  "n": 19503,
  "o": 20419,
  "p": 22332,
  "q": 23380,
  "r": 5095,
  "s": 10809,
  "t": 5907,
  "u": 12532
}
