{
  "b": 1.8716185092926025,
  "c": 4.06365442276001,
  "d": 1.8551238775253296,
  "e": 4.027506351470947,
  "f": 19800000,
  "g": 42600000,
  "h": 20800000,
  "i": 44700000,
  "j": 19500000,
  "k": 42300000,
  "l": 20400000,
  "m": 44300000,
  "n": 345000,
  "o": 345000,
  "p": 383000,
  "q": 383000,
  "r": 251000,
  "s": 540000,
  "t": 279000,
  "u": 601000
}
