{
  "b": 0.8413863182067871,
  "c": 1.836161494255066,
  "d": 0.8649172782897949,
  "e": 1.887393593788147,
  "f": 8902453,
  "g": 19257924,
  "h": 9679980,
  "i": 20937920,
  "j": 8750418,
  "k": 19096080,
  "l": 9514090,
  "m": 20761330,
  "n": 152035,
  "o": 161842,
  "p": 165890,
  "q": 176593,
  "r": 391226,
  "s": 844330,
  "t": 450596,
  "u": 972712
}
