{
  "b": 4.063798427581787,
  "c": 8.60578727722168,
  "d": 4.3662028312683105,
  "e": 9.245899200439453,
  "f": 43014836,
  "g": 90282016,
  "h": 48927660,
  "i": 102640976,
  "j": 42263504,
  "k": 89500192,
  "l": 48028232,
  "m": 101704896,
  "n": 751328,
  "o": 781826,
  "p": 899425,
  "q": 936078,
  "r": 1450339,
  "s": 3045422,
  "t": 1585747,
  "u": 3328748
}
