{
  "b": 0.10874716192483902,
  "c": 0.23319363594055176,
  "d": 0.11457376182079315,
  "e": 0.2456776201725006,
  "f": 1150000,
  "g": 2450000,
  "h": 1280000,
  "i": 2730000,
  "j": 1130000,
  "k": 2430000,
  "l": 1260000,
  "m": 2700000,
  "n": 20000,
  "o": 20000,
  "p": 22900,
  "q": 22900,
  "r": 5100,
  "s": 10800,
  "t": 5910,
  "u": 12500
}
