{
  "b": 11.788671493530273,
  "c": 24.483156204223633,
  "d": 14.26668643951416,
  "e": 29.62704086303711,
  "f": 125000000,
  "g": 257000000,
  "h": 160000000,
  "i": 329000000,
  "j": 123000000,
  "k": 255000000,
  "l": 157000000,
  "m": 326000000,
  "n": 2130000,
  "o": 2130000,
  "p": 2630000,
  "q": 2630000,
  "r": 9820000,
  "s": 20200000,
  "t": 13600000,
  "u": 28000000
}
