{
  "b": 3.1724202632904053,
  "c": 6.339058876037598,
  "d": 3.3881711959838867,
  "e": 6.769997596740723,
  "f": 33548066,
  "g": 66474548,
  "h": 37917792,
  "i": 75110352,
  "j": 32993170,
  "k": 65926212,
  "l": 37269884,
  "m": 74469976,
  "n": 554893,
  "o": 548330,
  "p": 647907,
  "q": 640377,
  "r": 339995,
  "s": 672645,
  "t": 394169,
  "u": 779907
}
