{
  "b": 16.82356834411621,
  "c": 35.676780700683594,
  "d": 21.733369827270508,
  "e": 46.08710479736328,
  "f": 178000000,
  "g": 374000000,
  "h": 243000000,
  "i": 511000000,
  "j": 175000000,
  "k": 371000000,
  "l": 239000000,
  "m": 507000000,
  "n": 2990000,
  "o": 2990000,
  "p": 3930000,
  "q": 3930000,
  "r": 16700000,
  "s": 35200000,
  "t": 20500000,
  "u": 43100000
}
