{
  "b": 7.0557861328125,
  "c": 14.252310752868652,
  "d": 8.38550090789795,
  "e": 16.936630249023438,
  "f": 74906408,
  "g": 149762800,
  "h": 94198240,
  "i": 188277808,
  "j": 73380176,
  "k": 148224032,
  "l": 92240512,
  "m": 186302928,
  "n": 1526229,
  "o": 1538782,
  "p": 1957724,
  "q": 1974884,
  "r": 1726109,
  "s": 3445960,
  "t": 2169012,
  "u": 4331861
}
