{
  "b": 11.788671493530273,
  "c": 24.483156204223633,
  "d": 14.26668643951416,
  "e": 29.62704086303711,
  "f": 124704904,
  "g": 256777584,
  "h": 159533984,
  "i": 328560256,
  "j": 122602184,
  "k": 254624832,
  "l": 156933552,
  "m": 325897440,
  "n": 2102729,
  "o": 2152748,
  "p": 2600433,
  "q": 2662837,
  "r": 9820952,
  "s": 20205348,
  "t": 13581917,
  "u": 27956060
}
