{
  "b": 7.0557861328125,
  "c": 14.252310752868652,
  "d": 8.38550090789795,
  "e": 16.936630249023438,
  "f": 74900000,
  "g": 150000000,
  "h": 94200000,
  "i": 188000000,
  "j": 73400000,
  "k": 148000000,
  "l": 92200000,
  "m": 186000000,
  "n": 1530000,
  "o": 1530000,
  "p": 1970000,
  "q": 1970000,
  "r": 1730000,
  "s": 3450000,
  "t": 2170000,
  "u": 4330000
}
