{
  "b": 3.1724202632904053,
  "c": 6.339058876037598,
  "d": 3.3881711959838867,
  "e": 6.769997596740723,
  "f": 33500000,
  "g": 66500000,
  "h": 37900000,
  "i": 75100000,
  "j": 33000000,
  "k": 65900000,
  "l": 37300000,
  "m": 74500000,
  "n": 552000,
  "o": 552000,
  "p": 644000,
  "q": 644000,
  "r": 340000,
  "s": 673000,
  "t": 394000,
  "u": 780000
}
