{
  "b": 4.594710826873779,
  "c": 9.612196922302246,
  "d": 5.213024616241455,
  "e": 10.905410766601562,
  "f": 48567840,
  "g": 100773208,
  "h": 58295928,
  "i": 120940872,
  "j": 47784992,
  "k": 99966848,
  "l": 57343272,
  "m": 119959520,
  "n": 782852,
  "o": 806363,
  "p": 952659,
  "q": 981357,
  "r": 877848,
  "s": 1816871,
  "t": 1066369,
  "u": 2207418
}
