{
  "b": 0.6999361515045166,
  "c": 1.5083986520767212,
  "d": 0.7830299735069275,
  "e": 1.6873865127563477,
  "f": 7403914,
  "g": 15818696,
  "h": 8757991,
  "i": 18713796,
  "j": 7279336,
  "k": 15687346,
  "l": 8613330,
  "m": 18561252,
  "n": 124578,
  "o": 131350,
  "p": 144660,
  "q": 152543,
  "r": 80601,
  "s": 171594,
  "t": 101861,
  "u": 216925
}
