{
  "b": 3.231581449508667,
  "c": 6.956370830535889,
  "d": 3.238940715789795,
  "e": 6.971591472625732,
  "f": 34200000,
  "g": 73000000,
  "h": 36300000,
  "i": 77400000,
  "j": 33600000,
  "k": 72300000,
  "l": 35600000,
  "m": 76700000,
  "n": 596000,
  "o": 596000,
  "p": 699000,
  "q": 699000,
  "r": 1370000,
  "s": 2910000,
  "t": 1550000,
  "u": 3280000
}
