{
  "b": 0.16218174993991852,
  "c": 0.34799566864967346,
  "d": 0.16204024851322174,
  "e": 0.34761762619018555,
  "f": 1717859,
  "g": 3651567,
  "h": 1818285,
  "i": 3861057,
  "j": 1686690,
  "k": 3619155,
  "l": 1782443,
  "m": 3823794,
  "n": 31169,
  "o": 32411,
  "p": 35842,
  "q": 37264,
  "r": 24335,
  "s": 51701,
  "t": 27612,
  "u": 58637
}
