{
  "b": 0.6999361515045166,
  "c": 1.5083986520767212,
  "d": 0.7830299735069275,
  "e": 1.6873865127563477,
  "f": 7400000,
  "g": 15800000,
  "h": 8760000,
  "i": 18700000,
  "j": 7280000,
  "k": 15700000,
  "l": 8610000,
  "m": 18600000,
  "n": 128000,
  "o": 128000,
  "p": 149000,
  "q": 149000,
  "r": 80600,
  "s": 172000,
  "t": 102000,
  "u": 217000
}
