{
  "b": 3.231581449508667,
  "c": 6.956370830535889,
  "d": 3.238940715789795,
  "e": 6.971591472625732,
  "f": 34189696,
  "g": 72957368,
  "h": 36309524,
  "i": 77403768,
  "j": 33608448,
  "k": 72346256,
  "l": 35628348,
  "m": 76687504,
  "n": 581247,
  "o": 611113,
  "p": 681177,
  "q": 716270,
  "r": 1367700,
  "s": 2908702,
  "t": 1545102,
  "u": 3283583
}
