{
  "b": 6.315871715545654,
  "c": 13.213621139526367,
  "d": 6.698789596557617,
  "e": 14.014080047607422,
  "f": 66792060,
  "g": 138562736,
  "h": 75014448,
  "i": 155523760,
  "j": 65685068,
  "k": 137421664,
  "l": 73686688,
  "m": 154154880,
  "n": 1106993,
  "o": 1141082,
  "p": 1327765,
  "q": 1368872,
  "r": 1170779,
  "s": 2418302,
  "t": 1365166,
  "u": 2819284
}
