{
  "b": 0.6659993529319763,
  "c": 1.4431092739105225,
  "d": 0.70487380027771,
  "e": 1.5270849466323853,
  "f": 7050803,
  "g": 15140123,
  "h": 7893550,
  "i": 16946206,
  "j": 6926393,
  "k": 15008337,
  "l": 7753612,
  "m": 16797934,
  "n": 124410,
  "o": 131787,
  "p": 139938,
  "q": 148271,
  "r": 53705,
  "s": 115309,
  "t": 64877,
  "u": 139359
}
