{
  "b": 6.315871715545654,
  "c": 13.213621139526367,
  "d": 6.698789596557617,
  "e": 14.014080047607422,
  "f": 66800000,
  "g": 139000000,
  "h": 75000000,
  "i": 156000000,
  "j": 65700000,
  "k": 137000000,
  "l": 73700000,
  "m": 154000000,
  "n": 1120000,
  "o": 1120000,
  "p": 1350000,
  "q": 1350000,
  "r": 1170000,
  "s": 2420000,
  "t": 1370000,
  "u": 2820000
}
