{
  "b": 0.16218174993991852,
  "c": 0.34799566864967346,
  "d": 0.16204024851322174,
  "e": 0.34761762619018555,
  "f": 1720000,
  "g": 3650000,
  "h": 1820000,
  "i": 3860000,
  "j": 1690000,
  "k": 3620000,
  "l": 1780000,
  "m": 3820000,
  "n": 31800,
  "o": 31800,
  "p": 36600,
  "q": 36600,
  "r": 24300,
  "s": 51700,
  "t": 27600,
  "u": 58600
}
