{
  "b": 7.293789386749268,
  "c": 15.708712577819824,
  "d": 9.563251495361328,
  "e": 20.596620559692383,
  "f": 77400000,
  "g": 165000000,
  "h": 107000000,
  "i": 229000000,
  "j": 75900000,
  "k": 163000000,
  "l": 105000000,
  "m": 227000000,
  "n": 1520000,
  "o": 1520000,
  "p": 2170000,
  "q": 2170000,
  "r": 4520000,
  "s": 9610000,
  "t": 6300000,
  "u": 13400000
}
