{
  "b": 69.71894073486328,
  "c": 146.29612731933594,
  "d": 89.39292907714844,
  "e": 187.56451416015625,
  "f": 737000000,
  "g": 1530000000,
  "h": 999000000,
  "i": 2080000000,
  "j": 725000000,
  "k": 1520000000,
  "l": 983000000,
  "m": 2060000000,
  "n": 12400000,
  "o": 12400000,
  "p": 15800000,
  "q": 15800000,
  "r": 75400000,
  "s": 156000000,
  "t": 110000000,
  "u": 228000000
}
