{
  "b": 7.293789386749268,
  "c": 15.708712577819824,
  "d": 9.563251495361328,
  "e": 20.596620559692383,
  "f": 77353312,
  "g": 164917728,
  "h": 107334432,
  "i": 228769968,
  "j": 75855408,
  "k": 163370608,
  "l": 105195768,
  "m": 226562816,
  "n": 1497899,
  "o": 1547109,
  "p": 2138659,
  "q": 2207145,
  "r": 4518476,
  "s": 9614977,
  "t": 6297973,
  "u": 13403169
}
