{
  "b": 2.3506195545196533,
  "c": 5.053707599639893,
  "d": 2.603463888168335,
  "e": 5.596909999847412,
  "f": 24900000,
  "g": 53000000,
  "h": 29100000,
  "i": 62100000,
  "j": 24400000,
  "k": 52600000,
  "l": 28600000,
  "m": 61600000,
  "n": 433000,
  "o": 433000,
  "p": 507000,
  "q": 507000,
  "r": 253000,
  "s": 538000,
  "t": 316000,
  "u": 672000
}
