{
  "b": 0.21979227662086487,
  "c": 0.4639649987220764,
  "d": 0.2703068256378174,
  "e": 0.5705108046531677,
  "f": 2328369,
  "g": 4869099,
  "h": 3022718,
  "i": 6326508,
  "j": 2285840,
  "k": 4825236,
  "l": 2973375,
  "m": 6275619,
  "n": 42529,
  "o": 43863,
  "p": 49343,
  "q": 50890,
  "r": 41638,
  "s": 86904,
  "t": 57371,
  "u": 119903
}
