{
  "b": 1.4751653671264648,
  "c": 3.05279278755188,
  "d": 1.950979232788086,
  "e": 4.037095069885254,
  "f": 15624627,
  "g": 32036220,
  "h": 21821928,
  "i": 44774708,
  "j": 15341720,
  "k": 31749044,
  "l": 21460772,
  "m": 44408048,
  "n": 282906,
  "o": 287175,
  "p": 361158,
  "q": 366656,
  "r": 441597,
  "s": 905205,
  "t": 651987,
  "u": 1337919
}
