{
  "b": 1.4751653671264648,
  "c": 3.05279278755188,
  "d": 1.950979232788086,
  "e": 4.037095069885254,
  "f": 15600000,
  "g": 32000000,
  "h": 21800000,
  "i": 44800000,
  "j": 15300000,
  "k": 31700000,
  "l": 21500000,
  "m": 44400000,
  "n": 285000,
  "o": 285000,
  "p": 364000,
  "q": 364000,
  "r": 442000,
  "s": 905000,
  "t": 652000,
  "u": 1340000
}
