{
  "b": 0.2853945791721344,
  "c": 0.6188181042671204,
  "d": 0.3419223725795746,
  "e": 0.741273045539856,
  "f": 3020865,
  "g": 6491362,
  "h": 3822194,
  "i": 8218397,
  "j": 2968104,
  "k": 6435709,
  "l": 3761146,
  "m": 8154004,
  "n": 52761,
  "o": 55653,
  "p": 61047,
  "q": 64394,
  "r": 167302,
  "s": 357478,
  "t": 214293,
  "u": 458384
}
