{
  "b": 0.6645195484161377,
  "c": 1.4203002452850342,
  "d": 0.6263682842254639,
  "e": 1.338556170463562,
  "f": 7040000,
  "g": 14900000,
  "h": 7030000,
  "i": 14900000,
  "j": 6910000,
  "k": 14800000,
  "l": 6890000,
  "m": 14700000,
  "n": 129000,
  "o": 129000,
  "p": 141000,
  "q": 141000,
  "r": 111000,
  "s": 235000,
  "t": 113000,
  "u": 240000
}
