{
  "b": 0.058574941009283066,
  "c": 0.12482105940580368,
  "d": 0.0739104300737381,
  "e": 0.15746411681175232,
  "f": 620445,
  "g": 1309773,
  "h": 826445,
  "i": 1745970,
  "j": 609179,
  "k": 1298139,
  "l": 813015,
  "m": 1732105,
  "n": 11266,
  "o": 11634,
  "p": 13430,
  "q": 13865,
  "r": 11591,
  "s": 24356,
  "t": 16582,
  "u": 34893
}
