{
  "b": 306.1838073730469,
  "c": 634.54638671875,
  "d": 414.9561767578125,
  "e": 859.7685546875,
  "f": 3260000000,
  "g": 6680000000,
  "h": 4660000000,
  "i": 9560000000,
  "j": 3180000000,
  "k": 6600000000,
  "l": 4560000000,
  "m": 9460000000,
  "n": 76500000,
  "o": 76500000,
  "p": 100000000,
  "q": 100000000,
  "r": 1260000000,
  "s": 2560000000,
  "t": 1870000000,
  "u": 3810000000
}
