{
  "b": 0.14211896061897278,
  "c": 0.3082435131072998,
  "d": 0.15592890977859497,
  "e": 0.3381343483924866,
  "f": 1510000,
  "g": 3230000,
  "h": 1740000,
  "i": 3750000,
  "j": 1480000,
  "k": 3210000,
  "l": 1720000,
  "m": 3720000,
  "n": 28000,
  "o": 28000,
  "p": 29800,
  "q": 29800,
  "r": 13200,
  "s": 28300,
  "t": 16500,
  "u": 35600
}
