{
  "b": 0.2853945791721344,
  "c": 0.6188181042671204,
  "d": 0.3419223725795746,
  "e": 0.741273045539856,
  "f": 3020000,
  "g": 6490000,
  "h": 3820000,
  "i": 8220000,
  "j": 2970000,
  "k": 6440000,
  "l": 3760000,
  "m": 8150000,
  "n": 54200,
  "o": 54200,
  "p": 62700,
  "q": 62700,
  "r": 167000,
  "s": 357000,
  "t": 214000,
  "u": 458000
}
