{
  "b": 0.14211896061897278,
  "c": 0.3082435131072998,
  "d": 0.15592890977859497,
  "e": 0.3381343483924866,
  "f": 1505193,
  "g": 3234521,
  "h": 1744175,
  "i": 3750181,
  "j": 1478037,
  "k": 3205733,
  "l": 1715218,
  "m": 3719478,
  "n": 27156,
  "o": 28788,
  "p": 28957,
  "q": 30703,
  "r": 13175,
  "s": 28327,
  "t": 16538,
  "u": 35594
}
