{
  "b": 8.952315330505371,
  "c": 17.54703712463379,
  "d": 9.885030746459961,
  "e": 19.371715545654297,
  "f": 94668752,
  "g": 184005968,
  "h": 110632616,
  "i": 214929504,
  "j": 93104080,
  "k": 182489184,
  "l": 108735336,
  "m": 213088864,
  "n": 1564661,
  "o": 1516782,
  "p": 1897269,
  "q": 1840629,
  "r": 25276898,
  "s": 49204420,
  "t": 24968688,
  "u": 48579640
}
