{
  "b": 0.9497738480567932,
  "c": 1.9888995885849,
  "d": 1.0042113065719604,
  "e": 2.102571725845337,
  "f": 10100000,
  "g": 20900000,
  "h": 11300000,
  "i": 23300000,
  "j": 9880000,
  "k": 20700000,
  "l": 11000000,
  "m": 23100000,
  "n": 184000,
  "o": 184000,
  "p": 207000,
  "q": 207000,
  "r": 291000,
  "s": 605000,
  "t": 345000,
  "u": 715000
}
