{
  "b": 0.027162518352270126,
  "c": 0.058909863233566284,
  "d": 0.024900028482079506,
  "e": 0.05399224907159805,
  "f": 287849,
  "g": 618306,
  "h": 279575,
  "i": 599890,
  "j": 282490,
  "k": 612663,
  "l": 273900,
  "m": 593915,
  "n": 5359,
  "o": 5644,
  "p": 5675,
  "q": 5976,
  "r": 4146,
  "s": 8853,
  "t": 4256,
  "u": 9083
}
