{
  "b": 19.55065155029297,
  "c": 42.03017044067383,
  "d": 22.4077205657959,
  "e": 48.16809844970703,
  "f": 206841856,
  "g": 440800320,
  "h": 250666064,
  "i": 534234880,
  "j": 203326784,
  "k": 437113792,
  "l": 246484928,
  "m": 529849088,
  "n": 3515072,
  "o": 3686532,
  "p": 4181136,
  "q": 4385811,
  "r": 15270992,
  "s": 32436690,
  "t": 18848720,
  "u": 40053424
}
