{
  "b": 0.2605610191822052,
  "c": 0.558603048324585,
  "d": 0.27049094438552856,
  "e": 0.5798611044883728,
  "f": 2760000,
  "g": 5860000,
  "h": 3030000,
  "i": 6440000,
  "j": 2710000,
  "k": 5810000,
  "l": 2980000,
  "m": 6380000,
  "n": 47600,
  "o": 47600,
  "p": 56600,
  "q": 56600,
  "r": 15000,
  "s": 31700,
  "t": 17300,
  "u": 36700
}
