{
  "b": 0.2605610191822052,
  "c": 0.558603048324585,
  "d": 0.27049094438552856,
  "e": 0.5798611044883728,
  "f": 2756302,
  "g": 5858195,
  "h": 3030638,
  "i": 6436396,
  "j": 2709835,
  "k": 5809472,
  "l": 2975401,
  "m": 6378472,
  "n": 46468,
  "o": 48722,
  "p": 55238,
  "q": 57923,
  "r": 14963,
  "s": 31734,
  "t": 17293,
  "u": 36659
}
