{
  "b": 0.9497738480567932,
  "c": 1.9888995885849,
  "d": 1.0042113065719604,
  "e": 2.102571725845337,
  "f": 10060140,
  "g": 20870956,
  "h": 11251588,
  "i": 23337952,
  "j": 9877648,
  "k": 20684556,
  "l": 11046324,
  "m": 23128288,
  "n": 182491,
  "o": 186400,
  "p": 205265,
  "q": 209663,
  "r": 291469,
  "s": 604692,
  "t": 344506,
  "u": 714962
}
