{
  "b": 0.027162518352270126,
  "c": 0.058909863233566284,
  "d": 0.024900028482079506,
  "e": 0.05399224907159805,
  "f": 288000,
  "g": 618000,
  "h": 280000,
  "i": 600000,
  "j": 282000,
  "k": 613000,
  "l": 274000,
  "m": 594000,
  "n": 5500,
  "o": 5500,
  "p": 5830,
  "q": 5830,
  "r": 4150,
  "s": 8850,
  "t": 4260,
  "u": 9080
}
