{
  "b": 4.627414226531982,
  "c": 9.639098167419434,
  "d": 5.375097751617432,
  "e": 11.195783615112305,
  "f": 48967560,
  "g": 101113568,
  "h": 60158816,
  "i": 124216856,
  "j": 48125108,
  "k": 100246624,
  "l": 59126076,
  "m": 123153616,
  "n": 842449,
  "o": 866944,
  "p": 1032734,
  "q": 1063249,
  "r": 611574,
  "s": 1261022,
  "t": 794600,
  "u": 1639026
}
