{
  "b": 177.2703094482422,
  "c": 362.7830810546875,
  "d": 249.69639587402344,
  "e": 510.9676208496094,
  "f": 1880704896,
  "g": 3809934848,
  "h": 2797543936,
  "i": 5671385088,
  "j": 1843611264,
  "k": 3772944128,
  "l": 2746660352,
  "m": 5620643840,
  "n": 37093692,
  "o": 36990488,
  "p": 50883500,
  "q": 50741524,
  "r": 510099456,
  "s": 1031628224,
  "t": 783144832,
  "u": 1585827072
}
