{
  "b": 21.940101623535156,
  "c": 43.84092330932617,
  "d": 27.396846771240234,
  "e": 54.74192428588867,
  "f": 232000000,
  "g": 460000000,
  "h": 306000000,
  "i": 607000000,
  "j": 228000000,
  "k": 456000000,
  "l": 301000000,
  "m": 602000000,
  "n": 3780000,
  "o": 3780000,
  "p": 4750000,
  "q": 4750000,
  "r": 5030000,
  "s": 9960000,
  "t": 6700000,
  "u": 13300000
}
