{
  "b": 8.76848316192627,
  "c": 18.865816116333008,
  "d": 10.683921813964844,
  "e": 22.982433319091797,
  "f": 92847984,
  "g": 197936368,
  "h": 119515008,
  "i": 254890080,
  "j": 91192224,
  "k": 196204496,
  "l": 117523144,
  "m": 252806768,
  "n": 1655749,
  "o": 1731893,
  "p": 1991862,
  "q": 2083315,
  "r": 6649673,
  "s": 14126822,
  "t": 9182089,
  "u": 19527636
}
