{
  "b": 21.940101623535156,
  "c": 43.84092330932617,
  "d": 27.396846771240234,
  "e": 54.74192428588867,
  "f": 231982080,
  "g": 459704192,
  "h": 306147552,
  "i": 606886144,
  "j": 228177056,
  "k": 455945600,
  "l": 301365312,
  "m": 602161152,
  "n": 3805033,
  "o": 3758631,
  "p": 4782271,
  "q": 4724987,
  "r": 5031027,
  "s": 9955114,
  "t": 6701019,
  "u": 13267585
}
