{
  "b": 4.627414226531982,
  "c": 9.639098167419434,
  "d": 5.375097751617432,
  "e": 11.195783615112305,
  "f": 49000000,
  "g": 101000000,
  "h": 60200000,
  "i": 124000000,
  "j": 48100000,
  "k": 100000000,
  "l": 59100000,
  "m": 123000000,
  "n": 855000,
  "o": 855000,
  "p": 1050000,
  "q": 1050000,
  "r": 612000,
  "s": 1260000,
  "t": 795000,
  "u": 1640000
}
