{
  "b": 8.76848316192627,
  "c": 18.865816116333008,
  "d": 10.683921813964844,
  "e": 22.982433319091797,
  "f": 92800000,
  "g": 198000000,
  "h": 120000000,
  "i": 255000000,
  "j": 91200000,
  "k": 196000000,
  "l": 118000000,
  "m": 253000000,
  "n": 1690000,
  "o": 1690000,
  "p": 2040000,
  "q": 2040000,
  "r": 6650000,
  "s": 14100000,
  "t": 9180000,
  "u": 19500000
}
