{
  "b": 0.24599801003932953,
  "c": 0.5310556292533875,
  "d": 0.2789166271686554,
  "e": 0.6020200848579407,
  "f": 2610000,
  "g": 5570000,
  "h": 3120000,
  "i": 6680000,
  "j": 2560000,
  "k": 5520000,
  "l": 3070000,
  "m": 6620000,
  "n": 48400,
  "o": 48400,
  "p": 53900,
  "q": 53900,
  "r": 366000,
  "s": 785000,
  "t": 434000,
  "u": 932000
}
