{
  "b": 1.8902215957641602,
  "c": 4.132538318634033,
  "d": 2.3146729469299316,
  "e": 5.059198379516602,
  "f": 20000000,
  "g": 43400000,
  "h": 25900000,
  "i": 56100000,
  "j": 19700000,
  "k": 43000000,
  "l": 25500000,
  "m": 55700000,
  "n": 377000,
  "o": 377000,
  "p": 452000,
  "q": 452000,
  "r": 631000,
  "s": 1360000,
  "t": 856000,
  "u": 1850000
}
