{
  "b": 17.127397537231445,
  "c": 36.72637939453125,
  "d": 21.45407485961914,
  "e": 46.002872467041016,
  "f": 181152512,
  "g": 385115712,
  "h": 239752320,
  "i": 509955840,
  "j": 178124928,
  "k": 381954336,
  "l": 235994816,
  "m": 506031584,
  "n": 3027576,
  "o": 3161403,
  "p": 3757504,
  "q": 3924197,
  "r": 36135104,
  "s": 76803096,
  "t": 47360232,
  "u": 100734888
}
