{
  "b": 14.694110870361328,
  "c": 29.986366271972656,
  "d": 17.072233200073242,
  "e": 34.833438873291016,
  "f": 155000000,
  "g": 315000000,
  "h": 191000000,
  "i": 386000000,
  "j": 153000000,
  "k": 312000000,
  "l": 188000000,
  "m": 383000000,
  "n": 2660000,
  "o": 2660000,
  "p": 3200000,
  "q": 3200000,
  "r": 3710000,
  "s": 7480000,
  "t": 4840000,
  "u": 9770000
}
