{
  "b": 2.4148149490356445,
  "c": 5.216246604919434,
  "d": 2.7658851146698,
  "e": 5.973503589630127,
  "f": 25600000,
  "g": 54700000,
  "h": 31000000,
  "i": 66300000,
  "j": 25100000,
  "k": 54200000,
  "l": 30400000,
  "m": 65700000,
  "n": 463000,
  "o": 463000,
  "p": 567000,
  "q": 567000,
  "r": 932000,
  "s": 1990000,
  "t": 1200000,
  "u": 2560000
}
