{
  "b": 17.127397537231445,
  "c": 36.72637939453125,
  "d": 21.45407485961914,
  "e": 46.002872467041016,
  "f": 181000000,
  "g": 385000000,
  "h": 240000000,
  "i": 510000000,
  "j": 178000000,
  "k": 382000000,
  "l": 236000000,
  "m": 506000000,
  "n": 3090000,
  "o": 3090000,
  "p": 3840000,
  "q": 3840000,
  "r": 36100000,
  "s": 76800000,
  "t": 47400000,
  "u": 101000000
}
