{
  "b": 2.4148149490356445,
  "c": 5.216246604919434,
  "d": 2.7658851146698,
  "e": 5.973503589630127,
  "f": 25565472,
  "g": 54723340,
  "h": 30978036,
  "i": 66289992,
  "j": 25114076,
  "k": 54248964,
  "l": 30424736,
  "m": 65708540,
  "n": 451395,
  "o": 474377,
  "p": 553302,
  "q": 581451,
  "r": 931967,
  "s": 1992335,
  "t": 1197401,
  "u": 2560593
}
