{
  "b": 0.882213830947876,
  "c": 1.9114161729812622,
  "d": 1.044421672821045,
  "e": 2.2625672817230225,
  "f": 9340000,
  "g": 20100000,
  "h": 11700000,
  "i": 25100000,
  "j": 9180000,
  "k": 19900000,
  "l": 11500000,
  "m": 24900000,
  "n": 173000,
  "o": 173000,
  "p": 211000,
  "q": 211000,
  "r": 2060000,
  "s": 4440000,
  "t": 2570000,
  "u": 5540000
}
