{
  "b": 11.691529273986816,
  "c": 23.8426570892334,
  "d": 14.892535209655762,
  "e": 30.36732292175293,
  "f": 124000000,
  "g": 251000000,
  "h": 167000000,
  "i": 337000000,
  "j": 122000000,
  "k": 248000000,
  "l": 164000000,
  "m": 334000000,
  "n": 2540000,
  "o": 2540000,
  "p": 3190000,
  "q": 3190000,
  "r": 3080000,
  "s": 6190000,
  "t": 4160000,
  "u": 8370000
}
