{
  "b": 11.691529273986816,
  "c": 23.8426570892334,
  "d": 14.892535209655762,
  "e": 30.36732292175293,
  "f": 124118616,
  "g": 250521904,
  "h": 166986512,
  "i": 337250112,
  "j": 121591904,
  "k": 247963632,
  "l": 163817888,
  "m": 334040544,
  "n": 2526702,
  "o": 2558292,
  "p": 3168629,
  "q": 3209575,
  "r": 3082775,
  "s": 6190655,
  "t": 4162844,
  "u": 8372714
}
