{
  "b": 7.687403202056885,
  "c": 16.80088996887207,
  "d": 11.024967193603516,
  "e": 24.090700149536133,
  "f": 81400000,
  "g": 176000000,
  "h": 123000000,
  "i": 267000000,
  "j": 79900000,
  "k": 175000000,
  "l": 121000000,
  "m": 265000000,
  "n": 1530000,
  "o": 1530000,
  "p": 2200000,
  "q": 2200000,
  "r": 7100000,
  "s": 15300000,
  "t": 12000000,
  "u": 25900000
}
