{
  "b": 7.687403202056885,
  "c": 16.80088996887207,
  "d": 11.024967193603516,
  "e": 24.090700149536133,
  "f": 81444064,
  "g": 176302864,
  "h": 123422096,
  "i": 267255824,
  "j": 79948992,
  "k": 174729248,
  "l": 121274640,
  "m": 264997712,
  "n": 1495075,
  "o": 1573621,
  "p": 2147451,
  "q": 2258108,
  "r": 7095641,
  "s": 15304226,
  "t": 11974949,
  "u": 25853030
}
