{
  "b": 7.674175262451172,
  "c": 16.251066207885742,
  "d": 9.597034454345703,
  "e": 20.322172164916992,
  "f": 81300000,
  "g": 171000000,
  "h": 107000000,
  "i": 226000000,
  "j": 79800000,
  "k": 169000000,
  "l": 106000000,
  "m": 224000000,
  "n": 1540000,
  "o": 1540000,
  "p": 1910000,
  "q": 1910000,
  "r": 1790000,
  "s": 3750000,
  "t": 2420000,
  "u": 5080000
}
