{
  "b": 12.882943153381348,
  "c": 25.732280731201172,
  "d": 15.575053215026855,
  "e": 31.109960556030273,
  "f": 137000000,
  "g": 271000000,
  "h": 175000000,
  "i": 346000000,
  "j": 134000000,
  "k": 268000000,
  "l": 171000000,
  "m": 342000000,
  "n": 2980000,
  "o": 2980000,
  "p": 4140000,
  "q": 4140000,
  "r": 2280000,
  "s": 4490000,
  "t": 2900000,
  "u": 5720000
}
