{
  "b": 7.674175262451172,
  "c": 16.251066207885742,
  "d": 9.597034454345703,
  "e": 20.322172164916992,
  "f": 81312280,
  "g": 170580944,
  "h": 107437976,
  "i": 225501536,
  "j": 79811424,
  "k": 169011088,
  "l": 105567376,
  "m": 223543904,
  "n": 1500845,
  "o": 1569849,
  "p": 1870598,
  "q": 1957648,
  "r": 1790607,
  "s": 3749040,
  "t": 2422821,
  "u": 5077685
}
