{
  "b": 12.882943153381348,
  "c": 25.732280731201172,
  "d": 15.575053215026855,
  "e": 31.109960556030273,
  "f": 136964304,
  "g": 270600960,
  "h": 175467056,
  "i": 346357504,
  "j": 133982608,
  "k": 267615712,
  "l": 171325584,
  "m": 342209568,
  "n": 2981700,
  "o": 2985263,
  "p": 4141476,
  "q": 4147929,
  "r": 2275618,
  "s": 4489682,
  "t": 2898506,
  "u": 5715664
}
