{
  "b": 0.882213830947876,
  "c": 1.9114161729812622,
  "d": 1.044421672821045,
  "e": 2.2625672817230225,
  "f": 9343474,
  "g": 20055628,
  "h": 11694289,
  "i": 25104176,
  "j": 9175024,
  "k": 19878728,
  "l": 11488638,
  "m": 24888240,
  "n": 168450,
  "o": 176903,
  "p": 205651,
  "q": 215937,
  "r": 2064648,
  "s": 4444470,
  "t": 2574177,
  "u": 5543482
}
