{
  "b": 3.098365545272827,
  "c": 6.5831522941589355,
  "d": 3.6151723861694336,
  "e": 7.681042671203613,
  "f": 32900000,
  "g": 69100000,
  "h": 40600000,
  "i": 85300000,
  "j": 32200000,
  "k": 68500000,
  "l": 39800000,
  "m": 84500000,
  "n": 654000,
  "o": 654000,
  "p": 843000,
  "q": 843000,
  "r": 1370000,
  "s": 2890000,
  "t": 1690000,
  "u": 3560000
}
