{
  "b": 6.94837760925293,
  "c": 14.609673500061035,
  "d": 7.951156139373779,
  "e": 16.718772888183594,
  "f": 73615608,
  "g": 153345264,
  "h": 89098440,
  "i": 185606464,
  "j": 72263128,
  "k": 151940608,
  "l": 87462720,
  "m": 183906512,
  "n": 1352481,
  "o": 1404658,
  "p": 1635726,
  "q": 1699944,
  "r": 2209855,
  "s": 4592599,
  "t": 2662916,
  "u": 5536361
}
