{
  "b": 6.94837760925293,
  "c": 14.609673500061035,
  "d": 7.951156139373779,
  "e": 16.718772888183594,
  "f": 73600000,
  "g": 153000000,
  "h": 89100000,
  "i": 186000000,
  "j": 72300000,
  "k": 152000000,
  "l": 87500000,
  "m": 184000000,
  "n": 1380000,
  "o": 1380000,
  "p": 1670000,
  "q": 1670000,
  "r": 2210000,
  "s": 4590000,
  "t": 2660000,
  "u": 5540000
}
