{
  "b": 4.284039497375488,
  "c": 9.177404403686523,
  "d": 4.116925239562988,
  "e": 8.819087982177734,
  "f": 45300000,
  "g": 96200000,
  "h": 46100000,
  "i": 97900000,
  "j": 44600000,
  "k": 95400000,
  "l": 45300000,
  "m": 97000000,
  "n": 774000,
  "o": 774000,
  "p": 860000,
  "q": 860000,
  "r": 1480000,
  "s": 3140000,
  "t": 1800000,
  "u": 3810000
}
