{
  "b": 35.250911712646484,
  "c": 73.17617797851562,
  "d": 39.18154525756836,
  "e": 81.33300018310547,
  "f": 372833248,
  "g": 767357952,
  "h": 438176128,
  "i": 901960384,
  "j": 366609472,
  "k": 761032256,
  "l": 430996992,
  "m": 894663040,
  "n": 6223780,
  "o": 6325723,
  "p": 7179138,
  "q": 7297438,
  "r": 54266292,
  "s": 111435928,
  "t": 64152936,
  "u": 131782216
}
