{
  "b": 0.6378917098045349,
  "c": 1.3778215646743774,
  "d": 0.6056612730026245,
  "e": 1.3080230951309204,
  "f": 6753741,
  "g": 14455696,
  "h": 6795086,
  "i": 14528490,
  "j": 6634074,
  "k": 14329344,
  "l": 6662274,
  "m": 14388254,
  "n": 119668,
  "o": 126352,
  "p": 132812,
  "q": 140238,
  "r": 127369,
  "s": 272074,
  "t": 132201,
  "u": 282257
}
