{
  "b": 3.098365545272827,
  "c": 6.5831522941589355,
  "d": 3.6151723861694336,
  "e": 7.681042671203613,
  "f": 32870464,
  "g": 69124912,
  "h": 40602428,
  "i": 85342720,
  "j": 32223002,
  "k": 68464784,
  "l": 39766896,
  "m": 84491472,
  "n": 647461,
  "o": 660126,
  "p": 835532,
  "q": 851242,
  "r": 1372959,
  "s": 2888901,
  "t": 1693607,
  "u": 3563705
}
