{
  "b": 0.6378917098045349,
  "c": 1.3778215646743774,
  "d": 0.6056612730026245,
  "e": 1.3080230951309204,
  "f": 6750000,
  "g": 14500000,
  "h": 6800000,
  "i": 14500000,
  "j": 6630000,
  "k": 14300000,
  "l": 6660000,
  "m": 14400000,
  "n": 123000,
  "o": 123000,
  "p": 137000,
  "q": 137000,
  "r": 127000,
  "s": 272000,
  "t": 132000,
  "u": 282000
}
