{
  "b": 101.28890991210938,
  "c": 209.56983947753906,
  "d": 176.6416473388672,
  "e": 365.44195556640625,
  "f": 1074040448,
  "g": 2200334336,
  "h": 1974657280,
  "i": 4051725568,
  "j": 1053404672,
  "k": 2179526400,
  "l": 1943058048,
  "m": 4019861504,
  "n": 20635800,
  "o": 20807914,
  "p": 31599370,
  "q": 31864002,
  "r": 92795400,
  "s": 189575744,
  "t": 196057872,
  "u": 401493312
}
