{
  "b": 0.5785501599311829,
  "c": 1.2518960237503052,
  "d": 0.6782220005989075,
  "e": 1.467365026473999,
  "f": 6130000,
  "g": 13100000,
  "h": 7590000,
  "i": 16300000,
  "j": 6020000,
  "k": 13000000,
  "l": 7460000,
  "m": 16100000,
  "n": 113000,
  "o": 113000,
  "p": 132000,
  "q": 132000,
  "r": 249000,
  "s": 528000,
  "t": 327000,
  "u": 694000
}
