{
  "b": 16.547252655029297,
  "c": 34.03076171875,
  "d": 22.288843154907227,
  "e": 45.833919525146484,
  "f": 175135168,
  "g": 356965056,
  "h": 249146848,
  "i": 508147072,
  "j": 172091424,
  "k": 353919904,
  "l": 245177280,
  "m": 504173120,
  "n": 3043740,
  "o": 3045158,
  "p": 3969572,
  "q": 3973950,
  "r": 3143470,
  "s": 6402334,
  "t": 5020293,
  "u": 10236087
}
