{
  "b": 28.25704574584961,
  "c": 57.73102951049805,
  "d": 33.36925506591797,
  "e": 68.17173767089844,
  "f": 298728352,
  "g": 605286848,
  "h": 372988832,
  "i": 755852928,
  "j": 293873280,
  "k": 600402688,
  "l": 367061824,
  "m": 749889088,
  "n": 4855084,
  "o": 4884137,
  "p": 5927001,
  "q": 5963934,
  "r": 9386665,
  "s": 18983236,
  "t": 12125223,
  "u": 24530644
}
