{
  "b": 0.5785501599311829,
  "c": 1.2518960237503052,
  "d": 0.6782220005989075,
  "e": 1.467365026473999,
  "f": 6127462,
  "g": 13135542,
  "h": 7588888,
  "i": 16275572,
  "j": 6016922,
  "k": 13019719,
  "l": 7460442,
  "m": 16141015,
  "n": 110540,
  "o": 115823,
  "p": 128445,
  "q": 134555,
  "r": 249394,
  "s": 527785,
  "t": 327476,
  "u": 693866
}
