{
  "b": 101.28890991210938,
  "c": 209.56983947753906,
  "d": 176.6416473388672,
  "e": 365.44195556640625,
  "f": 1070000000,
  "g": 2200000000,
  "h": 1970000000,
  "i": 4050000000,
  "j": 1050000000,
  "k": 2180000000,
  "l": 1940000000,
  "m": 4020000000,
  "n": 20700000,
  "o": 20700000,
  "p": 31700000,
  "q": 31700000,
  "r": 92800000,
  "s": 190000000,
  "t": 196000000,
  "u": 401000000
}
