{
  "b": 0.6585111021995544,
  "c": 1.3760288953781128,
  "d": 0.736405611038208,
  "e": 1.5386054515838623,
  "f": 6973331,
  "g": 14437620,
  "h": 8249630,
  "i": 17076334,
  "j": 6848516,
  "k": 14310700,
  "l": 8100462,
  "m": 16924660,
  "n": 124815,
  "o": 126921,
  "p": 149169,
  "q": 151675,
  "r": 310941,
  "s": 641549,
  "t": 388622,
  "u": 801953
}
