{
  "b": 0.6585111021995544,
  "c": 1.3760288953781128,
  "d": 0.736405611038208,
  "e": 1.5386054515838623,
  "f": 6970000,
  "g": 14400000,
  "h": 8250000,
  "i": 17100000,
  "j": 6850000,
  "k": 14300000,
  "l": 8100000,
  "m": 16900000,
  "n": 126000,
  "o": 126000,
  "p": 150000,
  "q": 150000,
  "r": 311000,
  "s": 642000,
  "t": 389000,
  "u": 802000
}
