{
  "b": 0.8515628576278687,
  "c": 1.836530327796936,
  "d": 1.0326528549194336,
  "e": 2.226804256439209,
  "f": 9012900,
  "g": 19264146,
  "h": 11543926,
  "i": 24688476,
  "j": 8856254,
  "k": 19099916,
  "l": 11359182,
  "m": 24494846,
  "n": 156644,
  "o": 164228,
  "p": 184744,
  "q": 193630,
  "r": 136867,
  "s": 292217,
  "t": 184848,
  "u": 395088
}
