{
  "b": 0.8515628576278687,
  "c": 1.836530327796936,
  "d": 1.0326528549194336,
  "e": 2.226804256439209,
  "f": 9010000,
  "g": 19300000,
  "h": 11500000,
  "i": 24700000,
  "j": 8860000,
  "k": 19100000,
  "l": 11400000,
  "m": 24500000,
  "n": 160000,
  "o": 160000,
  "p": 189000,
  "q": 189000,
  "r": 137000,
  "s": 292000,
  "t": 185000,
  "u": 395000
}
