{
  "b": 0.6585451364517212,
  "c": 1.4363008737564087,
  "d": 0.8135866522789001,
  "e": 1.7741767168045044,
  "f": 6981351,
  "g": 15076807,
  "h": 9126253,
  "i": 19701676,
  "j": 6848870,
  "k": 14937529,
  "l": 8949453,
  "m": 19515944,
  "n": 132482,
  "o": 139278,
  "p": 176799,
  "q": 185731,
  "r": 388644,
  "s": 838073,
  "t": 531654,
  "u": 1146696
}
