{
  "b": 5.983423233032227,
  "c": 12.910325050354004,
  "d": 6.953125953674316,
  "e": 15.001562118530273,
  "f": 63300000,
  "g": 135000000,
  "h": 77800000,
  "i": 166000000,
  "j": 62200000,
  "k": 134000000,
  "l": 76500000,
  "m": 165000000,
  "n": 1100000,
  "o": 1100000,
  "p": 1330000,
  "q": 1330000,
  "r": 1120000,
  "s": 2390000,
  "t": 1470000,
  "u": 3130000
}
