{
  "b": 0.6585451364517212,
  "c": 1.4363008737564087,
  "d": 0.8135866522789001,
  "e": 1.7741767168045044,
  "f": 6980000,
  "g": 15100000,
  "h": 9130000,
  "i": 19700000,
  "j": 6850000,
  "k": 14900000,
  "l": 8950000,
  "m": 19500000,
  "n": 136000,
  "o": 136000,
  "p": 181000,
  "q": 181000,
  "r": 389000,
  "s": 838000,
  "t": 532000,
  "u": 1150000
}
