{
  "b": 5.983423233032227,
  "c": 12.910325050354004,
  "d": 6.953125953674316,
  "e": 15.001562118530273,
  "f": 63299752,
  "g": 135400992,
  "h": 77773048,
  "i": 166379968,
  "j": 62227600,
  "k": 134267376,
  "l": 76484384,
  "m": 165017184,
  "n": 1072157,
  "o": 1133612,
  "p": 1288662,
  "q": 1362797,
  "r": 1123326,
  "s": 2394603,
  "t": 1467696,
  "u": 3129972
}
