{
  "b": 1.4932345151901245,
  "c": 3.2217564582824707,
  "d": 1.9400829076766968,
  "e": 4.1851725578308105,
  "f": 15800000,
  "g": 33800000,
  "h": 21700000,
  "i": 46400000,
  "j": 15500000,
  "k": 33500000,
  "l": 21300000,
  "m": 46000000,
  "n": 313000,
  "o": 313000,
  "p": 391000,
  "q": 391000,
  "r": 2550000,
  "s": 5470000,
  "t": 3480000,
  "u": 7460000
}
