{
  "b": 0.3693642020225525,
  "c": 0.8085415363311768,
  "d": 0.4677015542984009,
  "e": 1.0237971544265747,
  "f": 3912056,
  "g": 8484367,
  "h": 5237174,
  "i": 11360569,
  "j": 3841388,
  "k": 8408832,
  "l": 5144717,
  "m": 11261769,
  "n": 70667,
  "o": 75535,
  "p": 92458,
  "q": 98799,
  "r": 129015,
  "s": 279956,
  "t": 173923,
  "u": 377626
}
