{
  "b": 4.972301006317139,
  "c": 10.596348762512207,
  "d": 6.539214611053467,
  "e": 13.93603229522705,
  "f": 52800000,
  "g": 111000000,
  "h": 73500000,
  "i": 155000000,
  "j": 51700000,
  "k": 110000000,
  "l": 71900000,
  "m": 153000000,
  "n": 1110000,
  "o": 1110000,
  "p": 1560000,
  "q": 1560000,
  "r": 9550000,
  "s": 20200000,
  "t": 13700000,
  "u": 28900000
}
