{
  "b": 2.513093948364258,
  "c": 5.471061706542969,
  "d": 3.163318634033203,
  "e": 6.886484146118164,
  "f": 26700000,
  "g": 57500000,
  "h": 35500000,
  "i": 76500000,
  "j": 26100000,
  "k": 56900000,
  "l": 34800000,
  "m": 75800000,
  "n": 587000,
  "o": 587000,
  "p": 773000,
  "q": 773000,
  "r": 1910000,
  "s": 4120000,
  "t": 2560000,
  "u": 5520000
}
