{
  "b": 2.513093948364258,
  "c": 5.471061706542969,
  "d": 3.163318634033203,
  "e": 6.886484146118164,
  "f": 26705094,
  "g": 57503520,
  "h": 35545848,
  "i": 76547544,
  "j": 26136176,
  "k": 56899040,
  "l": 34796504,
  "m": 75751328,
  "n": 568918,
  "o": 604482,
  "p": 749342,
  "q": 796224,
  "r": 1912031,
  "s": 4116538,
  "t": 2560767,
  "u": 5518039
}
