{
  "b": 1.4932345151901245,
  "c": 3.2217564582824707,
  "d": 1.9400829076766968,
  "e": 4.1851725578308105,
  "f": 15834735,
  "g": 33826180,
  "h": 21723230,
  "i": 46437576,
  "j": 15529639,
  "k": 33506268,
  "l": 21340912,
  "m": 46036896,
  "n": 305097,
  "o": 319909,
  "p": 382316,
  "q": 400680,
  "r": 2549597,
  "s": 5465071,
  "t": 3475533,
  "u": 7458816
}
