{
  "b": 0.04030366241931915,
  "c": 0.08719176799058914,
  "d": 0.051717694848775864,
  "e": 0.1118822693824768,
  "f": 427254,
  "g": 915245,
  "h": 579525,
  "i": 1241799,
  "j": 419158,
  "k": 906794,
  "l": 568895,
  "m": 1230705,
  "n": 8096,
  "o": 8450,
  "p": 10631,
  "q": 11093,
  "r": 30180,
  "s": 64786,
  "t": 41962,
  "u": 90144
}
