{
  "b": 0.8810731768608093,
  "c": 1.9216833114624023,
  "d": 1.1009386777877808,
  "e": 2.4009957313537598,
  "f": 9340000,
  "g": 20200000,
  "h": 12300000,
  "i": 26600000,
  "j": 9160000,
  "k": 20000000,
  "l": 12100000,
  "m": 26400000,
  "n": 183000,
  "o": 183000,
  "p": 231000,
  "q": 231000,
  "r": 526000,
  "s": 1130000,
  "t": 836000,
  "u": 1800000
}
