{
  "b": 1.1725437641143799,
  "c": 2.5479016304016113,
  "d": 1.3220933675765991,
  "e": 2.872617721557617,
  "f": 12400000,
  "g": 26800000,
  "h": 14900000,
  "i": 31900000,
  "j": 12200000,
  "k": 26500000,
  "l": 14500000,
  "m": 31600000,
  "n": 249000,
  "o": 249000,
  "p": 336000,
  "q": 336000,
  "r": 980000,
  "s": 2110000,
  "t": 1290000,
  "u": 2770000
}
