{
  "b": 0.2637949585914612,
  "c": 0.5785892009735107,
  "d": 0.33701542019844055,
  "e": 0.7391729354858398,
  "f": 2790000,
  "g": 6070000,
  "h": 3770000,
  "i": 8200000,
  "j": 2740000,
  "k": 6020000,
  "l": 3710000,
  "m": 8130000,
  "n": 51300,
  "o": 51300,
  "p": 63900,
  "q": 63900,
  "r": 193000,
  "s": 419000,
  "t": 273000,
  "u": 594000
}
