{
  "b": 0.8810731768608093,
  "c": 1.9216833114624023,
  "d": 1.1009386777877808,
  "e": 2.4009957313537598,
  "f": 9341268,
  "g": 20174380,
  "h": 12334594,
  "i": 26648714,
  "j": 9163161,
  "k": 19985506,
  "l": 12110326,
  "m": 26410952,
  "n": 178107,
  "o": 188875,
  "p": 224268,
  "q": 237763,
  "r": 526293,
  "s": 1134346,
  "t": 835608,
  "u": 1798823
}
