{
  "b": 0.2637949585914612,
  "c": 0.5785892009735107,
  "d": 0.33701542019844055,
  "e": 0.7391729354858398,
  "f": 2792922,
  "g": 6070386,
  "h": 3768800,
  "i": 8197013,
  "j": 2743468,
  "k": 6017328,
  "l": 3707170,
  "m": 8130902,
  "n": 49454,
  "o": 53058,
  "p": 61630,
  "q": 66112,
  "r": 192569,
  "s": 419132,
  "t": 272863,
  "u": 594450
}
