{
  "b": 108.99762725830078,
  "c": 222.47596740722656,
  "d": 180.02078247070312,
  "e": 367.45440673828125,
  "f": 1158859520,
  "g": 2339701248,
  "h": 2016595584,
  "i": 4079323136,
  "j": 1133575296,
  "k": 2313750016,
  "l": 1980228608,
  "m": 4041998592,
  "n": 25284210,
  "o": 25951244,
  "p": 36366976,
  "q": 37324908,
  "r": 246064256,
  "s": 497118272,
  "t": 441900576,
  "u": 894757952
}
