{
  "b": 108.99762725830078,
  "c": 222.47596740722656,
  "d": 180.02078247070312,
  "e": 367.45440673828125,
  "f": 1160000000,
  "g": 2340000000,
  "h": 2020000000,
  "i": 4080000000,
  "j": 1130000000,
  "k": 2310000000,
  "l": 1980000000,
  "m": 4040000000,
  "n": 25600000,
  "o": 25600000,
  "p": 36800000,
  "q": 36800000,
  "r": 246000000,
  "s": 497000000,
  "t": 442000000,
  "u": 895000000
}
