{
  "b": 1.1725437641143799,
  "c": 2.5479016304016113,
  "d": 1.3220933675765991,
  "e": 2.872617721557617,
  "f": 12436971,
  "g": 26753776,
  "h": 14870098,
  "i": 31943364,
  "j": 12194455,
  "k": 26498176,
  "l": 14543027,
  "m": 31598794,
  "n": 242515,
  "o": 255599,
  "p": 327072,
  "q": 344569,
  "r": 979844,
  "s": 2109532,
  "t": 1288794,
  "u": 2771740
}
