{
  "b": 0.6102153062820435,
  "c": 1.337604284286499,
  "d": 0.7947376370429993,
  "e": 1.7417004108428955,
  "f": 6470000,
  "g": 14000000,
  "h": 8900000,
  "i": 19300000,
  "j": 6350000,
  "k": 13900000,
  "l": 8740000,
  "m": 19200000,
  "n": 123000,
  "o": 123000,
  "p": 158000,
  "q": 158000,
  "r": 778000,
  "s": 1690000,
  "t": 1090000,
  "u": 2370000
}
