{
  "b": 0.5325862169265747,
  "c": 1.1634857654571533,
  "d": 0.6315662264823914,
  "e": 1.3796417713165283,
  "f": 5650000,
  "g": 12200000,
  "h": 7100000,
  "i": 15300000,
  "j": 5540000,
  "k": 12100000,
  "l": 6950000,
  "m": 15200000,
  "n": 120000,
  "o": 120000,
  "p": 154000,
  "q": 154000,
  "r": 275000,
  "s": 592000,
  "t": 342000,
  "u": 736000
}
