{
  "b": 2.240657329559326,
  "c": 4.873857498168945,
  "d": 3.2063345909118652,
  "e": 6.974420547485352,
  "f": 23733328,
  "g": 51143616,
  "h": 35853276,
  "i": 77335936,
  "j": 23302836,
  "k": 50688116,
  "l": 35269680,
  "m": 76718624,
  "n": 430493,
  "o": 455498,
  "p": 583595,
  "q": 617313,
  "r": 1831358,
  "s": 3945713,
  "t": 2768966,
  "u": 5973597
}
