{
  "b": 0.48279470205307007,
  "c": 1.0642235279083252,
  "d": 0.6671860218048096,
  "e": 1.4706110954284668,
  "f": 5111858,
  "g": 11165971,
  "h": 7467927,
  "i": 16315872,
  "j": 5021065,
  "k": 11067925,
  "l": 7339046,
  "m": 16176722,
  "n": 90793,
  "o": 98046,
  "p": 128880,
  "q": 139151,
  "r": 85666,
  "s": 187159,
  "t": 129410,
  "u": 282885
}
