{
  "b": 0.6780234575271606,
  "c": 1.4608129262924194,
  "d": 0.9089217185974121,
  "e": 1.9582889080047607,
  "f": 7200000,
  "g": 15400000,
  "h": 10200000,
  "i": 21800000,
  "j": 7050000,
  "k": 15200000,
  "l": 10000000,
  "m": 21500000,
  "n": 157000,
  "o": 157000,
  "p": 213000,
  "q": 213000,
  "r": 331000,
  "s": 700000,
  "t": 469000,
  "u": 992000
}
