{
  "b": 0.6780234575271606,
  "c": 1.4608129262924194,
  "d": 0.9089217185974121,
  "e": 1.9582889080047607,
  "f": 7204089,
  "g": 15353458,
  "h": 10205167,
  "i": 21759550,
  "j": 7051444,
  "k": 15192455,
  "l": 9998139,
  "m": 21541178,
  "n": 152645,
  "o": 161003,
  "p": 207028,
  "q": 218371,
  "r": 330960,
  "s": 700014,
  "t": 468566,
  "u": 991969
}
