{
  "b": 0.5325862169265747,
  "c": 1.1634857654571533,
  "d": 0.6315662264823914,
  "e": 1.3796417713165283,
  "f": 5654790,
  "g": 12223444,
  "h": 7096829,
  "i": 15335052,
  "j": 5538897,
  "k": 12100252,
  "l": 6947229,
  "m": 15176060,
  "n": 115893,
  "o": 123193,
  "p": 149600,
  "q": 158990,
  "r": 275353,
  "s": 592260,
  "t": 342151,
  "u": 736170
}
