{
  "b": 2.240657329559326,
  "c": 4.873857498168945,
  "d": 3.2063345909118652,
  "e": 6.974420547485352,
  "f": 23700000,
  "g": 51100000,
  "h": 35900000,
  "i": 77300000,
  "j": 23300000,
  "k": 50700000,
  "l": 35300000,
  "m": 76700000,
  "n": 443000,
  "o": 443000,
  "p": 600000,
  "q": 600000,
  "r": 1830000,
  "s": 3950000,
  "t": 2770000,
  "u": 5970000
}
