{
  "b": 0.8003156185150146,
  "c": 1.7594419717788696,
  "d": 1.0016330480575562,
  "e": 2.2018496990203857,
  "f": 8480000,
  "g": 18500000,
  "h": 11200000,
  "i": 24400000,
  "j": 8320000,
  "k": 18300000,
  "l": 11000000,
  "m": 24200000,
  "n": 164000,
  "o": 164000,
  "p": 202000,
  "q": 202000,
  "r": 611000,
  "s": 1340000,
  "t": 824000,
  "u": 1800000
}
