{
  "b": 838.2933959960938,
  "c": 1586.1622314453125,
  "d": 1088.94140625,
  "e": 2060.45068359375,
  "f": 8890000000,
  "g": 16700000000,
  "h": 12200000000,
  "i": 22900000000,
  "j": 8720000000,
  "k": 16500000000,
  "l": 12000000000,
  "m": 22700000000,
  "n": 168000000,
  "o": 168000000,
  "p": 217000000,
  "q": 217000000,
  "r": 8080000000,
  "s": 15200000000,
  "t": 11100000000,
  "u": 20800000000
}
