{
  "b": 0.10142093896865845,
  "c": 0.21642422676086426,
  "d": 0.10637688636779785,
  "e": 0.22699804604053497,
  "f": 1080000,
  "g": 2270000,
  "h": 1200000,
  "i": 2520000,
  "j": 1050000,
  "k": 2250000,
  "l": 1170000,
  "m": 2500000,
  "n": 21300,
  "o": 21300,
  "p": 27000,
  "q": 27000,
  "r": 63500,
  "s": 135000,
  "t": 71700,
  "u": 152000
}
