{
  "b": 0.08218119293451309,
  "c": 0.17905732989311218,
  "d": 0.08515409380197525,
  "e": 0.1855362206697464,
  "f": 870000,
  "g": 1880000,
  "h": 954000,
  "i": 2060000,
  "j": 855000,
  "k": 1860000,
  "l": 937000,
  "m": 2040000,
  "n": 15400,
  "o": 15400,
  "p": 18300,
  "q": 18300,
  "r": 34300,
  "s": 74000,
  "t": 37600,
  "u": 81000
}
