{
  "b": 0.8003156185150146,
  "c": 1.7594419717788696,
  "d": 1.0016330480575562,
  "e": 2.2018496990203857,
  "f": 8481920,
  "g": 18467988,
  "h": 11213558,
  "i": 24429664,
  "j": 8323283,
  "k": 18298196,
  "l": 11017964,
  "m": 24220348,
  "n": 158638,
  "o": 169792,
  "p": 195595,
  "q": 209314,
  "r": 610797,
  "s": 1335179,
  "t": 824339,
  "u": 1803474
}
