{
  "b": 1.5932406187057495,
  "c": 3.4600846767425537,
  "d": 1.9206994771957397,
  "e": 4.170274257659912,
  "f": 16901024,
  "g": 36335100,
  "h": 21568510,
  "i": 46338660,
  "j": 16569702,
  "k": 35984880,
  "l": 21127694,
  "m": 45873016,
  "n": 331321,
  "o": 350221,
  "p": 440815,
  "q": 465643,
  "r": 1662163,
  "s": 3584640,
  "t": 2131079,
  "u": 4596206
}
