{
  "b": 1.5932406187057495,
  "c": 3.4600846767425537,
  "d": 1.9206994771957397,
  "e": 4.170274257659912,
  "f": 16900000,
  "g": 36300000,
  "h": 21600000,
  "i": 46300000,
  "j": 16600000,
  "k": 36000000,
  "l": 21100000,
  "m": 45900000,
  "n": 341000,
  "o": 341000,
  "p": 453000,
  "q": 453000,
  "r": 1660000,
  "s": 3580000,
  "t": 2130000,
  "u": 4600000
}
