{
  "b": 0.10142093896865845,
  "c": 0.21642422676086426,
  "d": 0.10637688636779785,
  "e": 0.22699804604053497,
  "f": 1075737,
  "g": 2272361,
  "h": 1196781,
  "i": 2524358,
  "j": 1054778,
  "k": 2250812,
  "l": 1170146,
  "m": 2496979,
  "n": 20959,
  "o": 21548,
  "p": 26635,
  "q": 27380,
  "r": 63512,
  "s": 134648,
  "t": 71679,
  "u": 151823
}
