{
  "b": 838.2933959960938,
  "c": 1586.1622314453125,
  "d": 1088.94140625,
  "e": 2060.45068359375,
  "f": 8887686144,
  "g": 16662879232,
  "h": 12197304320,
  "i": 22880493568,
  "j": 8718251008,
  "k": 16496087040,
  "l": 11978355712,
  "m": 22664957952,
  "n": 169434944,
  "o": 166791776,
  "p": 218947552,
  "q": 215536816,
  "r": 8082926592,
  "s": 15150189568,
  "t": 11064242176,
  "u": 20755589120
}
