{
  "b": 1.6343787908554077,
  "c": 3.5161526203155518,
  "d": 2.414074659347534,
  "e": 5.193312168121338,
  "f": 17343772,
  "g": 36927040,
  "h": 27044004,
  "i": 57633620,
  "j": 16997540,
  "k": 36567988,
  "l": 26554820,
  "m": 57126436,
  "n": 346232,
  "o": 359051,
  "p": 489183,
  "q": 507185,
  "r": 1918047,
  "s": 4077670,
  "t": 2979967,
  "u": 6346191
}
