{
  "b": 1.7077432870864868,
  "c": 3.7183711528778076,
  "d": 2.1100213527679443,
  "e": 4.594170093536377,
  "f": 18100000,
  "g": 39100000,
  "h": 23700000,
  "i": 51100000,
  "j": 17800000,
  "k": 38700000,
  "l": 23200000,
  "m": 50500000,
  "n": 385000,
  "o": 385000,
  "p": 508000,
  "q": 508000,
  "r": 904000,
  "s": 1940000,
  "t": 1190000,
  "u": 2550000
}
