{
  "b": 1.2369695901870728,
  "c": 2.6836929321289062,
  "d": 1.5889519453048706,
  "e": 3.4471211433410645,
  "f": 13100000,
  "g": 28200000,
  "h": 17800000,
  "i": 38300000,
  "j": 12900000,
  "k": 27900000,
  "l": 17500000,
  "m": 37900000,
  "n": 253000,
  "o": 253000,
  "p": 339000,
  "q": 339000,
  "r": 788000,
  "s": 1690000,
  "t": 1220000,
  "u": 2620000
}
