{
  "b": 1.2369695901870728,
  "c": 2.6836929321289062,
  "d": 1.5889519453048706,
  "e": 3.4471211433410645,
  "f": 13111660,
  "g": 28168332,
  "h": 17809914,
  "i": 38264004,
  "j": 12864484,
  "k": 27910406,
  "l": 17478472,
  "m": 37918332,
  "n": 247178,
  "o": 257924,
  "p": 331444,
  "q": 345675,
  "r": 788169,
  "s": 1690192,
  "t": 1220945,
  "u": 2618597
}
