{
  "b": 1.6103672981262207,
  "c": 3.527099609375,
  "d": 1.9478559494018555,
  "e": 4.26599645614624,
  "f": 17100000,
  "g": 37000000,
  "h": 21900000,
  "i": 47400000,
  "j": 16700000,
  "k": 36700000,
  "l": 21400000,
  "m": 46900000,
  "n": 341000,
  "o": 341000,
  "p": 441000,
  "q": 441000,
  "r": 1500000,
  "s": 3260000,
  "t": 1930000,
  "u": 4190000
}
