{
  "b": 24.793659210205078,
  "c": 53.134849548339844,
  "d": 37.82731246948242,
  "e": 81.05978393554688,
  "f": 263520928,
  "g": 558512768,
  "h": 424565184,
  "i": 900483648,
  "j": 257854048,
  "k": 552602432,
  "l": 416100448,
  "m": 891657600,
  "n": 5666894,
  "o": 5910359,
  "p": 8464728,
  "q": 8826106,
  "r": 58178604,
  "s": 123131256,
  "t": 98788976,
  "u": 209257264
}
