{
  "b": 10.595124244689941,
  "c": 23.116119384765625,
  "d": 19.173870086669922,
  "e": 41.83258056640625,
  "f": 112406000,
  "g": 242764400,
  "h": 214275328,
  "i": 463732416,
  "j": 110189288,
  "k": 240407648,
  "l": 210912576,
  "m": 460158400,
  "n": 2216717,
  "o": 2356742,
  "p": 3362767,
  "q": 3574006,
  "r": 16399127,
  "s": 35423496,
  "t": 31863980,
  "u": 68990760
}
