{
  "b": 28.48653793334961,
  "c": 59.70307540893555,
  "d": 36.87671661376953,
  "e": 77.29141998291016,
  "f": 302745664,
  "g": 627641280,
  "h": 414004608,
  "i": 858880448,
  "j": 296260000,
  "k": 620912000,
  "l": 405643872,
  "m": 850205632,
  "n": 6485644,
  "o": 6729304,
  "p": 8360673,
  "q": 8674839,
  "r": 50037352,
  "s": 103616000,
  "t": 68164832,
  "u": 141319088
}
