{
  "b": 2.268763542175293,
  "c": 4.8921308517456055,
  "d": 3.074277877807617,
  "e": 6.628509044647217,
  "f": 24100000,
  "g": 51400000,
  "h": 34500000,
  "i": 73700000,
  "j": 23600000,
  "k": 50900000,
  "l": 33800000,
  "m": 72900000,
  "n": 504000,
  "o": 504000,
  "p": 740000,
  "q": 740000,
  "r": 1240000,
  "s": 2650000,
  "t": 1780000,
  "u": 3810000
}
