{
  "b": 28.48653793334961,
  "c": 59.70307540893555,
  "d": 36.87671661376953,
  "e": 77.29141998291016,
  "f": 303000000,
  "g": 628000000,
  "h": 414000000,
  "i": 859000000,
  "j": 296000000,
  "k": 621000000,
  "l": 406000000,
  "m": 850000000,
  "n": 6610000,
  "o": 6610000,
  "p": 8520000,
  "q": 8520000,
  "r": 50000000,
  "s": 104000000,
  "t": 68200000,
  "u": 141000000
}
