{
  "b": 2.268763542175293,
  "c": 4.8921308517456055,
  "d": 3.074277877807617,
  "e": 6.628509044647217,
  "f": 24085608,
  "g": 51396144,
  "h": 34537232,
  "i": 73674088,
  "j": 23595140,
  "k": 50878160,
  "l": 33817056,
  "m": 72913600,
  "n": 490467,
  "o": 517984,
  "p": 720178,
  "q": 760475,
  "r": 1240408,
  "s": 2648475,
  "t": 1782961,
  "u": 3807970
}
