{
  "b": 0.1506681740283966,
  "c": 0.3299693167209625,
  "d": 0.2141142338514328,
  "e": 0.46889528632164,
  "f": 1594828,
  "g": 3461523,
  "h": 2393049,
  "i": 5198289,
  "j": 1566949,
  "k": 3431681,
  "l": 2355257,
  "m": 5157848,
  "n": 27879,
  "o": 29842,
  "p": 37792,
  "q": 40440,
  "r": 34575,
  "s": 75156,
  "t": 52880,
  "u": 115068
}
