{
  "b": 10.595124244689941,
  "c": 23.116119384765625,
  "d": 19.173870086669922,
  "e": 41.83258056640625,
  "f": 112000000,
  "g": 243000000,
  "h": 214000000,
  "i": 464000000,
  "j": 110000000,
  "k": 240000000,
  "l": 211000000,
  "m": 460000000,
  "n": 2290000,
  "o": 2290000,
  "p": 3470000,
  "q": 3470000,
  "r": 16400000,
  "s": 35400000,
  "t": 31900000,
  "u": 69000000
}
