{
  "b": 0.1506681740283966,
  "c": 0.3299693167209625,
  "d": 0.2141142338514328,
  "e": 0.46889528632164,
  "f": 1590000,
  "g": 3460000,
  "h": 2390000,
  "i": 5200000,
  "j": 1570000,
  "k": 3430000,
  "l": 2360000,
  "m": 5160000,
  "n": 28900,
  "o": 28900,
  "p": 39100,
  "q": 39100,
  "r": 34600,
  "s": 75200,
  "t": 52900,
  "u": 115000
}
