{
  "b": 29.611894607543945,
  "c": 63.19355010986328,
  "d": 35.30988311767578,
  "e": 75.35204315185547,
  "f": 313170048,
  "g": 662697536,
  "h": 394445824,
  "i": 835230976,
  "j": 307963712,
  "k": 657212928,
  "l": 388408704,
  "m": 828872448,
  "n": 5206310,
  "o": 5484630,
  "p": 6037154,
  "q": 6358482,
  "r": 5216946,
  "s": 11019767,
  "t": 7179772,
  "u": 15181039
}
