{
  "b": 59.58268737792969,
  "c": 127.4548568725586,
  "d": 80.19756317138672,
  "e": 171.54718017578125,
  "f": 630070528,
  "g": 1336463488,
  "h": 894914880,
  "i": 1900392960,
  "j": 619659968,
  "k": 1325530496,
  "l": 882173184,
  "m": 1887019008,
  "n": 10410542,
  "o": 10933149,
  "p": 12741663,
  "q": 13374184,
  "r": 45921388,
  "s": 97045488,
  "t": 70746288,
  "u": 149759472
}
