{
  "b": 20.372207641601562,
  "c": 43.70064163208008,
  "d": 25.04561996459961,
  "e": 53.72429275512695,
  "f": 215423200,
  "g": 458238976,
  "h": 279607584,
  "i": 595302528,
  "j": 211870960,
  "k": 454486656,
  "l": 275501824,
  "m": 590967232,
  "n": 3552259,
  "o": 3752294,
  "p": 4105752,
  "q": 4335323,
  "r": 5989830,
  "s": 12726685,
  "t": 8566239,
  "u": 18222810
}
