{
  "b": 2.6948673725128174,
  "c": 5.76583194732666,
  "d": 3.256103992462158,
  "e": 6.966569423675537,
  "f": 28493186,
  "g": 60455512,
  "h": 36344232,
  "i": 77186512,
  "j": 28026620,
  "k": 59964652,
  "l": 35817144,
  "m": 76632264,
  "n": 466565,
  "o": 490857,
  "p": 527087,
  "q": 554247,
  "r": 281107,
  "s": 595293,
  "t": 385484,
  "u": 817290
}
