{
  "b": 2.6948673725128174,
  "c": 5.76583194732666,
  "d": 3.256103992462158,
  "e": 6.966569423675537,
  "f": 28500000,
  "g": 60500000,
  "h": 36300000,
  "i": 77200000,
  "j": 28000000,
  "k": 60000000,
  "l": 35800000,
  "m": 76600000,
  "n": 479000,
  "o": 479000,
  "p": 541000,
  "q": 541000,
  "r": 281000,
  "s": 595000,
  "t": 385000,
  "u": 817000
}
