{
  "b": 29.611894607543945,
  "c": 63.19355010986328,
  "d": 35.30988311767578,
  "e": 75.35204315185547,
  "f": 313000000,
  "g": 663000000,
  "h": 394000000,
  "i": 835000000,
  "j": 308000000,
  "k": 657000000,
  "l": 388000000,
  "m": 829000000,
  "n": 5350000,
  "o": 5350000,
  "p": 6200000,
  "q": 6200000,
  "r": 5220000,
  "s": 11000000,
  "t": 7180000,
  "u": 15200000
}
