{
  "b": 59.58268737792969,
  "c": 127.4548568725586,
  "d": 80.19756317138672,
  "e": 171.54718017578125,
  "f": 630000000,
  "g": 1340000000,
  "h": 895000000,
  "i": 1900000000,
  "j": 620000000,
  "k": 1330000000,
  "l": 882000000,
  "m": 1890000000,
  "n": 10700000,
  "o": 10700000,
  "p": 13100000,
  "q": 13100000,
  "r": 45900000,
  "s": 97000000,
  "t": 70700000,
  "u": 150000000
}
