{
  "b": 20.372207641601562,
  "c": 43.70064163208008,
  "d": 25.04561996459961,
  "e": 53.72429275512695,
  "f": 215000000,
  "g": 458000000,
  "h": 280000000,
  "i": 595000000,
  "j": 212000000,
  "k": 454000000,
  "l": 276000000,
  "m": 591000000,
  "n": 3650000,
  "o": 3650000,
  "p": 4220000,
  "q": 4220000,
  "r": 5990000,
  "s": 12700000,
  "t": 8570000,
  "u": 18200000
}
