{
  "b": 10.6437349319458,
  "c": 22.458019256591797,
  "d": 13.23990249633789,
  "e": 27.93524742126465,
  "f": 112529208,
  "g": 235466912,
  "h": 147775920,
  "i": 309504256,
  "j": 110694848,
  "k": 233563408,
  "l": 145638928,
  "m": 307287712,
  "n": 1834352,
  "o": 1903546,
  "p": 2136961,
  "q": 2216482,
  "r": 2787919,
  "s": 5827832,
  "t": 4026072,
  "u": 8425979
}
