{
  "b": 16.220787048339844,
  "c": 34.35124588012695,
  "d": 20.800186157226562,
  "e": 44.04893493652344,
  "f": 172000000,
  "g": 360000000,
  "h": 232000000,
  "i": 488000000,
  "j": 169000000,
  "k": 357000000,
  "l": 229000000,
  "m": 485000000,
  "n": 2880000,
  "o": 2880000,
  "p": 3490000,
  "q": 3490000,
  "r": 3680000,
  "s": 7710000,
  "t": 5340000,
  "u": 11200000
}
