{
  "b": 15.813553810119629,
  "c": 33.78182601928711,
  "d": 20.91472625732422,
  "e": 44.67864227294922,
  "f": 167189248,
  "g": 354198368,
  "h": 233247040,
  "i": 494811008,
  "j": 164460960,
  "k": 351330976,
  "l": 230061984,
  "m": 491465056,
  "n": 2728271,
  "o": 2867420,
  "p": 3185050,
  "q": 3345917,
  "r": 4644570,
  "s": 9830184,
  "t": 7075828,
  "u": 14999423
}
