{
  "b": 4.327047824859619,
  "c": 9.208178520202637,
  "d": 5.690605163574219,
  "e": 12.109453201293945,
  "f": 45800000,
  "g": 96600000,
  "h": 63500000,
  "i": 134000000,
  "j": 45000000,
  "k": 95800000,
  "l": 62600000,
  "m": 133000000,
  "n": 782000,
  "o": 782000,
  "p": 948000,
  "q": 948000,
  "r": 2100000,
  "s": 4410000,
  "t": 3150000,
  "u": 6640000
}
