{
  "b": 24.840057373046875,
  "c": 53.21894836425781,
  "d": 29.554161071777344,
  "e": 63.31709671020508,
  "f": 262608000,
  "g": 557981312,
  "h": 330146400,
  "i": 701811776,
  "j": 258336592,
  "k": 553477056,
  "l": 325095776,
  "m": 696488064,
  "n": 4271443,
  "o": 4504288,
  "p": 5050659,
  "q": 5323725,
  "r": 7443830,
  "s": 15780053,
  "t": 10217265,
  "u": 21677298
}
