{
  "b": 27.9683837890625,
  "c": 59.759281158447266,
  "d": 34.51726150512695,
  "e": 73.75059509277344,
  "f": 295721952,
  "g": 626598784,
  "h": 385228704,
  "i": 817080256,
  "j": 290871200,
  "k": 621496512,
  "l": 379689856,
  "m": 811256512,
  "n": 4850771,
  "o": 5102272,
  "p": 5538820,
  "q": 5823701,
  "r": 9604842,
  "s": 20314764,
  "t": 13608651,
  "u": 28821860
}
