{
  "b": 40.69520950317383,
  "c": 86.53199005126953,
  "d": 50.567535400390625,
  "e": 107.52178955078125,
  "f": 430271136,
  "g": 907309824,
  "h": 564173184,
  "i": 1191045504,
  "j": 423230176,
  "k": 899932672,
  "l": 556242880,
  "m": 1182739712,
  "n": 7040959,
  "o": 7377165,
  "p": 7930260,
  "q": 8305850,
  "r": 10570841,
  "s": 22249742,
  "t": 15101929,
  "u": 31833186
}
