{
  "b": 34.20806121826172,
  "c": 73.2215805053711,
  "d": 39.92339324951172,
  "e": 85.4536361694336,
  "f": 361765568,
  "g": 767837952,
  "h": 446050752,
  "i": 947262144,
  "j": 355763840,
  "k": 761504448,
  "l": 439157312,
  "m": 939990016,
  "n": 6001750,
  "o": 6333503,
  "p": 6893452,
  "q": 7272204,
  "r": 9829667,
  "s": 20815538,
  "t": 13028164,
  "u": 27615132
}
