{
  "b": 27.9683837890625,
  "c": 59.759281158447266,
  "d": 34.51726150512695,
  "e": 73.75059509277344,
  "f": 296000000,
  "g": 627000000,
  "h": 385000000,
  "i": 817000000,
  "j": 291000000,
  "k": 621000000,
  "l": 380000000,
  "m": 811000000,
  "n": 4980000,
  "o": 4980000,
  "p": 5680000,
  "q": 5680000,
  "r": 9600000,
  "s": 20300000,
  "t": 13600000,
  "u": 28800000
}
