{
  "b": 32.61418151855469,
  "c": 69.2752456665039,
  "d": 37.38026428222656,
  "e": 79.39839935302734,
  "f": 345000000,
  "g": 726000000,
  "h": 418000000,
  "i": 880000000,
  "j": 339000000,
  "k": 720000000,
  "l": 411000000,
  "m": 873000000,
  "n": 5890000,
  "o": 5890000,
  "p": 6760000,
  "q": 6760000,
  "r": 9830000,
  "s": 20700000,
  "t": 12800000,
  "u": 27000000
}
