{
  "b": 40.69520950317383,
  "c": 86.53199005126953,
  "d": 50.567535400390625,
  "e": 107.52178955078125,
  "f": 430000000,
  "g": 907000000,
  "h": 564000000,
  "i": 1190000000,
  "j": 423000000,
  "k": 900000000,
  "l": 556000000,
  "m": 1180000000,
  "n": 7210000,
  "o": 7210000,
  "p": 8120000,
  "q": 8120000,
  "r": 10600000,
  "s": 22200000,
  "t": 15100000,
  "u": 31800000
}
