{
  "b": 34.20806121826172,
  "c": 73.2215805053711,
  "d": 39.92339324951172,
  "e": 85.4536361694336,
  "f": 362000000,
  "g": 768000000,
  "h": 446000000,
  "i": 947000000,
  "j": 356000000,
  "k": 762000000,
  "l": 439000000,
  "m": 940000000,
  "n": 6170000,
  "o": 6170000,
  "p": 7080000,
  "q": 7080000,
  "r": 9830000,
  "s": 20800000,
  "t": 13000000,
  "u": 27600000
}
