{
  "b": 32.61418151855469,
  "c": 69.2752456665039,
  "d": 37.38026428222656,
  "e": 79.39839935302734,
  "f": 344942688,
  "g": 726492288,
  "h": 417790912,
  "i": 880303744,
  "j": 339187488,
  "k": 720462528,
  "l": 411182912,
  "m": 873382400,
  "n": 5755201,
  "o": 6029693,
  "p": 6608056,
  "q": 6921294,
  "r": 9832243,
  "s": 20685014,
  "t": 12840928,
  "u": 27034874
}
