{
  "b": 30.771095275878906,
  "c": 64.33592987060547,
  "d": 33.972434997558594,
  "e": 71.02555084228516,
  "f": 325000000,
  "g": 675000000,
  "h": 380000000,
  "i": 787000000,
  "j": 320000000,
  "k": 669000000,
  "l": 374000000,
  "m": 781000000,
  "n": 5380000,
  "o": 5380000,
  "p": 6010000,
  "q": 6010000,
  "r": 5050000,
  "s": 10400000,
  "t": 6020000,
  "u": 12400000
}
