{
  "b": 17.331953048706055,
  "c": 36.135093688964844,
  "d": 17.493349075317383,
  "e": 36.470401763916016,
  "f": 183000000,
  "g": 379000000,
  "h": 195000000,
  "i": 404000000,
  "j": 180000000,
  "k": 376000000,
  "l": 192000000,
  "m": 401000000,
  "n": 2930000,
  "o": 2930000,
  "p": 3010000,
  "q": 3010000,
  "r": 4130000,
  "s": 8540000,
  "t": 4230000,
  "u": 8750000
}
