{
  "b": 100.01667022705078,
  "c": 210.97109985351562,
  "d": 115.0032958984375,
  "e": 242.57090759277344,
  "f": 1057422144,
  "g": 2212075264,
  "h": 1285328512,
  "i": 2689426432,
  "j": 1040173376,
  "k": 2194099456,
  "l": 1265036288,
  "m": 2668280064,
  "n": 17248858,
  "o": 17975606,
  "p": 20292044,
  "q": 21146532,
  "r": 15564368,
  "s": 32337208,
  "t": 20407964,
  "u": 42424356
}
