{
  "b": 17.331953048706055,
  "c": 36.135093688964844,
  "d": 17.493349075317383,
  "e": 36.470401763916016,
  "f": 183141904,
  "g": 378781920,
  "h": 195387184,
  "i": 404224384,
  "j": 180252320,
  "k": 375804960,
  "l": 192426848,
  "m": 401174432,
  "n": 2889580,
  "o": 2976974,
  "p": 2960327,
  "q": 3049894,
  "r": 4128698,
  "s": 8536222,
  "t": 4231115,
  "u": 8751192
}
