{
  "b": 9.96280574798584,
  "c": 20.770105361938477,
  "d": 11.457961082458496,
  "e": 23.88665008544922,
  "f": 105000000,
  "g": 218000000,
  "h": 128000000,
  "i": 265000000,
  "j": 104000000,
  "k": 216000000,
  "l": 126000000,
  "m": 263000000,
  "n": 1760000,
  "o": 1760000,
  "p": 2050000,
  "q": 2050000,
  "r": 410000,
  "s": 842000,
  "t": 531000,
  "u": 1090000
}
