{
  "b": 29.866107940673828,
  "c": 63.48558807373047,
  "d": 31.646848678588867,
  "e": 67.26825714111328,
  "f": 315715136,
  "g": 665625280,
  "h": 353742080,
  "i": 745872640,
  "j": 310607520,
  "k": 660250112,
  "l": 348115328,
  "m": 739950848,
  "n": 5107611,
  "o": 5375188,
  "p": 5626753,
  "q": 5921775,
  "r": -10963918,
  "s": -23203728,
  "t": -11645015,
  "u": -24660902
}
