{
  "b": 100.01667022705078,
  "c": 210.97109985351562,
  "d": 115.0032958984375,
  "e": 242.57090759277344,
  "f": 1060000000,
  "g": 2210000000,
  "h": 1290000000,
  "i": 2690000000,
  "j": 1040000000,
  "k": 2190000000,
  "l": 1270000000,
  "m": 2670000000,
  "n": 17600000,
  "o": 17600000,
  "p": 20700000,
  "q": 20700000,
  "r": 15600000,
  "s": 32300000,
  "t": 20400000,
  "u": 42400000
}
