{
  "b": 60.86943435668945,
  "c": 124.93240356445312,
  "d": 79.84772491455078,
  "e": 163.87440490722656,
  "f": 644000000,
  "g": 1310000000,
  "h": 892000000,
  "i": 1820000000,
  "j": 633000000,
  "k": 1300000000,
  "l": 878000000,
  "m": 1800000000,
  "n": 10600000,
  "o": 10600000,
  "p": 13400000,
  "q": 13400000,
  "r": 15900000,
  "s": 32300000,
  "t": 23300000,
  "u": 47200000
}
