{
  "b": 7.183521747589111,
  "c": 15.257012367248535,
  "d": 7.975439071655273,
  "e": 16.93861198425293,
  "f": 75900000,
  "g": 160000000,
  "h": 89000000,
  "i": 188000000,
  "j": 74700000,
  "k": 159000000,
  "l": 87700000,
  "m": 186000000,
  "n": 1220000,
  "o": 1220000,
  "p": 1280000,
  "q": 1280000,
  "r": 119000,
  "s": 249000,
  "t": 149000,
  "u": 313000
}
