{
  "b": 7.183521747589111,
  "c": 15.257012367248535,
  "d": 7.975439071655273,
  "e": 16.93861198425293,
  "f": 75899512,
  "g": 159922912,
  "h": 88982768,
  "i": 187639920,
  "j": 74708624,
  "k": 158672928,
  "l": 87729832,
  "m": 186324736,
  "n": 1190881,
  "o": 1249980,
  "p": 1252932,
  "q": 1315181,
  "r": 118531,
  "s": 248709,
  "t": 149181,
  "u": 313361
}
