{
  "b": 157.6653594970703,
  "c": 291.6402587890625,
  "d": 168.7523956298828,
  "e": 312.1498718261719,
  "f": 1670000000,
  "g": 3060000000,
  "h": 1900000000,
  "i": 3470000000,
  "j": 1640000000,
  "k": 3030000000,
  "l": 1860000000,
  "m": 3430000000,
  "n": 32200000,
  "o": 32200000,
  "p": 38300000,
  "q": 38300000,
  "r": 62400000,
  "s": 114000000,
  "t": 73600000,
  "u": 134000000
}
