{
  "b": 13.621209144592285,
  "c": 28.386882781982422,
  "d": 15.078432083129883,
  "e": 31.42173957824707,
  "f": 144000000,
  "g": 298000000,
  "h": 169000000,
  "i": 348000000,
  "j": 142000000,
  "k": 295000000,
  "l": 166000000,
  "m": 346000000,
  "n": 2390000,
  "o": 2390000,
  "p": 2740000,
  "q": 2740000,
  "r": 1130000,
  "s": 2310000,
  "t": 1420000,
  "u": 2910000
}
