{
  "b": 55.8974723815918,
  "c": 115.23527526855469,
  "d": 64.04220581054688,
  "e": 132.0204315185547,
  "f": 591000000,
  "g": 1210000000,
  "h": 715000000,
  "i": 1460000000,
  "j": 581000000,
  "k": 1200000000,
  "l": 704000000,
  "m": 1450000000,
  "n": 9650000,
  "o": 9650000,
  "p": 10700000,
  "q": 10700000,
  "r": 6600000,
  "s": 13400000,
  "t": 8380000,
  "u": 17000000
}
