{
  "b": 157.6653594970703,
  "c": 291.6402587890625,
  "d": 168.7523956298828,
  "e": 312.1498718261719,
  "f": 1672850944,
  "g": 3064287232,
  "h": 1895717248,
  "i": 3470861824,
  "j": 1639719808,
  "k": 3033058816,
  "l": 1856276352,
  "m": 3433648640,
  "n": 33131066,
  "o": 31228328,
  "p": 39440848,
  "q": 37213664,
  "r": 62427508,
  "s": 113903952,
  "t": 73584088,
  "u": 134236032
}
