{
  "b": 13.621209144592285,
  "c": 28.386882781982422,
  "d": 15.078432083129883,
  "e": 31.42173957824707,
  "f": 144018128,
  "g": 297652896,
  "h": 168557024,
  "i": 348415328,
  "j": 141660576,
  "k": 295223584,
  "l": 165862752,
  "m": 345639136,
  "n": 2357553,
  "o": 2429301,
  "p": 2694254,
  "q": 2776191,
  "r": 1125020,
  "s": 2306762,
  "t": 1418795,
  "u": 2910257
}
