{
  "b": 55.8974723815918,
  "c": 115.23527526855469,
  "d": 64.04220581054688,
  "e": 132.0204315185547,
  "f": 590892928,
  "g": 1208193280,
  "h": 715017472,
  "i": 1462985088,
  "j": 581333696,
  "k": 1198446848,
  "l": 704464256,
  "m": 1452224768,
  "n": 9559168,
  "o": 9746448,
  "p": 10553121,
  "q": 10760213,
  "r": 6601531,
  "s": 13423133,
  "t": 8376379,
  "u": 17049192
}
