{
  "b": 31.674842834472656,
  "c": 65.64962005615234,
  "d": 44.17372512817383,
  "e": 91.5498275756836,
  "f": 334823680,
  "g": 688293952,
  "h": 492491808,
  "i": 1013790272,
  "j": 329418368,
  "k": 682756032,
  "l": 485910976,
  "m": 1007048064,
  "n": 5405334,
  "o": 5537971,
  "p": 6580833,
  "q": 6742238,
  "r": 6655983,
  "s": 13629891,
  "t": 10430852,
  "u": 21397510
}
