{
  "b": 11.596243858337402,
  "c": 24.30282211303711,
  "d": 13.619772911071777,
  "e": 28.542423248291016,
  "f": 122598808,
  "g": 254819168,
  "h": 152073600,
  "i": 316304032,
  "j": 120600936,
  "k": 252749344,
  "l": 149817504,
  "m": 313966656,
  "n": 1997880,
  "o": 2069821,
  "p": 2256095,
  "q": 2337362,
  "r": 387924,
  "s": 801159,
  "t": 513378,
  "u": 1061523
}
