{
  "b": 11.596243858337402,
  "c": 24.30282211303711,
  "d": 13.619772911071777,
  "e": 28.542423248291016,
  "f": 123000000,
  "g": 255000000,
  "h": 152000000,
  "i": 316000000,
  "j": 121000000,
  "k": 253000000,
  "l": 150000000,
  "m": 314000000,
  "n": 2030000,
  "o": 2030000,
  "p": 2300000,
  "q": 2300000,
  "r": 388000,
  "s": 801000,
  "t": 513000,
  "u": 1060000
}
