{
  "b": 14.801515579223633,
  "c": 31.392581939697266,
  "d": 15.386131286621094,
  "e": 32.63068771362305,
  "f": 156511552,
  "g": 329184192,
  "h": 172012352,
  "i": 361837216,
  "j": 153935760,
  "k": 326482848,
  "l": 169247440,
  "m": 358937568,
  "n": 2575797,
  "o": 2701325,
  "p": 2764899,
  "q": 2899677,
  "r": 1439945,
  "s": 3011302,
  "t": 1635477,
  "u": 3421936
}
