{
  "b": 6.181952476501465,
  "c": 12.819047927856445,
  "d": 6.995547771453857,
  "e": 14.505467414855957,
  "f": 65300000,
  "g": 134000000,
  "h": 78100000,
  "i": 161000000,
  "j": 64300000,
  "k": 133000000,
  "l": 77000000,
  "m": 160000000,
  "n": 1060000,
  "o": 1060000,
  "p": 1160000,
  "q": 1160000,
  "r": 391000,
  "s": 799000,
  "t": 479000,
  "u": 981000
}
