{
  "b": 14.801515579223633,
  "c": 31.392581939697266,
  "d": 15.386131286621094,
  "e": 32.63068771362305,
  "f": 157000000,
  "g": 329000000,
  "h": 172000000,
  "i": 362000000,
  "j": 154000000,
  "k": 326000000,
  "l": 169000000,
  "m": 359000000,
  "n": 2640000,
  "o": 2640000,
  "p": 2830000,
  "q": 2830000,
  "r": 1440000,
  "s": 3010000,
  "t": 1640000,
  "u": 3420000
}
