{
  "b": 30.798377990722656,
  "c": 63.629581451416016,
  "d": 31.27071189880371,
  "e": 64.60317993164062,
  "f": 325000000,
  "g": 667000000,
  "h": 349000000,
  "i": 716000000,
  "j": 320000000,
  "k": 662000000,
  "l": 344000000,
  "m": 711000000,
  "n": 5200000,
  "o": 5200000,
  "p": 5350000,
  "q": 5350000,
  "r": 5240000,
  "s": 10700000,
  "t": 6100000,
  "u": 12500000
}
