{
  "b": 31.674842834472656,
  "c": 65.64962005615234,
  "d": 44.17372512817383,
  "e": 91.5498275756836,
  "f": 335000000,
  "g": 688000000,
  "h": 492000000,
  "i": 1010000000,
  "j": 329000000,
  "k": 683000000,
  "l": 486000000,
  "m": 1010000000,
  "n": 5470000,
  "o": 5470000,
  "p": 6660000,
  "q": 6660000,
  "r": 6660000,
  "s": 13600000,
  "t": 10400000,
  "u": 21400000
}
