{
  "b": 6.181952476501465,
  "c": 12.819047927856445,
  "d": 6.995547771453857,
  "e": 14.505467414855957,
  "f": 65341316,
  "g": 134393520,
  "h": 78097528,
  "i": 160735552,
  "j": 64292308,
  "k": 133318096,
  "l": 76951024,
  "m": 159560144,
  "n": 1049006,
  "o": 1075431,
  "p": 1146501,
  "q": 1175391,
  "r": 390789,
  "s": 798804,
  "t": 479472,
  "u": 981054
}
