{
  "b": 10.725850105285645,
  "c": 22.387372970581055,
  "d": 11.760184288024902,
  "e": 24.54531478881836,
  "f": 113408800,
  "g": 234748208,
  "h": 131372968,
  "i": 272073888,
  "j": 111548840,
  "k": 232828672,
  "l": 129362032,
  "m": 269998464,
  "n": 1859959,
  "o": 1919561,
  "p": 2010932,
  "q": 2075423,
  "r": 552020,
  "s": 1135737,
  "t": 679793,
  "u": 1399867
}
