{
  "b": 49.717857360839844,
  "c": 102.27346801757812,
  "d": 51.32282257080078,
  "e": 105.56929016113281,
  "f": 525541696,
  "g": 1072258560,
  "h": 574178880,
  "i": 1171046912,
  "j": 517065728,
  "k": 1063644096,
  "l": 564551040,
  "m": 1161262208,
  "n": 8476001,
  "o": 8614500,
  "p": 9627814,
  "q": 9784670,
  "r": 10533379,
  "s": 21422794,
  "t": 12281165,
  "u": 24969696
}
