{
  "b": 25.74596405029297,
  "c": 53.829803466796875,
  "d": 29.446531295776367,
  "e": 61.564178466796875,
  "f": 272334752,
  "g": 564567424,
  "h": 329579296,
  "i": 683073024,
  "j": 267758032,
  "k": 559829952,
  "l": 323911840,
  "m": 677205952,
  "n": 4576696,
  "o": 4737468,
  "p": 5667480,
  "q": 5867102,
  "r": 2466164,
  "s": 5073037,
  "t": 3035044,
  "u": 6243956
}
