{
  "b": 49.717857360839844,
  "c": 102.27346801757812,
  "d": 51.32282257080078,
  "e": 105.56929016113281,
  "f": 526000000,
  "g": 1070000000,
  "h": 574000000,
  "i": 1170000000,
  "j": 517000000,
  "k": 1060000000,
  "l": 565000000,
  "m": 1160000000,
  "n": 8550000,
  "o": 8550000,
  "p": 9710000,
  "q": 9710000,
  "r": 10500000,
  "s": 21400000,
  "t": 12300000,
  "u": 25000000
}
