{
  "b": 28.94402503967285,
  "c": 60.48501968383789,
  "d": 31.507282257080078,
  "e": 65.83847045898438,
  "f": 306000000,
  "g": 634000000,
  "h": 352000000,
  "i": 730000000,
  "j": 301000000,
  "k": 629000000,
  "l": 347000000,
  "m": 724000000,
  "n": 5000000,
  "o": 5000000,
  "p": 5530000,
  "q": 5530000,
  "r": 3290000,
  "s": 6780000,
  "t": 3930000,
  "u": 8090000
}
