{
  "b": 5.688847064971924,
  "c": 11.71904468536377,
  "d": 6.445170879364014,
  "e": 13.275856018066406,
  "f": 60200000,
  "g": 123000000,
  "h": 72000000,
  "i": 147000000,
  "j": 59200000,
  "k": 122000000,
  "l": 70900000,
  "m": 146000000,
  "n": 1020000,
  "o": 1020000,
  "p": 1130000,
  "q": 1130000,
  "r": 321000,
  "s": 653000,
  "t": 407000,
  "u": 829000
}
