{
  "b": 28.94402503967285,
  "c": 60.48501968383789,
  "d": 31.507282257080078,
  "e": 65.83847045898438,
  "f": 305934336,
  "g": 634123008,
  "h": 352025088,
  "i": 729847808,
  "j": 301017856,
  "k": 629044224,
  "l": 346580096,
  "m": 724223168,
  "n": 4916477,
  "o": 5078795,
  "p": 5444990,
  "q": 5624768,
  "r": 3288438,
  "s": 6775948,
  "t": 3925461,
  "u": 8093439
}
