{
  "b": 25.74596405029297,
  "c": 53.829803466796875,
  "d": 29.446531295776367,
  "e": 61.564178466796875,
  "f": 272000000,
  "g": 565000000,
  "h": 330000000,
  "i": 683000000,
  "j": 268000000,
  "k": 560000000,
  "l": 324000000,
  "m": 677000000,
  "n": 4660000,
  "o": 4660000,
  "p": 5770000,
  "q": 5770000,
  "r": 2470000,
  "s": 5070000,
  "t": 3040000,
  "u": 6240000
}
