{
  "b": 7.370606899261475,
  "c": 15.479692459106445,
  "d": 7.954629898071289,
  "e": 16.70585823059082,
  "f": 77900000,
  "g": 162000000,
  "h": 88900000,
  "i": 185000000,
  "j": 76700000,
  "k": 161000000,
  "l": 87500000,
  "m": 184000000,
  "n": 1290000,
  "o": 1290000,
  "p": 1430000,
  "q": 1430000,
  "r": 307000,
  "s": 636000,
  "t": 379000,
  "u": 785000
}
