{
  "b": 14.417448997497559,
  "c": 29.22593879699707,
  "d": 18.857542037963867,
  "e": 38.224327087402344,
  "f": 152000000,
  "g": 307000000,
  "h": 210000000,
  "i": 424000000,
  "j": 150000000,
  "k": 304000000,
  "l": 207000000,
  "m": 420000000,
  "n": 2560000,
  "o": 2560000,
  "p": 3030000,
  "q": 3030000,
  "r": 1390000,
  "s": 2780000,
  "t": 2030000,
  "u": 4050000
}
