{
  "b": 228.78720092773438,
  "c": 468.26239013671875,
  "d": 360.0293273925781,
  "e": 736.8080444335938,
  "f": 2420000000,
  "g": 4910000000,
  "h": 4010000000,
  "i": 8160000000,
  "j": 2380000000,
  "k": 4870000000,
  "l": 3960000000,
  "m": 8100000000,
  "n": 41800000,
  "o": 41800000,
  "p": 53900000,
  "q": 53900000,
  "r": 393000000,
  "s": 797000000,
  "t": 661000000,
  "u": 1340000000
}
