{
  "b": 228.78720092773438,
  "c": 468.26239013671875,
  "d": 360.0293273925781,
  "e": 736.8080444335938,
  "f": 2420996608,
  "g": 4912017920,
  "h": 4013933568,
  "i": 8159109632,
  "j": 2379386880,
  "k": 4869928960,
  "l": 3960322560,
  "m": 8104888320,
  "n": 41609700,
  "o": 42088488,
  "p": 53610900,
  "q": 54221584,
  "r": 393219712,
  "s": 797279168,
  "t": 660788160,
  "u": 1342577920
}
