{
  "b": 3.824390411376953,
  "c": 8.059326171875,
  "d": 4.337774276733398,
  "e": 9.140727043151855,
  "f": 40400000,
  "g": 84500000,
  "h": 48500000,
  "i": 101000000,
  "j": 39800000,
  "k": 83800000,
  "l": 47700000,
  "m": 101000000,
  "n": 666000,
  "o": 666000,
  "p": 770000,
  "q": 770000,
  "r": 75200,
  "s": 156000,
  "t": 98100,
  "u": 204000
}
