{
  "b": 14.417448997497559,
  "c": 29.22593879699707,
  "d": 18.857542037963867,
  "e": 38.224327087402344,
  "f": 152496048,
  "g": 306517664,
  "h": 210452032,
  "i": 423503040,
  "j": 149941472,
  "k": 303949760,
  "l": 207432960,
  "m": 420467584,
  "n": 2554581,
  "o": 2567897,
  "p": 3019079,
  "q": 3035462,
  "r": 1390023,
  "s": 2777193,
  "t": 2025336,
  "u": 4054236
}
