{
  "b": 10.105721473693848,
  "c": 20.98590850830078,
  "d": 10.980399131774902,
  "e": 22.801023483276367,
  "f": 107000000,
  "g": 220000000,
  "h": 123000000,
  "i": 253000000,
  "j": 105000000,
  "k": 218000000,
  "l": 121000000,
  "m": 251000000,
  "n": 1830000,
  "o": 1830000,
  "p": 2080000,
  "q": 2080000,
  "r": 633000,
  "s": 1300000,
  "t": 773000,
  "u": 1580000
}
