{
  "b": 889.9888305664062,
  "c": 1728.0323486328125,
  "d": 1290.832763671875,
  "e": 2506.208251953125,
  "f": 9440000000,
  "g": 18200000000,
  "h": 14400000000,
  "i": 27800000000,
  "j": 9260000000,
  "k": 18000000000,
  "l": 14200000000,
  "m": 27600000000,
  "n": 185000000,
  "o": 185000000,
  "p": 240000000,
  "q": 240000000,
  "r": 767000000,
  "s": 1470000000,
  "t": 1280000000,
  "u": 2440000000
}
