{
  "b": 889.9888305664062,
  "c": 1728.0323486328125,
  "d": 1290.832763671875,
  "e": 2506.208251953125,
  "f": 9442509824,
  "g": 18153977856,
  "h": 14441998336,
  "i": 27805833216,
  "j": 9255883776,
  "k": 17971535872,
  "l": 14199159808,
  "m": 27568291840,
  "n": 186625424,
  "o": 182441584,
  "p": 242839408,
  "q": 237541056,
  "r": 767232832,
  "s": 1465975296,
  "t": 1275849984,
  "u": 2443677696
}
