{
  "b": 10.105721473693848,
  "c": 20.98590850830078,
  "d": 10.980399131774902,
  "e": 22.801023483276367,
  "f": 106898624,
  "g": 220106256,
  "h": 122830648,
  "i": 252918832,
  "j": 105099504,
  "k": 218253440,
  "l": 120784392,
  "m": 250811264,
  "n": 1799115,
  "o": 1852800,
  "p": 2046253,
  "q": 2107571,
  "r": 633382,
  "s": 1297115,
  "t": 772650,
  "u": 1582999
}
