{
  "b": 18.128822326660156,
  "c": 38.19956588745117,
  "d": 17.134471893310547,
  "e": 36.102481842041016,
  "f": 192000000,
  "g": 401000000,
  "h": 192000000,
  "i": 401000000,
  "j": 189000000,
  "k": 397000000,
  "l": 188000000,
  "m": 397000000,
  "n": 3240000,
  "o": 3240000,
  "p": 3450000,
  "q": 3450000,
  "r": 2270000,
  "s": 4720000,
  "t": 2340000,
  "u": 4870000
}
