{
  "b": 17.146583557128906,
  "c": 35.06279373168945,
  "d": 18.549148559570312,
  "e": 37.92913055419922,
  "f": 181208672,
  "g": 367569696,
  "h": 207131776,
  "i": 420346560,
  "j": 178324464,
  "k": 364653056,
  "l": 204040624,
  "m": 417220448,
  "n": 2884207,
  "o": 2916600,
  "p": 3091163,
  "q": 3126111,
  "r": 937932,
  "s": 1891881,
  "t": 1210673,
  "u": 2443782
}
