{
  "b": 17.146583557128906,
  "c": 35.06279373168945,
  "d": 18.549148559570312,
  "e": 37.92913055419922,
  "f": 181000000,
  "g": 368000000,
  "h": 207000000,
  "i": 420000000,
  "j": 178000000,
  "k": 365000000,
  "l": 204000000,
  "m": 417000000,
  "n": 2900000,
  "o": 2900000,
  "p": 3110000,
  "q": 3110000,
  "r": 938000,
  "s": 1890000,
  "t": 1210000,
  "u": 2440000
}
