{
  "b": 18.128822326660156,
  "c": 38.19956588745117,
  "d": 17.134471893310547,
  "e": 36.102481842041016,
  "f": 191710928,
  "g": 400577632,
  "h": 191860848,
  "i": 400648576,
  "j": 188539744,
  "k": 397275488,
  "l": 188479200,
  "m": 397127296,
  "n": 3171166,
  "o": 3302152,
  "p": 3381669,
  "q": 3521289,
  "r": 2267662,
  "s": 4719573,
  "t": 2343218,
  "u": 4874845
}
