{
  "b": 22.171833038330078,
  "c": 46.094146728515625,
  "d": 26.314838409423828,
  "e": 54.7135009765625,
  "f": 234417104,
  "g": 483317920,
  "h": 294226304,
  "i": 606747264,
  "j": 230587056,
  "k": 479379136,
  "l": 289463232,
  "m": 601848512,
  "n": 3830059,
  "o": 3938756,
  "p": 4763055,
  "q": 4898702,
  "r": 2995474,
  "s": 6181838,
  "t": 4942531,
  "u": 10321997
}
