{
  "b": 60.94691848754883,
  "c": 127.53164672851562,
  "d": 80.11583709716797,
  "e": 167.6378936767578,
  "f": 644497920,
  "g": 1337358208,
  "h": 895029376,
  "i": 1858263296,
  "j": 633847936,
  "k": 1326329088,
  "l": 881274240,
  "m": 1844016768,
  "n": 10650002,
  "o": 11029141,
  "p": 13755173,
  "q": 14246278,
  "r": 6550612,
  "s": 13490058,
  "t": 9888644,
  "u": 20389574
}
