{
  "b": 60.94691848754883,
  "c": 127.53164672851562,
  "d": 80.11583709716797,
  "e": 167.6378936767578,
  "f": 644000000,
  "g": 1340000000,
  "h": 895000000,
  "i": 1860000000,
  "j": 634000000,
  "k": 1330000000,
  "l": 881000000,
  "m": 1840000000,
  "n": 10800000,
  "o": 10800000,
  "p": 14000000,
  "q": 14000000,
  "r": 6550000,
  "s": 13500000,
  "t": 9890000,
  "u": 20400000
}
