{
  "b": 12.193699836730957,
  "c": 25.235939025878906,
  "d": 14.99846363067627,
  "e": 31.038911819458008,
  "f": 128914672,
  "g": 264602432,
  "h": 167478064,
  "i": 343980480,
  "j": 126814480,
  "k": 262453760,
  "l": 164983104,
  "m": 341428032,
  "n": 2100191,
  "o": 2148611,
  "p": 2494970,
  "q": 2552450,
  "r": 685804,
  "s": 1400782,
  "t": 971375,
  "u": 1986152
}
