{
  "b": 12.193699836730957,
  "c": 25.235939025878906,
  "d": 14.99846363067627,
  "e": 31.038911819458008,
  "f": 129000000,
  "g": 265000000,
  "h": 167000000,
  "i": 344000000,
  "j": 127000000,
  "k": 262000000,
  "l": 165000000,
  "m": 341000000,
  "n": 2120000,
  "o": 2120000,
  "p": 2520000,
  "q": 2520000,
  "r": 686000,
  "s": 1400000,
  "t": 971000,
  "u": 1990000
}
