{
  "b": 65.94590759277344,
  "c": 136.95021057128906,
  "d": 84.89834594726562,
  "e": 176.3017120361328,
  "f": 697000000,
  "g": 1440000000,
  "h": 947000000,
  "i": 1950000000,
  "j": 686000000,
  "k": 1420000000,
  "l": 934000000,
  "m": 1940000000,
  "n": 11300000,
  "o": 11300000,
  "p": 13500000,
  "q": 13500000,
  "r": 7990000,
  "s": 16400000,
  "t": 11800000,
  "u": 24200000
}
