{
  "b": 22.171833038330078,
  "c": 46.094146728515625,
  "d": 26.314838409423828,
  "e": 54.7135009765625,
  "f": 234000000,
  "g": 483000000,
  "h": 294000000,
  "i": 607000000,
  "j": 231000000,
  "k": 479000000,
  "l": 289000000,
  "m": 602000000,
  "n": 3880000,
  "o": 3880000,
  "p": 4830000,
  "q": 4830000,
  "r": 3000000,
  "s": 6180000,
  "t": 4940000,
  "u": 10300000
}
