{
  "b": 64.39925384521484,
  "c": 134.15440368652344,
  "d": 76.27909851074219,
  "e": 158.89305114746094,
  "f": 680885632,
  "g": 1406672896,
  "h": 852341632,
  "i": 1761492864,
  "j": 669752256,
  "k": 1395205760,
  "l": 839070080,
  "m": 1747823616,
  "n": 11133432,
  "o": 11466791,
  "p": 13271528,
  "q": 13669232,
  "r": 12698861,
  "s": 26046180,
  "t": 17328984,
  "u": 35569576
}
