{
  "b": 65.94590759277344,
  "c": 136.95021057128906,
  "d": 84.89834594726562,
  "e": 176.3017120361328,
  "f": 696986048,
  "g": 1435725568,
  "h": 947249664,
  "i": 1953039872,
  "j": 685837440,
  "k": 1424282240,
  "l": 933881792,
  "m": 1939318912,
  "n": 11148611,
  "o": 11443408,
  "p": 13367777,
  "q": 13721349,
  "r": 7990102,
  "s": 16377574,
  "t": 11791380,
  "u": 24196978
}
