{
  "b": 18.257680892944336,
  "c": 38.12948226928711,
  "d": 20.275056838989258,
  "e": 42.34000015258789,
  "f": 193000000,
  "g": 400000000,
  "h": 226000000,
  "i": 469000000,
  "j": 190000000,
  "k": 397000000,
  "l": 223000000,
  "m": 466000000,
  "n": 3150000,
  "o": 3150000,
  "p": 3410000,
  "q": 3410000,
  "r": 19000000,
  "s": 39400000,
  "t": 21900000,
  "u": 45400000
}
