{
  "b": 13.424589157104492,
  "c": 27.370222091674805,
  "d": 16.073272705078125,
  "e": 32.7686882019043,
  "f": 141936880,
  "g": 286991616,
  "h": 179600672,
  "i": 363274560,
  "j": 139615728,
  "k": 284650304,
  "l": 176806000,
  "m": 360455584,
  "n": 2321171,
  "o": 2341280,
  "p": 2794688,
  "q": 2818965,
  "r": 1540783,
  "s": 3096761,
  "t": 2160097,
  "u": 4344793
}
