{
  "b": 18.257680892944336,
  "c": 38.12948226928711,
  "d": 20.275056838989258,
  "e": 42.34000015258789,
  "f": 192981072,
  "g": 399746976,
  "h": 226383344,
  "i": 469205152,
  "j": 189879888,
  "k": 396546624,
  "l": 223025616,
  "m": 465740000,
  "n": 3101171,
  "o": 3200393,
  "p": 3357755,
  "q": 3465167,
  "r": 19022614,
  "s": 39373720,
  "t": 21936258,
  "u": 45429304
}
