{
  "b": 15.715798377990723,
  "c": 32.794437408447266,
  "d": 18.92062759399414,
  "e": 39.48036575317383,
  "f": 166000000,
  "g": 344000000,
  "h": 211000000,
  "i": 437000000,
  "j": 163000000,
  "k": 341000000,
  "l": 208000000,
  "m": 434000000,
  "n": 2700000,
  "o": 2700000,
  "p": 2960000,
  "q": 2960000,
  "r": 1340000,
  "s": 2760000,
  "t": 1840000,
  "u": 3800000
}
