{
  "b": 13.424589157104492,
  "c": 27.370222091674805,
  "d": 16.073272705078125,
  "e": 32.7686882019043,
  "f": 142000000,
  "g": 287000000,
  "h": 180000000,
  "i": 363000000,
  "j": 140000000,
  "k": 285000000,
  "l": 177000000,
  "m": 360000000,
  "n": 2330000,
  "o": 2330000,
  "p": 2810000,
  "q": 2810000,
  "r": 1540000,
  "s": 3100000,
  "t": 2160000,
  "u": 4340000
}
