{
  "b": 29.487756729125977,
  "c": 62.10490417480469,
  "d": 35.178192138671875,
  "e": 74.08202362060547,
  "f": 312000000,
  "g": 651000000,
  "h": 393000000,
  "i": 821000000,
  "j": 307000000,
  "k": 646000000,
  "l": 387000000,
  "m": 815000000,
  "n": 5310000,
  "o": 5310000,
  "p": 6340000,
  "q": 6340000,
  "r": 4990000,
  "s": 10400000,
  "t": 6710000,
  "u": 13900000
}
