{
  "b": 15.715798377990723,
  "c": 32.794437408447266,
  "d": 18.92062759399414,
  "e": 39.48036575317383,
  "f": 166100320,
  "g": 343802368,
  "h": 211044176,
  "i": 437293792,
  "j": 163444304,
  "k": 341062144,
  "l": 208126912,
  "m": 434284032,
  "n": 2656023,
  "o": 2740241,
  "p": 2917227,
  "q": 3009734,
  "r": 1339635,
  "s": 2762941,
  "t": 1842101,
  "u": 3804241
}
