{
  "b": 20.328426361083984,
  "c": 42.35709762573242,
  "d": 28.25309944152832,
  "e": 58.86772537231445,
  "f": 214957552,
  "g": 444166304,
  "h": 315220256,
  "i": 652119808,
  "j": 211415632,
  "k": 440513824,
  "l": 310784096,
  "m": 647544960,
  "n": 3541924,
  "o": 3652447,
  "p": 4436164,
  "q": 4574808,
  "r": 2920663,
  "s": 5995539,
  "t": 4521147,
  "u": 9296997
}
