{
  "b": 82.59125518798828,
  "c": 168.6422576904297,
  "d": 92.85891723632812,
  "e": 189.60061645507812,
  "f": 873000000,
  "g": 1770000000,
  "h": 1040000000,
  "i": 2100000000,
  "j": 859000000,
  "k": 1750000000,
  "l": 1020000000,
  "m": 2090000000,
  "n": 14000000,
  "o": 14000000,
  "p": 15300000,
  "q": 15300000,
  "r": 22700000,
  "s": 45700000,
  "t": 28300000,
  "u": 57100000
}
