{
  "b": 77.01643371582031,
  "c": 160.6593780517578,
  "d": 107.06301879882812,
  "e": 223.3245849609375,
  "f": 815000000,
  "g": 1680000000,
  "h": 1190000000,
  "i": 2470000000,
  "j": 801000000,
  "k": 1670000000,
  "l": 1180000000,
  "m": 2460000000,
  "n": 13900000,
  "o": 13900000,
  "p": 16400000,
  "q": 16400000,
  "r": 20800000,
  "s": 42700000,
  "t": 31900000,
  "u": 65800000
}
