{
  "b": 77.01643371582031,
  "c": 160.6593780517578,
  "d": 107.06301879882812,
  "e": 223.3245849609375,
  "f": 814617984,
  "g": 1684939648,
  "h": 1193847680,
  "i": 2473240576,
  "j": 800970880,
  "k": 1670857472,
  "l": 1177693184,
  "m": 2456570368,
  "n": 13647091,
  "o": 14082271,
  "p": 16154525,
  "q": 16669980,
  "r": 20780866,
  "s": 42713588,
  "t": 31948748,
  "u": 65814960
}
