{
  "b": 35.32027053833008,
  "c": 73.58710479736328,
  "d": 36.46820831298828,
  "e": 75.97589874267578,
  "f": 373416704,
  "g": 771577280,
  "h": 407632064,
  "i": 842414464,
  "j": 367330816,
  "k": 765305920,
  "l": 401150272,
  "m": 835734912,
  "n": 6085839,
  "o": 6271348,
  "p": 6481764,
  "q": 6679561,
  "r": 24932996,
  "s": 51513064,
  "t": 26763712,
  "u": 55327048
}
