{
  "b": 11.389324188232422,
  "c": 23.704944610595703,
  "d": 13.020380020141602,
  "e": 27.097742080688477,
  "f": 120000000,
  "g": 249000000,
  "h": 145000000,
  "i": 300000000,
  "j": 118000000,
  "k": 247000000,
  "l": 143000000,
  "m": 298000000,
  "n": 1990000,
  "o": 1990000,
  "p": 2160000,
  "q": 2160000,
  "r": 1780000,
  "s": 3650000,
  "t": 2220000,
  "u": 4560000
}
