{
  "b": 249.6304931640625,
  "c": 506.780517578125,
  "d": 331.0704650878906,
  "e": 672.05126953125,
  "f": 2640000000,
  "g": 5320000000,
  "h": 3700000000,
  "i": 7450000000,
  "j": 2600000000,
  "k": 5270000000,
  "l": 3640000000,
  "m": 7390000000,
  "n": 45900000,
  "o": 45900000,
  "p": 58900000,
  "q": 58900000,
  "r": 219000000,
  "s": 438000000,
  "t": 340000000,
  "u": 682000000
}
