{
  "b": 11.389324188232422,
  "c": 23.704944610595703,
  "d": 13.020380020141602,
  "e": 27.097742080688477,
  "f": 120409296,
  "g": 248549552,
  "h": 145356848,
  "i": 300270688,
  "j": 118448968,
  "k": 246531424,
  "l": 143224176,
  "m": 298075168,
  "n": 1960318,
  "o": 2018106,
  "p": 2132670,
  "q": 2195544,
  "r": 1775887,
  "s": 3651139,
  "t": 2218182,
  "u": 4564896
}
