{
  "b": 249.6304931640625,
  "c": 506.780517578125,
  "d": 331.0704650878906,
  "e": 672.05126953125,
  "f": 2641977600,
  "g": 5316546560,
  "h": 3700538112,
  "i": 7451591168,
  "j": 2596157184,
  "k": 5270517248,
  "l": 3641775104,
  "m": 7392563712,
  "n": 45820524,
  "o": 46029168,
  "p": 58763640,
  "q": 59027544,
  "r": 218762800,
  "s": 437730144,
  "t": 340359328,
  "u": 681862336
}
