{
  "b": 55.64497375488281,
  "c": 110.09335327148438,
  "d": 72.3564453125,
  "e": 143.1350860595703,
  "f": 588511808,
  "g": 1154612480,
  "h": 807867392,
  "i": 1586239872,
  "j": 578707712,
  "k": 1144970880,
  "l": 795920896,
  "m": 1574486016,
  "n": 9804073,
  "o": 9641698,
  "p": 11946480,
  "q": 11753728,
  "r": 13833924,
  "s": 27114698,
  "t": 20232520,
  "u": 39702936
}
