{
  "b": 21.965150833129883,
  "c": 45.46533966064453,
  "d": 27.65025520324707,
  "e": 57.22962188720703,
  "f": 232000000,
  "g": 477000000,
  "h": 309000000,
  "i": 635000000,
  "j": 228000000,
  "k": 473000000,
  "l": 304000000,
  "m": 630000000,
  "n": 4030000,
  "o": 4030000,
  "p": 5190000,
  "q": 5190000,
  "r": 4380000,
  "s": 8960000,
  "t": 6020000,
  "u": 12300000
}
