{
  "b": 2.0623507499694824,
  "c": 4.291023254394531,
  "d": 2.7520251274108887,
  "e": 5.725836277008057,
  "f": 21792390,
  "g": 44980400,
  "h": 30658098,
  "i": 63381056,
  "j": 21448448,
  "k": 44626644,
  "l": 30272276,
  "m": 62984200,
  "n": 343940,
  "o": 353756,
  "p": 385826,
  "q": 396856,
  "r": 19066,
  "s": 39179,
  "t": 29554,
  "u": 60855
}
