{
  "b": 54.52367401123047,
  "c": 113.00849151611328,
  "d": 76.25851440429688,
  "e": 158.0428924560547,
  "f": 576925056,
  "g": 1185418752,
  "h": 851356672,
  "i": 1751302144,
  "j": 567046208,
  "k": 1175288320,
  "l": 838843648,
  "m": 1738471808,
  "n": 9878872,
  "o": 10130371,
  "p": 12513097,
  "q": 12830275,
  "r": 47223776,
  "s": 96496304,
  "t": 76285856,
  "u": 156139248
}
