{
  "b": 21.965150833129883,
  "c": 45.46533966064453,
  "d": 27.65025520324707,
  "e": 57.22962188720703,
  "f": 232416000,
  "g": 476923424,
  "h": 309273472,
  "i": 634782912,
  "j": 228437568,
  "k": 472839520,
  "l": 304152800,
  "m": 629525824,
  "n": 3978445,
  "o": 4083912,
  "p": 5120668,
  "q": 5257096,
  "r": 4375843,
  "s": 8960456,
  "t": 6020242,
  "u": 12332920
}
