{
  "b": 6.428218841552734,
  "c": 13.388076782226562,
  "d": 7.365767478942871,
  "e": 15.3395357131958,
  "f": 67991816,
  "g": 140410272,
  "h": 82319464,
  "i": 170071904,
  "j": 66853476,
  "k": 139236000,
  "l": 81023440,
  "m": 168734896,
  "n": 1138335,
  "o": 1174289,
  "p": 1296019,
  "q": 1337002,
  "r": 178688,
  "s": 367257,
  "t": 231423,
  "u": 476074
}
