{
  "b": 6.428218841552734,
  "c": 13.388076782226562,
  "d": 7.365767478942871,
  "e": 15.3395357131958,
  "f": 68000000,
  "g": 140000000,
  "h": 82300000,
  "i": 170000000,
  "j": 66900000,
  "k": 139000000,
  "l": 81000000,
  "m": 169000000,
  "n": 1160000,
  "o": 1160000,
  "p": 1320000,
  "q": 1320000,
  "r": 179000,
  "s": 367000,
  "t": 231000,
  "u": 476000
}
