{
  "b": 55.64497375488281,
  "c": 110.09335327148438,
  "d": 72.3564453125,
  "e": 143.1350860595703,
  "f": 589000000,
  "g": 1150000000,
  "h": 808000000,
  "i": 1590000000,
  "j": 579000000,
  "k": 1140000000,
  "l": 796000000,
  "m": 1570000000,
  "n": 9720000,
  "o": 9720000,
  "p": 11900000,
  "q": 11900000,
  "r": 13800000,
  "s": 27100000,
  "t": 20200000,
  "u": 39700000
}
