{
  "b": 16.018903732299805,
  "c": 33.493614196777344,
  "d": 18.096914291381836,
  "e": 37.83599853515625,
  "f": 169000000,
  "g": 351000000,
  "h": 202000000,
  "i": 419000000,
  "j": 167000000,
  "k": 348000000,
  "l": 199000000,
  "m": 416000000,
  "n": 2870000,
  "o": 2870000,
  "p": 3190000,
  "q": 3190000,
  "r": 2360000,
  "s": 4870000,
  "t": 3010000,
  "u": 6230000
}
