{
  "b": 16.297863006591797,
  "c": 34.07529830932617,
  "d": 17.4776668548584,
  "e": 36.54059982299805,
  "f": 172267632,
  "g": 357245472,
  "h": 195345696,
  "i": 405141184,
  "j": 169497776,
  "k": 354383104,
  "l": 192254336,
  "m": 401946592,
  "n": 2769850,
  "o": 2862333,
  "p": 3091371,
  "q": 3194531,
  "r": 1702879,
  "s": 3511594,
  "t": 2058509,
  "u": 4246613
}
