{
  "b": 16.297863006591797,
  "c": 34.07529830932617,
  "d": 17.4776668548584,
  "e": 36.54059982299805,
  "f": 172000000,
  "g": 357000000,
  "h": 195000000,
  "i": 405000000,
  "j": 169000000,
  "k": 354000000,
  "l": 192000000,
  "m": 402000000,
  "n": 2820000,
  "o": 2820000,
  "p": 3140000,
  "q": 3140000,
  "r": 1700000,
  "s": 3510000,
  "t": 2060000,
  "u": 4250000
}
