{
  "b": 134.5288543701172,
  "c": 277.64276123046875,
  "d": 232.66114807128906,
  "e": 480.13409423828125,
  "f": 1420000000,
  "g": 2910000000,
  "h": 2590000000,
  "i": 5320000000,
  "j": 1400000000,
  "k": 2890000000,
  "l": 2560000000,
  "m": 5280000000,
  "n": 24500000,
  "o": 24500000,
  "p": 35300000,
  "q": 35300000,
  "r": 43100000,
  "s": 87200000,
  "t": 96100000,
  "u": 195000000
}
