{
  "b": 16.018903732299805,
  "c": 33.493614196777344,
  "d": 18.096914291381836,
  "e": 37.83599853515625,
  "f": 169412896,
  "g": 351251968,
  "h": 202203808,
  "i": 419447616,
  "j": 166596592,
  "k": 348333568,
  "l": 199066064,
  "m": 416196000,
  "n": 2816321,
  "o": 2918414,
  "p": 3137735,
  "q": 3251658,
  "r": 2360605,
  "s": 4874086,
  "t": 3012818,
  "u": 6226269
}
