{
  "b": 14.562813758850098,
  "c": 30.316726684570312,
  "d": 17.503921508789062,
  "e": 36.437042236328125,
  "f": 154037504,
  "g": 317957248,
  "h": 195544176,
  "i": 403900416,
  "j": 151453264,
  "k": 315293952,
  "l": 192543136,
  "m": 400807456,
  "n": 2584239,
  "o": 2663305,
  "p": 3001055,
  "q": 3092944,
  "r": 4930609,
  "s": 10152505,
  "t": 6588551,
  "u": 13577289
}
