{
  "b": 27.508790969848633,
  "c": 56.994930267333984,
  "d": 33.241668701171875,
  "e": 68.88433837890625,
  "f": 291000000,
  "g": 598000000,
  "h": 372000000,
  "i": 764000000,
  "j": 286000000,
  "k": 593000000,
  "l": 366000000,
  "m": 758000000,
  "n": 4840000,
  "o": 4840000,
  "p": 5990000,
  "q": 5990000,
  "r": 1600000,
  "s": 3260000,
  "t": 2230000,
  "u": 4560000
}
