{
  "b": 14.562813758850098,
  "c": 30.316726684570312,
  "d": 17.503921508789062,
  "e": 36.437042236328125,
  "f": 154000000,
  "g": 318000000,
  "h": 196000000,
  "i": 404000000,
  "j": 151000000,
  "k": 315000000,
  "l": 193000000,
  "m": 401000000,
  "n": 2620000,
  "o": 2620000,
  "p": 3050000,
  "q": 3050000,
  "r": 4930000,
  "s": 10200000,
  "t": 6590000,
  "u": 13600000
}
