{
  "b": 27.508790969848633,
  "c": 56.994930267333984,
  "d": 33.241668701171875,
  "e": 68.88433837890625,
  "f": 290868192,
  "g": 597645120,
  "h": 371574208,
  "i": 763794368,
  "j": 286091424,
  "k": 592747264,
  "l": 365658368,
  "m": 757727744,
  "n": 4776778,
  "o": 4897813,
  "p": 5915780,
  "q": 6066587,
  "r": 1596392,
  "s": 3261484,
  "t": 2228638,
  "u": 4564980
}
