{
  "b": 11.563278198242188,
  "c": 24.24163818359375,
  "d": 12.875131607055664,
  "e": 26.990190505981445,
  "f": 122287928,
  "g": 254220832,
  "h": 143908624,
  "i": 299261984,
  "j": 120258096,
  "k": 252113040,
  "l": 141626448,
  "m": 296892096,
  "n": 2029821,
  "o": 2107792,
  "p": 2282176,
  "q": 2369927,
  "r": 1731818,
  "s": 3584530,
  "t": 2187112,
  "u": 4530077
}
