{
  "b": 11.563278198242188,
  "c": 24.24163818359375,
  "d": 12.875131607055664,
  "e": 26.990190505981445,
  "f": 122000000,
  "g": 254000000,
  "h": 144000000,
  "i": 299000000,
  "j": 120000000,
  "k": 252000000,
  "l": 142000000,
  "m": 297000000,
  "n": 2070000,
  "o": 2070000,
  "p": 2330000,
  "q": 2330000,
  "r": 1730000,
  "s": 3580000,
  "t": 2190000,
  "u": 4530000
}
