{
  "b": 11.711812973022461,
  "c": 24.677759170532227,
  "d": 12.545031547546387,
  "e": 26.432308197021484,
  "f": 124000000,
  "g": 259000000,
  "h": 140000000,
  "i": 293000000,
  "j": 122000000,
  "k": 257000000,
  "l": 138000000,
  "m": 291000000,
  "n": 2070000,
  "o": 2070000,
  "p": 2250000,
  "q": 2250000,
  "r": 606000,
  "s": 1260000,
  "t": 731000,
  "u": 1520000
}
