{
  "b": 15.556839942932129,
  "c": 31.881006240844727,
  "d": 18.43356704711914,
  "e": 37.7749137878418,
  "f": 164474784,
  "g": 334286304,
  "h": 205952704,
  "i": 418755552,
  "j": 161791136,
  "k": 331562464,
  "l": 202769232,
  "m": 415524032,
  "n": 2683662,
  "o": 2723885,
  "p": 3183476,
  "q": 3231484,
  "r": 535283,
  "s": 1082458,
  "t": 729296,
  "u": 1475977
}
