{
  "b": 32.8040885925293,
  "c": 69.04873657226562,
  "d": 38.20210647583008,
  "e": 80.40654754638672,
  "f": 347000000,
  "g": 724000000,
  "h": 426000000,
  "i": 891000000,
  "j": 341000000,
  "k": 718000000,
  "l": 420000000,
  "m": 884000000,
  "n": 5830000,
  "o": 5830000,
  "p": 6370000,
  "q": 6370000,
  "r": 9190000,
  "s": 19100000,
  "t": 11900000,
  "u": 24800000
}
