{
  "b": 32.8040885925293,
  "c": 69.04873657226562,
  "d": 38.20210647583008,
  "e": 80.40654754638672,
  "f": 346878048,
  "g": 724056192,
  "h": 426467936,
  "i": 890972480,
  "j": 341162528,
  "k": 718106880,
  "l": 420223168,
  "m": 884472064,
  "n": 5715547,
  "o": 5949335,
  "p": 6244799,
  "q": 6500352,
  "r": 9189993,
  "s": 19123974,
  "t": 11938769,
  "u": 24849806
}
