{
  "b": 11.711812973022461,
  "c": 24.677759170532227,
  "d": 12.545031547546387,
  "e": 26.432308197021484,
  "f": 123832168,
  "g": 258762640,
  "h": 140200656,
  "i": 293052736,
  "j": 121802856,
  "k": 256648704,
  "l": 137995344,
  "m": 290755392,
  "n": 2029325,
  "o": 2113942,
  "p": 2205319,
  "q": 2297313,
  "r": 605964,
  "s": 1259887,
  "t": 731032,
  "u": 1520676
}
