{
  "b": 7.889013767242432,
  "c": 16.638916015625,
  "d": 8.13723373413086,
  "e": 17.161190032958984,
  "f": 83429064,
  "g": 174488576,
  "h": 91063112,
  "i": 190394592,
  "j": 82045744,
  "k": 173044720,
  "l": 89509568,
  "m": 188773088,
  "n": 1383322,
  "o": 1443851,
  "p": 1553542,
  "q": 1621493,
  "r": 1301931,
  "s": 2712981,
  "t": 1524723,
  "u": 3177468
}
