{
  "b": 40.17372131347656,
  "c": 83.48245239257812,
  "d": 41.88015365600586,
  "e": 87.02214050292969,
  "f": 424766912,
  "g": 875348864,
  "h": 468641568,
  "i": 965398144,
  "j": 417806688,
  "k": 868217472,
  "l": 460681696,
  "m": 957243584,
  "n": 6960161,
  "o": 7131379,
  "p": 7959831,
  "q": 8154632,
  "r": 24908364,
  "s": 51009560,
  "t": 29137728,
  "u": 59656512
}
