{
  "b": 16.352779388427734,
  "c": 33.96108627319336,
  "d": 19.313827514648438,
  "e": 40.10841751098633,
  "f": 173000000,
  "g": 356000000,
  "h": 216000000,
  "i": 444000000,
  "j": 170000000,
  "k": 353000000,
  "l": 212000000,
  "m": 441000000,
  "n": 2850000,
  "o": 2850000,
  "p": 3230000,
  "q": 3230000,
  "r": 651000,
  "s": 1330000,
  "t": 859000,
  "u": 1760000
}
