{
  "b": 14.205326080322266,
  "c": 29.40548324584961,
  "d": 19.286195755004883,
  "e": 39.920082092285156,
  "f": 150253904,
  "g": 308397472,
  "h": 215300592,
  "i": 442350944,
  "j": 147735392,
  "k": 305817024,
  "l": 212148160,
  "m": 439120896,
  "n": 2518527,
  "o": 2580466,
  "p": 3152429,
  "q": 3229970,
  "r": 1613835,
  "s": 3290782,
  "t": 2427245,
  "u": 4957161
}
