{
  "b": 16.352779388427734,
  "c": 33.96108627319336,
  "d": 19.313827514648438,
  "e": 40.10841751098633,
  "f": 172882640,
  "g": 356085856,
  "h": 215640320,
  "i": 444467808,
  "j": 170068896,
  "k": 353195296,
  "l": 212452112,
  "m": 441192608,
  "n": 2813759,
  "o": 2890510,
  "p": 3188216,
  "q": 3275225,
  "r": 650971,
  "s": 1333238,
  "t": 859157,
  "u": 1761617
}
