{
  "b": 13.196208953857422,
  "c": 27.707820892333984,
  "d": 14.3561429977417,
  "e": 30.141321182250977,
  "f": 140000000,
  "g": 291000000,
  "h": 161000000,
  "i": 334000000,
  "j": 137000000,
  "k": 288000000,
  "l": 158000000,
  "m": 332000000,
  "n": 2370000,
  "o": 2370000,
  "p": 2650000,
  "q": 2650000,
  "r": 1560000,
  "s": 3230000,
  "t": 1940000,
  "u": 4020000
}
