{
  "b": 28.060606002807617,
  "c": 56.69610595703125,
  "d": 32.6958122253418,
  "e": 66.05860900878906,
  "f": 297000000,
  "g": 594000000,
  "h": 365000000,
  "i": 732000000,
  "j": 292000000,
  "k": 590000000,
  "l": 360000000,
  "m": 727000000,
  "n": 4810000,
  "o": 4810000,
  "p": 5600000,
  "q": 5600000,
  "r": 2090000,
  "s": 4160000,
  "t": 2840000,
  "u": 5660000
}
