{
  "b": 31.967670440673828,
  "c": 66.54472351074219,
  "d": 39.12484359741211,
  "e": 81.44166564941406,
  "f": 338000000,
  "g": 698000000,
  "h": 437000000,
  "i": 903000000,
  "j": 332000000,
  "k": 692000000,
  "l": 430000000,
  "m": 896000000,
  "n": 5630000,
  "o": 5630000,
  "p": 6900000,
  "q": 6900000,
  "r": 2030000,
  "s": 4160000,
  "t": 2960000,
  "u": 6080000
}
