{
  "b": 12.29687213897705,
  "c": 26.275094985961914,
  "d": 12.865632057189941,
  "e": 27.488357543945312,
  "f": 130030032,
  "g": 275526016,
  "h": 143784192,
  "i": 304763360,
  "j": 127887472,
  "k": 273260992,
  "l": 141521952,
  "m": 302371936,
  "n": 2142556,
  "o": 2265013,
  "p": 2262226,
  "q": 2391437,
  "r": 3630117,
  "s": 7667197,
  "t": 4291979,
  "u": 9072000
}
