{
  "b": 28.060606002807617,
  "c": 56.69610595703125,
  "d": 32.6958122253418,
  "e": 66.05860900878906,
  "f": 296642400,
  "g": 594456640,
  "h": 365247104,
  "i": 732244416,
  "j": 291830304,
  "k": 589639488,
  "l": 359653920,
  "m": 726644736,
  "n": 4812130,
  "o": 4817174,
  "p": 5593205,
  "q": 5599706,
  "r": 2087196,
  "s": 4159494,
  "t": 2839737,
  "u": 5663327
}
