{
  "b": 15.200307846069336,
  "c": 31.754852294921875,
  "d": 16.05914878845215,
  "e": 33.54771423339844,
  "f": 161000000,
  "g": 333000000,
  "h": 180000000,
  "i": 372000000,
  "j": 158000000,
  "k": 330000000,
  "l": 177000000,
  "m": 369000000,
  "n": 2680000,
  "o": 2680000,
  "p": 2940000,
  "q": 2940000,
  "r": 1240000,
  "s": 2560000,
  "t": 1490000,
  "u": 3070000
}
