{
  "b": 15.200307846069336,
  "c": 31.754852294921875,
  "d": 16.05914878845215,
  "e": 33.54771423339844,
  "f": 160715008,
  "g": 332969888,
  "h": 179542112,
  "i": 372012672,
  "j": 158083200,
  "k": 330250464,
  "l": 176650640,
  "m": 369024864,
  "n": 2631823,
  "o": 2719419,
  "p": 2891490,
  "q": 2987806,
  "r": 1244433,
  "s": 2563567,
  "t": 1488836,
  "u": 3068344
}
