{
  "b": 13.196208953857422,
  "c": 27.707820892333984,
  "d": 14.3561429977417,
  "e": 30.141321182250977,
  "f": 139563184,
  "g": 290577696,
  "h": 160519072,
  "i": 334261152,
  "j": 137240576,
  "k": 288161344,
  "l": 157917568,
  "m": 331554528,
  "n": 2322612,
  "o": 2416346,
  "p": 2601503,
  "q": 2706646,
  "r": 1557227,
  "s": 3230829,
  "t": 1935182,
  "u": 4017139
}
