{
  "b": 26.323972702026367,
  "c": 55.39498519897461,
  "d": 33.530616760253906,
  "e": 70.55891418457031,
  "f": 278245536,
  "g": 580762880,
  "h": 373917632,
  "i": 781432192,
  "j": 273769312,
  "k": 576107840,
  "l": 368836800,
  "m": 776148096,
  "n": 4476222,
  "o": 4655054,
  "p": 5080880,
  "q": 5284086,
  "r": 1935736,
  "s": 4020079,
  "t": 2761080,
  "u": 5743354
}
