{
  "b": 20.1671085357666,
  "c": 41.91712951660156,
  "d": 26.941471099853516,
  "e": 55.995914459228516,
  "f": 213249440,
  "g": 439548224,
  "h": 300671392,
  "i": 620391488,
  "j": 209737920,
  "k": 435938144,
  "l": 296356192,
  "m": 615955072,
  "n": 3511509,
  "o": 3610092,
  "p": 4315176,
  "q": 4436451,
  "r": 2098056,
  "s": 4296430,
  "t": 3281406,
  "u": 6730015
}
