{
  "b": 20.1671085357666,
  "c": 41.91712951660156,
  "d": 26.941471099853516,
  "e": 55.995914459228516,
  "f": 213000000,
  "g": 440000000,
  "h": 301000000,
  "i": 620000000,
  "j": 210000000,
  "k": 436000000,
  "l": 296000000,
  "m": 616000000,
  "n": 3560000,
  "o": 3560000,
  "p": 4380000,
  "q": 4380000,
  "r": 2100000,
  "s": 4300000,
  "t": 3280000,
  "u": 6730000
}
