{
  "b": 55.4072380065918,
  "c": 115.262939453125,
  "d": 59.31283950805664,
  "e": 123.384521484375,
  "f": 586000000,
  "g": 1210000000,
  "h": 663000000,
  "i": 1370000000,
  "j": 576000000,
  "k": 1200000000,
  "l": 652000000,
  "m": 1360000000,
  "n": 9660000,
  "o": 9660000,
  "p": 10300000,
  "q": 10300000,
  "r": 10400000,
  "s": 21300000,
  "t": 12300000,
  "u": 25300000
}
