{
  "b": 18.1251277923584,
  "c": 38.04551696777344,
  "d": 20.056760787963867,
  "e": 42.098167419433594,
  "f": 191597616,
  "g": 398887552,
  "h": 224040800,
  "i": 466626432,
  "j": 188501328,
  "k": 395673376,
  "l": 220624368,
  "m": 463079840,
  "n": 3096299,
  "o": 3214201,
  "p": 3416455,
  "q": 3546624,
  "r": 1420462,
  "s": 2940197,
  "t": 1783695,
  "u": 3694842
}
