{
  "b": 20.231632232666016,
  "c": 41.75192642211914,
  "d": 21.318431854248047,
  "e": 43.991432189941406,
  "f": 213991536,
  "g": 437874624,
  "h": 238514176,
  "i": 487997504,
  "j": 210408976,
  "k": 434220032,
  "l": 234502752,
  "m": 483905760,
  "n": 3582578,
  "o": 3654528,
  "p": 4011444,
  "q": 4091755,
  "r": 2798875,
  "s": 5692041,
  "t": 3268887,
  "u": 6650068
}
