{
  "b": 20.231632232666016,
  "c": 41.75192642211914,
  "d": 21.318431854248047,
  "e": 43.991432189941406,
  "f": 214000000,
  "g": 438000000,
  "h": 239000000,
  "i": 488000000,
  "j": 210000000,
  "k": 434000000,
  "l": 235000000,
  "m": 484000000,
  "n": 3620000,
  "o": 3620000,
  "p": 4050000,
  "q": 4050000,
  "r": 2800000,
  "s": 5690000,
  "t": 3270000,
  "u": 6650000
}
