{
  "b": 55.4072380065918,
  "c": 115.262939453125,
  "d": 59.31283950805664,
  "e": 123.384521484375,
  "f": 585762176,
  "g": 1208531072,
  "h": 662634112,
  "i": 1367711232,
  "j": 576235264,
  "k": 1198734592,
  "l": 652441216,
  "m": 1357229696,
  "n": 9526990,
  "o": 9796553,
  "p": 10192925,
  "q": 10481578,
  "r": 10365448,
  "s": 21284616,
  "t": 12306002,
  "u": 25283352
}
