{
  "b": 18.1251277923584,
  "c": 38.04551696777344,
  "d": 20.056760787963867,
  "e": 42.098167419433594,
  "f": 192000000,
  "g": 399000000,
  "h": 224000000,
  "i": 467000000,
  "j": 189000000,
  "k": 396000000,
  "l": 221000000,
  "m": 463000000,
  "n": 3160000,
  "o": 3160000,
  "p": 3480000,
  "q": 3480000,
  "r": 1420000,
  "s": 2940000,
  "t": 1780000,
  "u": 3690000
}
