{
  "b": 32.39274978637695,
  "c": 67.18659973144531,
  "d": 36.288063049316406,
  "e": 75.26133728027344,
  "f": 342000000,
  "g": 704000000,
  "h": 405000000,
  "i": 834000000,
  "j": 337000000,
  "k": 699000000,
  "l": 399000000,
  "m": 828000000,
  "n": 5580000,
  "o": 5580000,
  "p": 6090000,
  "q": 6090000,
  "r": 7050000,
  "s": 14400000,
  "t": 8930000,
  "u": 18300000
}
