{
  "b": 201.97854614257812,
  "c": 403.2935791015625,
  "d": 289.507568359375,
  "e": 577.9963989257812,
  "f": 2140000000,
  "g": 4240000000,
  "h": 3240000000,
  "i": 6410000000,
  "j": 2100000000,
  "k": 4190000000,
  "l": 3180000000,
  "m": 6360000000,
  "n": 41800000,
  "o": 41800000,
  "p": 55500000,
  "q": 55500000,
  "r": 77600000,
  "s": 152000000,
  "t": 131000000,
  "u": 258000000
}
