{
  "b": 32.39274978637695,
  "c": 67.18659973144531,
  "d": 36.288063049316406,
  "e": 75.26133728027344,
  "f": 342396192,
  "g": 704389696,
  "h": 405180224,
  "i": 834036032,
  "j": 336884608,
  "k": 698740608,
  "l": 399168704,
  "m": 827874688,
  "n": 5511607,
  "o": 5649051,
  "p": 6011619,
  "q": 6161489,
  "r": 7045173,
  "s": 14407534,
  "t": 8931066,
  "u": 18280932
}
