{
  "b": 7.434913635253906,
  "c": 15.451166152954102,
  "d": 8.9635648727417,
  "e": 18.62734031677246,
  "f": 78610448,
  "g": 162016464,
  "h": 100096520,
  "i": 206441200,
  "j": 77323104,
  "k": 160692128,
  "l": 98599216,
  "m": 204900736,
  "n": 1287343,
  "o": 1324335,
  "p": 1497299,
  "q": 1540452,
  "r": 195634,
  "s": 400897,
  "t": 269906,
  "u": 553770
}
