{
  "b": 7.434913635253906,
  "c": 15.451166152954102,
  "d": 8.9635648727417,
  "e": 18.62734031677246,
  "f": 78600000,
  "g": 162000000,
  "h": 100000000,
  "i": 206000000,
  "j": 77300000,
  "k": 161000000,
  "l": 98600000,
  "m": 205000000,
  "n": 1310000,
  "o": 1310000,
  "p": 1520000,
  "q": 1520000,
  "r": 196000,
  "s": 401000,
  "t": 270000,
  "u": 554000
}
