{
  "b": 8.40035343170166,
  "c": 17.53702163696289,
  "d": 8.991718292236328,
  "e": 18.770593643188477,
  "f": 88900000,
  "g": 184000000,
  "h": 101000000,
  "i": 208000000,
  "j": 87400000,
  "k": 182000000,
  "l": 98900000,
  "m": 206000000,
  "n": 1520000,
  "o": 1520000,
  "p": 1690000,
  "q": 1690000,
  "r": 454000,
  "s": 935000,
  "t": 552000,
  "u": 1140000
}
