{
  "b": 201.97854614257812,
  "c": 403.2935791015625,
  "d": 289.507568359375,
  "e": 577.9963989257812,
  "f": 2142514432,
  "g": 4235993856,
  "h": 3240202240,
  "i": 6413348864,
  "j": 2100576896,
  "k": 4194253312,
  "l": 3184583168,
  "m": 6357960704,
  "n": 41937512,
  "o": 41740428,
  "p": 55619260,
  "q": 55388592,
  "r": 77551416,
  "s": 151852656,
  "t": 131472568,
  "u": 258088080
}
