{
  "b": 76.99044799804688,
  "c": 156.2181396484375,
  "d": 92.23053741455078,
  "e": 187.12741088867188,
  "f": 813994560,
  "g": 1638018048,
  "h": 1029863104,
  "i": 2073792896,
  "j": 800700672,
  "k": 1624668672,
  "l": 1014535936,
  "m": 2058401536,
  "n": 13293822,
  "o": 13349490,
  "p": 15327151,
  "q": 15391259,
  "r": 26941168,
  "s": 53954972,
  "t": 36578444,
  "u": 73330432
}
