{
  "b": 61.36317443847656,
  "c": 126.46126556396484,
  "d": 74.89433288574219,
  "e": 154.33993530273438,
  "f": 649000000,
  "g": 1330000000,
  "h": 837000000,
  "i": 1710000000,
  "j": 638000000,
  "k": 1320000000,
  "l": 824000000,
  "m": 1700000000,
  "n": 10600000,
  "o": 10600000,
  "p": 12900000,
  "q": 12900000,
  "r": 7750000,
  "s": 15700000,
  "t": 10900000,
  "u": 22200000
}
