{
  "b": 22.912330627441406,
  "c": 47.663414001464844,
  "d": 24.443450927734375,
  "e": 50.8465690612793,
  "f": 242000000,
  "g": 500000000,
  "h": 273000000,
  "i": 564000000,
  "j": 238000000,
  "k": 496000000,
  "l": 269000000,
  "m": 559000000,
  "n": 3920000,
  "o": 3920000,
  "p": 4240000,
  "q": 4240000,
  "r": 1830000,
  "s": 3760000,
  "t": 2150000,
  "u": 4410000
}
