{
  "b": 26.094371795654297,
  "c": 54.23881149291992,
  "d": 31.25960350036621,
  "e": 64.97341918945312,
  "f": 275729600,
  "g": 568551296,
  "h": 348660960,
  "i": 719645120,
  "j": 271381472,
  "k": 564083648,
  "l": 343855648,
  "m": 714707584,
  "n": 4348141,
  "o": 4467607,
  "p": 4805339,
  "q": 4937529,
  "r": 3089621,
  "s": 6350752,
  "t": 4001892,
  "u": 8235675
}
