{
  "b": 22.912330627441406,
  "c": 47.663414001464844,
  "d": 24.443450927734375,
  "e": 50.8465690612793,
  "f": 242148928,
  "g": 499669632,
  "h": 273057536,
  "i": 563610176,
  "j": 238288240,
  "k": 495699520,
  "l": 268877952,
  "m": 559312256,
  "n": 3860676,
  "o": 3970157,
  "p": 4179609,
  "q": 4297989,
  "r": 1832462,
  "s": 3758292,
  "t": 2147381,
  "u": 4406893
}
