{
  "b": 28.867704391479492,
  "c": 60.10390853881836,
  "d": 31.64255714416504,
  "e": 65.87815856933594,
  "f": 305000000,
  "g": 630000000,
  "h": 353000000,
  "i": 730000000,
  "j": 300000000,
  "k": 625000000,
  "l": 348000000,
  "m": 725000000,
  "n": 4910000,
  "o": 4910000,
  "p": 5430000,
  "q": 5430000,
  "r": 32900000,
  "s": 67900000,
  "t": 34200000,
  "u": 70700000
}
