{
  "b": 28.867704391479492,
  "c": 60.10390853881836,
  "d": 31.64255714416504,
  "e": 65.87815856933594,
  "f": 305060608,
  "g": 630056320,
  "h": 353418656,
  "i": 730164352,
  "j": 300224128,
  "k": 625080640,
  "l": 348068128,
  "m": 724659712,
  "n": 4836495,
  "o": 4975639,
  "p": 5350543,
  "q": 5504610,
  "r": 32879540,
  "s": 67895376,
  "t": 34201952,
  "u": 70651968
}
