{
  "b": 11.214761734008789,
  "c": 23.560333251953125,
  "d": 13.573345184326172,
  "e": 28.512378692626953,
  "f": 118600504,
  "g": 247070864,
  "h": 151426768,
  "i": 315838336,
  "j": 116633520,
  "k": 245027472,
  "l": 149306800,
  "m": 313636160,
  "n": 1966975,
  "o": 2043379,
  "p": 2119980,
  "q": 2202196,
  "r": 1223798,
  "s": 2536006,
  "t": 1664069,
  "u": 3448486
}
