{
  "b": 25.806888580322266,
  "c": 53.97258377075195,
  "d": 28.871572494506836,
  "e": 60.37907791137695,
  "f": 273000000,
  "g": 566000000,
  "h": 322000000,
  "i": 669000000,
  "j": 268000000,
  "k": 561000000,
  "l": 318000000,
  "m": 664000000,
  "n": 4450000,
  "o": 4450000,
  "p": 4830000,
  "q": 4830000,
  "r": 5250000,
  "s": 10800000,
  "t": 6530000,
  "u": 13500000
}
