{
  "b": 55.691986083984375,
  "c": 111.83170318603516,
  "d": 63.432106018066406,
  "e": 127.36798095703125,
  "f": 589000000,
  "g": 1170000000,
  "h": 709000000,
  "i": 1410000000,
  "j": 579000000,
  "k": 1160000000,
  "l": 698000000,
  "m": 1400000000,
  "n": 9530000,
  "o": 9530000,
  "p": 11300000,
  "q": 11300000,
  "r": 4640000,
  "s": 9190000,
  "t": 6040000,
  "u": 12000000
}
