{
  "b": 72.18953704833984,
  "c": 150.53517150878906,
  "d": 102.0865249633789,
  "e": 212.86854553222656,
  "f": 764000000,
  "g": 1580000000,
  "h": 1140000000,
  "i": 2360000000,
  "j": 751000000,
  "k": 1570000000,
  "l": 1120000000,
  "m": 2340000000,
  "n": 13000000,
  "o": 13000000,
  "p": 16800000,
  "q": 16800000,
  "r": 16400000,
  "s": 33700000,
  "t": 27200000,
  "u": 56000000
}
