{
  "b": 72.18953704833984,
  "c": 150.53517150878906,
  "d": 102.0865249633789,
  "e": 212.86854553222656,
  "f": 763600384,
  "g": 1578789760,
  "h": 1139490560,
  "i": 2358601728,
  "j": 750771200,
  "k": 1565565824,
  "l": 1122951808,
  "m": 2341553920,
  "n": 12829241,
  "o": 13223782,
  "p": 16538736,
  "q": 17047766,
  "r": 16424870,
  "s": 33706912,
  "t": 27227110,
  "u": 55983576
}
