{
  "b": 73.27613067626953,
  "c": 151.4270782470703,
  "d": 119.16401672363281,
  "e": 246.23809814453125,
  "f": 775517632,
  "g": 1588588160,
  "h": 1329476992,
  "i": 2727710464,
  "j": 762071744,
  "k": 1574841600,
  "l": 1310804224,
  "m": 2708619008,
  "n": 13445894,
  "o": 13746508,
  "p": 18672878,
  "q": 19091646,
  "r": 24617594,
  "s": 49940380,
  "t": 48367248,
  "u": 98414584
}
