{
  "b": 55.691986083984375,
  "c": 111.83170318603516,
  "d": 63.432106018066406,
  "e": 127.36798095703125,
  "f": 588746368,
  "g": 1172551808,
  "h": 709084864,
  "i": 1412324096,
  "j": 579196672,
  "k": 1163049728,
  "l": 697753152,
  "m": 1401047808,
  "n": 9549714,
  "o": 9501954,
  "p": 11331629,
  "q": 11276401,
  "r": 4643830,
  "s": 9190951,
  "t": 6035924,
  "u": 11950695
}
