{
  "b": 25.806888580322266,
  "c": 53.97258377075195,
  "d": 28.871572494506836,
  "e": 60.37907791137695,
  "f": 272765632,
  "g": 565836544,
  "h": 322333312,
  "i": 669075968,
  "j": 268391648,
  "k": 561314880,
  "l": 317587296,
  "m": 664169856,
  "n": 4373956,
  "o": 4521620,
  "p": 4746013,
  "q": 4906145,
  "r": 5246417,
  "s": 10820560,
  "t": 6532396,
  "u": 13484521
}
