{
  "b": 5.047738075256348,
  "c": 10.633196830749512,
  "d": 5.774349689483643,
  "e": 12.162872314453125,
  "f": 53384240,
  "g": 111510240,
  "h": 64510468,
  "i": 134825792,
  "j": 52496476,
  "k": 110585248,
  "l": 63517844,
  "m": 133791600,
  "n": 887760,
  "o": 924985,
  "p": 992618,
  "q": 1034205,
  "r": 226688,
  "s": 472082,
  "t": 289876,
  "u": 607174
}
