{
  "b": 35.65726089477539,
  "c": 73.41188049316406,
  "d": 45.635902404785156,
  "e": 93.95548248291016,
  "f": 377023296,
  "g": 769787840,
  "h": 509452224,
  "i": 1041108736,
  "j": 370835520,
  "k": 763483520,
  "l": 501994912,
  "m": 1033510272,
  "n": 6187757,
  "o": 6304350,
  "p": 7457291,
  "q": 7598476,
  "r": 6627144,
  "s": 13463434,
  "t": 9671200,
  "u": 19741330
}
