{
  "b": 40.38837432861328,
  "c": 84.9586181640625,
  "d": 46.0695915222168,
  "e": 96.90475463867188,
  "f": 427000000,
  "g": 891000000,
  "h": 514000000,
  "i": 1070000000,
  "j": 420000000,
  "k": 884000000,
  "l": 507000000,
  "m": 1070000000,
  "n": 6960000,
  "o": 6960000,
  "p": 7650000,
  "q": 7650000,
  "r": 5680000,
  "s": 11800000,
  "t": 7360000,
  "u": 15300000
}
