{
  "b": 8.679686546325684,
  "c": 18.256834030151367,
  "d": 9.638381004333496,
  "e": 20.271665573120117,
  "f": 91788976,
  "g": 191452352,
  "h": 107674216,
  "i": 224706624,
  "j": 90268744,
  "k": 189871072,
  "l": 106022192,
  "m": 222988320,
  "n": 1520226,
  "o": 1581282,
  "p": 1652030,
  "q": 1718324,
  "r": 460069,
  "s": 953320,
  "t": 560935,
  "u": 1163452
}
