{
  "b": 40.38837432861328,
  "c": 84.9586181640625,
  "d": 46.0695915222168,
  "e": 96.90475463867188,
  "f": 426860352,
  "g": 890661568,
  "h": 514263296,
  "i": 1073747456,
  "j": 420039104,
  "k": 883569664,
  "l": 506765504,
  "m": 1065952320,
  "n": 6821239,
  "o": 7091921,
  "p": 7497739,
  "q": 7795281,
  "r": 5682867,
  "s": 11777646,
  "t": 7356758,
  "u": 15261308
}
