{
  "b": 5.047738075256348,
  "c": 10.633196830749512,
  "d": 5.774349689483643,
  "e": 12.162872314453125,
  "f": 53400000,
  "g": 112000000,
  "h": 64500000,
  "i": 135000000,
  "j": 52500000,
  "k": 111000000,
  "l": 63500000,
  "m": 134000000,
  "n": 906000,
  "o": 906000,
  "p": 1010000,
  "q": 1010000,
  "r": 227000,
  "s": 472000,
  "t": 290000,
  "u": 607000
}
