{
  "b": 22.695650100708008,
  "c": 46.99125289916992,
  "d": 24.644628524780273,
  "e": 51.023719787597656,
  "f": 240132304,
  "g": 492920896,
  "h": 275905600,
  "i": 566210624,
  "j": 236034768,
  "k": 488709024,
  "l": 271090912,
  "m": 561260928,
  "n": 4097535,
  "o": 4211850,
  "p": 4814736,
  "q": 4949690,
  "r": 1753141,
  "s": 3580126,
  "t": 2186461,
  "u": 4465539
}
