{
  "b": 40.1910285949707,
  "c": 83.54900360107422,
  "d": 43.99016571044922,
  "e": 91.44341278076172,
  "f": 425000000,
  "g": 876000000,
  "h": 491000000,
  "i": 1010000000,
  "j": 418000000,
  "k": 869000000,
  "l": 484000000,
  "m": 1010000000,
  "n": 6830000,
  "o": 6830000,
  "p": 7650000,
  "q": 7650000,
  "r": 6230000,
  "s": 12800000,
  "t": 7350000,
  "u": 15100000
}
