{
  "b": 51.127742767333984,
  "c": 105.04168701171875,
  "d": 66.45574951171875,
  "e": 136.50889587402344,
  "f": 541000000,
  "g": 1100000000,
  "h": 743000000,
  "i": 1510000000,
  "j": 532000000,
  "k": 1090000000,
  "l": 731000000,
  "m": 1500000000,
  "n": 9290000,
  "o": 9290000,
  "p": 12100000,
  "q": 12100000,
  "r": 134000000,
  "s": 273000000,
  "t": 197000000,
  "u": 402000000
}
