{
  "b": 22.695650100708008,
  "c": 46.99125289916992,
  "d": 24.644628524780273,
  "e": 51.023719787597656,
  "f": 240000000,
  "g": 493000000,
  "h": 276000000,
  "i": 566000000,
  "j": 236000000,
  "k": 489000000,
  "l": 271000000,
  "m": 561000000,
  "n": 4150000,
  "o": 4150000,
  "p": 4880000,
  "q": 4880000,
  "r": 1750000,
  "s": 3580000,
  "t": 2190000,
  "u": 4470000
}
