{
  "b": 31.394611358642578,
  "c": 65.10826873779297,
  "d": 34.8983039855957,
  "e": 72.37139129638672,
  "f": 331821504,
  "g": 682577664,
  "h": 389771072,
  "i": 802123392,
  "j": 326503968,
  "k": 677126016,
  "l": 383881344,
  "m": 796085312,
  "n": 5317525,
  "o": 5451605,
  "p": 5889724,
  "q": 6038179,
  "r": 6850908,
  "s": 14033819,
  "t": 8378400,
  "u": 17171642
}
