{
  "b": 31.394611358642578,
  "c": 65.10826873779297,
  "d": 34.8983039855957,
  "e": 72.37139129638672,
  "f": 332000000,
  "g": 683000000,
  "h": 390000000,
  "i": 802000000,
  "j": 327000000,
  "k": 677000000,
  "l": 384000000,
  "m": 796000000,
  "n": 5380000,
  "o": 5380000,
  "p": 5960000,
  "q": 5960000,
  "r": 6850000,
  "s": 14000000,
  "t": 8380000,
  "u": 17200000
}
