{
  "b": 47.68758773803711,
  "c": 99.03377532958984,
  "d": 51.1965217590332,
  "e": 106.3153076171875,
  "f": 504000000,
  "g": 1040000000,
  "h": 572000000,
  "i": 1180000000,
  "j": 496000000,
  "k": 1030000000,
  "l": 563000000,
  "m": 1170000000,
  "n": 8100000,
  "o": 8100000,
  "p": 9020000,
  "q": 9020000,
  "r": 8410000,
  "s": 17200000,
  "t": 10100000,
  "u": 20600000
}
