{
  "b": 117.86788940429688,
  "c": 219.92233276367188,
  "d": 137.23959350585938,
  "e": 256.0672607421875,
  "f": 1250638848,
  "g": 2310806528,
  "h": 1539568128,
  "i": 2845255424,
  "j": 1225826048,
  "k": 2287192320,
  "l": 1509635584,
  "m": 2816739840,
  "n": 24812746,
  "o": 23613994,
  "p": 29932500,
  "q": 28515672,
  "r": 68711360,
  "s": 126878976,
  "t": 87520920,
  "u": 161692224
}
