{
  "b": 24.58770179748535,
  "c": 51.15840148925781,
  "d": 28.159772872924805,
  "e": 58.588748931884766,
  "f": 259750832,
  "g": 536198464,
  "h": 314340704,
  "i": 649186944,
  "j": 255712096,
  "k": 532047392,
  "l": 309757504,
  "m": 644476224,
  "n": 4038741,
  "o": 4151025,
  "p": 4583174,
  "q": 4710786,
  "r": 2944825,
  "s": 6054271,
  "t": 3847031,
  "u": 7913818
}
