{
  "b": 10.017474174499512,
  "c": 20.89594268798828,
  "d": 11.84529972076416,
  "e": 24.70824432373047,
  "f": 106000000,
  "g": 219000000,
  "h": 132000000,
  "i": 274000000,
  "j": 104000000,
  "k": 217000000,
  "l": 130000000,
  "m": 272000000,
  "n": 1690000,
  "o": 1690000,
  "p": 1850000,
  "q": 1850000,
  "r": 207000,
  "s": 426000,
  "t": 281000,
  "u": 579000
}
