{
  "b": 10.017474174499512,
  "c": 20.89594268798828,
  "d": 11.84529972076416,
  "e": 24.70824432373047,
  "f": 105841896,
  "g": 219029472,
  "h": 132116928,
  "i": 273665824,
  "j": 104181728,
  "k": 217317808,
  "l": 130298296,
  "m": 271790688,
  "n": 1660177,
  "o": 1711666,
  "p": 1818649,
  "q": 1875126,
  "r": 206607,
  "s": 425524,
  "t": 281023,
  "u": 579470
}
