{
  "b": 109.04182434082031,
  "c": 231.32130432128906,
  "d": 156.1924285888672,
  "e": 331.3084411621094,
  "f": 1153441664,
  "g": 2426068736,
  "h": 1742509056,
  "i": 3669938432,
  "j": 1134034944,
  "k": 2405741568,
  "l": 1718116736,
  "m": 3644392960,
  "n": 19406794,
  "o": 20327062,
  "p": 24392324,
  "q": 25545018,
  "r": 15140495,
  "s": 31709364,
  "t": 22501932,
  "u": 47085976
}
