{
  "b": 109.04182434082031,
  "c": 231.32130432128906,
  "d": 156.1924285888672,
  "e": 331.3084411621094,
  "f": 1150000000,
  "g": 2430000000,
  "h": 1740000000,
  "i": 3670000000,
  "j": 1130000000,
  "k": 2410000000,
  "l": 1720000000,
  "m": 3640000000,
  "n": 19900000,
  "o": 19900000,
  "p": 25000000,
  "q": 25000000,
  "r": 15100000,
  "s": 31700000,
  "t": 22500000,
  "u": 47100000
}
