{
  "b": 21.32575035095215,
  "c": 43.786869049072266,
  "d": 22.927520751953125,
  "e": 47.07177734375,
  "f": 226000000,
  "g": 459000000,
  "h": 257000000,
  "i": 522000000,
  "j": 222000000,
  "k": 455000000,
  "l": 252000000,
  "m": 518000000,
  "n": 3950000,
  "o": 3950000,
  "p": 4380000,
  "q": 4380000,
  "r": 446000,
  "s": 901000,
  "t": 522000,
  "u": 1060000
}
