{
  "b": 21.32575035095215,
  "c": 43.786869049072266,
  "d": 22.927520751953125,
  "e": 47.07177734375,
  "f": 225707456,
  "g": 459368416,
  "h": 256547456,
  "i": 522206592,
  "j": 221787808,
  "k": 455383424,
  "l": 252202736,
  "m": 517789568,
  "n": 3919672,
  "o": 3985038,
  "p": 4344716,
  "q": 4417017,
  "r": 445652,
  "s": 900769,
  "t": 521941,
  "u": 1055681
}
