{
  "b": 9.031508445739746,
  "c": 18.800413131713867,
  "d": 9.239484786987305,
  "e": 19.232473373413086,
  "f": 95500000,
  "g": 197000000,
  "h": 103000000,
  "i": 213000000,
  "j": 93900000,
  "k": 196000000,
  "l": 102000000,
  "m": 212000000,
  "n": 1560000,
  "o": 1560000,
  "p": 1630000,
  "q": 1630000,
  "r": 4930000,
  "s": 10200000,
  "t": 5860000,
  "u": 12100000
}
