{
  "b": 9.031508445739746,
  "c": 18.800413131713867,
  "d": 9.239484786987305,
  "e": 19.232473373413086,
  "f": 95462160,
  "g": 197103248,
  "h": 103236736,
  "i": 213206112,
  "j": 93927688,
  "k": 195524288,
  "l": 101634328,
  "m": 211557200,
  "n": 1534465,
  "o": 1578982,
  "p": 1602390,
  "q": 1648903,
  "r": 4933211,
  "s": 10177870,
  "t": 5861330,
  "u": 12097984
}
