{
  "b": 54.50273132324219,
  "c": 113.75099182128906,
  "d": 60.89513397216797,
  "e": 127.08971405029297,
  "f": 576000000,
  "g": 1190000000,
  "h": 680000000,
  "i": 1410000000,
  "j": 567000000,
  "k": 1180000000,
  "l": 670000000,
  "m": 1400000000,
  "n": 9180000,
  "o": 9180000,
  "p": 10100000,
  "q": 10100000,
  "r": 4680000,
  "s": 9650000,
  "t": 5890000,
  "u": 12200000
}
