{
  "b": 6.188653945922852,
  "c": 12.895000457763672,
  "d": 7.089123725891113,
  "e": 14.770833015441895,
  "f": 65408712,
  "g": 135186592,
  "h": 79150528,
  "i": 163685040,
  "j": 64362000,
  "k": 134108000,
  "l": 77980360,
  "m": 162479168,
  "n": 1046714,
  "o": 1078599,
  "p": 1170176,
  "q": 1205861,
  "r": 174291,
  "s": 358893,
  "t": 222076,
  "u": 457662
}
