{
  "b": 54.50273132324219,
  "c": 113.75099182128906,
  "d": 60.89513397216797,
  "e": 127.08971405029297,
  "f": 575868928,
  "g": 1192335360,
  "h": 679792448,
  "i": 1408246016,
  "j": 566828416,
  "k": 1183010304,
  "l": 669846464,
  "m": 1397986816,
  "n": 9040514,
  "o": 9324954,
  "p": 9945932,
  "q": 10259202,
  "r": 4676644,
  "s": 9653308,
  "t": 5886405,
  "u": 12158778
}
