{
  "b": 6.188653945922852,
  "c": 12.895000457763672,
  "d": 7.089123725891113,
  "e": 14.770833015441895,
  "f": 65400000,
  "g": 135000000,
  "h": 79200000,
  "i": 164000000,
  "j": 64400000,
  "k": 134000000,
  "l": 78000000,
  "m": 162000000,
  "n": 1060000,
  "o": 1060000,
  "p": 1190000,
  "q": 1190000,
  "r": 174000,
  "s": 359000,
  "t": 222000,
  "u": 458000
}
