{
  "b": 27.705663681030273,
  "c": 55.107662200927734,
  "d": 35.10100555419922,
  "e": 69.81327056884766,
  "f": 294008672,
  "g": 578999360,
  "h": 393750080,
  "i": 775604096,
  "j": 288138912,
  "k": 573119680,
  "l": 386111072,
  "m": 767945984,
  "n": 5869757,
  "o": 5879685,
  "p": 7639013,
  "q": 7658147,
  "r": 859620,
  "s": 1680750,
  "t": 1232769,
  "u": 2412543
}
