{
  "b": 14.551610946655273,
  "c": 28.43829917907715,
  "d": 20.215808868408203,
  "e": 39.50801086425781,
  "f": 154257376,
  "g": 298633376,
  "h": 225902032,
  "i": 438063776,
  "j": 151336752,
  "k": 295758304,
  "l": 222373904,
  "m": 434588128,
  "n": 2920644,
  "o": 2875054,
  "p": 3528107,
  "q": 3475690,
  "r": 169313,
  "s": 326832,
  "t": 263253,
  "u": 509409
}
