{
  "b": 14.551610946655273,
  "c": 28.43829917907715,
  "d": 20.215808868408203,
  "e": 39.50801086425781,
  "f": 154000000,
  "g": 299000000,
  "h": 226000000,
  "i": 438000000,
  "j": 151000000,
  "k": 296000000,
  "l": 222000000,
  "m": 435000000,
  "n": 2900000,
  "o": 2900000,
  "p": 3500000,
  "q": 3500000,
  "r": 169000,
  "s": 327000,
  "t": 263000,
  "u": 509000
}
