{
  "b": 8.679421424865723,
  "c": 18.23397445678711,
  "d": 10.845893859863281,
  "e": 22.784666061401367,
  "f": 91700000,
  "g": 191000000,
  "h": 121000000,
  "i": 252000000,
  "j": 90300000,
  "k": 190000000,
  "l": 119000000,
  "m": 251000000,
  "n": 1500000,
  "o": 1500000,
  "p": 1670000,
  "q": 1670000,
  "r": 62500,
  "s": 130000,
  "t": 87700,
  "u": 182000
}
