{
  "b": 8.679421424865723,
  "c": 18.23397445678711,
  "d": 10.845893859863281,
  "e": 22.784666061401367,
  "f": 91733096,
  "g": 191157792,
  "h": 120941336,
  "i": 252331888,
  "j": 90265984,
  "k": 189633328,
  "l": 119304832,
  "m": 250631328,
  "n": 1467108,
  "o": 1524468,
  "p": 1636512,
  "q": 1700538,
  "r": 62464,
  "s": 129693,
  "t": 87662,
  "u": 182288
}
