{
  "b": 20.747087478637695,
  "c": 43.4313850402832,
  "d": 26.709749221801758,
  "e": 55.912349700927734,
  "f": 219000000,
  "g": 455000000,
  "h": 299000000,
  "i": 620000000,
  "j": 216000000,
  "k": 452000000,
  "l": 294000000,
  "m": 615000000,
  "n": 3700000,
  "o": 3700000,
  "p": 4780000,
  "q": 4780000,
  "r": 1490000,
  "s": 3070000,
  "t": 2190000,
  "u": 4520000
}
