{
  "b": 20.747087478637695,
  "c": 43.4313850402832,
  "d": 26.709749221801758,
  "e": 55.912349700927734,
  "f": 219401648,
  "g": 455448640,
  "h": 298506112,
  "i": 619903808,
  "j": 215769712,
  "k": 451686400,
  "l": 293807232,
  "m": 615035840,
  "n": 3631942,
  "o": 3762276,
  "p": 4698895,
  "q": 4867970,
  "r": 1487462,
  "s": 3070329,
  "t": 2187136,
  "u": 4518341
}
