{
  "b": 12.198234558105469,
  "c": 25.460739135742188,
  "d": 14.154778480529785,
  "e": 29.543359756469727,
  "f": 128924592,
  "g": 266920432,
  "h": 158214624,
  "i": 327569184,
  "j": 126861640,
  "k": 264791696,
  "l": 155702560,
  "m": 324976960,
  "n": 2062955,
  "o": 2128729,
  "p": 2512063,
  "q": 2592208,
  "r": 1424199,
  "s": 2926798,
  "t": 1910993,
  "u": 3927818
}
