{
  "b": 12.198234558105469,
  "c": 25.460739135742188,
  "d": 14.154778480529785,
  "e": 29.543359756469727,
  "f": 129000000,
  "g": 267000000,
  "h": 158000000,
  "i": 328000000,
  "j": 127000000,
  "k": 265000000,
  "l": 156000000,
  "m": 325000000,
  "n": 2100000,
  "o": 2100000,
  "p": 2550000,
  "q": 2550000,
  "r": 1420000,
  "s": 2930000,
  "t": 1910000,
  "u": 3930000
}
