{
  "b": 74.80831909179688,
  "c": 157.68287658691406,
  "d": 84.7288818359375,
  "e": 178.5627899169922,
  "f": 792000000,
  "g": 1650000000,
  "h": 947000000,
  "i": 1980000000,
  "j": 778000000,
  "k": 1640000000,
  "l": 932000000,
  "m": 1960000000,
  "n": 14000000,
  "o": 14000000,
  "p": 15500000,
  "q": 15500000,
  "r": 4380000,
  "s": 9070000,
  "t": 5510000,
  "u": 11400000
}
