{
  "b": 74.80831909179688,
  "c": 157.68287658691406,
  "d": 84.7288818359375,
  "e": 178.5627899169922,
  "f": 791675840,
  "g": 1654137344,
  "h": 947195392,
  "i": 1979994112,
  "j": 778006528,
  "k": 1639901952,
  "l": 932017664,
  "m": 1964190720,
  "n": 13669351,
  "o": 14235402,
  "p": 15177801,
  "q": 15803406,
  "r": 4376200,
  "s": 9069811,
  "t": 5506865,
  "u": 11427692
}
