{
  "b": 30.49361801147461,
  "c": 62.846435546875,
  "d": 34.04093551635742,
  "e": 70.15530395507812,
  "f": 322000000,
  "g": 659000000,
  "h": 381000000,
  "i": 778000000,
  "j": 317000000,
  "k": 654000000,
  "l": 374000000,
  "m": 772000000,
  "n": 5130000,
  "o": 5130000,
  "p": 6140000,
  "q": 6140000,
  "r": 1370000,
  "s": 2800000,
  "t": 1790000,
  "u": 3630000
}
