{
  "b": 30.49361801147461,
  "c": 62.846435546875,
  "d": 34.04093551635742,
  "e": 70.15530395507812,
  "f": 322220832,
  "g": 658783936,
  "h": 380530752,
  "i": 777900928,
  "j": 317133632,
  "k": 653602944,
  "l": 374450304,
  "m": 771708352,
  "n": 5087175,
  "o": 5180961,
  "p": 6080429,
  "q": 6192644,
  "r": 1374596,
  "s": 2796130,
  "t": 1785196,
  "u": 3631492
}
