{
  "b": 57.56366729736328,
  "c": 118.40267944335938,
  "d": 60.44459533691406,
  "e": 124.32352447509766,
  "f": 608000000,
  "g": 1240000000,
  "h": 676000000,
  "i": 1380000000,
  "j": 599000000,
  "k": 1230000000,
  "l": 665000000,
  "m": 1370000000,
  "n": 9690000,
  "o": 9690000,
  "p": 11000000,
  "q": 11000000,
  "r": 19300000,
  "s": 39200000,
  "t": 23200000,
  "u": 47200000
}
