{
  "b": 6.220045566558838,
  "c": 12.440220832824707,
  "d": 7.992825508117676,
  "e": 15.984764099121094,
  "f": 65900000,
  "g": 131000000,
  "h": 89600000,
  "i": 178000000,
  "j": 64700000,
  "k": 129000000,
  "l": 87900000,
  "m": 176000000,
  "n": 1220000,
  "o": 1220000,
  "p": 1690000,
  "q": 1690000,
  "r": 50400,
  "s": 99100,
  "t": 88800,
  "u": 175000
}
