{
  "b": 32.059139251708984,
  "c": 64.49368286132812,
  "d": 41.814491271972656,
  "e": 84.11053466796875,
  "f": 340000000,
  "g": 677000000,
  "h": 469000000,
  "i": 934000000,
  "j": 333000000,
  "k": 671000000,
  "l": 460000000,
  "m": 925000000,
  "n": 6640000,
  "o": 6640000,
  "p": 9000000,
  "q": 9000000,
  "r": 1310000,
  "s": 2590000,
  "t": 2070000,
  "u": 4090000
}
