{
  "b": 32.059139251708984,
  "c": 64.49368286132812,
  "d": 41.814491271972656,
  "e": 84.11053466796875,
  "f": 340031168,
  "g": 677390528,
  "h": 468929856,
  "i": 934247296,
  "j": 333415040,
  "k": 670734272,
  "l": 459959392,
  "m": 925215872,
  "n": 6616121,
  "o": 6656383,
  "p": 8970427,
  "q": 9031274,
  "r": 1309609,
  "s": 2586833,
  "t": 2069449,
  "u": 4090577
}
