{
  "b": 19.880111694335938,
  "c": 41.27199172973633,
  "d": 22.767906188964844,
  "e": 47.298309326171875,
  "f": 210170608,
  "g": 432741408,
  "h": 254138160,
  "i": 524075328,
  "j": 206753152,
  "k": 429228704,
  "l": 250446976,
  "m": 520281408,
  "n": 3417469,
  "o": 3512751,
  "p": 3691177,
  "q": 3793964,
  "r": 11343,
  "s": 23169,
  "t": 14569,
  "u": 29786
}
