{
  "b": 19.880111694335938,
  "c": 41.27199172973633,
  "d": 22.767906188964844,
  "e": 47.298309326171875,
  "f": 210000000,
  "g": 433000000,
  "h": 254000000,
  "i": 524000000,
  "j": 207000000,
  "k": 429000000,
  "l": 250000000,
  "m": 520000000,
  "n": 3470000,
  "o": 3470000,
  "p": 3740000,
  "q": 3740000,
  "r": 11300,
  "s": 23200,
  "t": 14600,
  "u": 29800
}
