{
  "b": 114.22871398925781,
  "c": 225.82252502441406,
  "d": 128.11766052246094,
  "e": 253.202880859375,
  "f": 1210000000,
  "g": 2370000000,
  "h": 1430000000,
  "i": 2810000000,
  "j": 1190000000,
  "k": 2350000000,
  "l": 1410000000,
  "m": 2790000000,
  "n": 21000000,
  "o": 21000000,
  "p": 23500000,
  "q": 23500000,
  "r": 45400000,
  "s": 88600000,
  "t": 56300000,
  "u": 110000000
}
