{
  "b": 100.37516021728516,
  "c": 212.42672729492188,
  "d": 107.27722930908203,
  "e": 226.98968505859375,
  "f": 1060000000,
  "g": 2230000000,
  "h": 1200000000,
  "i": 2520000000,
  "j": 1040000000,
  "k": 2210000000,
  "l": 1180000000,
  "m": 2500000000,
  "n": 18800000,
  "o": 18800000,
  "p": 20000000,
  "q": 20000000,
  "r": 13000000,
  "s": 27000000,
  "t": 15700000,
  "u": 32600000
}
