{
  "b": 100.37516021728516,
  "c": 212.42672729492188,
  "d": 107.27722930908203,
  "e": 226.98968505859375,
  "f": 1062264576,
  "g": 2228408064,
  "h": 1199657600,
  "i": 2517349888,
  "j": 1043901696,
  "k": 2209238016,
  "l": 1180049536,
  "m": 2496886528,
  "n": 18362960,
  "o": 19169884,
  "p": 19608024,
  "q": 20463560,
  "r": 12972329,
  "s": 26972356,
  "t": 15671759,
  "u": 32615300
}
