{
  "b": 1.5240591764450073,
  "c": 3.1477653980255127,
  "d": 1.9310858249664307,
  "e": 3.9883015155792236,
  "f": 16100000,
  "g": 33000000,
  "h": 21500000,
  "i": 44200000,
  "j": 15900000,
  "k": 32700000,
  "l": 21200000,
  "m": 43900000,
  "n": 253000,
  "o": 253000,
  "p": 285000,
  "q": 285000,
  "r": 21000,
  "s": 42800,
  "t": 29100,
  "u": 59400
}
