{
  "b": 15.726310729980469,
  "c": 32.24652099609375,
  "d": 24.18580436706543,
  "e": 49.57280731201172,
  "f": 166522560,
  "g": 338377344,
  "h": 269902592,
  "i": 549217216,
  "j": 163553632,
  "k": 335363808,
  "l": 266043840,
  "m": 545300864,
  "n": 2968933,
  "o": 3013561,
  "p": 3858693,
  "q": 3916415,
  "r": 1040258,
  "s": 2102742,
  "t": 1797255,
  "u": 3641526
}
