{
  "b": 15.726310729980469,
  "c": 32.24652099609375,
  "d": 24.18580436706543,
  "e": 49.57280731201172,
  "f": 167000000,
  "g": 338000000,
  "h": 270000000,
  "i": 549000000,
  "j": 164000000,
  "k": 335000000,
  "l": 266000000,
  "m": 545000000,
  "n": 2990000,
  "o": 2990000,
  "p": 3890000,
  "q": 3890000,
  "r": 1040000,
  "s": 2100000,
  "t": 1800000,
  "u": 3640000
}
