{
  "b": 30.37613296508789,
  "c": 62.77803039550781,
  "d": 33.225521087646484,
  "e": 68.66123962402344,
  "f": 321542208,
  "g": 658656064,
  "h": 371664608,
  "i": 761604864,
  "j": 315911776,
  "k": 652891520,
  "l": 365480736,
  "m": 755273600,
  "n": 5630410,
  "o": 5764618,
  "p": 6183853,
  "q": 6331197,
  "r": 4051273,
  "s": 8227458,
  "t": 4895348,
  "u": 9950595
}
