{
  "b": 30.37613296508789,
  "c": 62.77803039550781,
  "d": 33.225521087646484,
  "e": 68.66123962402344,
  "f": 322000000,
  "g": 659000000,
  "h": 372000000,
  "i": 762000000,
  "j": 316000000,
  "k": 653000000,
  "l": 365000000,
  "m": 755000000,
  "n": 5700000,
  "o": 5700000,
  "p": 6260000,
  "q": 6260000,
  "r": 4050000,
  "s": 8230000,
  "t": 4900000,
  "u": 9950000
}
