{
  "b": 79.39801025390625,
  "c": 156.99050903320312,
  "d": 86.13835906982422,
  "e": 170.2903289794922,
  "f": 840215744,
  "g": 1646936576,
  "h": 963026944,
  "i": 1888443520,
  "j": 825739328,
  "k": 1632701312,
  "l": 947521920,
  "m": 1873193600,
  "n": 14476399,
  "o": 14235220,
  "p": 15504960,
  "q": 15250027,
  "r": 11943813,
  "s": 23338964,
  "t": 14335199,
  "u": 28039576
}
