{
  "b": 79.39801025390625,
  "c": 156.99050903320312,
  "d": 86.13835906982422,
  "e": 170.2903289794922,
  "f": 840000000,
  "g": 1650000000,
  "h": 963000000,
  "i": 1890000000,
  "j": 826000000,
  "k": 1630000000,
  "l": 948000000,
  "m": 1870000000,
  "n": 14400000,
  "o": 14400000,
  "p": 15400000,
  "q": 15400000,
  "r": 11900000,
  "s": 23300000,
  "t": 14300000,
  "u": 28000000
}
