{
  "b": 9.24864673614502,
  "c": 19.16585922241211,
  "d": 10.743583679199219,
  "e": 22.262815475463867,
  "f": 97716696,
  "g": 200890208,
  "h": 119915392,
  "i": 246666000,
  "j": 96185928,
  "k": 199324928,
  "l": 118179416,
  "m": 244890976,
  "n": 1530752,
  "o": 1565275,
  "p": 1735962,
  "q": 1775028,
  "r": 441363,
  "s": 902708,
  "t": 591296,
  "u": 1210329
}
