{
  "b": 9.24864673614502,
  "c": 19.16585922241211,
  "d": 10.743583679199219,
  "e": 22.262815475463867,
  "f": 97700000,
  "g": 201000000,
  "h": 120000000,
  "i": 247000000,
  "j": 96200000,
  "k": 199000000,
  "l": 118000000,
  "m": 245000000,
  "n": 1550000,
  "o": 1550000,
  "p": 1760000,
  "q": 1760000,
  "r": 441000,
  "s": 903000,
  "t": 591000,
  "u": 1210000
}
