{
  "b": 146.2855224609375,
  "c": 296.6907958984375,
  "d": 153.25469970703125,
  "e": 310.7965087890625,
  "f": 1548256384,
  "g": 3112560896,
  "h": 1715859968,
  "i": 3448918272,
  "j": 1521369472,
  "k": 3085584128,
  "l": 1685801728,
  "m": 3418761728,
  "n": 26887086,
  "o": 26977056,
  "p": 30058052,
  "q": 30156464,
  "r": 1697610,
  "s": 2921885,
  "t": 1912880,
  "u": 3289065
}
