{
  "b": 146.2855224609375,
  "c": 296.6907958984375,
  "d": 153.25469970703125,
  "e": 310.7965087890625,
  "f": 1550000000,
  "g": 3110000000,
  "h": 1720000000,
  "i": 3450000000,
  "j": 1520000000,
  "k": 3090000000,
  "l": 1690000000,
  "m": 3420000000,
  "n": 26900000,
  "o": 26900000,
  "p": 30100000,
  "q": 30100000,
  "r": 1700000,
  "s": 2920000,
  "t": 1910000,
  "u": 3290000
}
