{
  "b": 81.64606475830078,
  "c": 166.02694702148438,
  "d": 85.04816436767578,
  "e": 172.9356689453125,
  "f": 863000000,
  "g": 1740000000,
  "h": 951000000,
  "i": 1920000000,
  "j": 849000000,
  "k": 1730000000,
  "l": 936000000,
  "m": 1900000000,
  "n": 13900000,
  "o": 13900000,
  "p": 15200000,
  "q": 15200000,
  "r": 35200000,
  "s": 70700000,
  "t": 41100000,
  "u": 82500000
}
