{
  "b": 29.947343826293945,
  "c": 60.93550109863281,
  "d": 34.82780075073242,
  "e": 70.8624496459961,
  "f": 316517312,
  "g": 638828288,
  "h": 388908992,
  "i": 785329280,
  "j": 311452384,
  "k": 633729216,
  "l": 383105824,
  "m": 779486912,
  "n": 5064924,
  "o": 5099028,
  "p": 5803228,
  "q": 5842364,
  "r": 3110045,
  "s": 6252120,
  "t": 4126816,
  "u": 8302220
}
