{
  "b": 81.64606475830078,
  "c": 166.02694702148438,
  "d": 85.04816436767578,
  "e": 172.9356689453125,
  "f": 862952320,
  "g": 1740591872,
  "h": 950677632,
  "i": 1917526016,
  "j": 849119104,
  "k": 1726680320,
  "l": 935529792,
  "m": 1902292352,
  "n": 13833282,
  "o": 13911737,
  "p": 15147849,
  "q": 15233640,
  "r": 35199848,
  "s": 70720800,
  "t": 41067972,
  "u": 82532424
}
