{
  "b": 29.947343826293945,
  "c": 60.93550109863281,
  "d": 34.82780075073242,
  "e": 70.8624496459961,
  "f": 317000000,
  "g": 639000000,
  "h": 389000000,
  "i": 785000000,
  "j": 311000000,
  "k": 634000000,
  "l": 383000000,
  "m": 779000000,
  "n": 5080000,
  "o": 5080000,
  "p": 5820000,
  "q": 5820000,
  "r": 3110000,
  "s": 6250000,
  "t": 4130000,
  "u": 8300000
}
