{
  "b": 34.98112869262695,
  "c": 72.46802520751953,
  "d": 43.344032287597656,
  "e": 89.79093170166016,
  "f": 369622528,
  "g": 759627584,
  "h": 483362752,
  "i": 994438784,
  "j": 363803744,
  "k": 753667456,
  "l": 476784352,
  "m": 987700224,
  "n": 5818796,
  "o": 5960209,
  "p": 6578379,
  "q": 6738634,
  "r": 574916,
  "s": 1176671,
  "t": 812319,
  "u": 1664847
}
