{
  "b": 97.43170166015625,
  "c": 192.01397705078125,
  "d": 122.54840850830078,
  "e": 241.47537231445312,
  "f": 1030480576,
  "g": 2013773696,
  "h": 1369656704,
  "i": 2677404928,
  "j": 1013289728,
  "k": 1996945408,
  "l": 1348032512,
  "m": 2656229120,
  "n": 17190788,
  "o": 16828484,
  "p": 21624332,
  "q": 21175816,
  "r": 13419850,
  "s": 26132542,
  "t": 19181260,
  "u": 37380052
}
