{
  "b": 97.43170166015625,
  "c": 192.01397705078125,
  "d": 122.54840850830078,
  "e": 241.47537231445312,
  "f": 1030000000,
  "g": 2010000000,
  "h": 1370000000,
  "i": 2680000000,
  "j": 1010000000,
  "k": 2000000000,
  "l": 1350000000,
  "m": 2660000000,
  "n": 17000000,
  "o": 17000000,
  "p": 21400000,
  "q": 21400000,
  "r": 13400000,
  "s": 26100000,
  "t": 19200000,
  "u": 37400000
}
