{
  "b": 175.92857360839844,
  "c": 376.259033203125,
  "d": 231.95335388183594,
  "e": 496.0229797363281,
  "f": 1860860416,
  "g": 3946025472,
  "h": 2587498240,
  "i": 5494251520,
  "j": 1829657216,
  "k": 3913093888,
  "l": 2551486976,
  "m": 5456252928,
  "n": 31203076,
  "o": 32931288,
  "p": 36011224,
  "q": 37998636,
  "r": 11524296,
  "s": 24187698,
  "t": 17216802,
  "u": 36217584
}
