{
  "b": 175.92857360839844,
  "c": 376.259033203125,
  "d": 231.95335388183594,
  "e": 496.0229797363281,
  "f": 1860000000,
  "g": 3950000000,
  "h": 2590000000,
  "i": 5490000000,
  "j": 1830000000,
  "k": 3910000000,
  "l": 2550000000,
  "m": 5460000000,
  "n": 32100000,
  "o": 32100000,
  "p": 37000000,
  "q": 37000000,
  "r": 11500000,
  "s": 24200000,
  "t": 17200000,
  "u": 36200000
}
