{
  "b": 25.55889892578125,
  "c": 52.87411117553711,
  "d": 31.158714294433594,
  "e": 64.45708465576172,
  "f": 270064640,
  "g": 554239552,
  "h": 347577024,
  "i": 713969216,
  "j": 265812544,
  "k": 549890752,
  "l": 342745856,
  "m": 709027968,
  "n": 4252111,
  "o": 4348755,
  "p": 4831178,
  "q": 4941242,
  "r": 1214093,
  "s": 2482561,
  "t": 1716145,
  "u": 3513283
}
