{
  "b": 25.55889892578125,
  "c": 52.87411117553711,
  "d": 31.158714294433594,
  "e": 64.45708465576172,
  "f": 270000000,
  "g": 554000000,
  "h": 348000000,
  "i": 714000000,
  "j": 266000000,
  "k": 550000000,
  "l": 343000000,
  "m": 709000000,
  "n": 4300000,
  "o": 4300000,
  "p": 4890000,
  "q": 4890000,
  "r": 1210000,
  "s": 2480000,
  "t": 1720000,
  "u": 3510000
}
