{
  "b": 10.906041145324707,
  "c": 22.35491943359375,
  "d": 15.96768569946289,
  "e": 32.72581481933594,
  "f": 115354784,
  "g": 234445808,
  "h": 178047920,
  "i": 362415136,
  "j": 113422832,
  "k": 232491168,
  "l": 175644544,
  "m": 359983968,
  "n": 1931948,
  "o": 1954632,
  "p": 2403384,
  "q": 2431123,
  "r": 554134,
  "s": 1120602,
  "t": 909964,
  "u": 1844316
}
