{
  "b": 10.906041145324707,
  "c": 22.35491943359375,
  "d": 15.96768569946289,
  "e": 32.72581481933594,
  "f": 115000000,
  "g": 234000000,
  "h": 178000000,
  "i": 362000000,
  "j": 113000000,
  "k": 232000000,
  "l": 176000000,
  "m": 360000000,
  "n": 1940000,
  "o": 1940000,
  "p": 2420000,
  "q": 2420000,
  "r": 554000,
  "s": 1120000,
  "t": 910000,
  "u": 1840000
}
