{
  "b": 35.57624435424805,
  "c": 74.55953979492188,
  "d": 43.26694869995117,
  "e": 90.67073059082031,
  "f": 376191936,
  "g": 781844480,
  "h": 483733440,
  "i": 1005460352,
  "j": 369992960,
  "k": 775419200,
  "l": 475936416,
  "m": 997378048,
  "n": 6198951,
  "o": 6425479,
  "p": 7797045,
  "q": 8082207,
  "r": 1867877,
  "s": 3846753,
  "t": 2716779,
  "u": 5597716
}
