{
  "b": 3.68412184715271,
  "c": 8.110350608825684,
  "d": 4.6704583168029785,
  "e": 10.282222747802734,
  "f": 39000000,
  "g": 85100000,
  "h": 52300000,
  "i": 114000000,
  "j": 38300000,
  "k": 84300000,
  "l": 51400000,
  "m": 113000000,
  "n": 711000,
  "o": 711000,
  "p": 905000,
  "q": 905000,
  "r": 3370000,
  "s": 7340000,
  "t": 4700000,
  "u": 10300000
}
