{
  "b": 10.818445205688477,
  "c": 23.30687713623047,
  "d": 17.77449607849121,
  "e": 38.29771041870117,
  "f": 115000000,
  "g": 244000000,
  "h": 198000000,
  "i": 424000000,
  "j": 113000000,
  "k": 242000000,
  "l": 196000000,
  "m": 421000000,
  "n": 2030000,
  "o": 2030000,
  "p": 2820000,
  "q": 2820000,
  "r": 23200000,
  "s": 49400000,
  "t": 40700000,
  "u": 87000000
}
