{
  "b": 3.0232200622558594,
  "c": 6.704508304595947,
  "d": 4.393077850341797,
  "e": 9.742764472961426,
  "f": 31940752,
  "g": 70249200,
  "h": 48973200,
  "i": 107849840,
  "j": 31441488,
  "k": 69726888,
  "l": 48323856,
  "m": 107170408,
  "n": 499265,
  "o": 522316,
  "p": 649339,
  "q": 679430,
  "r": 8019667,
  "s": 17643180,
  "t": 12566656,
  "u": 27683296
}
