{
  "b": 1.206932544708252,
  "c": 2.6157491207122803,
  "d": 1.6107274293899536,
  "e": 3.491136074066162,
  "f": 12762836,
  "g": 27422336,
  "h": 17987698,
  "i": 38682192,
  "j": 12552099,
  "k": 27203792,
  "l": 17718002,
  "m": 38402496,
  "n": 210738,
  "o": 218545,
  "p": 269696,
  "q": 279697,
  "r": 1077247,
  "s": 2315462,
  "t": 1566424,
  "u": 3370031
}
