{
  "b": 1.206932544708252,
  "c": 2.6157491207122803,
  "d": 1.6107274293899536,
  "e": 3.491136074066162,
  "f": 12800000,
  "g": 27400000,
  "h": 18000000,
  "i": 38700000,
  "j": 12600000,
  "k": 27200000,
  "l": 17700000,
  "m": 38400000,
  "n": 215000,
  "o": 215000,
  "p": 275000,
  "q": 275000,
  "r": 1080000,
  "s": 2320000,
  "t": 1570000,
  "u": 3370000
}
