{
  "b": 3.0232200622558594,
  "c": 6.704508304595947,
  "d": 4.393077850341797,
  "e": 9.742764472961426,
  "f": 31900000,
  "g": 70200000,
  "h": 49000000,
  "i": 108000000,
  "j": 31400000,
  "k": 69700000,
  "l": 48300000,
  "m": 107000000,
  "n": 511000,
  "o": 511000,
  "p": 664000,
  "q": 664000,
  "r": 8020000,
  "s": 17600000,
  "t": 12600000,
  "u": 27700000
}
