{
  "b": 10.818445205688477,
  "c": 23.30687713623047,
  "d": 17.77449607849121,
  "e": 38.29771041870117,
  "f": 114528656,
  "g": 244443296,
  "h": 198317136,
  "i": 424120960,
  "j": 112511832,
  "k": 242391520,
  "l": 195519456,
  "m": 421274816,
  "n": 2016835,
  "o": 2051774,
  "p": 2797690,
  "q": 2846189,
  "r": 23168364,
  "s": 49385380,
  "t": 40737088,
  "u": 87042272
}
