{
  "b": 3.68412184715271,
  "c": 8.110350608825684,
  "d": 4.6704583168029785,
  "e": 10.282222747802734,
  "f": 39009876,
  "g": 85075400,
  "h": 52259124,
  "i": 114030528,
  "j": 38314868,
  "k": 84347648,
  "l": 51375040,
  "m": 113104448,
  "n": 695009,
  "o": 727748,
  "p": 884080,
  "q": 926089,
  "r": 3367931,
  "s": 7341616,
  "t": 4700965,
  "u": 10256219
}
