{
  "b": 25.420713424682617,
  "c": 54.447845458984375,
  "d": 33.007164001464844,
  "e": 70.69610595703125,
  "f": 269000000,
  "g": 571000000,
  "h": 368000000,
  "i": 783000000,
  "j": 264000000,
  "k": 566000000,
  "l": 363000000,
  "m": 778000000,
  "n": 4300000,
  "o": 4300000,
  "p": 5280000,
  "q": 5280000,
  "r": 36900000,
  "s": 78300000,
  "t": 50300000,
  "u": 107000000
}
