{
  "b": 72.84086608886719,
  "c": 155.49879455566406,
  "d": 117.87384796142578,
  "e": 251.64593505859375,
  "f": 771000000,
  "g": 1630000000,
  "h": 1320000000,
  "i": 2790000000,
  "j": 758000000,
  "k": 1620000000,
  "l": 1300000000,
  "m": 2770000000,
  "n": 13200000,
  "o": 13200000,
  "p": 19200000,
  "q": 19200000,
  "r": 327000000,
  "s": 690000000,
  "t": 577000000,
  "u": 1220000000
}
