{
  "b": 0.3499335050582886,
  "c": 0.768664538860321,
  "d": 0.44327372312545776,
  "e": 0.9737585186958313,
  "f": 3702346,
  "g": 8060098,
  "h": 4953149,
  "i": 10792100,
  "j": 3639309,
  "k": 7994111,
  "l": 4876011,
  "m": 10711344,
  "n": 63038,
  "o": 65987,
  "p": 77138,
  "q": 80757,
  "r": 177930,
  "s": 387756,
  "t": 243529,
  "u": 531282
}
