{
  "b": 0.33296069502830505,
  "c": 0.7153857946395874,
  "d": 0.3892281949520111,
  "e": 0.8363469839096069,
  "f": 3520000,
  "g": 7500000,
  "h": 4350000,
  "i": 9270000,
  "j": 3460000,
  "k": 7440000,
  "l": 4280000,
  "m": 9200000,
  "n": 57800,
  "o": 57800,
  "p": 68000,
  "q": 68000,
  "r": 402000,
  "s": 858000,
  "t": 506000,
  "u": 1080000
}
