{
  "b": 0.3499335050582886,
  "c": 0.768664538860321,
  "d": 0.44327372312545776,
  "e": 0.9737585186958313,
  "f": 3700000,
  "g": 8060000,
  "h": 4950000,
  "i": 10800000,
  "j": 3640000,
  "k": 7990000,
  "l": 4880000,
  "m": 10700000,
  "n": 64500,
  "o": 64500,
  "p": 78900,
  "q": 78900,
  "r": 178000,
  "s": 388000,
  "t": 244000,
  "u": 531000
}
