{
  "b": 2.5230069160461426,
  "c": 5.586673259735107,
  "d": 3.088571548461914,
  "e": 6.839466094970703,
  "f": 26675144,
  "g": 58557216,
  "h": 34505744,
  "i": 75789976,
  "j": 26239272,
  "k": 58101400,
  "l": 33974288,
  "m": 75234128,
  "n": 435870,
  "o": 455809,
  "p": 531455,
  "q": 555852,
  "r": 6137971,
  "s": 13484874,
  "t": 7926079,
  "u": 17424926
}
