{
  "b": 2.5230069160461426,
  "c": 5.586673259735107,
  "d": 3.088571548461914,
  "e": 6.839466094970703,
  "f": 26700000,
  "g": 58600000,
  "h": 34500000,
  "i": 75800000,
  "j": 26200000,
  "k": 58100000,
  "l": 34000000,
  "m": 75200000,
  "n": 446000,
  "o": 446000,
  "p": 544000,
  "q": 544000,
  "r": 6140000,
  "s": 13500000,
  "t": 7930000,
  "u": 17400000
}
