{
  "b": 3.2446765899658203,
  "c": 6.890171527862549,
  "d": 4.2468767166137695,
  "e": 9.019694328308105,
  "f": 34352100,
  "g": 72264208,
  "h": 47556776,
  "i": 100056432,
  "j": 33744636,
  "k": 71657784,
  "l": 46715644,
  "m": 99216640,
  "n": 607466,
  "o": 606436,
  "p": 841137,
  "q": 839802,
  "r": 4204909,
  "s": 8856879,
  "t": 6055060,
  "u": 12756447
}
