{
  "b": 0.10904835164546967,
  "c": 0.23501908779144287,
  "d": 0.1375540941953659,
  "e": 0.2964796721935272,
  "f": 1152661,
  "g": 2463207,
  "h": 1534425,
  "i": 3283121,
  "j": 1134103,
  "k": 2444199,
  "l": 1513095,
  "m": 3261277,
  "n": 18558,
  "o": 19008,
  "p": 21330,
  "q": 21844,
  "r": 75442,
  "s": 161615,
  "t": 103542,
  "u": 222074
}
