{
  "b": 3.720879554748535,
  "c": 8.087902069091797,
  "d": 4.944308757781982,
  "e": 10.748412132263184,
  "f": 39386536,
  "g": 84822488,
  "h": 55308564,
  "i": 119179104,
  "j": 38697148,
  "k": 84114184,
  "l": 54387396,
  "m": 118232536,
  "n": 689387,
  "o": 708297,
  "p": 921174,
  "q": 946564,
  "r": 7233548,
  "s": 15573722,
  "t": 10427777,
  "u": 22472780
}
