{
  "b": 8.627724647521973,
  "c": 18.682950973510742,
  "d": 12.027093887329102,
  "e": 26.04767417907715,
  "f": 91292736,
  "g": 195905232,
  "h": 134288848,
  "i": 288563872,
  "j": 89728336,
  "k": 194302688,
  "l": 132298032,
  "m": 286524416,
  "n": 1564397,
  "o": 1602517,
  "p": 1990818,
  "q": 2039442,
  "r": 34694476,
  "s": 74514320,
  "t": 51350572,
  "u": 110441216
}
