{
  "b": 8.627724647521973,
  "c": 18.682950973510742,
  "d": 12.027093887329102,
  "e": 26.04767417907715,
  "f": 91300000,
  "g": 196000000,
  "h": 134000000,
  "i": 289000000,
  "j": 89700000,
  "k": 194000000,
  "l": 132000000,
  "m": 287000000,
  "n": 1580000,
  "o": 1580000,
  "p": 2020000,
  "q": 2020000,
  "r": 34700000,
  "s": 74500000,
  "t": 51400000,
  "u": 110000000
}
