{
  "b": 3.720879554748535,
  "c": 8.087902069091797,
  "d": 4.944308757781982,
  "e": 10.748412132263184,
  "f": 39400000,
  "g": 84800000,
  "h": 55300000,
  "i": 119000000,
  "j": 38700000,
  "k": 84100000,
  "l": 54400000,
  "m": 118000000,
  "n": 699000,
  "o": 699000,
  "p": 934000,
  "q": 934000,
  "r": 7230000,
  "s": 15600000,
  "t": 10400000,
  "u": 22500000
}
