{
  "b": 3.2446765899658203,
  "c": 6.890171527862549,
  "d": 4.2468767166137695,
  "e": 9.019694328308105,
  "f": 34400000,
  "g": 72300000,
  "h": 47600000,
  "i": 100000000,
  "j": 33700000,
  "k": 71700000,
  "l": 46700000,
  "m": 99200000,
  "n": 607000,
  "o": 607000,
  "p": 840000,
  "q": 840000,
  "r": 4200000,
  "s": 8860000,
  "t": 6060000,
  "u": 12800000
}
