{
  "b": 0.10904835164546967,
  "c": 0.23501908779144287,
  "d": 0.1375540941953659,
  "e": 0.2964796721935272,
  "f": 1150000,
  "g": 2460000,
  "h": 1530000,
  "i": 3280000,
  "j": 1130000,
  "k": 2440000,
  "l": 1510000,
  "m": 3260000,
  "n": 18800,
  "o": 18800,
  "p": 21600,
  "q": 21600,
  "r": 75400,
  "s": 162000,
  "t": 104000,
  "u": 222000
}
