{
  "b": 1.2058916091918945,
  "c": 2.6303274631500244,
  "d": 1.7257568836212158,
  "e": 3.764674186706543,
  "f": 12800000,
  "g": 27600000,
  "h": 19300000,
  "i": 41700000,
  "j": 12500000,
  "k": 27400000,
  "l": 19000000,
  "m": 41400000,
  "n": 219000,
  "o": 219000,
  "p": 281000,
  "q": 281000,
  "r": 754000,
  "s": 1630000,
  "t": 1180000,
  "u": 2570000
}
