{
  "b": 2.0881247520446777,
  "c": 4.546265602111816,
  "d": 2.4631199836730957,
  "e": 5.363291263580322,
  "f": 22100000,
  "g": 47700000,
  "h": 27600000,
  "i": 59500000,
  "j": 21700000,
  "k": 47300000,
  "l": 27100000,
  "m": 59000000,
  "n": 402000,
  "o": 402000,
  "p": 500000,
  "q": 500000,
  "r": 1830000,
  "s": 3940000,
  "t": 2270000,
  "u": 4890000
}
