{
  "b": 2.0881247520446777,
  "c": 4.546265602111816,
  "d": 2.4631199836730957,
  "e": 5.363291263580322,
  "f": 22112484,
  "g": 47689116,
  "h": 27587068,
  "i": 59504032,
  "j": 21716498,
  "k": 47281160,
  "l": 27094320,
  "m": 58996204,
  "n": 395988,
  "o": 407958,
  "p": 492750,
  "q": 507828,
  "r": 1832660,
  "s": 3942005,
  "t": 2273288,
  "u": 4894077
}
