{
  "b": 1.3209270238876343,
  "c": 2.9250524044036865,
  "d": 2.072805166244507,
  "e": 4.590176582336426,
  "f": 13952980,
  "g": 30645588,
  "h": 23069484,
  "i": 50772708,
  "j": 13737641,
  "k": 30420546,
  "l": 22800856,
  "m": 50491944,
  "n": 215339,
  "o": 225041,
  "p": 268629,
  "q": 280768,
  "r": 2034278,
  "s": 4474371,
  "t": 3238225,
  "u": 7135943
}
