{
  "b": 29.638280868530273,
  "c": 64.21234893798828,
  "d": 44.460914611816406,
  "e": 96.33696746826172,
  "f": 313000000,
  "g": 673000000,
  "h": 496000000,
  "i": 1070000000,
  "j": 308000000,
  "k": 668000000,
  "l": 489000000,
  "m": 1060000000,
  "n": 4980000,
  "o": 4980000,
  "p": 6560000,
  "q": 6560000,
  "r": 185000000,
  "s": 398000000,
  "t": 297000000,
  "u": 640000000
}
