{
  "b": 1.2058916091918945,
  "c": 2.6303274631500244,
  "d": 1.7257568836212158,
  "e": 3.764674186706543,
  "f": 12756471,
  "g": 27577660,
  "h": 19259350,
  "i": 41696528,
  "j": 12541273,
  "k": 27355406,
  "l": 18983326,
  "m": 41411416,
  "n": 215198,
  "o": 222257,
  "p": 276024,
  "q": 285107,
  "r": 753963,
  "s": 1632732,
  "t": 1184894,
  "u": 2569556
}
