{
  "b": 29.638280868530273,
  "c": 64.21234893798828,
  "d": 44.460914611816406,
  "e": 96.33696746826172,
  "f": 313179392,
  "g": 672829888,
  "h": 495577120,
  "i": 1066319040,
  "j": 308238112,
  "k": 667808448,
  "l": 489070048,
  "m": 1059706624,
  "n": 4941280,
  "o": 5021393,
  "p": 6507064,
  "q": 6612435,
  "r": 185374416,
  "s": 398401600,
  "t": 297068192,
  "u": 639507136
}
