{
  "b": 1.3209270238876343,
  "c": 2.9250524044036865,
  "d": 2.072805166244507,
  "e": 4.590176582336426,
  "f": 14000000,
  "g": 30600000,
  "h": 23100000,
  "i": 50800000,
  "j": 13700000,
  "k": 30400000,
  "l": 22800000,
  "m": 50500000,
  "n": 220000,
  "o": 220000,
  "p": 275000,
  "q": 275000,
  "r": 2030000,
  "s": 4470000,
  "t": 3240000,
  "u": 7140000
}
