{
  "b": 1.5102119445800781,
  "c": 3.358978509902954,
  "d": 1.9762622117996216,
  "e": 4.395676136016846,
  "f": 16000000,
  "g": 35200000,
  "h": 22000000,
  "i": 48700000,
  "j": 15700000,
  "k": 34900000,
  "l": 21700000,
  "m": 48400000,
  "n": 257000,
  "o": 257000,
  "p": 313000,
  "q": 313000,
  "r": 2590000,
  "s": 5720000,
  "t": 3580000,
  "u": 7900000
}
