{
  "b": 11.28341007232666,
  "c": 24.60021209716797,
  "d": 13.903881072998047,
  "e": 30.314266204833984,
  "f": 119360352,
  "g": 257923728,
  "h": 155390720,
  "i": 335989632,
  "j": 117347464,
  "k": 255842208,
  "l": 152942688,
  "m": 333456928,
  "n": 2012897,
  "o": 2081512,
  "p": 2448020,
  "q": 2532732,
  "r": 36489224,
  "s": 79058296,
  "t": 42301508,
  "u": 91733288
}
