{
  "b": 1.5102119445800781,
  "c": 3.358978509902954,
  "d": 1.9762622117996216,
  "e": 4.395676136016846,
  "f": 15955900,
  "g": 35196720,
  "h": 22043844,
  "i": 48674140,
  "j": 15706204,
  "k": 34933376,
  "l": 21738884,
  "m": 48352440,
  "n": 249695,
  "o": 263341,
  "p": 304959,
  "q": 321702,
  "r": 2592949,
  "s": 5717359,
  "t": 3578755,
  "u": 7899303
}
