{
  "b": 4.5742669105529785,
  "c": 10.043132781982422,
  "d": 6.126437187194824,
  "e": 13.451812744140625,
  "f": 48338168,
  "g": 105240240,
  "h": 68372960,
  "i": 148985392,
  "j": 47572376,
  "k": 104448576,
  "l": 67390808,
  "m": 147969936,
  "n": 765792,
  "o": 791654,
  "p": 982152,
  "q": 1015464,
  "r": 7128229,
  "s": 15519750,
  "t": 10147691,
  "u": 22115618
}
