{
  "b": 1.5755671262741089,
  "c": 3.4766337871551514,
  "d": 2.0046169757843018,
  "e": 4.423553943634033,
  "f": 16678363,
  "g": 36464112,
  "h": 22407936,
  "i": 49034228,
  "j": 16385898,
  "k": 36156992,
  "l": 22050788,
  "m": 48659092,
  "n": 292465,
  "o": 307117,
  "p": 357148,
  "q": 375140,
  "r": 843100,
  "s": 1843979,
  "t": 1171790,
  "u": 2566258
}
