{
  "b": 4.5742669105529785,
  "c": 10.043132781982422,
  "d": 6.126437187194824,
  "e": 13.451812744140625,
  "f": 48300000,
  "g": 105000000,
  "h": 68400000,
  "i": 149000000,
  "j": 47600000,
  "k": 104000000,
  "l": 67400000,
  "m": 148000000,
  "n": 779000,
  "o": 779000,
  "p": 999000,
  "q": 999000,
  "r": 7130000,
  "s": 15500000,
  "t": 10100000,
  "u": 22100000
}

