{
  "b": 0.5067756175994873,
  "c": 1.1108161211013794,
  "d": 0.6011945605278015,
  "e": 1.3178846836090088,
  "f": 5360748,
  "g": 11646634,
  "h": 6721518,
  "i": 14609752,
  "j": 5270467,
  "k": 11552488,
  "l": 6613140,
  "m": 14496732,
  "n": 90281,
  "o": 94146,
  "p": 108379,
  "q": 113020,
  "r": 791648,
  "s": 1724409,
  "t": 1031993,
  "u": 2249373
}
