{
  "b": 0.9601212739944458,
  "c": 2.123196840286255,
  "d": 1.480968952178955,
  "e": 3.2751448154449463,
  "f": 10136674,
  "g": 22237776,
  "h": 16493790,
  "i": 36236560,
  "j": 9985261,
  "k": 22081246,
  "l": 16290658,
  "m": 36026592,
  "n": 151412,
  "o": 156529,
  "p": 203133,
  "q": 209974,
  "r": 4979583,
  "s": 10926246,
  "t": 8205738,
  "u": 18032014
}
