{
  "b": 0.9601212739944458,
  "c": 2.123196840286255,
  "d": 1.480968952178955,
  "e": 3.2751448154449463,
  "f": 10100000,
  "g": 22200000,
  "h": 16500000,
  "i": 36200000,
  "j": 9990000,
  "k": 22100000,
  "l": 16300000,
  "m": 36000000,
  "n": 154000,
  "o": 154000,
  "p": 207000,
  "q": 207000,
  "r": 4980000,
  "s": 10900000,
  "t": 8210000,
  "u": 18000000
}
