{
  "b": 169.12692260742188,
  "c": 363.4490966796875,
  "d": 220.77337646484375,
  "e": 474.4391784667969,
  "f": 1790000000,
  "g": 3810000000,
  "h": 2470000000,
  "i": 5260000000,
  "j": 1760000000,
  "k": 3780000000,
  "l": 2430000000,
  "m": 5220000000,
  "n": 31400000,
  "o": 31400000,
  "p": 39900000,
  "q": 39900000,
  "r": 334000000,
  "s": 711000000,
  "t": 481000000,
  "u": 1030000000
}
