{
  "b": 12.89073371887207,
  "c": 28.068532943725586,
  "d": 18.278127670288086,
  "e": 39.80033874511719,
  "f": 136413536,
  "g": 294327264,
  "h": 204139936,
  "i": 440969280,
  "j": 134063632,
  "k": 291912736,
  "l": 201059408,
  "m": 437803712,
  "n": 2349928,
  "o": 2414517,
  "p": 3080526,
  "q": 3165596,
  "r": 25534404,
  "s": 55168108,
  "t": 37068524,
  "u": 80187936
}
