{
  "b": 1.0013341903686523,
  "c": 2.178887367248535,
  "d": 1.4401288032531738,
  "e": 3.134059190750122,
  "f": 10591908,
  "g": 22845026,
  "h": 16064738,
  "i": 34706264,
  "j": 10413875,
  "k": 22660428,
  "l": 15841417,
  "m": 34474652,
  "n": 178033,
  "o": 184599,
  "p": 223321,
  "q": 231611,
  "r": 174914,
  "s": 377138,
  "t": 269166,
  "u": 581442
}
