{
  "b": 0.6556845307350159,
  "c": 1.431023120880127,
  "d": 0.9220219850540161,
  "e": 2.012521266937256,
  "f": 6936554,
  "g": 15004781,
  "h": 10291647,
  "i": 22293140,
  "j": 6819119,
  "k": 14882641,
  "l": 10142242,
  "m": 22137734,
  "n": 117435,
  "o": 122138,
  "p": 149404,
  "q": 155405,
  "r": 593684,
  "s": 1286342,
  "t": 905012,
  "u": 1963797
}
