{
  "b": 0.6556845307350159,
  "c": 1.431023120880127,
  "d": 0.9220219850540161,
  "e": 2.012521266937256,
  "f": 6940000,
  "g": 15000000,
  "h": 10300000,
  "i": 22300000,
  "j": 6820000,
  "k": 14900000,
  "l": 10100000,
  "m": 22100000,
  "n": 120000,
  "o": 120000,
  "p": 152000,
  "q": 152000,
  "r": 594000,
  "s": 1290000,
  "t": 905000,
  "u": 1960000
}
