{
  "b": 12.89073371887207,
  "c": 28.068532943725586,
  "d": 18.278127670288086,
  "e": 39.80033874511719,
  "f": 136000000,
  "g": 294000000,
  "h": 204000000,
  "i": 441000000,
  "j": 134000000,
  "k": 292000000,
  "l": 201000000,
  "m": 438000000,
  "n": 2380000,
  "o": 2380000,
  "p": 3120000,
  "q": 3120000,
  "r": 25500000,
  "s": 55200000,
  "t": 37100000,
  "u": 80200000
}
