{
  "b": 1.0013341903686523,
  "c": 2.178887367248535,
  "d": 1.4401288032531738,
  "e": 3.134059190750122,
  "f": 10600000,
  "g": 22800000,
  "h": 16100000,
  "i": 34700000,
  "j": 10400000,
  "k": 22700000,
  "l": 15800000,
  "m": 34500000,
  "n": 181000,
  "o": 181000,
  "p": 227000,
  "q": 227000,
  "r": 175000,
  "s": 377000,
  "t": 269000,
  "u": 581000
}
