{
  "b": 169.12692260742188,
  "c": 363.4490966796875,
  "d": 220.77337646484375,
  "e": 474.4391784667969,
  "f": 1789954304,
  "g": 3811588608,
  "h": 2468000512,
  "i": 5259222016,
  "j": 1758919936,
  "k": 3779870464,
  "l": 2428507136,
  "m": 5218830848,
  "n": 31034348,
  "o": 31718044,
  "p": 39493384,
  "q": 40391500,
  "r": 334189664,
  "s": 710889472,
  "t": 481349248,
  "u": 1025060800
}
