{
  "b": 85.77582550048828,
  "c": 184.16485595703125,
  "d": 123.08817291259766,
  "e": 264.3047790527344,
  "f": 909000000,
  "g": 1930000000,
  "h": 1380000000,
  "i": 2930000000,
  "j": 892000000,
  "k": 1920000000,
  "l": 1350000000,
  "m": 2910000000,
  "n": 17500000,
  "o": 17500000,
  "p": 23000000,
  "q": 23000000,
  "r": 191000000,
  "s": 406000000,
  "t": 292000000,
  "u": 622000000
}
