{
  "b": 32.417354583740234,
  "c": 69.43726348876953,
  "d": 43.69242477416992,
  "e": 93.60502624511719,
  "f": 342846528,
  "g": 727934848,
  "h": 487911872,
  "i": 1037054336,
  "j": 337140480,
  "k": 722147520,
  "l": 480616672,
  "m": 1029655296,
  "n": 5706060,
  "o": 5787311,
  "p": 7295186,
  "q": 7399056,
  "r": 141408464,
  "s": 299839232,
  "t": 203253568,
  "u": 431547168
}
