{
  "b": 0.3757084608078003,
  "c": 0.8254329562187195,
  "d": 0.436376690864563,
  "e": 0.9587576389312744,
  "f": 3970000,
  "g": 8650000,
  "h": 4870000,
  "i": 10600000,
  "j": 3910000,
  "k": 8580000,
  "l": 4800000,
  "m": 10500000,
  "n": 61700,
  "o": 61700,
  "p": 74200,
  "q": 74200,
  "r": 125000,
  "s": 273000,
  "t": 164000,
  "u": 358000
}
