{
  "b": 2.091221570968628,
  "c": 4.5740861892700195,
  "d": 2.9319746494293213,
  "e": 6.413623809814453,
  "f": 22122518,
  "g": 47959420,
  "h": 32724298,
  "i": 71041584,
  "j": 21748704,
  "k": 47570496,
  "l": 32251720,
  "m": 70549864,
  "n": 373815,
  "o": 388927,
  "p": 472579,
  "q": 491716,
  "r": 2117687,
  "s": 4591391,
  "t": 3200924,
  "u": 6951220
}
