{
  "b": 32.417354583740234,
  "c": 69.43726348876953,
  "d": 43.69242477416992,
  "e": 93.60502624511719,
  "f": 343000000,
  "g": 728000000,
  "h": 488000000,
  "i": 1040000000,
  "j": 337000000,
  "k": 722000000,
  "l": 481000000,
  "m": 1030000000,
  "n": 5750000,
  "o": 5750000,
  "p": 7350000,
  "q": 7350000,
  "r": 141000000,
  "s": 300000000,
  "t": 203000000,
  "u": 432000000
}
