{
  "b": 35.771827697753906,
  "c": 77.20437622070312,
  "d": 52.0872802734375,
  "e": 112.42145538330078,
  "f": 378000000,
  "g": 809000000,
  "h": 581000000,
  "i": 1240000000,
  "j": 372000000,
  "k": 803000000,
  "l": 573000000,
  "m": 1240000000,
  "n": 6310000,
  "o": 6310000,
  "p": 8170000,
  "q": 8170000,
  "r": 105000000,
  "s": 224000000,
  "t": 167000000,
  "u": 358000000
}
