{
  "b": 2.091221570968628,
  "c": 4.5740861892700195,
  "d": 2.9319746494293213,
  "e": 6.413623809814453,
  "f": 22100000,
  "g": 48000000,
  "h": 32700000,
  "i": 71000000,
  "j": 21700000,
  "k": 47600000,
  "l": 32300000,
  "m": 70500000,
  "n": 381000,
  "o": 381000,
  "p": 482000,
  "q": 482000,
  "r": 2120000,
  "s": 4590000,
  "t": 3200000,
  "u": 6950000
}
