{
  "b": 0.3757084608078003,
  "c": 0.8254329562187195,
  "d": 0.436376690864563,
  "e": 0.9587576389312744,
  "f": 3968047,
  "g": 8647253,
  "h": 4873063,
  "i": 10621748,
  "j": 3907368,
  "k": 8584503,
  "l": 4800144,
  "m": 10546334,
  "n": 60678,
  "o": 62750,
  "p": 72919,
  "q": 75413,
  "r": 125460,
  "s": 273271,
  "t": 164336,
  "u": 358140
}
