{
  "b": 85.77582550048828,
  "c": 184.16485595703125,
  "d": 123.08817291259766,
  "e": 264.3047790527344,
  "f": 909336704,
  "g": 1933067648,
  "h": 1376628352,
  "i": 2930655744,
  "j": 892068608,
  "k": 1915314432,
  "l": 1353969920,
  "m": 2907352576,
  "n": 17268126,
  "o": 17753208,
  "p": 22658586,
  "q": 23303460,
  "r": 190949888,
  "s": 405939680,
  "t": 292038688,
  "u": 621916416
}
