{
  "b": 1.4634623527526855,
  "c": 3.186715841293335,
  "d": 1.6394588947296143,
  "e": 3.570314884185791,
  "f": 15481755,
  "g": 33411672,
  "h": 18359134,
  "i": 39608596,
  "j": 15220009,
  "k": 33141844,
  "l": 18034048,
  "m": 39273464,
  "n": 261746,
  "o": 269827,
  "p": 325086,
  "q": 335133,
  "r": 3998932,
  "s": 8656903,
  "t": 4925599,
  "u": 10661118
}
