{
  "b": 10.899614334106445,
  "c": 23.792028427124023,
  "d": 13.405928611755371,
  "e": 29.266563415527344,
  "f": 115399040,
  "g": 249542656,
  "h": 149943360,
  "i": 324486976,
  "j": 113355992,
  "k": 247437088,
  "l": 147465216,
  "m": 321932192,
  "n": 2043060,
  "o": 2105555,
  "p": 2478149,
  "q": 2554815,
  "r": 19989540,
  "s": 43170996,
  "t": 26323372,
  "u": 56915808
}
