{
  "b": 4.5536651611328125,
  "c": 9.72600269317627,
  "d": 5.753468990325928,
  "e": 12.289809226989746,
  "f": 48158456,
  "g": 101961744,
  "h": 64291424,
  "i": 136204768,
  "j": 47358120,
  "k": 101150424,
  "l": 63288160,
  "m": 135187904,
  "n": 800341,
  "o": 811318,
  "p": 1003267,
  "q": 1016875,
  "r": 10399470,
  "s": 22035172,
  "t": 14014235,
  "u": 29718656
}
