{
  "b": 1.4634623527526855,
  "c": 3.186715841293335,
  "d": 1.6394588947296143,
  "e": 3.570314884185791,
  "f": 15500000,
  "g": 33400000,
  "h": 18400000,
  "i": 39600000,
  "j": 15200000,
  "k": 33100000,
  "l": 18000000,
  "m": 39300000,
  "n": 266000,
  "o": 266000,
  "p": 330000,
  "q": 330000,
  "r": 4000000,
  "s": 8660000,
  "t": 4930000,
  "u": 10700000
}
