{
  "b": 11.862200736999512,
  "c": 26.01828956604004,
  "d": 17.465839385986328,
  "e": 38.30844497680664,
  "f": 125000000,
  "g": 273000000,
  "h": 195000000,
  "i": 424000000,
  "j": 123000000,
  "k": 271000000,
  "l": 192000000,
  "m": 421000000,
  "n": 2130000,
  "o": 2130000,
  "p": 2820000,
  "q": 2820000,
  "r": 45500000,
  "s": 98900000,
  "t": 72100000,
  "u": 157000000
}
