{
  "b": 11.862200736999512,
  "c": 26.01828956604004,
  "d": 17.465839385986328,
  "e": 38.30844497680664,
  "f": 125467616,
  "g": 272743616,
  "h": 194905328,
  "i": 424243872,
  "j": 123366888,
  "k": 270590208,
  "l": 192124224,
  "m": 421392896,
  "n": 2100738,
  "o": 2153404,
  "p": 2781121,
  "q": 2851002,
  "r": 45472520,
  "s": 98945184,
  "t": 72114936,
  "u": 157119872
}
