{
  "b": 4.5536651611328125,
  "c": 9.72600269317627,
  "d": 5.753468990325928,
  "e": 12.289809226989746,
  "f": 48200000,
  "g": 102000000,
  "h": 64300000,
  "i": 136000000,
  "j": 47400000,
  "k": 101000000,
  "l": 63300000,
  "m": 135000000,
  "n": 806000,
  "o": 806000,
  "p": 1010000,
  "q": 1010000,
  "r": 10400000,
  "s": 22000000,
  "t": 14000000,
  "u": 29700000
}
