{
  "b": 25.21134376525879,
  "c": 52.88090515136719,
  "d": 28.12614631652832,
  "e": 58.9926872253418,
  "f": 266410128,
  "g": 554327040,
  "h": 313885760,
  "i": 653581824,
  "j": 262197984,
  "k": 549961408,
  "l": 309387616,
  "m": 648919552,
  "n": 4212107,
  "o": 4365654,
  "p": 4498134,
  "q": 4662329,
  "r": 1480523,
  "s": 3065160,
  "t": 1862562,
  "u": 3860590
}
