{
  "b": 58.379127502441406,
  "c": 119.65850067138672,
  "d": 65.6189956665039,
  "e": 134.490234375,
  "f": 617000000,
  "g": 1250000000,
  "h": 732000000,
  "i": 1490000000,
  "j": 607000000,
  "k": 1240000000,
  "l": 722000000,
  "m": 1480000000,
  "n": 9630000,
  "o": 9630000,
  "p": 9930000,
  "q": 9930000,
  "r": 6670000,
  "s": 13500000,
  "t": 8460000,
  "u": 17100000
}

