{
  "b": 58.379127502441406,
  "c": 119.65850067138672,
  "d": 65.6189956665039,
  "e": 134.490234375,
  "f": 616695744,
  "g": 1254155776,
  "h": 731661504,
  "i": 1489405440,
  "j": 607142912,
  "k": 1244448384,
  "l": 721808960,
  "m": 1479392512,
  "n": 9552794,
  "o": 9707376,
  "p": 9852588,
  "q": 10012851,
  "r": 6672479,
  "s": 13493004,
  "t": 8459214,
  "u": 17123300
}
