{
  "b": 104.7995834350586,
  "c": 211.01718139648438,
  "d": 133.6023406982422,
  "e": 268.9976806640625,
  "f": 1108348544,
  "g": 2212970240,
  "h": 1493339520,
  "i": 2982637312,
  "j": 1089915648,
  "k": 2194578688,
  "l": 1469625728,
  "m": 2958974464,
  "n": 18432942,
  "o": 18391578,
  "p": 23713868,
  "q": 23663080,
  "r": 18260276,
  "s": 36227388,
  "t": 27321942,
  "u": 54250188
}
