{
  "b": 42.374656677246094,
  "c": 86.6668472290039,
  "d": 45.05559158325195,
  "e": 92.14531707763672,
  "f": 448000000,
  "g": 908000000,
  "h": 503000000,
  "i": 1020000000,
  "j": 441000000,
  "k": 901000000,
  "l": 496000000,
  "m": 1010000000,
  "n": 7130000,
  "o": 7130000,
  "p": 7540000,
  "q": 7540000,
  "r": 2260000,
  "s": 4570000,
  "t": 2790000,
  "u": 5640000
}
