{
  "b": 40.76960754394531,
  "c": 85.88626098632812,
  "d": 43.491397857666016,
  "e": 91.61585235595703,
  "f": 430853888,
  "g": 900344576,
  "h": 485934944,
  "i": 1015609280,
  "j": 424003904,
  "k": 893217152,
  "l": 478405376,
  "m": 1007774336,
  "n": 6849962,
  "o": 7127518,
  "p": 7529523,
  "q": 7835000,
  "r": 1275106,
  "s": 2651761,
  "t": 1628551,
  "u": 3388600
}
