{
  "b": 25.21134376525879,
  "c": 52.88090515136719,
  "d": 28.12614631652832,
  "e": 58.9926872253418,
  "f": 266000000,
  "g": 554000000,
  "h": 314000000,
  "i": 654000000,
  "j": 262000000,
  "k": 550000000,
  "l": 309000000,
  "m": 649000000,
  "n": 4290000,
  "o": 4290000,
  "p": 4580000,
  "q": 4580000,
  "r": 1480000,
  "s": 3070000,
  "t": 1860000,
  "u": 3860000
}
