{
  "b": 15.8446044921875,
  "c": 32.68050003051758,
  "d": 17.783769607543945,
  "e": 36.678768157958984,
  "f": 167000000,
  "g": 343000000,
  "h": 198000000,
  "i": 406000000,
  "j": 165000000,
  "k": 340000000,
  "l": 196000000,
  "m": 403000000,
  "n": 2640000,
  "o": 2640000,
  "p": 2800000,
  "q": 2800000,
  "r": 346000,
  "s": 707000,
  "t": 453000,
  "u": 925000
}
