{
  "b": 65.41730499267578,
  "c": 135.79945373535156,
  "d": 67.86579895019531,
  "e": 140.87716674804688,
  "f": 691000000,
  "g": 1420000000,
  "h": 758000000,
  "i": 1560000000,
  "j": 680000000,
  "k": 1410000000,
  "l": 747000000,
  "m": 1550000000,
  "n": 11100000,
  "o": 11100000,
  "p": 11700000,
  "q": 11700000,
  "r": 4910000,
  "s": 10000000,
  "t": 4210000,
  "u": 8550000
}
