{
  "b": 16.342266082763672,
  "c": 34.0045051574707,
  "d": 17.92903709411621,
  "e": 37.304771423339844,
  "f": 173000000,
  "g": 356000000,
  "h": 200000000,
  "i": 413000000,
  "j": 170000000,
  "k": 354000000,
  "l": 197000000,
  "m": 410000000,
  "n": 2760000,
  "o": 2760000,
  "p": 2940000,
  "q": 2940000,
  "r": 412000,
  "s": 846000,
  "t": 551000,
  "u": 1130000
}
