{
  "b": 179.81515502929688,
  "c": 372.1202392578125,
  "d": 176.2742462158203,
  "e": 364.7713623046875,
  "f": 1900018816,
  "g": 3900644352,
  "h": 1970623488,
  "i": 4044782080,
  "j": 1870077568,
  "k": 3870050560,
  "l": 1939016704,
  "m": 4012485120,
  "n": 29941236,
  "o": 30593804,
  "p": 31606818,
  "q": 32296572,
  "r": 102158224,
  "s": 209188528,
  "t": 116273968,
  "u": 238094720
}
