{
  "b": 179.81515502929688,
  "c": 372.1202392578125,
  "d": 176.2742462158203,
  "e": 364.7713623046875,
  "f": 1900000000,
  "g": 3900000000,
  "h": 1970000000,
  "i": 4040000000,
  "j": 1870000000,
  "k": 3870000000,
  "l": 1940000000,
  "m": 4010000000,
  "n": 30300000,
  "o": 30300000,
  "p": 32000000,
  "q": 32000000,
  "r": 102000000,
  "s": 209000000,
  "t": 116000000,
  "u": 238000000
}
