{
  "b": 65.41730499267578,
  "c": 135.79945373535156,
  "d": 67.86579895019531,
  "e": 140.87716674804688,
  "f": 691318144,
  "g": 1423579264,
  "h": 758078144,
  "i": 1561505920,
  "j": 680339968,
  "k": 1412314240,
  "l": 746523776,
  "m": 1549648896,
  "n": 10978197,
  "o": 11265150,
  "p": 11554265,
  "q": 11856915,
  "r": 4914337,
  "s": 10020171,
  "t": 4205709,
  "u": 8548726
}
