{
  "b": 25.006441116333008,
  "c": 51.63715744018555,
  "d": 30.499298095703125,
  "e": 62.9767951965332,
  "f": 264245616,
  "g": 541283072,
  "h": 340083968,
  "i": 697422528,
  "j": 260066992,
  "k": 537026432,
  "l": 335492288,
  "m": 692744768,
  "n": 4178615,
  "o": 4256605,
  "p": 4591694,
  "q": 4677655,
  "r": 289176,
  "s": 588542,
  "t": 446307,
  "u": 909716
}
