{
  "b": 16.342266082763672,
  "c": 34.0045051574707,
  "d": 17.92903709411621,
  "e": 37.304771423339844,
  "f": 172683248,
  "g": 356446400,
  "h": 200117104,
  "i": 413331040,
  "j": 169959568,
  "k": 353646848,
  "l": 197219408,
  "m": 410352480,
  "n": 2723664,
  "o": 2799581,
  "p": 2897689,
  "q": 2978613,
  "r": 412469,
  "s": 845712,
  "t": 551100,
  "u": 1131038
}
