{
  "b": 12.930580139160156,
  "c": 27.04313850402832,
  "d": 14.534815788269043,
  "e": 30.396934509277344,
  "f": 137000000,
  "g": 283000000,
  "h": 162000000,
  "i": 337000000,
  "j": 134000000,
  "k": 281000000,
  "l": 160000000,
  "m": 334000000,
  "n": 2200000,
  "o": 2200000,
  "p": 2340000,
  "q": 2340000,
  "r": 484000,
  "s": 997000,
  "t": 664000,
  "u": 1370000
}
