{
  "b": 37.34550476074219,
  "c": 77.76583862304688,
  "d": 45.719459533691406,
  "e": 95.19868469238281,
  "f": 395000000,
  "g": 815000000,
  "h": 511000000,
  "i": 1060000000,
  "j": 388000000,
  "k": 809000000,
  "l": 503000000,
  "m": 1050000000,
  "n": 6460000,
  "o": 6460000,
  "p": 7740000,
  "q": 7740000,
  "r": 1860000,
  "s": 3830000,
  "t": 2710000,
  "u": 5570000
}
