{
  "b": 18.567594528198242,
  "c": 38.884220123291016,
  "d": 19.762563705444336,
  "e": 41.38454818725586,
  "f": 196000000,
  "g": 408000000,
  "h": 221000000,
  "i": 459000000,
  "j": 193000000,
  "k": 404000000,
  "l": 217000000,
  "m": 455000000,
  "n": 3220000,
  "o": 3220000,
  "p": 3480000,
  "q": 3480000,
  "r": 21000000,
  "s": 43700000,
  "t": 23400000,
  "u": 48700000
}
