{
  "b": 37.34550476074219,
  "c": 77.76583862304688,
  "d": 45.719459533691406,
  "e": 95.19868469238281,
  "f": 394761312,
  "g": 815320832,
  "h": 510537472,
  "i": 1055034560,
  "j": 388393248,
  "k": 808764736,
  "l": 502914048,
  "m": 1047185536,
  "n": 6368050,
  "o": 6556128,
  "p": 7623428,
  "q": 7848956,
  "r": 1860082,
  "s": 3828482,
  "t": 2706088,
  "u": 5574935
}
