{
  "b": 12.930580139160156,
  "c": 27.04313850402832,
  "d": 14.534815788269043,
  "e": 30.396934509277344,
  "f": 136640320,
  "g": 283482240,
  "h": 162180416,
  "i": 336739552,
  "j": 134478032,
  "k": 281248640,
  "l": 159882976,
  "m": 334366272,
  "n": 2162306,
  "o": 2233555,
  "p": 2297458,
  "q": 2373236,
  "r": 483679,
  "s": 996929,
  "t": 663802,
  "u": 1369734
}
