{
  "b": 18.567594528198242,
  "c": 38.884220123291016,
  "d": 19.762563705444336,
  "e": 41.38454818725586,
  "f": 196265584,
  "g": 407668128,
  "h": 220812560,
  "i": 458773376,
  "j": 193102992,
  "k": 404395872,
  "l": 217388192,
  "m": 455230016,
  "n": 3162562,
  "o": 3272251,
  "p": 3424338,
  "q": 3543318,
  "r": 21021220,
  "s": 43667232,
  "t": 23445650,
  "u": 48727068
}
