{
  "b": 115.83641815185547,
  "c": 230.8147735595703,
  "d": 129.739501953125,
  "e": 258.51190185546875,
  "f": 1220000000,
  "g": 2420000000,
  "h": 1450000000,
  "i": 2860000000,
  "j": 1200000000,
  "k": 2400000000,
  "l": 1430000000,
  "m": 2840000000,
  "n": 18700000,
  "o": 18700000,
  "p": 19300000,
  "q": 19300000,
  "r": 31200000,
  "s": 61700000,
  "t": 38200000,
  "u": 75400000
}
