{
  "b": 47.710567474365234,
  "c": 101.3282470703125,
  "d": 51.728370666503906,
  "e": 109.85902404785156,
  "f": 504081280,
  "g": 1062095616,
  "h": 577614976,
  "i": 1217478400,
  "j": 496189920,
  "k": 1053813760,
  "l": 569012096,
  "m": 1208449280,
  "n": 7891402,
  "o": 8281917,
  "p": 8602970,
  "q": 9029200,
  "r": 4324283,
  "s": 9083797,
  "t": 5360199,
  "u": 11267138
}
