{
  "b": 83.06568908691406,
  "c": 173.5214080810547,
  "d": 91.14602661132812,
  "e": 190.39356994628906,
  "f": 878000000,
  "g": 1820000000,
  "h": 1020000000,
  "i": 2110000000,
  "j": 864000000,
  "k": 1800000000,
  "l": 1000000000,
  "m": 2090000000,
  "n": 14000000,
  "o": 14000000,
  "p": 14900000,
  "q": 14900000,
  "r": 2720000,
  "s": 5550000,
  "t": 3150000,
  "u": 6430000
}
