{
  "b": 15.598187446594238,
  "c": 32.36482620239258,
  "d": 17.225635528564453,
  "e": 35.739845275878906,
  "f": 164881104,
  "g": 339323872,
  "h": 192447824,
  "i": 396182048,
  "j": 162221152,
  "k": 336594176,
  "l": 189482000,
  "m": 393138304,
  "n": 2659940,
  "o": 2729660,
  "p": 2965800,
  "q": 3043718,
  "r": 1487617,
  "s": 3043097,
  "t": 1932619,
  "u": 3955885
}
