{
  "b": 316.1576843261719,
  "c": 655.5979614257812,
  "d": 331.10089111328125,
  "e": 686.5465698242188,
  "f": 3340969984,
  "g": 6872430080,
  "h": 3697080320,
  "i": 7608315904,
  "j": 3288039936,
  "k": 6818219008,
  "l": 3642109696,
  "m": 7552012288,
  "n": 52930140,
  "o": 54211512,
  "p": 54970792,
  "q": 56304416,
  "r": 369619488,
  "s": 758568960,
  "t": 401675872,
  "u": 824643712
}
