{
  "b": 83.06568908691406,
  "c": 173.5214080810547,
  "d": 91.14602661132812,
  "e": 190.39356994628906,
  "f": 877682304,
  "g": 1818848256,
  "h": 1017243904,
  "i": 2109420288,
  "j": 863883136,
  "k": 1804622720,
  "l": 1002606272,
  "m": 2094329344,
  "n": 13799213,
  "o": 14225641,
  "p": 14637577,
  "q": 15090673,
  "r": 2716398,
  "s": 5547020,
  "t": 3152467,
  "u": 6434256
}
