{
  "b": 194.38714599609375,
  "c": 404.3249816894531,
  "d": 197.54888916015625,
  "e": 410.8791198730469,
  "f": 2050000000,
  "g": 4240000000,
  "h": 2210000000,
  "i": 4550000000,
  "j": 2020000000,
  "k": 4200000000,
  "l": 2170000000,
  "m": 4520000000,
  "n": 33000000,
  "o": 33000000,
  "p": 34700000,
  "q": 34700000,
  "r": 801000000,
  "s": 1650000000,
  "t": 835000000,
  "u": 1720000000
}
