{
  "b": 15.598187446594238,
  "c": 32.36482620239258,
  "d": 17.225635528564453,
  "e": 35.739845275878906,
  "f": 165000000,
  "g": 339000000,
  "h": 192000000,
  "i": 396000000,
  "j": 162000000,
  "k": 337000000,
  "l": 189000000,
  "m": 393000000,
  "n": 2690000,
  "o": 2690000,
  "p": 3000000,
  "q": 3000000,
  "r": 1490000,
  "s": 3040000,
  "t": 1930000,
  "u": 3960000
}
