{
  "b": 194.38714599609375,
  "c": 404.3249816894531,
  "d": 197.54888916015625,
  "e": 410.8791198730469,
  "f": 2054238464,
  "g": 4238454784,
  "h": 2207248128,
  "i": 4554786816,
  "j": 2021626240,
  "k": 4204979968,
  "l": 2173037824,
  "m": 4519670272,
  "n": 32612248,
  "o": 33474630,
  "p": 34210356,
  "q": 35116596,
  "r": 800551552,
  "s": 1652177408,
  "t": 834897024,
  "u": 1723559040
}
