{
  "b": 316.1576843261719,
  "c": 655.5979614257812,
  "d": 331.10089111328125,
  "e": 686.5465698242188,
  "f": 3340000000,
  "g": 6870000000,
  "h": 3700000000,
  "i": 7610000000,
  "j": 3290000000,
  "k": 6820000000,
  "l": 3640000000,
  "m": 7550000000,
  "n": 53600000,
  "o": 53600000,
  "p": 55600000,
  "q": 55600000,
  "r": 370000000,
  "s": 759000000,
  "t": 402000000,
  "u": 825000000
}
