{
  "b": 35.10972595214844,
  "c": 73.366943359375,
  "d": 36.743896484375,
  "e": 76.77845001220703,
  "f": 371018048,
  "g": 769085120,
  "h": 410417824,
  "i": 851001856,
  "j": 365141152,
  "k": 763016192,
  "l": 404182880,
  "m": 844562944,
  "n": 5876859,
  "o": 6068945,
  "p": 6234921,
  "q": 6438905,
  "r": 3893950,
  "s": 8025266,
  "t": 4878306,
  "u": 10058962
}
