{
  "b": 33.541107177734375,
  "c": 70.2430191040039,
  "d": 36.02717590332031,
  "e": 75.4464340209961,
  "f": 354000000,
  "g": 736000000,
  "h": 402000000,
  "i": 836000000,
  "j": 349000000,
  "k": 731000000,
  "l": 396000000,
  "m": 830000000,
  "n": 5710000,
  "o": 5710000,
  "p": 5970000,
  "q": 5970000,
  "r": 2260000,
  "s": 4670000,
  "t": 2820000,
  "u": 5850000
}
