{
  "b": 33.541107177734375,
  "c": 70.2430191040039,
  "d": 36.02717590332031,
  "e": 75.4464340209961,
  "f": 354436768,
  "g": 736333824,
  "h": 402166848,
  "i": 835985088,
  "j": 348827520,
  "k": 730527424,
  "l": 396298944,
  "m": 829910784,
  "n": 5609218,
  "o": 5806310,
  "p": 5867890,
  "q": 6074363,
  "r": 2258720,
  "s": 4673647,
  "t": 2824873,
  "u": 5850031
}
