{
  "b": 174.9778289794922,
  "c": 358.9324951171875,
  "d": 177.56077575683594,
  "e": 364.21417236328125,
  "f": 1850000000,
  "g": 3760000000,
  "h": 1980000000,
  "i": 4040000000,
  "j": 1820000000,
  "k": 3730000000,
  "l": 1950000000,
  "m": 4010000000,
  "n": 29500000,
  "o": 29500000,
  "p": 31000000,
  "q": 31000000,
  "r": 31200000,
  "s": 63500000,
  "t": 33100000,
  "u": 67200000
}
