{
  "b": 51.849632263183594,
  "c": 107.25215148925781,
  "d": 54.88066482543945,
  "e": 113.51768493652344,
  "f": 548000000,
  "g": 1120000000,
  "h": 613000000,
  "i": 1260000000,
  "j": 539000000,
  "k": 1120000000,
  "l": 604000000,
  "m": 1250000000,
  "n": 8770000,
  "o": 8770000,
  "p": 8970000,
  "q": 8970000,
  "r": 4890000,
  "s": 9990000,
  "t": 5890000,
  "u": 12100000
}
