{
  "b": 51.849632263183594,
  "c": 107.25215148925781,
  "d": 54.88066482543945,
  "e": 113.51768493652344,
  "f": 547904064,
  "g": 1124286976,
  "h": 612557184,
  "i": 1257766400,
  "j": 539236160,
  "k": 1115422336,
  "l": 603687296,
  "m": 1248694528,
  "n": 8667889,
  "o": 8864690,
  "p": 8869901,
  "q": 9071887,
  "r": 4885800,
  "s": 9989718,
  "t": 5888432,
  "u": 12052150
}
