{
  "b": 35.10972595214844,
  "c": 73.366943359375,
  "d": 36.743896484375,
  "e": 76.77845001220703,
  "f": 371000000,
  "g": 769000000,
  "h": 410000000,
  "i": 851000000,
  "j": 365000000,
  "k": 763000000,
  "l": 404000000,
  "m": 845000000,
  "n": 5970000,
  "o": 5970000,
  "p": 6340000,
  "q": 6340000,
  "r": 3890000,
  "s": 8030000,
  "t": 4880000,
  "u": 10100000
}
