{
  "b": 40.27679443359375,
  "c": 81.89950561523438,
  "d": 42.97504425048828,
  "e": 87.38091278076172,
  "f": 425618080,
  "g": 858526144,
  "h": 479924544,
  "i": 968423808,
  "j": 418878656,
  "k": 851754880,
  "l": 472725472,
  "m": 961190016,
  "n": 6739445,
  "o": 6771223,
  "p": 7199075,
  "q": 7233635,
  "r": 1430344,
  "s": 2874151,
  "t": 1805576,
  "u": 3630796
}
