{
  "b": 40.27679443359375,
  "c": 81.89950561523438,
  "d": 42.97504425048828,
  "e": 87.38091278076172,
  "f": 426000000,
  "g": 859000000,
  "h": 480000000,
  "i": 968000000,
  "j": 419000000,
  "k": 852000000,
  "l": 473000000,
  "m": 961000000,
  "n": 6760000,
  "o": 6760000,
  "p": 7220000,
  "q": 7220000,
  "r": 1430000,
  "s": 2870000,
  "t": 1810000,
  "u": 3630000
}
