{
  "b": 83.9904556274414,
  "c": 176.2508544921875,
  "d": 87.3805923461914,
  "e": 183.3589630126953,
  "f": 888000000,
  "g": 1850000000,
  "h": 976000000,
  "i": 2030000000,
  "j": 874000000,
  "k": 1830000000,
  "l": 961000000,
  "m": 2020000000,
  "n": 14300000,
  "o": 14300000,
  "p": 15400000,
  "q": 15400000,
  "r": 16500000,
  "s": 34300000,
  "t": 19400000,
  "u": 40300000
}
