{
  "b": 36.13116455078125,
  "c": 74.97052001953125,
  "d": 39.78242492675781,
  "e": 82.54358673095703,
  "f": 382000000,
  "g": 786000000,
  "h": 444000000,
  "i": 914000000,
  "j": 376000000,
  "k": 780000000,
  "l": 438000000,
  "m": 908000000,
  "n": 6130000,
  "o": 6130000,
  "p": 6430000,
  "q": 6430000,
  "r": 2570000,
  "s": 5260000,
  "t": 3230000,
  "u": 6620000
}
