{
  "b": 47.27080154418945,
  "c": 98.25115966796875,
  "d": 49.65578079223633,
  "e": 103.20237731933594,
  "f": 499711872,
  "g": 1030129600,
  "h": 555145216,
  "i": 1144402816,
  "j": 491616320,
  "k": 1021812032,
  "l": 546213568,
  "m": 1135226112,
  "n": 8095562,
  "o": 8317554,
  "p": 8931713,
  "q": 9176830,
  "r": 2753719,
  "s": 5659277,
  "t": 3356672,
  "u": 6900071
}
