{
  "b": 105.4250717163086,
  "c": 217.83837890625,
  "d": 113.49652099609375,
  "e": 234.50650024414062,
  "f": 1113815552,
  "g": 2283285248,
  "h": 1266234240,
  "i": 2597724672,
  "j": 1096420736,
  "k": 2265519104,
  "l": 1248461696,
  "m": 2579571456,
  "n": 17394686,
  "o": 17766168,
  "p": 17772552,
  "q": 18153232,
  "r": 169487760,
  "s": 347335840,
  "t": 185181120,
  "u": 379807232
}
