{
  "b": 47.27080154418945,
  "c": 98.25115966796875,
  "d": 49.65578079223633,
  "e": 103.20237731933594,
  "f": 500000000,
  "g": 1030000000,
  "h": 555000000,
  "i": 1140000000,
  "j": 492000000,
  "k": 1020000000,
  "l": 546000000,
  "m": 1140000000,
  "n": 8210000,
  "o": 8210000,
  "p": 9050000,
  "q": 9050000,
  "r": 2750000,
  "s": 5660000,
  "t": 3360000,
  "u": 6900000
}
