{
  "b": 108.5867919921875,
  "c": 222.43678283691406,
  "d": 110.19134521484375,
  "e": 225.71292114257812,
  "f": 1147301376,
  "g": 2331545600,
  "h": 1231143936,
  "i": 2502098176,
  "j": 1129302656,
  "k": 2313342464,
  "l": 1212104832,
  "m": 2482842112,
  "n": 17998688,
  "o": 18202900,
  "p": 19039164,
  "q": 19256058,
  "r": 171474992,
  "s": 348456608,
  "t": 178220688,
  "u": 362248064
}
