{
  "b": 108.5867919921875,
  "c": 222.43678283691406,
  "d": 110.19134521484375,
  "e": 225.71292114257812,
  "f": 1150000000,
  "g": 2330000000,
  "h": 1230000000,
  "i": 2500000000,
  "j": 1130000000,
  "k": 2310000000,
  "l": 1210000000,
  "m": 2480000000,
  "n": 18100000,
  "o": 18100000,
  "p": 19100000,
  "q": 19100000,
  "r": 171000000,
  "s": 348000000,
  "t": 178000000,
  "u": 362000000
}
