{
  "b": 105.4250717163086,
  "c": 217.83837890625,
  "d": 113.49652099609375,
  "e": 234.50650024414062,
  "f": 1110000000,
  "g": 2280000000,
  "h": 1270000000,
  "i": 2600000000,
  "j": 1100000000,
  "k": 2270000000,
  "l": 1250000000,
  "m": 2580000000,
  "n": 17600000,
  "o": 17600000,
  "p": 18000000,
  "q": 18000000,
  "r": 169000000,
  "s": 347000000,
  "t": 185000000,
  "u": 380000000
}
