{
  "b": 83.9904556274414,
  "c": 176.2508544921875,
  "d": 87.3805923461914,
  "e": 183.3589630126953,
  "f": 887566016,
  "g": 1847592448,
  "h": 976264512,
  "i": 2032582400,
  "j": 873500736,
  "k": 1833008896,
  "l": 961186496,
  "m": 2016948608,
  "n": 14065336,
  "o": 14583642,
  "p": 15077876,
  "q": 15633866,
  "r": 16523338,
  "s": 34251080,
  "t": 19407576,
  "u": 40251320
}
