{
  "b": 36.13116455078125,
  "c": 74.97052001953125,
  "d": 39.78242492675781,
  "e": 82.54358673095703,
  "f": 381815808,
  "g": 785902208,
  "h": 443949344,
  "i": 914487168,
  "j": 375764096,
  "k": 779693440,
  "l": 437606688,
  "m": 907979456,
  "n": 6051661,
  "o": 6208839,
  "p": 6342707,
  "q": 6507802,
  "r": 2571684,
  "s": 5261607,
  "t": 3232387,
  "u": 6620441
}
