{
  "b": 25.272720336914062,
  "c": 52.74329376220703,
  "d": 28.875255584716797,
  "e": 60.258419036865234,
  "f": 267184560,
  "g": 553021440,
  "h": 322535456,
  "i": 667912128,
  "j": 262836288,
  "k": 548530240,
  "l": 317627808,
  "m": 662842624,
  "n": 4348226,
  "o": 4491276,
  "p": 4907628,
  "q": 5069468,
  "r": 1421188,
  "s": 2927828,
  "t": 1911555,
  "u": 3941967
}
