{
  "b": 15.284675598144531,
  "c": 32.19044494628906,
  "d": 16.687488555908203,
  "e": 35.143707275390625,
  "f": 162000000,
  "g": 337000000,
  "h": 186000000,
  "i": 389000000,
  "j": 159000000,
  "k": 335000000,
  "l": 184000000,
  "m": 387000000,
  "n": 2590000,
  "o": 2590000,
  "p": 2840000,
  "q": 2840000,
  "r": 990000,
  "s": 2060000,
  "t": 1260000,
  "u": 2640000
}
