{
  "b": 167.40151977539062,
  "c": 339.4602966308594,
  "d": 176.14683532714844,
  "e": 357.17034912109375,
  "f": 1770000000,
  "g": 3560000000,
  "h": 1970000000,
  "i": 3960000000,
  "j": 1740000000,
  "k": 3530000000,
  "l": 1940000000,
  "m": 3930000000,
  "n": 28300000,
  "o": 28300000,
  "p": 33000000,
  "q": 33000000,
  "r": 256000000,
  "s": 514000000,
  "t": 293000000,
  "u": 589000000
}
