{
  "b": 37.205509185791016,
  "c": 77.21208190917969,
  "d": 40.8948974609375,
  "e": 84.86669158935547,
  "f": 393000000,
  "g": 809000000,
  "h": 456000000,
  "i": 940000000,
  "j": 387000000,
  "k": 803000000,
  "l": 450000000,
  "m": 934000000,
  "n": 6230000,
  "o": 6230000,
  "p": 6670000,
  "q": 6670000,
  "r": 2700000,
  "s": 5550000,
  "t": 3400000,
  "u": 6980000
}
