{
  "b": 138.5462646484375,
  "c": 282.1219787597656,
  "d": 144.8753662109375,
  "e": 294.99591064453125,
  "f": 1460000000,
  "g": 2960000000,
  "h": 1620000000,
  "i": 3270000000,
  "j": 1440000000,
  "k": 2930000000,
  "l": 1590000000,
  "m": 3240000000,
  "n": 22800000,
  "o": 22800000,
  "p": 23000000,
  "q": 23000000,
  "r": 42200000,
  "s": 85200000,
  "t": 46500000,
  "u": 93900000
}
