{
  "b": 25.272720336914062,
  "c": 52.74329376220703,
  "d": 28.875255584716797,
  "e": 60.258419036865234,
  "f": 267000000,
  "g": 553000000,
  "h": 323000000,
  "i": 668000000,
  "j": 263000000,
  "k": 549000000,
  "l": 318000000,
  "m": 663000000,
  "n": 4420000,
  "o": 4420000,
  "p": 4990000,
  "q": 4990000,
  "r": 1420000,
  "s": 2930000,
  "t": 1910000,
  "u": 3940000
}
