{
  "b": 15.284675598144531,
  "c": 32.19044494628906,
  "d": 16.687488555908203,
  "e": 35.143707275390625,
  "f": 161503760,
  "g": 337427392,
  "h": 186349696,
  "i": 389481760,
  "j": 158960624,
  "k": 334780608,
  "l": 183562368,
  "m": 386580768,
  "n": 2543134,
  "o": 2646787,
  "p": 2787321,
  "q": 2900999,
  "r": 989579,
  "s": 2063096,
  "t": 1264861,
  "u": 2638681
}
