{
  "b": 37.205509185791016,
  "c": 77.21208190917969,
  "d": 40.8948974609375,
  "e": 84.86669158935547,
  "f": 393086464,
  "g": 809311744,
  "h": 456431904,
  "i": 940290112,
  "j": 386937312,
  "k": 803005632,
  "l": 449843872,
  "m": 933533568,
  "n": 6149221,
  "o": 6306029,
  "p": 6588082,
  "q": 6756522,
  "r": 2702572,
  "s": 5547288,
  "t": 3396101,
  "u": 6976639
}
