{
  "b": 15.282500267028809,
  "c": 32.48248291015625,
  "d": 15.849815368652344,
  "e": 33.68756866455078,
  "f": 161472816,
  "g": 340480352,
  "h": 177039040,
  "i": 373389952,
  "j": 158938000,
  "k": 337817824,
  "l": 174347968,
  "m": 370563264,
  "n": 2534821,
  "o": 2662465,
  "p": 2691061,
  "q": 2826745,
  "r": 714394,
  "s": 1503521,
  "t": 869346,
  "u": 1830589
}
