{
  "b": 25.872913360595703,
  "c": 52.3499870300293,
  "d": 27.010129928588867,
  "e": 54.648536682128906,
  "f": 273000000,
  "g": 549000000,
  "h": 302000000,
  "i": 606000000,
  "j": 269000000,
  "k": 544000000,
  "l": 297000000,
  "m": 601000000,
  "n": 4310000,
  "o": 4310000,
  "p": 4530000,
  "q": 4530000,
  "r": 20300000,
  "s": 40700000,
  "t": 22800000,
  "u": 45700000
}
