{
  "b": 78.30780029296875,
  "c": 163.82919311523438,
  "d": 86.10924530029297,
  "e": 180.1414337158203,
  "f": 828000000,
  "g": 1720000000,
  "h": 962000000,
  "i": 2000000000,
  "j": 814000000,
  "k": 1700000000,
  "l": 947000000,
  "m": 1980000000,
  "n": 13400000,
  "o": 13400000,
  "p": 15100000,
  "q": 15100000,
  "r": 38000000,
  "s": 78900000,
  "t": 41300000,
  "u": 85700000
}
