{
  "b": 78.30780029296875,
  "c": 163.82919311523438,
  "d": 86.10924530029297,
  "e": 180.1414337158203,
  "f": 827589696,
  "g": 1717451136,
  "h": 962027648,
  "i": 1996875904,
  "j": 814401152,
  "k": 1703823616,
  "l": 947201728,
  "m": 1981555840,
  "n": 13188481,
  "o": 13627318,
  "p": 14825884,
  "q": 15320054,
  "r": 38025440,
  "s": 78904168,
  "t": 41280328,
  "u": 85678232
}
