{
  "b": 8.590144157409668,
  "c": 17.799942016601562,
  "d": 9.075507164001465,
  "e": 18.805028915405273,
  "f": 90800000,
  "g": 187000000,
  "h": 101000000,
  "i": 208000000,
  "j": 89300000,
  "k": 185000000,
  "l": 99800000,
  "m": 207000000,
  "n": 1450000,
  "o": 1450000,
  "p": 1570000,
  "q": 1570000,
  "r": 166000,
  "s": 341000,
  "t": 206000,
  "u": 422000
}
