{
  "b": 170.0846710205078,
  "c": 346.09918212890625,
  "d": 199.31922912597656,
  "e": 405.57012939453125,
  "f": 1797225600,
  "g": 3627895296,
  "h": 2224149504,
  "i": 4493044736,
  "j": 1768880640,
  "k": 3599431424,
  "l": 2192511488,
  "m": 4461271552,
  "n": 28344924,
  "o": 28463866,
  "p": 31637994,
  "q": 31772478,
  "r": 441748096,
  "s": 891640256,
  "t": 554703232,
  "u": 1120663424
}
