{
  "b": 15.282500267028809,
  "c": 32.48248291015625,
  "d": 15.849815368652344,
  "e": 33.68756866455078,
  "f": 161000000,
  "g": 340000000,
  "h": 177000000,
  "i": 373000000,
  "j": 159000000,
  "k": 338000000,
  "l": 174000000,
  "m": 371000000,
  "n": 2600000,
  "o": 2600000,
  "p": 2760000,
  "q": 2760000,
  "r": 714000,
  "s": 1500000,
  "t": 869000,
  "u": 1830000
}
