{
  "b": 170.0846710205078,
  "c": 346.09918212890625,
  "d": 199.31922912597656,
  "e": 405.57012939453125,
  "f": 1800000000,
  "g": 3630000000,
  "h": 2220000000,
  "i": 4490000000,
  "j": 1770000000,
  "k": 3600000000,
  "l": 2190000000,
  "m": 4460000000,
  "n": 28400000,
  "o": 28400000,
  "p": 31700000,
  "q": 31700000,
  "r": 442000000,
  "s": 892000000,
  "t": 555000000,
  "u": 1120000000
}
