{
  "b": 25.872913360595703,
  "c": 52.3499870300293,
  "d": 27.010129928588867,
  "e": 54.648536682128906,
  "f": 273390848,
  "g": 548751680,
  "h": 301641184,
  "i": 605663232,
  "j": 269078304,
  "k": 544439872,
  "l": 297111424,
  "m": 601133888,
  "n": 4312555,
  "o": 4311758,
  "p": 4529794,
  "q": 4529289,
  "r": 20282576,
  "s": 40684144,
  "t": 22778430,
  "u": 45708672
}
