{
  "b": 8.590144157409668,
  "c": 17.799942016601562,
  "d": 9.075507164001465,
  "e": 18.805028915405273,
  "f": 90774592,
  "g": 186591904,
  "h": 101381568,
  "i": 208444704,
  "j": 89337496,
  "k": 185119392,
  "l": 99830584,
  "m": 206855328,
  "n": 1437081,
  "o": 1472545,
  "p": 1550997,
  "q": 1589371,
  "r": 166130,
  "s": 340542,
  "t": 205777,
  "u": 422057
}
