{
  "b": 94.75911712646484,
  "c": 196.3310546875,
  "d": 98.70733642578125,
  "e": 204.5032958984375,
  "f": 1001400704,
  "g": 2058131072,
  "h": 1102874496,
  "i": 2267041792,
  "j": 985494784,
  "k": 2041842944,
  "l": 1085780736,
  "m": 2249536256,
  "n": 15905946,
  "o": 16288425,
  "p": 17093900,
  "q": 17505684,
  "r": 17613100,
  "s": 36038652,
  "t": 20661574,
  "u": 42299336
}
