{
  "b": 94.75911712646484,
  "c": 196.3310546875,
  "d": 98.70733642578125,
  "e": 204.5032958984375,
  "f": 1000000000,
  "g": 2060000000,
  "h": 1100000000,
  "i": 2270000000,
  "j": 985000000,
  "k": 2040000000,
  "l": 1090000000,
  "m": 2250000000,
  "n": 16100000,
  "o": 16100000,
  "p": 17300000,
  "q": 17300000,
  "r": 17600000,
  "s": 36000000,
  "t": 20700000,
  "u": 42300000
}
