{
  "b": 21.65947914123535,
  "c": 45.473453521728516,
  "d": 22.454944610595703,
  "e": 47.1424674987793,
  "f": 228836432,
  "g": 476636032,
  "h": 250772160,
  "i": 522476480,
  "j": 225258576,
  "k": 472923904,
  "l": 247004400,
  "m": 518567136,
  "n": 3577878,
  "o": 3712151,
  "p": 3767776,
  "q": 3909333,
  "r": 1046355,
  "s": 2172921,
  "t": 1230152,
  "u": 2556023
}
