{
  "b": 40.30403518676758,
  "c": 84.51618194580078,
  "d": 41.287601470947266,
  "e": 86.57538604736328,
  "f": 426000000,
  "g": 886000000,
  "h": 461000000,
  "i": 960000000,
  "j": 419000000,
  "k": 879000000,
  "l": 454000000,
  "m": 952000000,
  "n": 6830000,
  "o": 6830000,
  "p": 7080000,
  "q": 7080000,
  "r": 1210000,
  "s": 2510000,
  "t": 1480000,
  "u": 3080000
}
