{
  "b": 25.814699172973633,
  "c": 54.231685638427734,
  "d": 26.902496337890625,
  "e": 56.51492691040039,
  "f": 272774208,
  "g": 568471808,
  "h": 300425984,
  "i": 626331136,
  "j": 268472864,
  "k": 564009536,
  "l": 295927456,
  "m": 621664192,
  "n": 4301357,
  "o": 4462248,
  "p": 4498550,
  "q": 4667076,
  "r": 723147,
  "s": 1499302,
  "t": 917430,
  "u": 1903277
}
