{
  "b": 21.65947914123535,
  "c": 45.473453521728516,
  "d": 22.454944610595703,
  "e": 47.1424674987793,
  "f": 229000000,
  "g": 477000000,
  "h": 251000000,
  "i": 522000000,
  "j": 225000000,
  "k": 473000000,
  "l": 247000000,
  "m": 519000000,
  "n": 3650000,
  "o": 3650000,
  "p": 3840000,
  "q": 3840000,
  "r": 1050000,
  "s": 2170000,
  "t": 1230000,
  "u": 2560000
}
