{
  "b": 32.897727966308594,
  "c": 69.4086685180664,
  "d": 36.784603118896484,
  "e": 77.60688781738281,
  "f": 347620992,
  "g": 727568896,
  "h": 410621184,
  "i": 859922368,
  "j": 342136384,
  "k": 721850176,
  "l": 404630624,
  "m": 853675776,
  "n": 5484617,
  "o": 5718669,
  "p": 5990611,
  "q": 6246522,
  "r": 1997907,
  "s": 4162026,
  "t": 2606286,
  "u": 5434463
}
