{
  "b": 32.897727966308594,
  "c": 69.4086685180664,
  "d": 36.784603118896484,
  "e": 77.60688781738281,
  "f": 348000000,
  "g": 728000000,
  "h": 411000000,
  "i": 860000000,
  "j": 342000000,
  "k": 722000000,
  "l": 405000000,
  "m": 854000000,
  "n": 5600000,
  "o": 5600000,
  "p": 6120000,
  "q": 6120000,
  "r": 2000000,
  "s": 4160000,
  "t": 2610000,
  "u": 5430000
}
