{
  "b": 22.7674617767334,
  "c": 46.675418853759766,
  "d": 25.64935874938965,
  "e": 52.581207275390625,
  "f": 241000000,
  "g": 489000000,
  "h": 286000000,
  "i": 582000000,
  "j": 237000000,
  "k": 485000000,
  "l": 282000000,
  "m": 578000000,
  "n": 3830000,
  "o": 3830000,
  "p": 3960000,
  "q": 3960000,
  "r": 1390000,
  "s": 2800000,
  "t": 1840000,
  "u": 3720000
}
