{
  "b": 22.7674617767334,
  "c": 46.675418853759766,
  "d": 25.64935874938965,
  "e": 52.581207275390625,
  "f": 240582560,
  "g": 489275200,
  "h": 286072896,
  "i": 582375104,
  "j": 236781600,
  "k": 485424352,
  "l": 282142944,
  "m": 578393280,
  "n": 3800966,
  "o": 3850822,
  "p": 3929930,
  "q": 3981773,
  "r": 1385608,
  "s": 2804971,
  "t": 1837665,
  "u": 3724673
}
