{
  "b": 86.40205383300781,
  "c": 180.16815185546875,
  "d": 90.92786407470703,
  "e": 189.5973358154297,
  "f": 912889152,
  "g": 1888469504,
  "h": 1015266944,
  "i": 2101067392,
  "j": 898581376,
  "k": 1873748736,
  "l": 1000206528,
  "m": 2085570688,
  "n": 14307668,
  "o": 14720782,
  "p": 15060412,
  "q": 15496623,
  "r": 9948809,
  "s": 20465084,
  "t": 12116567,
  "u": 24936740
}
