{
  "b": 43.057552337646484,
  "c": 90.42416381835938,
  "d": 47.92734146118164,
  "e": 100.64677429199219,
  "f": 455000000,
  "g": 948000000,
  "h": 535000000,
  "i": 1120000000,
  "j": 448000000,
  "k": 940000000,
  "l": 527000000,
  "m": 1110000000,
  "n": 7350000,
  "o": 7350000,
  "p": 8340000,
  "q": 8340000,
  "r": 3110000,
  "s": 6450000,
  "t": 4150000,
  "u": 8600000
}
