{
  "b": 15.534944534301758,
  "c": 32.45138168334961,
  "d": 16.800189971923828,
  "e": 35.09299087524414,
  "f": 164000000,
  "g": 340000000,
  "h": 188000000,
  "i": 389000000,
  "j": 162000000,
  "k": 337000000,
  "l": 185000000,
  "m": 386000000,
  "n": 2660000,
  "o": 2660000,
  "p": 2760000,
  "q": 2760000,
  "r": 274000,
  "s": 564000,
  "t": 350000,
  "u": 723000
}
