{
  "b": 67.699951171875,
  "c": 137.43577575683594,
  "d": 73.25022888183594,
  "e": 148.69546508789062,
  "f": 715482112,
  "g": 1440758144,
  "h": 818125312,
  "i": 1648049664,
  "j": 704079488,
  "k": 1429332096,
  "l": 805752512,
  "m": 1635650176,
  "n": 11402641,
  "o": 11426158,
  "p": 12372771,
  "q": 12399385,
  "r": 872140,
  "s": 1738309,
  "t": 1145853,
  "u": 2285818
}
