{
  "b": 15.534944534301758,
  "c": 32.45138168334961,
  "d": 16.800189971923828,
  "e": 35.09299087524414,
  "f": 164184048,
  "g": 340198400,
  "h": 187515376,
  "i": 388822656,
  "j": 161563424,
  "k": 337494368,
  "l": 184802096,
  "m": 386022880,
  "n": 2620606,
  "o": 2703995,
  "p": 2713259,
  "q": 2799777,
  "r": 273786,
  "s": 564292,
  "t": 350455,
  "u": 723158
}
