{
  "b": 12.681997299194336,
  "c": 26.090797424316406,
  "d": 14.294265747070312,
  "e": 29.406484603881836,
  "f": 134006352,
  "g": 273492256,
  "h": 159519376,
  "i": 325791104,
  "j": 131892776,
  "k": 271344288,
  "l": 157236928,
  "m": 323471328,
  "n": 2113577,
  "o": 2147976,
  "p": 2282459,
  "q": 2319728,
  "r": 249516,
  "s": 507389,
  "t": 336689,
  "u": 685376
}
