{
  "b": 32.49169158935547,
  "c": 67.671875,
  "d": 36.41596984863281,
  "e": 75.84235382080078,
  "f": 343000000,
  "g": 709000000,
  "h": 406000000,
  "i": 840000000,
  "j": 338000000,
  "k": 704000000,
  "l": 401000000,
  "m": 834000000,
  "n": 5520000,
  "o": 5520000,
  "p": 5620000,
  "q": 5620000,
  "r": 3420000,
  "s": 7020000,
  "t": 4440000,
  "u": 9130000
}
