{
  "b": 45.56578063964844,
  "c": 95.08365631103516,
  "d": 46.879241943359375,
  "e": 97.82012176513672,
  "f": 481000000,
  "g": 997000000,
  "h": 523000000,
  "i": 1080000000,
  "j": 474000000,
  "k": 989000000,
  "l": 516000000,
  "m": 1080000000,
  "n": 7730000,
  "o": 7730000,
  "p": 7920000,
  "q": 7920000,
  "r": 3490000,
  "s": 7180000,
  "t": 4290000,
  "u": 8840000
}
