{
  "b": 45.56578063964844,
  "c": 95.08365631103516,
  "d": 46.879241943359375,
  "e": 97.82012176513672,
  "f": 481498112,
  "g": 996720320,
  "h": 523467904,
  "i": 1084060160,
  "j": 473884128,
  "k": 988870016,
  "l": 515671680,
  "m": 1076021376,
  "n": 7614032,
  "o": 7850343,
  "p": 7796286,
  "q": 8038753,
  "r": 3485322,
  "s": 7175359,
  "t": 4290280,
  "u": 8838212
}
