{
  "b": 12.681997299194336,
  "c": 26.090797424316406,
  "d": 14.294265747070312,
  "e": 29.406484603881836,
  "f": 134000000,
  "g": 273000000,
  "h": 160000000,
  "i": 326000000,
  "j": 132000000,
  "k": 271000000,
  "l": 157000000,
  "m": 323000000,
  "n": 2130000,
  "o": 2130000,
  "p": 2300000,
  "q": 2300000,
  "r": 250000,
  "s": 507000,
  "t": 337000,
  "u": 685000
}
