{
  "b": 16.43483543395996,
  "c": 34.70151138305664,
  "d": 17.37113380432129,
  "e": 36.677738189697266,
  "f": 174000000,
  "g": 364000000,
  "h": 194000000,
  "i": 406000000,
  "j": 171000000,
  "k": 361000000,
  "l": 191000000,
  "m": 403000000,
  "n": 2780000,
  "o": 2780000,
  "p": 2910000,
  "q": 2910000,
  "r": 568000,
  "s": 1190000,
  "t": 703000,
  "u": 1470000
}
