{
  "b": 32.49169158935547,
  "c": 67.671875,
  "d": 36.41596984863281,
  "e": 75.84235382080078,
  "f": 343349920,
  "g": 709383424,
  "h": 406110560,
  "i": 839963456,
  "j": 337913600,
  "k": 703787520,
  "l": 400575680,
  "m": 834265856,
  "n": 5436348,
  "o": 5595910,
  "p": 5534845,
  "q": 5697537,
  "r": 3422865,
  "s": 7024266,
  "t": 4442554,
  "u": 9129688
}
