{
  "b": 16.43483543395996,
  "c": 34.70151138305664,
  "d": 17.37113380432129,
  "e": 36.677738189697266,
  "f": 173638688,
  "g": 363729920,
  "h": 193927872,
  "i": 406424096,
  "j": 170922288,
  "k": 360895712,
  "l": 191082480,
  "m": 403455136,
  "n": 2716396,
  "o": 2834202,
  "p": 2845393,
  "q": 2968974,
  "r": 567587,
  "s": 1185783,
  "t": 703033,
  "u": 1469920
}
