{
  "b": 9.476593017578125,
  "c": 20.327077865600586,
  "d": 11.266697883605957,
  "e": 24.166751861572266,
  "f": 100000000,
  "g": 213000000,
  "h": 126000000,
  "i": 268000000,
  "j": 98600000,
  "k": 211000000,
  "l": 124000000,
  "m": 266000000,
  "n": 1560000,
  "o": 1560000,
  "p": 1810000,
  "q": 1810000,
  "r": 17100000,
  "s": 36400000,
  "t": 22900000,
  "u": 48700000
}
