{
  "b": 9.279979705810547,
  "c": 19.606739044189453,
  "d": 12.037630081176758,
  "e": 25.43301010131836,
  "f": 98100000,
  "g": 206000000,
  "h": 134000000,
  "i": 282000000,
  "j": 96500000,
  "k": 204000000,
  "l": 132000000,
  "m": 280000000,
  "n": 1630000,
  "o": 1630000,
  "p": 2020000,
  "q": 2020000,
  "r": 3330000,
  "s": 6980000,
  "t": 4820000,
  "u": 10100000
}
