{
  "b": 7.4531779289245605,
  "c": 16.03229331970215,
  "d": 10.1369047164917,
  "e": 21.805133819580078,
  "f": 78701424,
  "g": 167995088,
  "h": 112950936,
  "i": 241387200,
  "j": 77513048,
  "k": 166735856,
  "l": 111505952,
  "m": 239856480,
  "n": 1188378,
  "o": 1259228,
  "p": 1444983,
  "q": 1530681,
  "r": 19719356,
  "s": 42098216,
  "t": 29003298,
  "u": 61994780
}
