{
  "b": 9.476593017578125,
  "c": 20.327077865600586,
  "d": 11.266697883605957,
  "e": 24.166751861572266,
  "f": 100069192,
  "g": 213000592,
  "h": 125689440,
  "i": 267689728,
  "j": 98556568,
  "k": 211401616,
  "l": 123933672,
  "m": 265834272,
  "n": 1512630,
  "o": 1598951,
  "p": 1755780,
  "q": 1855474,
  "r": 17089272,
  "s": 36373440,
  "t": 22869722,
  "u": 48711928
}
