{
  "b": 100.84650421142578,
  "c": 205.65240478515625,
  "d": 135.88145446777344,
  "e": 277.1014099121094,
  "f": 1066151552,
  "g": 2156255744,
  "h": 1516460800,
  "i": 3070033408,
  "j": 1048803648,
  "k": 2138785024,
  "l": 1494696064,
  "m": 3048115456,
  "n": 17347868,
  "o": 17470960,
  "p": 21764658,
  "q": 21917958,
  "r": 339182464,
  "s": 686046080,
  "t": 488201888,
  "u": 988611200
}
