{
  "b": 11.293001174926758,
  "c": 23.710433959960938,
  "d": 13.806139945983887,
  "e": 28.986713409423828,
  "f": 119415704,
  "g": 248637376,
  "h": 154220896,
  "i": 321303680,
  "j": 117447216,
  "k": 246588512,
  "l": 151867536,
  "m": 318853856,
  "n": 1968475,
  "o": 2048842,
  "p": 2353361,
  "q": 2449791,
  "r": 17974700,
  "s": 37419656,
  "t": 24354512,
  "u": 50745248
}
