{
  "b": 3.891655683517456,
  "c": 8.193209648132324,
  "d": 4.770613193511963,
  "e": 10.043787956237793,
  "f": 41200000,
  "g": 85900000,
  "h": 53300000,
  "i": 111000000,
  "j": 40500000,
  "k": 85200000,
  "l": 52500000,
  "m": 110000000,
  "n": 692000,
  "o": 692000,
  "p": 832000,
  "q": 832000,
  "r": 2640000,
  "s": 5500000,
  "t": 3540000,
  "u": 7400000
}
