{
  "b": 3.891655683517456,
  "c": 8.193209648132324,
  "d": 4.770613193511963,
  "e": 10.043787956237793,
  "f": 41150612,
  "g": 85916464,
  "h": 53290756,
  "i": 111331552,
  "j": 40473220,
  "k": 85209384,
  "l": 52476744,
  "m": 110481664,
  "n": 677391,
  "o": 707088,
  "p": 814013,
  "q": 849880,
  "r": 2636470,
  "s": 5503340,
  "t": 3542876,
  "u": 7401887
}
