{
  "b": 8.317024230957031,
  "c": 17.520652770996094,
  "d": 9.230579376220703,
  "e": 19.445138931274414,
  "f": 87943328,
  "g": 183720592,
  "h": 103220416,
  "i": 215650048,
  "j": 86497056,
  "k": 182214784,
  "l": 101536376,
  "m": 213896528,
  "n": 1446271,
  "o": 1505807,
  "p": 1684043,
  "q": 1753526,
  "r": 5429275,
  "s": 11342066,
  "t": 6729866,
  "u": 14063821
}
