{
  "b": 8.317024230957031,
  "c": 17.520652770996094,
  "d": 9.230579376220703,
  "e": 19.445138931274414,
  "f": 87900000,
  "g": 184000000,
  "h": 103000000,
  "i": 216000000,
  "j": 86500000,
  "k": 182000000,
  "l": 102000000,
  "m": 214000000,
  "n": 1480000,
  "o": 1480000,
  "p": 1720000,
  "q": 1720000,
  "r": 5430000,
  "s": 11300000,
  "t": 6730000,
  "u": 14100000
}
