{
  "b": 17.811063766479492,
  "c": 36.68421173095703,
  "d": 21.713462829589844,
  "e": 44.72230529785156,
  "f": 188329920,
  "g": 384671808,
  "h": 242673680,
  "i": 495846816,
  "j": 185235072,
  "k": 381515808,
  "l": 238848096,
  "m": 491945376,
  "n": 3094846,
  "o": 3156013,
  "p": 3825577,
  "q": 3901435,
  "r": 22225146,
  "s": 45373232,
  "t": 30010476,
  "u": 61305844
}
