{
  "b": 4.099756240844727,
  "c": 8.12073802947998,
  "d": 5.009430408477783,
  "e": 9.922727584838867,
  "f": 43356380,
  "g": 85166944,
  "h": 55918872,
  "i": 109956752,
  "j": 42637464,
  "k": 84455680,
  "l": 55103732,
  "m": 109150000,
  "n": 718916,
  "o": 711262,
  "p": 815140,
  "q": 806755,
  "r": 6582743,
  "s": 12935931,
  "t": 8935839,
  "u": 17581230
}
