{
  "b": 22.364381790161133,
  "c": 45.27678680419922,
  "d": 32.834869384765625,
  "e": 66.47647094726562,
  "f": 236000000,
  "g": 475000000,
  "h": 366000000,
  "i": 736000000,
  "j": 233000000,
  "k": 471000000,
  "l": 361000000,
  "m": 731000000,
  "n": 3910000,
  "o": 3910000,
  "p": 5040000,
  "q": 5040000,
  "r": 12800000,
  "s": 25600000,
  "t": 20700000,
  "u": 41600000
}
