{
  "b": 12.567431449890137,
  "c": 26.891748428344727,
  "d": 16.910810470581055,
  "e": 36.18598556518555,
  "f": 133000000,
  "g": 282000000,
  "h": 189000000,
  "i": 401000000,
  "j": 131000000,
  "k": 280000000,
  "l": 186000000,
  "m": 398000000,
  "n": 2200000,
  "o": 2200000,
  "p": 2600000,
  "q": 2600000,
  "r": 23400000,
  "s": 49600000,
  "t": 34700000,
  "u": 73800000
}
