{
  "b": 143.8260498046875,
  "c": 293.2082824707031,
  "d": 200.07785034179688,
  "e": 407.900634765625,
  "f": 1520000000,
  "g": 3080000000,
  "h": 2230000000,
  "i": 4520000000,
  "j": 1500000000,
  "k": 3050000000,
  "l": 2200000000,
  "m": 4490000000,
  "n": 25700000,
  "o": 25700000,
  "p": 33400000,
  "q": 33400000,
  "r": 324000000,
  "s": 655000000,
  "t": 491000000,
  "u": 992000000
}
