{
  "b": 31.92790412902832,
  "c": 65.35782623291016,
  "d": 38.336307525634766,
  "e": 78.47779083251953,
  "f": 337637376,
  "g": 685393536,
  "h": 428320768,
  "i": 869977664,
  "j": 332050208,
  "k": 679721408,
  "l": 421699392,
  "m": 863255680,
  "n": 5587148,
  "o": 5672068,
  "p": 6621359,
  "q": 6722014,
  "r": 23398320,
  "s": 47465744,
  "t": 30837902,
  "u": 62608560
}
