{
  "b": 20.759347915649414,
  "c": 42.53005599975586,
  "d": 26.205955505371094,
  "e": 53.690284729003906,
  "f": 219556112,
  "g": 446024032,
  "h": 292688704,
  "i": 595079936,
  "j": 215897216,
  "k": 442312576,
  "l": 288265504,
  "m": 590593152,
  "n": 3658887,
  "o": 3711452,
  "p": 4423219,
  "q": 4486765,
  "r": 25704646,
  "s": 52218120,
  "t": 37814880,
  "u": 76916368
}
