{
  "b": 31.92790412902832,
  "c": 65.35782623291016,
  "d": 38.336307525634766,
  "e": 78.47779083251953,
  "f": 338000000,
  "g": 685000000,
  "h": 428000000,
  "i": 870000000,
  "j": 332000000,
  "k": 680000000,
  "l": 422000000,
  "m": 863000000,
  "n": 5630000,
  "o": 5630000,
  "p": 6670000,
  "q": 6670000,
  "r": 23400000,
  "s": 47500000,
  "t": 30800000,
  "u": 62600000
}
