{
  "b": 6.354989528656006,
  "c": 12.996026039123535,
  "d": 7.682000637054443,
  "e": 15.709474563598633,
  "f": 67200000,
  "g": 136000000,
  "h": 85700000,
  "i": 174000000,
  "j": 66100000,
  "k": 135000000,
  "l": 84500000,
  "m": 173000000,
  "n": 1100000,
  "o": 1100000,
  "p": 1250000,
  "q": 1250000,
  "r": 2750000,
  "s": 5580000,
  "t": 3740000,
  "u": 7590000
}
