{
  "b": 6.354989528656006,
  "c": 12.996026039123535,
  "d": 7.682000637054443,
  "e": 15.709474563598633,
  "f": 67181440,
  "g": 136262624,
  "h": 85744832,
  "i": 174063680,
  "j": 66091892,
  "k": 135158672,
  "l": 84502008,
  "m": 172804224,
  "n": 1089551,
  "o": 1103958,
  "p": 1242829,
  "q": 1259430,
  "r": 2752900,
  "s": 5580109,
  "t": 3740514,
  "u": 7590070
}
