{
  "b": 24.454452514648438,
  "c": 49.91252136230469,
  "d": 31.72378158569336,
  "e": 64.75050354003906,
  "f": 259000000,
  "g": 523000000,
  "h": 354000000,
  "i": 718000000,
  "j": 254000000,
  "k": 519000000,
  "l": 349000000,
  "m": 712000000,
  "n": 4290000,
  "o": 4290000,
  "p": 5360000,
  "q": 5360000,
  "r": 45900000,
  "s": 92800000,
  "t": 64200000,
  "u": 130000000
}
