{
  "b": 35.92140579223633,
  "c": 73.71177673339844,
  "d": 42.6346321105957,
  "e": 87.48870086669922,
  "f": 380000000,
  "g": 773000000,
  "h": 476000000,
  "i": 970000000,
  "j": 374000000,
  "k": 767000000,
  "l": 469000000,
  "m": 962000000,
  "n": 6290000,
  "o": 6290000,
  "p": 7310000,
  "q": 7310000,
  "r": 34200000,
  "s": 69500000,
  "t": 44900000,
  "u": 91500000
}
