{
  "b": 23.450258255004883,
  "c": 50.16032028198242,
  "d": 25.755569458007812,
  "e": 55.090858459472656,
  "f": 247651072,
  "g": 525633920,
  "h": 287710912,
  "i": 610629376,
  "j": 243882688,
  "k": 521667328,
  "l": 283311264,
  "m": 605999424,
  "n": 3768377,
  "o": 3966657,
  "p": 4399640,
  "q": 4629935,
  "r": 61178600,
  "s": 129865904,
  "t": 72835456,
  "u": 154623744
}
