{
  "b": 9.503340721130371,
  "c": 19.508657455444336,
  "d": 11.093571662902832,
  "e": 22.77347755432129,
  "f": 100521168,
  "g": 204615072,
  "h": 124073296,
  "i": 252599648,
  "j": 98834744,
  "k": 202890032,
  "l": 122029288,
  "m": 250508256,
  "n": 1686423,
  "o": 1725021,
  "p": 2044004,
  "q": 2091405,
  "r": 11568975,
  "s": 23538400,
  "t": 14700911,
  "u": 29925234
}
