{
  "b": 9.503340721130371,
  "c": 19.508657455444336,
  "d": 11.093571662902832,
  "e": 22.77347755432129,
  "f": 101000000,
  "g": 205000000,
  "h": 124000000,
  "i": 253000000,
  "j": 98800000,
  "k": 203000000,
  "l": 122000000,
  "m": 251000000,
  "n": 1710000,
  "o": 1710000,
  "p": 2070000,
  "q": 2070000,
  "r": 11600000,
  "s": 23500000,
  "t": 14700000,
  "u": 29900000
}
