{
  "b": 23.450258255004883,
  "c": 50.16032028198242,
  "d": 25.755569458007812,
  "e": 55.090858459472656,
  "f": 248000000,
  "g": 526000000,
  "h": 288000000,
  "i": 611000000,
  "j": 244000000,
  "k": 522000000,
  "l": 283000000,
  "m": 606000000,
  "n": 3870000,
  "o": 3870000,
  "p": 4510000,
  "q": 4510000,
  "r": 61200000,
  "s": 130000000,
  "t": 72800000,
  "u": 155000000
}
