{
  "b": 24.454452514648438,
  "c": 49.91252136230469,
  "d": 31.72378158569336,
  "e": 64.75050354003906,
  "f": 258591424,
  "g": 523400768,
  "h": 354295552,
  "i": 717646656,
  "j": 254326304,
  "k": 519090240,
  "l": 348961600,
  "m": 712255552,
  "n": 4265134,
  "o": 4310492,
  "p": 5333972,
  "q": 5391193,
  "r": 45871740,
  "s": 92785360,
  "t": 64247012,
  "u": 130084456
}
