{
  "b": 1.8881371021270752,
  "c": 4.044167995452881,
  "d": 2.3842263221740723,
  "e": 5.106701374053955,
  "f": 20000000,
  "g": 42400000,
  "h": 26600000,
  "i": 56600000,
  "j": 19600000,
  "k": 42100000,
  "l": 26200000,
  "m": 56200000,
  "n": 329000,
  "o": 329000,
  "p": 392000,
  "q": 392000,
  "r": 484000,
  "s": 1030000,
  "t": 668000,
  "u": 1420000
}
