{
  "b": 1.8881371021270752,
  "c": 4.044167995452881,
  "d": 2.3842263221740723,
  "e": 5.106701374053955,
  "f": 19956616,
  "g": 42398348,
  "h": 26607364,
  "i": 56577192,
  "j": 19636626,
  "k": 42059348,
  "l": 26226490,
  "m": 56173716,
  "n": 319990,
  "o": 338997,
  "p": 380872,
  "q": 403477,
  "r": 483976,
  "s": 1026202,
  "t": 668024,
  "u": 1418054
}
