{
  "b": 13.608539581298828,
  "c": 28.0667724609375,
  "d": 15.120342254638672,
  "e": 31.184547424316406,
  "f": 144000000,
  "g": 294000000,
  "h": 169000000,
  "i": 346000000,
  "j": 142000000,
  "k": 292000000,
  "l": 166000000,
  "m": 343000000,
  "n": 2390000,
  "o": 2390000,
  "p": 2770000,
  "q": 2770000,
  "r": 11700000,
  "s": 23800000,
  "t": 15300000,
  "u": 31400000
}
