{
  "b": 7.894270896911621,
  "c": 16.19790267944336,
  "d": 9.295337677001953,
  "e": 19.07276725769043,
  "f": 83468192,
  "g": 169848784,
  "h": 103880456,
  "i": 211459552,
  "j": 82100416,
  "k": 168458192,
  "l": 102248712,
  "m": 209800448,
  "n": 1367772,
  "o": 1390596,
  "p": 1631735,
  "q": 1659087,
  "r": 2898577,
  "s": 5897951,
  "t": 3814509,
  "u": 7766436
}
