{
  "b": 17.38578224182129,
  "c": 35.058170318603516,
  "d": 21.840566635131836,
  "e": 44.041378021240234,
  "f": 184000000,
  "g": 368000000,
  "h": 244000000,
  "i": 488000000,
  "j": 181000000,
  "k": 365000000,
  "l": 240000000,
  "m": 484000000,
  "n": 3070000,
  "o": 3070000,
  "p": 3760000,
  "q": 3760000,
  "r": 7300000,
  "s": 14600000,
  "t": 10200000,
  "u": 20400000
}
