{
  "b": 4.055972576141357,
  "c": 8.682381629943848,
  "d": 4.845826148986816,
  "e": 10.373141288757324,
  "f": 42900000,
  "g": 91000000,
  "h": 54100000,
  "i": 115000000,
  "j": 42200000,
  "k": 90300000,
  "l": 53300000,
  "m": 114000000,
  "n": 697000,
  "o": 697000,
  "p": 813000,
  "q": 813000,
  "r": 891000,
  "s": 1890000,
  "t": 1160000,
  "u": 2460000
}
