{
  "b": 8.142040252685547,
  "c": 16.919715881347656,
  "d": 9.446846961975098,
  "e": 19.63152313232422,
  "f": 86100000,
  "g": 177000000,
  "h": 106000000,
  "i": 218000000,
  "j": 84700000,
  "k": 176000000,
  "l": 104000000,
  "m": 216000000,
  "n": 1420000,
  "o": 1420000,
  "p": 1650000,
  "q": 1650000,
  "r": 4040000,
  "s": 8320000,
  "t": 5230000,
  "u": 10800000
}
