{
  "b": 13.608539581298828,
  "c": 28.0667724609375,
  "d": 15.120342254638672,
  "e": 31.184547424316406,
  "f": 143891376,
  "g": 294307040,
  "h": 169063136,
  "i": 345827712,
  "j": 141528816,
  "k": 291894432,
  "l": 166323760,
  "m": 343030016,
  "n": 2362544,
  "o": 2412601,
  "p": 2739372,
  "q": 2797694,
  "r": 11657952,
  "s": 23832184,
  "t": 15340313,
  "u": 31376648
}
