{
  "b": 17.38578224182129,
  "c": 35.058170318603516,
  "d": 21.840566635131836,
  "e": 44.041378021240234,
  "f": 183879136,
  "g": 367678304,
  "h": 244000320,
  "i": 488217280,
  "j": 180812144,
  "k": 364604960,
  "l": 240246224,
  "m": 484455168,
  "n": 3067025,
  "o": 3073296,
  "p": 3754104,
  "q": 3762129,
  "r": 7299371,
  "s": 14595998,
  "t": 10206924,
  "u": 20428378
}
