{
  "b": 8.142040252685547,
  "c": 16.919715881347656,
  "d": 9.446846961975098,
  "e": 19.63152313232422,
  "f": 86079064,
  "g": 177406336,
  "h": 105538656,
  "i": 217615776,
  "j": 84677216,
  "k": 175965040,
  "l": 103915312,
  "m": 215946752,
  "n": 1401856,
  "o": 1441283,
  "p": 1623342,
  "q": 1668989,
  "r": 4038408,
  "s": 8323112,
  "t": 5225798,
  "u": 10777945
}
