{
  "b": 7.894270896911621,
  "c": 16.19790267944336,
  "d": 9.295337677001953,
  "e": 19.07276725769043,
  "f": 83500000,
  "g": 170000000,
  "h": 104000000,
  "i": 211000000,
  "j": 82100000,
  "k": 168000000,
  "l": 102000000,
  "m": 210000000,
  "n": 1380000,
  "o": 1380000,
  "p": 1650000,
  "q": 1650000,
  "r": 2900000,
  "s": 5900000,
  "t": 3810000,
  "u": 7770000
}
