{
  "b": 3.758774518966675,
  "c": 8.076637268066406,
  "d": 4.912486553192139,
  "e": 10.555647850036621,
  "f": 39705968,
  "g": 84650192,
  "h": 54738660,
  "i": 116857136,
  "j": 39091256,
  "k": 83997032,
  "l": 54037352,
  "m": 116112128,
  "n": 614709,
  "o": 653154,
  "p": 701303,
  "q": 744999,
  "r": 1119545,
  "s": 2383911,
  "t": 1572740,
  "u": 3353942
}
