{
  "b": 10.277139663696289,
  "c": 21.516677856445312,
  "d": 12.282514572143555,
  "e": 25.71519660949707,
  "f": 108646656,
  "g": 225599984,
  "h": 137185904,
  "i": 285018656,
  "j": 106882256,
  "k": 223773440,
  "l": 135107664,
  "m": 282867168,
  "n": 1764408,
  "o": 1826533,
  "p": 2078235,
  "q": 2151487,
  "r": 5115990,
  "s": 10605065,
  "t": 6658209,
  "u": 13814126
}
