{
  "b": 95.97322845458984,
  "c": 190.92587280273438,
  "d": 121.921142578125,
  "e": 242.55679321289062,
  "f": 1020000000,
  "g": 2000000000,
  "h": 1360000000,
  "i": 2690000000,
  "j": 998000000,
  "k": 1990000000,
  "l": 1340000000,
  "m": 2670000000,
  "n": 19000000,
  "o": 19000000,
  "p": 23500000,
  "q": 23500000,
  "r": 161000000,
  "s": 318000000,
  "t": 214000000,
  "u": 423000000
}
