{
  "b": 5.775789260864258,
  "c": 11.999137878417969,
  "d": 7.217933654785156,
  "e": 14.995329856872559,
  "f": 61064816,
  "g": 125815024,
  "h": 80579976,
  "i": 166163904,
  "j": 60068208,
  "k": 124791032,
  "l": 79397272,
  "m": 164948624,
  "n": 996608,
  "o": 1023994,
  "p": 1182703,
  "q": 1215284,
  "r": -14025,
  "s": -46421,
  "t": 180533,
  "u": 351583
}
