{
  "b": 32.80272674560547,
  "c": 65.40914154052734,
  "d": 41.95808029174805,
  "e": 83.66693115234375,
  "f": 347000000,
  "g": 686000000,
  "h": 469000000,
  "i": 927000000,
  "j": 341000000,
  "k": 680000000,
  "l": 462000000,
  "m": 920000000,
  "n": 5830000,
  "o": 5830000,
  "p": 7040000,
  "q": 7040000,
  "r": 19300000,
  "s": 38100000,
  "t": 26900000,
  "u": 53200000
}
