{
  "b": 95.97322845458984,
  "c": 190.92587280273438,
  "d": 121.921142578125,
  "e": 242.55679321289062,
  "f": 1017157952,
  "g": 2004688768,
  "h": 1364605696,
  "i": 2691632128,
  "j": 998121600,
  "k": 1985629056,
  "l": 1341132544,
  "m": 2668124672,
  "n": 19036250,
  "o": 19059726,
  "p": 23473332,
  "q": 23507502,
  "r": 161179024,
  "s": 317847392,
  "t": 214207104,
  "u": 422810912
}
