{
  "b": 5.775789260864258,
  "c": 11.999137878417969,
  "d": 7.217933654785156,
  "e": 14.995329856872559,
  "f": 61100000,
  "g": 126000000,
  "h": 80600000,
  "i": 166000000,
  "j": 60100000,
  "k": 125000000,
  "l": 79400000,
  "m": 165000000,
  "n": 1010000,
  "o": 1010000,
  "p": 1200000,
  "q": 1200000,
  "r": -14000,
  "s": -46400,
  "t": 181000,
  "u": 352000
}
