{
  "b": 3.758774518966675,
  "c": 8.076637268066406,
  "d": 4.912486553192139,
  "e": 10.555647850036621,
  "f": 39700000,
  "g": 84700000,
  "h": 54700000,
  "i": 117000000,
  "j": 39100000,
  "k": 84000000,
  "l": 54000000,
  "m": 116000000,
  "n": 634000,
  "o": 634000,
  "p": 723000,
  "q": 723000,
  "r": 1120000,
  "s": 2380000,
  "t": 1570000,
  "u": 3350000
}
