{
  "b": 10.277139663696289,
  "c": 21.516677856445312,
  "d": 12.282514572143555,
  "e": 25.71519660949707,
  "f": 109000000,
  "g": 226000000,
  "h": 137000000,
  "i": 285000000,
  "j": 107000000,
  "k": 224000000,
  "l": 135000000,
  "m": 283000000,
  "n": 1800000,
  "o": 1800000,
  "p": 2110000,
  "q": 2110000,
  "r": 5120000,
  "s": 10600000,
  "t": 6660000,
  "u": 13800000
}
