{
  "b": 32.80272674560547,
  "c": 65.40914154052734,
  "d": 41.95808029174805,
  "e": 83.66693115234375,
  "f": 347006304,
  "g": 686065920,
  "h": 468610944,
  "i": 927351872,
  "j": 341148352,
  "k": 680255040,
  "l": 461538880,
  "m": 920336256,
  "n": 5857990,
  "o": 5810864,
  "p": 7072128,
  "q": 7015555,
  "r": 19307448,
  "s": 38143752,
  "t": 26915628,
  "u": 53239680
}
