{
  "b": 10.588441848754883,
  "c": 22.710588455200195,
  "d": 12.691169738769531,
  "e": 27.22052574157715,
  "f": 112000000,
  "g": 238000000,
  "h": 142000000,
  "i": 302000000,
  "j": 110000000,
  "k": 236000000,
  "l": 140000000,
  "m": 299000000,
  "n": 1850000,
  "o": 1850000,
  "p": 2100000,
  "q": 2100000,
  "r": 3250000,
  "s": 6920000,
  "t": 4290000,
  "u": 9140000
}
