{
  "b": 26.97118377685547,
  "c": 55.57696533203125,
  "d": 33.92985534667969,
  "e": 69.91606903076172,
  "f": 285180032,
  "g": 582767808,
  "h": 378927584,
  "i": 774883136,
  "j": 280500320,
  "k": 578000448,
  "l": 373228416,
  "m": 769076800,
  "n": 4679719,
  "o": 4767288,
  "p": 5699210,
  "q": 5806339,
  "r": 43950068,
  "s": 89776560,
  "t": 60977824,
  "u": 124675976
}
