{
  "b": 19.61812973022461,
  "c": 41.42494583129883,
  "d": 24.23194122314453,
  "e": 51.16743087768555,
  "f": 207293760,
  "g": 434227200,
  "h": 270371648,
  "i": 566828288,
  "j": 204028544,
  "k": 430819456,
  "l": 266551360,
  "m": 562841728,
  "n": 3265181,
  "o": 3407724,
  "p": 3820313,
  "q": 3986568,
  "r": 22819314,
  "s": 47819232,
  "t": 30510636,
  "u": 63996088
}
