{
  "b": 9.956326484680176,
  "c": 20.542236328125,
  "d": 13.483831405639648,
  "e": 27.820642471313477,
  "f": 105250656,
  "g": 215378096,
  "h": 150293504,
  "i": 308037568,
  "j": 103545792,
  "k": 213639248,
  "l": 148322144,
  "m": 306027072,
  "n": 1704870,
  "o": 1738825,
  "p": 1971348,
  "q": 2010520,
  "r": 7220933,
  "s": 14778683,
  "t": 10761524,
  "u": 22063226
}
