{
  "b": 4.650085926055908,
  "c": 9.5423002243042,
  "d": 5.467065334320068,
  "e": 11.218774795532227,
  "f": 49169248,
  "g": 100062016,
  "h": 61068480,
  "i": 124353192,
  "j": 48360896,
  "k": 99239920,
  "l": 60137720,
  "m": 123406520,
  "n": 808347,
  "o": 822083,
  "p": 930759,
  "q": 946676,
  "r": 2125583,
  "s": 4327330,
  "t": 2821331,
  "u": 5748655
}
