{
  "b": 9.956326484680176,
  "c": 20.542236328125,
  "d": 13.483831405639648,
  "e": 27.820642471313477,
  "f": 105000000,
  "g": 215000000,
  "h": 150000000,
  "i": 308000000,
  "j": 104000000,
  "k": 214000000,
  "l": 148000000,
  "m": 306000000,
  "n": 1720000,
  "o": 1720000,
  "p": 1990000,
  "q": 1990000,
  "r": 7220000,
  "s": 14800000,
  "t": 10800000,
  "u": 22100000
}
