{
  "b": 10.588441848754883,
  "c": 22.710588455200195,
  "d": 12.691169738769531,
  "e": 27.22052574157715,
  "f": 111912528,
  "g": 238095008,
  "h": 141634864,
  "i": 301584800,
  "j": 110119800,
  "k": 236190128,
  "l": 139602864,
  "m": 299425792,
  "n": 1792735,
  "o": 1904883,
  "p": 2032020,
  "q": 2159009,
  "r": 3253746,
  "s": 6917498,
  "t": 4294841,
  "u": 9140370
}
