{
  "b": 4.650085926055908,
  "c": 9.5423002243042,
  "d": 5.467065334320068,
  "e": 11.218774795532227,
  "f": 49200000,
  "g": 100000000,
  "h": 61100000,
  "i": 124000000,
  "j": 48400000,
  "k": 99200000,
  "l": 60100000,
  "m": 123000000,
  "n": 815000,
  "o": 815000,
  "p": 939000,
  "q": 939000,
  "r": 2130000,
  "s": 4330000,
  "t": 2820000,
  "u": 5750000
}
