{
  "b": 19.61812973022461,
  "c": 41.42494583129883,
  "d": 24.23194122314453,
  "e": 51.16743087768555,
  "f": 207000000,
  "g": 434000000,
  "h": 270000000,
  "i": 567000000,
  "j": 204000000,
  "k": 431000000,
  "l": 267000000,
  "m": 563000000,
  "n": 3340000,
  "o": 3340000,
  "p": 3900000,
  "q": 3900000,
  "r": 22800000,
  "s": 47800000,
  "t": 30500000,
  "u": 64000000
}
