{
  "b": 26.97118377685547,
  "c": 55.57696533203125,
  "d": 33.92985534667969,
  "e": 69.91606903076172,
  "f": 285000000,
  "g": 583000000,
  "h": 379000000,
  "i": 775000000,
  "j": 281000000,
  "k": 578000000,
  "l": 373000000,
  "m": 769000000,
  "n": 4720000,
  "o": 4720000,
  "p": 5750000,
  "q": 5750000,
  "r": 44000000,
  "s": 89800000,
  "t": 61000000,
  "u": 125000000
}
