{
  "b": 33.027957916259766,
  "c": 70.0520248413086,
  "d": 42.27774429321289,
  "e": 89.67123413085938,
  "f": 349150016,
  "g": 734457408,
  "h": 471846016,
  "i": 993482624,
  "j": 343490752,
  "k": 728541056,
  "l": 465055168,
  "m": 986383616,
  "n": 5659232,
  "o": 5916332,
  "p": 6790810,
  "q": 7099098,
  "r": 59808336,
  "s": 125787488,
  "t": 86155016,
  "u": 181418304
}
