{
  "b": 24.597957611083984,
  "c": 52.17962646484375,
  "d": 29.56120491027832,
  "e": 62.708038330078125,
  "f": 259962272,
  "g": 547018688,
  "h": 329941440,
  "i": 694794368,
  "j": 255818768,
  "k": 542668096,
  "l": 325173248,
  "m": 689788416,
  "n": 4143487,
  "o": 4350612,
  "p": 4768185,
  "q": 5005907,
  "r": 16036406,
  "s": 33737692,
  "t": 21067520,
  "u": 44362392
}
