{
  "b": 32.296817779541016,
  "c": 67.3939437866211,
  "d": 39.345252990722656,
  "e": 82.10330200195312,
  "f": 341000000,
  "g": 707000000,
  "h": 439000000,
  "i": 910000000,
  "j": 336000000,
  "k": 701000000,
  "l": 433000000,
  "m": 903000000,
  "n": 5630000,
  "o": 5630000,
  "p": 6420000,
  "q": 6420000,
  "r": 49100000,
  "s": 102000000,
  "t": 65700000,
  "u": 136000000
}
