{
  "b": 6.386110782623291,
  "c": 13.064948081970215,
  "d": 8.49703311920166,
  "e": 17.384244918823242,
  "f": 67500000,
  "g": 137000000,
  "h": 94800000,
  "i": 193000000,
  "j": 66400000,
  "k": 136000000,
  "l": 93500000,
  "m": 191000000,
  "n": 1110000,
  "o": 1110000,
  "p": 1330000,
  "q": 1330000,
  "r": 2270000,
  "s": 4600000,
  "t": 3200000,
  "u": 6490000
}
