{
  "b": 6.386110782623291,
  "c": 13.064948081970215,
  "d": 8.49703311920166,
  "e": 17.384244918823242,
  "f": 67513976,
  "g": 136987600,
  "h": 94786704,
  "i": 192562400,
  "j": 66415552,
  "k": 135875456,
  "l": 93467360,
  "m": 191226688,
  "n": 1098421,
  "o": 1112146,
  "p": 1319344,
  "q": 1335735,
  "r": 2270138,
  "s": 4598506,
  "t": 3197776,
  "u": 6487544
}
