{
  "b": 32.296817779541016,
  "c": 67.3939437866211,
  "d": 39.345252990722656,
  "e": 82.10330200195312,
  "f": 341429824,
  "g": 706616064,
  "h": 439114112,
  "i": 909653056,
  "j": 335886912,
  "k": 700897024,
  "l": 432797792,
  "m": 903136320,
  "n": 5542968,
  "o": 5719017,
  "p": 6316320,
  "q": 6516707,
  "r": 49090984,
  "s": 101597184,
  "t": 65712860,
  "u": 136156640
}
