{
  "b": 0.6483641862869263,
  "c": 1.3541539907455444,
  "d": 0.8989947438240051,
  "e": 1.8776400089263916,
  "f": 6850000,
  "g": 14200000,
  "h": 10000000,
  "i": 20800000,
  "j": 6740000,
  "k": 14100000,
  "l": 9890000,
  "m": 20700000,
  "n": 113000,
  "o": 113000,
  "p": 148000,
  "q": 148000,
  "r": 210000,
  "s": 433000,
  "t": 314000,
  "u": 650000
}
