{
  "b": 998.6985473632812,
  "c": 1994.68310546875,
  "d": 1065.195068359375,
  "e": 2127.57666015625,
  "f": 10566857728,
  "g": 20924571648,
  "h": 11918834688,
  "i": 23604445184,
  "j": 10386464768,
  "k": 20744704000,
  "l": 11717145600,
  "m": 23403343872,
  "n": 180393712,
  "o": 179867440,
  "p": 201689744,
  "q": 201103200,
  "r": 4809892352,
  "s": 9519207424,
  "t": 5437121024,
  "u": 10764251136
}
