{
  "b": 0.6483641862869263,
  "c": 1.3541539907455444,
  "d": 0.8989947438240051,
  "e": 1.8776400089263916,
  "f": 6854378,
  "g": 14197631,
  "h": 10034719,
  "i": 20803790,
  "j": 6742988,
  "k": 14083201,
  "l": 9888942,
  "m": 20654040,
  "n": 111390,
  "o": 114430,
  "p": 145778,
  "q": 149750,
  "r": 209528,
  "s": 432778,
  "t": 314293,
  "u": 649951
}
