{
  "b": 998.6985473632812,
  "c": 1994.68310546875,
  "d": 1065.195068359375,
  "e": 2127.57666015625,
  "f": 10600000000,
  "g": 20900000000,
  "h": 11900000000,
  "i": 23600000000,
  "j": 10400000000,
  "k": 20700000000,
  "l": 11700000000,
  "m": 23400000000,
  "n": 180000000,
  "o": 180000000,
  "p": 201000000,
  "q": 201000000,
  "r": 4810000000,
  "s": 9520000000,
  "t": 5440000000,
  "u": 10800000000
}
