{
  "b": 22.625751495361328,
  "c": 48.05937957763672,
  "d": 28.43706703186035,
  "e": 60.403072357177734,
  "f": 239000000,
  "g": 504000000,
  "h": 317000000,
  "i": 669000000,
  "j": 235000000,
  "k": 500000000,
  "l": 313000000,
  "m": 664000000,
  "n": 3870000,
  "o": 3870000,
  "p": 4650000,
  "q": 4650000,
  "r": 16600000,
  "s": 34900000,
  "t": 22500000,
  "u": 47400000
}
