{
  "b": 13.400532722473145,
  "c": 28.25312614440918,
  "d": 16.770112991333008,
  "e": 35.35756301879883,
  "f": 142000000,
  "g": 296000000,
  "h": 187000000,
  "i": 392000000,
  "j": 139000000,
  "k": 294000000,
  "l": 184000000,
  "m": 389000000,
  "n": 2320000,
  "o": 2320000,
  "p": 2790000,
  "q": 2790000,
  "r": 6990000,
  "s": 14600000,
  "t": 9720000,
  "u": 20300000
}
