{
  "b": 22.625751495361328,
  "c": 48.05937957763672,
  "d": 28.43706703186035,
  "e": 60.403072357177734,
  "f": 239082528,
  "g": 503783552,
  "h": 317340832,
  "i": 669196288,
  "j": 235307824,
  "k": 499817536,
  "l": 312807744,
  "m": 664433792,
  "n": 3774681,
  "o": 3966039,
  "p": 4533108,
  "q": 4762441,
  "r": 16579198,
  "s": 34925628,
  "t": 22458750,
  "u": 47353120
}
