{
  "b": 71.2981185913086,
  "c": 143.85324096679688,
  "d": 94.6526870727539,
  "e": 190.9775390625,
  "f": 754000000,
  "g": 1510000000,
  "h": 1060000000,
  "i": 2120000000,
  "j": 742000000,
  "k": 1500000000,
  "l": 1040000000,
  "m": 2100000000,
  "n": 12200000,
  "o": 12200000,
  "p": 15400000,
  "q": 15400000,
  "r": 132000000,
  "s": 264000000,
  "t": 189000000,
  "u": 379000000
}
