{
  "b": 71.2981185913086,
  "c": 143.85324096679688,
  "d": 94.6526870727539,
  "e": 190.9775390625,
  "f": 753745792,
  "g": 1508278272,
  "h": 1056654016,
  "i": 2116174848,
  "j": 741500416,
  "k": 1496073728,
  "l": 1041179584,
  "m": 2100752896,
  "n": 12245412,
  "o": 12204505,
  "p": 15474388,
  "q": 15422062,
  "r": 131942488,
  "s": 264062928,
  "t": 189054608,
  "u": 378736320
}
