{
  "b": 13.400532722473145,
  "c": 28.25312614440918,
  "d": 16.770112991333008,
  "e": 35.35756301879883,
  "f": 141634176,
  "g": 296194048,
  "h": 187207776,
  "i": 391781504,
  "j": 139365536,
  "k": 293832512,
  "l": 184471248,
  "m": 388933184,
  "n": 2268643,
  "o": 2361554,
  "p": 2736536,
  "q": 2848342,
  "r": 6992655,
  "s": 14619631,
  "t": 9720828,
  "u": 20341930
}
