{
  "b": 41.831233978271484,
  "c": 86.52204132080078,
  "d": 59.63516616821289,
  "e": 123.35118865966797,
  "f": 443000000,
  "g": 908000000,
  "h": 666000000,
  "i": 1370000000,
  "j": 435000000,
  "k": 900000000,
  "l": 656000000,
  "m": 1360000000,
  "n": 7670000,
  "o": 7670000,
  "p": 9640000,
  "q": 9640000,
  "r": 48900000,
  "s": 100000000,
  "t": 75300000,
  "u": 154000000
}
