{
  "b": 12.05294132232666,
  "c": 25.098556518554688,
  "d": 14.625333786010742,
  "e": 30.45419692993164,
  "f": 127426880,
  "g": 263161392,
  "h": 163305728,
  "i": 337493664,
  "j": 125350592,
  "k": 261024992,
  "l": 160878672,
  "m": 334996160,
  "n": 2076282,
  "o": 2136404,
  "p": 2427035,
  "q": 2497522,
  "r": 7197674,
  "s": 14843109,
  "t": 9686572,
  "u": 19997052
}
