{
  "b": 41.831233978271484,
  "c": 86.52204132080078,
  "d": 59.63516616821289,
  "e": 123.35118865966797,
  "f": 442619328,
  "g": 907600384,
  "h": 665502656,
  "i": 1366626048,
  "j": 435044832,
  "k": 899829248,
  "l": 655986816,
  "m": 1356863104,
  "n": 7574504,
  "o": 7771099,
  "p": 9515854,
  "q": 9763046,
  "r": 48850316,
  "s": 100024896,
  "t": 75253216,
  "u": 154359856
}
