{
  "b": 12.05294132232666,
  "c": 25.098556518554688,
  "d": 14.625333786010742,
  "e": 30.45419692993164,
  "f": 127000000,
  "g": 263000000,
  "h": 163000000,
  "i": 337000000,
  "j": 125000000,
  "k": 261000000,
  "l": 161000000,
  "m": 335000000,
  "n": 2110000,
  "o": 2110000,
  "p": 2460000,
  "q": 2460000,
  "r": 7200000,
  "s": 14800000,
  "t": 9690000,
  "u": 20000000
}
