{
  "b": 2.465136766433716,
  "c": 4.841197490692139,
  "d": 2.980224847793579,
  "e": 5.852867126464844,
  "f": 26100000,
  "g": 50800000,
  "h": 33300000,
  "i": 64900000,
  "j": 25600000,
  "k": 50300000,
  "l": 32800000,
  "m": 64400000,
  "n": 432000,
  "o": 432000,
  "p": 505000,
  "q": 505000,
  "r": 1600000,
  "s": 3120000,
  "t": 2100000,
  "u": 4090000
}
