{
  "b": 21.203479766845703,
  "c": 43.73063659667969,
  "d": 26.466617584228516,
  "e": 54.58631134033203,
  "f": 224000000,
  "g": 458000000,
  "h": 295000000,
  "i": 605000000,
  "j": 221000000,
  "k": 455000000,
  "l": 291000000,
  "m": 600000000,
  "n": 3640000,
  "o": 3640000,
  "p": 4330000,
  "q": 4330000,
  "r": 14200000,
  "s": 29100000,
  "t": 19200000,
  "u": 39200000
}
