{
  "b": 5.928011417388916,
  "c": 12.787718772888184,
  "d": 7.55604887008667,
  "e": 16.299570083618164,
  "f": 62600000,
  "g": 134000000,
  "h": 84200000,
  "i": 181000000,
  "j": 61700000,
  "k": 133000000,
  "l": 83100000,
  "m": 179000000,
  "n": 1020000,
  "o": 1020000,
  "p": 1170000,
  "q": 1170000,
  "r": 2290000,
  "s": 4890000,
  "t": 3160000,
  "u": 6770000
}
