{
  "b": 21.203479766845703,
  "c": 43.73063659667969,
  "d": 26.466617584228516,
  "e": 54.58631134033203,
  "f": 224123392,
  "g": 458466240,
  "h": 295424064,
  "i": 604812288,
  "j": 220516192,
  "k": 454798624,
  "l": 291132800,
  "m": 600449408,
  "n": 3607233,
  "o": 3667621,
  "p": 4291257,
  "q": 4362864,
  "r": 14231566,
  "s": 29081250,
  "t": 19176346,
  "u": 39227376
}
