{
  "b": 2.465136766433716,
  "c": 4.841197490692139,
  "d": 2.980224847793579,
  "e": 5.852867126464844,
  "f": 26071936,
  "g": 50777348,
  "h": 33290936,
  "i": 64883620,
  "j": 25637422,
  "k": 50348452,
  "l": 32782474,
  "m": 64381540,
  "n": 434514,
  "o": 428892,
  "p": 508463,
  "q": 502083,
  "r": 1604396,
  "s": 3124447,
  "t": 2097244,
  "u": 4087874
}
