{
  "b": 10.900071144104004,
  "c": 22.63739013671875,
  "d": 13.697086334228516,
  "e": 28.446393966674805,
  "f": 115000000,
  "g": 237000000,
  "h": 153000000,
  "i": 315000000,
  "j": 113000000,
  "k": 235000000,
  "l": 151000000,
  "m": 313000000,
  "n": 1980000,
  "o": 1980000,
  "p": 2420000,
  "q": 2420000,
  "r": 13600000,
  "s": 28100000,
  "t": 18900000,
  "u": 38900000
}
