{
  "b": 12.021309852600098,
  "c": 23.716609954833984,
  "d": 14.691073417663574,
  "e": 28.983936309814453,
  "f": 127226712,
  "g": 248869984,
  "h": 164428112,
  "i": 321667680,
  "j": 125021624,
  "k": 246652752,
  "l": 161601808,
  "m": 318823296,
  "n": 2205096,
  "o": 2217244,
  "p": 2826282,
  "q": 2844364,
  "r": 12518827,
  "s": 24512616,
  "t": 16753213,
  "u": 32812432
}
