{
  "b": 4.406728267669678,
  "c": 9.27050495147705,
  "d": 5.624172210693359,
  "e": 11.831639289855957,
  "f": 46600000,
  "g": 97200000,
  "h": 62700000,
  "i": 131000000,
  "j": 45800000,
  "k": 96400000,
  "l": 61900000,
  "m": 130000000,
  "n": 773000,
  "o": 773000,
  "p": 884000,
  "q": 884000,
  "r": 2450000,
  "s": 5110000,
  "t": 3450000,
  "u": 7200000
}
