{
  "b": 66.68692016601562,
  "c": 135.003173828125,
  "d": 80.4592514038086,
  "e": 162.8870849609375,
  "f": 705493184,
  "g": 1416061568,
  "h": 899318336,
  "i": 1806121216,
  "j": 693543936,
  "k": 1404033024,
  "l": 885051776,
  "m": 1791757952,
  "n": 11949275,
  "o": 12028679,
  "p": 14266574,
  "q": 14363079,
  "r": 61272096,
  "s": 122877464,
  "t": 80591888,
  "u": 161764848
}
