{
  "b": 102.1319808959961,
  "c": 207.5731201171875,
  "d": 123.1783447265625,
  "e": 250.3582000732422,
  "f": 1081501312,
  "g": 2178405120,
  "h": 1377269632,
  "i": 2776617216,
  "j": 1062172608,
  "k": 2158760448,
  "l": 1354961792,
  "m": 2753940224,
  "n": 19328650,
  "o": 19644250,
  "p": 22307822,
  "q": 22676814,
  "r": 122930360,
  "s": 247468976,
  "t": 161972080,
  "u": 326456128
}
