{
  "b": 19.46200180053711,
  "c": 39.012977600097656,
  "d": 27.27773094177246,
  "e": 54.680931091308594,
  "f": 206000000,
  "g": 409000000,
  "h": 305000000,
  "i": 606000000,
  "j": 202000000,
  "k": 406000000,
  "l": 300000000,
  "m": 601000000,
  "n": 3570000,
  "o": 3570000,
  "p": 4920000,
  "q": 4920000,
  "r": 28100000,
  "s": 55800000,
  "t": 42900000,
  "u": 85300000
}
