{
  "b": 102.1319808959961,
  "c": 207.5731201171875,
  "d": 123.1783447265625,
  "e": 250.3582000732422,
  "f": 1080000000,
  "g": 2180000000,
  "h": 1380000000,
  "i": 2780000000,
  "j": 1060000000,
  "k": 2160000000,
  "l": 1350000000,
  "m": 2750000000,
  "n": 19500000,
  "o": 19500000,
  "p": 22500000,
  "q": 22500000,
  "r": 123000000,
  "s": 247000000,
  "t": 162000000,
  "u": 326000000
}
