{
  "b": 6.41654634475708,
  "c": 13.282803535461426,
  "d": 7.6750688552856445,
  "e": 15.887578010559082,
  "f": 67831616,
  "g": 139267264,
  "h": 85674952,
  "i": 176042848,
  "j": 66732080,
  "k": 138141152,
  "l": 84425760,
  "m": 174763360,
  "n": 1099537,
  "o": 1126096,
  "p": 1249184,
  "q": 1279481,
  "r": 2076893,
  "s": 4262191,
  "t": 2816753,
  "u": 5786760
}
