{
  "b": 19.46200180053711,
  "c": 39.012977600097656,
  "d": 27.27773094177246,
  "e": 54.680931091308594,
  "f": 205949472,
  "g": 409330208,
  "h": 304934240,
  "i": 606442496,
  "j": 202404816,
  "k": 405734976,
  "l": 300055040,
  "m": 601490240,
  "n": 3544641,
  "o": 3595205,
  "p": 4879206,
  "q": 4952186,
  "r": 28094408,
  "s": 55821252,
  "t": 42878436,
  "u": 85268360
}
