{
  "b": 4.406728267669678,
  "c": 9.27050495147705,
  "d": 5.624172210693359,
  "e": 11.831639289855957,
  "f": 46587600,
  "g": 97201416,
  "h": 62732728,
  "i": 131049832,
  "j": 45829976,
  "k": 96413248,
  "l": 61865896,
  "m": 130148032,
  "n": 757624,
  "o": 788161,
  "p": 866837,
  "q": 901795,
  "r": 2451730,
  "s": 5110869,
  "t": 3448128,
  "u": 7198152
}
