{
  "b": 66.68692016601562,
  "c": 135.003173828125,
  "d": 80.4592514038086,
  "e": 162.8870849609375,
  "f": 705000000,
  "g": 1420000000,
  "h": 899000000,
  "i": 1810000000,
  "j": 694000000,
  "k": 1400000000,
  "l": 885000000,
  "m": 1790000000,
  "n": 12000000,
  "o": 12000000,
  "p": 14300000,
  "q": 14300000,
  "r": 61300000,
  "s": 123000000,
  "t": 80600000,
  "u": 162000000
}
