{
  "b": 43.874149322509766,
  "c": 91.60086059570312,
  "d": 51.60268783569336,
  "e": 107.73871612548828,
  "f": 463919552,
  "g": 960523968,
  "h": 576517248,
  "i": 1194301056,
  "j": 456291168,
  "k": 952648960,
  "l": 567629568,
  "m": 1185125888,
  "n": 7628370,
  "o": 7875076,
  "p": 8887725,
  "q": 9175110,
  "r": 80604224,
  "s": 166788352,
  "t": 102473168,
  "u": 212213744
}
