{
  "b": 3.647646188735962,
  "c": 7.7048869132995605,
  "d": 4.819575786590576,
  "e": 10.180230140686035,
  "f": 38600000,
  "g": 80800000,
  "h": 53700000,
  "i": 113000000,
  "j": 37900000,
  "k": 80100000,
  "l": 53000000,
  "m": 112000000,
  "n": 644000,
  "o": 644000,
  "p": 747000,
  "q": 747000,
  "r": 1690000,
  "s": 3530000,
  "t": 2480000,
  "u": 5210000
}
