{
  "b": 8.30069351196289,
  "c": 17.812278747558594,
  "d": 9.968928337097168,
  "e": 21.391868591308594,
  "f": 87720808,
  "g": 186729056,
  "h": 111323888,
  "i": 237080928,
  "j": 86327216,
  "k": 185247696,
  "l": 109658216,
  "m": 235310560,
  "n": 1393593,
  "o": 1481367,
  "p": 1665664,
  "q": 1770390,
  "r": 4945320,
  "s": 10517560,
  "t": 6411320,
  "u": 13643842
}
