{
  "b": 14.656792640686035,
  "c": 30.587648391723633,
  "d": 17.123390197753906,
  "e": 35.73564529418945,
  "f": 155000000,
  "g": 321000000,
  "h": 191000000,
  "i": 396000000,
  "j": 152000000,
  "k": 318000000,
  "l": 188000000,
  "m": 393000000,
  "n": 2520000,
  "o": 2520000,
  "p": 2940000,
  "q": 2940000,
  "r": 9850000,
  "s": 20400000,
  "t": 12700000,
  "u": 26300000
}
