{
  "b": 43.874149322509766,
  "c": 91.60086059570312,
  "d": 51.60268783569336,
  "e": 107.73871612548828,
  "f": 464000000,
  "g": 961000000,
  "h": 577000000,
  "i": 1190000000,
  "j": 456000000,
  "k": 953000000,
  "l": 568000000,
  "m": 1190000000,
  "n": 7750000,
  "o": 7750000,
  "p": 9030000,
  "q": 9030000,
  "r": 80600000,
  "s": 167000000,
  "t": 102000000,
  "u": 212000000
}
