{
  "b": 19.257781982421875,
  "c": 40.16444396972656,
  "d": 25.530376434326172,
  "e": 53.24663162231445,
  "f": 203620928,
  "g": 421155904,
  "h": 285051328,
  "i": 590063808,
  "j": 200280928,
  "k": 417710208,
  "l": 280834144,
  "m": 585712960,
  "n": 3339986,
  "o": 3445738,
  "p": 4217171,
  "q": 4350920,
  "r": 15697329,
  "s": 32447908,
  "t": 23130718,
  "u": 47865792
}
