{
  "b": 19.257781982421875,
  "c": 40.16444396972656,
  "d": 25.530376434326172,
  "e": 53.24663162231445,
  "f": 204000000,
  "g": 421000000,
  "h": 285000000,
  "i": 590000000,
  "j": 200000000,
  "k": 418000000,
  "l": 281000000,
  "m": 586000000,
  "n": 3390000,
  "o": 3390000,
  "p": 4280000,
  "q": 4280000,
  "r": 15700000,
  "s": 32400000,
  "t": 23100000,
  "u": 47900000
}
