{
  "b": 9.086142539978027,
  "c": 18.2369384765625,
  "d": 10.956962585449219,
  "e": 21.992412567138672,
  "f": 96100000,
  "g": 191000000,
  "h": 122000000,
  "i": 244000000,
  "j": 94500000,
  "k": 190000000,
  "l": 121000000,
  "m": 242000000,
  "n": 1590000,
  "o": 1590000,
  "p": 1910000,
  "q": 1910000,
  "r": 8600000,
  "s": 17100000,
  "t": 11300000,
  "u": 22500000
}
