{
  "b": 9.900067329406738,
  "c": 20.54477310180664,
  "d": 11.271406173706055,
  "e": 23.389856338500977,
  "f": 104656272,
  "g": 215405632,
  "h": 125970272,
  "i": 259325408,
  "j": 102960704,
  "k": 213665648,
  "l": 123985464,
  "m": 257288416,
  "n": 1695567,
  "o": 1739982,
  "p": 1984800,
  "q": 2036976,
  "r": 14818214,
  "s": 30527774,
  "t": 16059500,
  "u": 33092024
}
