{
  "b": 43.58919906616211,
  "c": 88.78705596923828,
  "d": 55.21525573730469,
  "e": 112.47005462646484,
  "f": 461000000,
  "g": 932000000,
  "h": 617000000,
  "i": 1250000000,
  "j": 453000000,
  "k": 923000000,
  "l": 607000000,
  "m": 1240000000,
  "n": 8100000,
  "o": 8100000,
  "p": 10100000,
  "q": 10100000,
  "r": 36300000,
  "s": 73200000,
  "t": 50200000,
  "u": 101000000
}
