{
  "b": 43.58919906616211,
  "c": 88.78705596923828,
  "d": 55.21525573730469,
  "e": 112.47005462646484,
  "f": 461359296,
  "g": 931553920,
  "h": 617332544,
  "i": 1247307520,
  "j": 453327680,
  "k": 923385408,
  "l": 607367808,
  "m": 1237170560,
  "n": 8031648,
  "o": 8168557,
  "p": 9964684,
  "q": 10137256,
  "r": 36263664,
  "s": 73155744,
  "t": 50209188,
  "u": 101392024
}
