{
  "b": 7.817636013031006,
  "c": 16.70073127746582,
  "d": 9.65506649017334,
  "e": 20.625844955444336,
  "f": 82615640,
  "g": 175076352,
  "h": 107734256,
  "i": 228501792,
  "j": 81303416,
  "k": 173687600,
  "l": 106205728,
  "m": 226884288,
  "n": 1312212,
  "o": 1388749,
  "p": 1528531,
  "q": 1617527,
  "r": 4991302,
  "s": 10569505,
  "t": 6666484,
  "u": 14131235
}
