{
  "b": 2.8334710597991943,
  "c": 6.030978679656982,
  "d": 3.6009974479675293,
  "e": 7.6648268699646,
  "f": 30000000,
  "g": 63200000,
  "h": 40200000,
  "i": 84900000,
  "j": 29500000,
  "k": 62700000,
  "l": 39600000,
  "m": 84300000,
  "n": 495000,
  "o": 495000,
  "p": 581000,
  "q": 581000,
  "r": 2710000,
  "s": 5710000,
  "t": 3730000,
  "u": 7880000
}
