{
  "b": 7.817636013031006,
  "c": 16.70073127746582,
  "d": 9.65506649017334,
  "e": 20.625844955444336,
  "f": 82600000,
  "g": 175000000,
  "h": 108000000,
  "i": 229000000,
  "j": 81300000,
  "k": 174000000,
  "l": 106000000,
  "m": 227000000,
  "n": 1350000,
  "o": 1350000,
  "p": 1570000,
  "q": 1570000,
  "r": 4990000,
  "s": 10600000,
  "t": 6670000,
  "u": 14100000
}
