{
  "b": 9.086142539978027,
  "c": 18.2369384765625,
  "d": 10.956962585449219,
  "e": 21.992412567138672,
  "f": 96084736,
  "g": 191250976,
  "h": 122437128,
  "i": 243824976,
  "j": 94495880,
  "k": 189664160,
  "l": 120526584,
  "m": 241916544,
  "n": 1588847,
  "o": 1586813,
  "p": 1910544,
  "q": 1908442,
  "r": 8599854,
  "s": 17115878,
  "t": 11301693,
  "u": 22508714
}
