{
  "b": 28.355209350585938,
  "c": 58.071815490722656,
  "d": 35.490936279296875,
  "e": 72.68675231933594,
  "f": 299703040,
  "g": 608817536,
  "h": 396058688,
  "i": 805284928,
  "j": 294894176,
  "k": 603946880,
  "l": 390400320,
  "m": 799554304,
  "n": 4808864,
  "o": 4870618,
  "p": 5658388,
  "q": 5730728,
  "r": 16453808,
  "s": 33408922,
  "t": 22628144,
  "u": 45997112
}
