{
  "b": 9.376121520996094,
  "c": 19.69962501525879,
  "d": 11.774734497070312,
  "e": 24.739334106445312,
  "f": 99116352,
  "g": 206542304,
  "h": 131448768,
  "i": 274133248,
  "j": 97511664,
  "k": 204876096,
  "l": 129522080,
  "m": 272132672,
  "n": 1604667,
  "o": 1666207,
  "p": 1926687,
  "q": 2000561,
  "r": 4724005,
  "s": 9835214,
  "t": 6531642,
  "u": 13613062
}
