{
  "b": 55.11740493774414,
  "c": 112.20824432373047,
  "d": 83.29529571533203,
  "e": 169.57736206054688,
  "f": 582961792,
  "g": 1176803200,
  "h": 928673600,
  "i": 1877899776,
  "j": 573220992,
  "k": 1166965760,
  "l": 916248256,
  "m": 1865351040,
  "n": 9740864,
  "o": 9837521,
  "p": 12425342,
  "q": 12548644,
  "r": 56091708,
  "s": 113108368,
  "t": 92910304,
  "u": 187721440
}
