{
  "b": 55.11740493774414,
  "c": 112.20824432373047,
  "d": 83.29529571533203,
  "e": 169.57736206054688,
  "f": 583000000,
  "g": 1180000000,
  "h": 929000000,
  "i": 1880000000,
  "j": 573000000,
  "k": 1170000000,
  "l": 916000000,
  "m": 1870000000,
  "n": 9790000,
  "o": 9790000,
  "p": 12500000,
  "q": 12500000,
  "r": 56100000,
  "s": 113000000,
  "t": 92900000,
  "u": 188000000
}
