{
  "b": 9.376121520996094,
  "c": 19.69962501525879,
  "d": 11.774734497070312,
  "e": 24.739334106445312,
  "f": 99100000,
  "g": 207000000,
  "h": 131000000,
  "i": 274000000,
  "j": 97500000,
  "k": 205000000,
  "l": 130000000,
  "m": 272000000,
  "n": 1640000,
  "o": 1640000,
  "p": 1960000,
  "q": 1960000,
  "r": 4720000,
  "s": 9840000,
  "t": 6530000,
  "u": 13600000
}
