{
  "b": 54.34185791015625,
  "c": 111.46348571777344,
  "d": 69.31250762939453,
  "e": 142.17601013183594,
  "f": 574747840,
  "g": 1168947968,
  "h": 774079680,
  "i": 1575741696,
  "j": 565155328,
  "k": 1159220224,
  "l": 762437568,
  "m": 1563936128,
  "n": 9592504,
  "o": 9727708,
  "p": 11642051,
  "q": 11805589,
  "r": 86669696,
  "s": 175966128,
  "t": 122654512,
  "u": 249328128
}
