{
  "b": 305.61492919921875,
  "c": 631.123779296875,
  "d": 470.08935546875,
  "e": 970.7906494140625,
  "f": 3230000000,
  "g": 6620000000,
  "h": 5240000000,
  "i": 10700000000,
  "j": 3180000000,
  "k": 6560000000,
  "l": 5170000000,
  "m": 10700000000,
  "n": 55000000,
  "o": 55000000,
  "p": 69800000,
  "q": 69800000,
  "r": 653000000,
  "s": 1340000000,
  "t": 1090000000,
  "u": 2230000000
}
