{
  "b": 54.34185791015625,
  "c": 111.46348571777344,
  "d": 69.31250762939453,
  "e": 142.17601013183594,
  "f": 575000000,
  "g": 1170000000,
  "h": 774000000,
  "i": 1580000000,
  "j": 565000000,
  "k": 1160000000,
  "l": 762000000,
  "m": 1560000000,
  "n": 9660000,
  "o": 9660000,
  "p": 11700000,
  "q": 11700000,
  "r": 86700000,
  "s": 176000000,
  "t": 123000000,
  "u": 249000000
}
