{
  "b": 28.309520721435547,
  "c": 57.75591278076172,
  "d": 36.04074478149414,
  "e": 73.53018188476562,
  "f": 299000000,
  "g": 606000000,
  "h": 402000000,
  "i": 815000000,
  "j": 294000000,
  "k": 601000000,
  "l": 396000000,
  "m": 809000000,
  "n": 4830000,
  "o": 4830000,
  "p": 5650000,
  "q": 5650000,
  "r": 68900000,
  "s": 140000000,
  "t": 94100000,
  "u": 191000000
}
