{
  "b": 1.364891767501831,
  "c": 2.990212917327881,
  "d": 1.4640166759490967,
  "e": 3.2075767517089844,
  "f": 14400000,
  "g": 31400000,
  "h": 16400000,
  "i": 35600000,
  "j": 14200000,
  "k": 31100000,
  "l": 16100000,
  "m": 35300000,
  "n": 258000,
  "o": 258000,
  "p": 318000,
  "q": 318000,
  "r": 1390000,
  "s": 3020000,
  "t": 1590000,
  "u": 3460000
}
