{
  "b": 0.7879863381385803,
  "c": 1.5994731187820435,
  "d": 1.3083370923995972,
  "e": 2.663142442703247,
  "f": 8578714,
  "g": 17014194,
  "h": 14926326,
  "i": 29824112,
  "j": 8195058,
  "k": 16634520,
  "l": 14391708,
  "m": 29294566,
  "n": 383655,
  "o": 379674,
  "p": 534618,
  "q": 529548,
  "r": 730172,
  "s": 1556379,
  "t": 1304322,
  "u": 2785015
}
