{
  "b": 0.7879863381385803,
  "c": 1.5994731187820435,
  "d": 1.3083370923995972,
  "e": 2.663142442703247,
  "f": 8580000,
  "g": 17000000,
  "h": 14900000,
  "i": 29800000,
  "j": 8200000,
  "k": 16600000,
  "l": 14400000,
  "m": 29300000,
  "n": 382000,
  "o": 382000,
  "p": 532000,
  "q": 532000,
  "r": 730000,
  "s": 1560000,
  "t": 1300000,
  "u": 2790000
}
