{
  "b": 1.2999383211135864,
  "c": 2.8269412517547607,
  "d": 1.6878215074539185,
  "e": 3.6705892086029053,
  "f": 13759104,
  "g": 29653704,
  "h": 18860306,
  "i": 40687656,
  "j": 13519359,
  "k": 29400190,
  "l": 18566036,
  "m": 40376480,
  "n": 239745,
  "o": 253511,
  "p": 294272,
  "q": 311178,
  "r": 1011727,
  "s": 2180346,
  "t": 1398098,
  "u": 3016197
}
