{
  "b": 1.2999383211135864,
  "c": 2.8269412517547607,
  "d": 1.6878215074539185,
  "e": 3.6705892086029053,
  "f": 13800000,
  "g": 29700000,
  "h": 18900000,
  "i": 40700000,
  "j": 13500000,
  "k": 29400000,
  "l": 18600000,
  "m": 40400000,
  "n": 247000,
  "o": 247000,
  "p": 303000,
  "q": 303000,
  "r": 1010000,
  "s": 2180000,
  "t": 1400000,
  "u": 3020000
}
