{
  "b": 2.045535087585449,
  "c": 4.461221218109131,
  "d": 1.9882134199142456,
  "e": 4.336225509643555,
  "f": 21703520,
  "g": 46850732,
  "h": 22401750,
  "i": 48259596,
  "j": 21273564,
  "k": 46396700,
  "l": 21870348,
  "m": 47698480,
  "n": 429957,
  "o": 454031,
  "p": 531401,
  "q": 561114,
  "r": 1298399,
  "s": 2780007,
  "t": 1343518,
  "u": 2869596
}
