{
  "b": 2.045535087585449,
  "c": 4.461221218109131,
  "d": 1.9882134199142456,
  "e": 4.336225509643555,
  "f": 21700000,
  "g": 46900000,
  "h": 22400000,
  "i": 48300000,
  "j": 21300000,
  "k": 46400000,
  "l": 21900000,
  "m": 47700000,
  "n": 442000,
  "o": 442000,
  "p": 546000,
  "q": 546000,
  "r": 1300000,
  "s": 2780000,
  "t": 1340000,
  "u": 2870000
}
