{
  "b": 1.364891767501831,
  "c": 2.990212917327881,
  "d": 1.4640166759490967,
  "e": 3.2075767517089844,
  "f": 14444943,
  "g": 31364326,
  "h": 16412568,
  "i": 35611508,
  "j": 14194874,
  "k": 31098214,
  "l": 16104184,
  "m": 35283344,
  "n": 250069,
  "o": 266110,
  "p": 308385,
  "q": 328166,
  "r": 1389392,
  "s": 3021795,
  "t": 1593351,
  "u": 3463026
}
