{
  "b": 0.5178810358047485,
  "c": 1.1050174236297607,
  "d": 0.6792875528335571,
  "e": 1.4511297941207886,
  "f": 5540000,
  "g": 11700000,
  "h": 7680000,
  "i": 16200000,
  "j": 5390000,
  "k": 11500000,
  "l": 7470000,
  "m": 16000000,
  "n": 160000,
  "o": 160000,
  "p": 212000,
  "q": 212000,
  "r": 617000,
  "s": 1320000,
  "t": 947000,
  "u": 2030000
}
