{
  "b": 1.328914761543274,
  "c": 2.857349157333374,
  "d": 1.6158536672592163,
  "e": 3.474822998046875,
  "f": 14100000,
  "g": 30000000,
  "h": 18100000,
  "i": 38600000,
  "j": 13800000,
  "k": 29700000,
  "l": 17800000,
  "m": 38200000,
  "n": 291000,
  "o": 291000,
  "p": 345000,
  "q": 345000,
  "r": 616000,
  "s": 1320000,
  "t": 802000,
  "u": 1710000
}
