{
  "b": 0.7000815272331238,
  "c": 1.5311775207519531,
  "d": 0.8396714329719543,
  "e": 1.8364942073822021,
  "f": 7408782,
  "g": 16060588,
  "h": 9391748,
  "i": 20367012,
  "j": 7280848,
  "k": 15924246,
  "l": 9236386,
  "m": 20201436,
  "n": 127933,
  "o": 136342,
  "p": 155362,
  "q": 165574,
  "r": 170414,
  "s": 368923,
  "t": 221646,
  "u": 480087
}
