{
  "b": 1.989749789237976,
  "c": 4.360438346862793,
  "d": 2.5909152030944824,
  "e": 5.677655220031738,
  "f": 21094496,
  "g": 45775148,
  "h": 29012648,
  "i": 62999292,
  "j": 20693398,
  "k": 45348560,
  "l": 28500068,
  "m": 62454208,
  "n": 401099,
  "o": 426589,
  "p": 512580,
  "q": 545091,
  "r": 1907414,
  "s": 4150585,
  "t": 2643314,
  "u": 5756581
}
