{
  "b": 1.328914761543274,
  "c": 2.857349157333374,
  "d": 1.6158536672592163,
  "e": 3.474822998046875,
  "f": 14104764,
  "g": 30014320,
  "h": 18111062,
  "i": 38576144,
  "j": 13820714,
  "k": 29716432,
  "l": 17774390,
  "m": 38223052,
  "n": 284050,
  "o": 297890,
  "p": 336671,
  "q": 353091,
  "r": 616203,
  "s": 1315766,
  "t": 801672,
  "u": 1712988
}
