{
  "b": 1.1177908182144165,
  "c": 2.35955548286438,
  "d": 1.3032170534133911,
  "e": 2.755737543106079,
  "f": 12009798,
  "g": 24937504,
  "h": 14808622,
  "i": 30803138,
  "j": 11625025,
  "k": 24539378,
  "l": 14335388,
  "m": 30313114,
  "n": 384773,
  "o": 398127,
  "p": 473233,
  "q": 490023,
  "r": 722006,
  "s": 1562175,
  "t": 895622,
  "u": 1937817
}
