{
  "b": 0.7000815272331238,
  "c": 1.5311775207519531,
  "d": 0.8396714329719543,
  "e": 1.8364942073822021,
  "f": 7410000,
  "g": 16100000,
  "h": 9390000,
  "i": 20400000,
  "j": 7280000,
  "k": 15900000,
  "l": 9240000,
  "m": 20200000,
  "n": 132000,
  "o": 132000,
  "p": 160000,
  "q": 160000,
  "r": 170000,
  "s": 369000,
  "t": 222000,
  "u": 480000
}
