{
  "b": 0.23188930749893188,
  "c": 0.4970856308937073,
  "d": 0.3164333999156952,
  "e": 0.6786538362503052,
  "f": 2470000,
  "g": 5230000,
  "h": 3560000,
  "i": 7550000,
  "j": 2410000,
  "k": 5170000,
  "l": 3480000,
  "m": 7470000,
  "n": 63500,
  "o": 63500,
  "p": 82100,
  "q": 82100,
  "r": 152000,
  "s": 325000,
  "t": 214000,
  "u": 459000
}
