{
  "b": 1.989749789237976,
  "c": 4.360438346862793,
  "d": 2.5909152030944824,
  "e": 5.677655220031738,
  "f": 21100000,
  "g": 45800000,
  "h": 29000000,
  "i": 63000000,
  "j": 20700000,
  "k": 45300000,
  "l": 28500000,
  "m": 62500000,
  "n": 414000,
  "o": 414000,
  "p": 529000,
  "q": 529000,
  "r": 1910000,
  "s": 4150000,
  "t": 2640000,
  "u": 5760000
}
