{
  "b": 0.23188930749893188,
  "c": 0.4970856308937073,
  "d": 0.3164333999156952,
  "e": 0.6786538362503052,
  "f": 2473914,
  "g": 5234477,
  "h": 3561255,
  "i": 7548958,
  "j": 2411649,
  "k": 5169691,
  "l": 3480768,
  "m": 7465192,
  "n": 62265,
  "o": 64786,
  "p": 80487,
  "q": 83766,
  "r": 152168,
  "s": 324701,
  "t": 214493,
  "u": 458524
}
