{
  "b": 1.8322561979293823,
  "c": 4.014183044433594,
  "d": 2.2618002891540527,
  "e": 4.955204486846924,
  "f": 19400000,
  "g": 42100000,
  "h": 25300000,
  "i": 55000000,
  "j": 19100000,
  "k": 41700000,
  "l": 24900000,
  "m": 54500000,
  "n": 376000,
  "o": 376000,
  "p": 475000,
  "q": 475000,
  "r": 1970000,
  "s": 4280000,
  "t": 2590000,
  "u": 5640000
}
