{
  "b": 1.1016875505447388,
  "c": 2.399418354034424,
  "d": 1.324384331703186,
  "e": 2.8843255043029785,
  "f": 11700000,
  "g": 25200000,
  "h": 14900000,
  "i": 32000000,
  "j": 11500000,
  "k": 25000000,
  "l": 14600000,
  "m": 31700000,
  "n": 228000,
  "o": 228000,
  "p": 298000,
  "q": 298000,
  "r": 2460000,
  "s": 5310000,
  "t": 3130000,
  "u": 6770000
}
