{
  "b": 7.053860187530518,
  "c": 14.85916805267334,
  "d": 9.616191864013672,
  "e": 20.25828742980957,
  "f": 74800000,
  "g": 156000000,
  "h": 108000000,
  "i": 225000000,
  "j": 73400000,
  "k": 155000000,
  "l": 106000000,
  "m": 223000000,
  "n": 1500000,
  "o": 1500000,
  "p": 1990000,
  "q": 1990000,
  "r": 9090000,
  "s": 19000000,
  "t": 13500000,
  "u": 28100000
}
