{
  "b": 7.053860187530518,
  "c": 14.85916805267334,
  "d": 9.616191864013672,
  "e": 20.25828742980957,
  "f": 74838232,
  "g": 156050352,
  "h": 107739608,
  "i": 224851552,
  "j": 73360144,
  "k": 154535344,
  "l": 105778112,
  "m": 222841168,
  "n": 1478093,
  "o": 1515012,
  "p": 1961484,
  "q": 2010381,
  "r": 9092925,
  "s": 18963274,
  "t": 13479684,
  "u": 28139580
}
