{
  "b": 0.10134796798229218,
  "c": 0.19772742688655853,
  "d": 0.12711437046527863,
  "e": 0.24927270412445068,
  "f": 1127208,
  "g": 2131041,
  "h": 1480968,
  "i": 2826430,
  "j": 1054019,
  "k": 2056365,
  "l": 1398258,
  "m": 2742000,
  "n": 73189,
  "o": 74675,
  "p": 82709,
  "q": 84430,
  "r": 23364,
  "s": 49718,
  "t": 31589,
  "u": 67298
}
