{
  "b": 0.10134796798229218,
  "c": 0.19772742688655853,
  "d": 0.12711437046527863,
  "e": 0.24927270412445068,
  "f": 1130000,
  "g": 2130000,
  "h": 1480000,
  "i": 2830000,
  "j": 1050000,
  "k": 2060000,
  "l": 1400000,
  "m": 2740000,
  "n": 73900,
  "o": 73900,
  "p": 83600,
  "q": 83600,
  "r": 23400,
  "s": 49700,
  "t": 31600,
  "u": 67300
}
