{
  "b": 1.8322561979293823,
  "c": 4.014183044433594,
  "d": 2.2618002891540527,
  "e": 4.955204486846924,
  "f": 19419738,
  "g": 42135600,
  "h": 25339894,
  "i": 54997400,
  "j": 19055464,
  "k": 41747504,
  "l": 24879804,
  "m": 54507248,
  "n": 364273,
  "o": 388098,
  "p": 460090,
  "q": 490155,
  "r": 1967805,
  "s": 4280378,
  "t": 2590383,
  "u": 5637157
}
