{
  "b": 0.912049412727356,
  "c": 1.9858753681182861,
  "d": 1.2628151178359985,
  "e": 2.7496654987335205,
  "f": 9648362,
  "g": 20825872,
  "h": 14123879,
  "i": 30493100,
  "j": 9485314,
  "k": 20653104,
  "l": 13890966,
  "m": 30246320,
  "n": 163049,
  "o": 172766,
  "p": 232913,
  "q": 246781,
  "r": 172962,
  "s": 372452,
  "t": 265643,
  "u": 572178
}
