{
  "b": 1.9539780616760254,
  "c": 4.214929580688477,
  "d": 2.5710232257843018,
  "e": 5.546610355377197,
  "f": 20682906,
  "g": 44215360,
  "h": 28740368,
  "i": 61495404,
  "j": 20321372,
  "k": 43835268,
  "l": 28281256,
  "m": 61012712,
  "n": 361531,
  "o": 380089,
  "p": 459113,
  "q": 482696,
  "r": 1232764,
  "s": 2638284,
  "t": 1675240,
  "u": 3588655
}
