{
  "b": 1.9539780616760254,
  "c": 4.214929580688477,
  "d": 2.5710232257843018,
  "e": 5.546610355377197,
  "f": 20700000,
  "g": 44200000,
  "h": 28700000,
  "i": 61500000,
  "j": 20300000,
  "k": 43800000,
  "l": 28300000,
  "m": 61000000,
  "n": 371000,
  "o": 371000,
  "p": 471000,
  "q": 471000,
  "r": 1230000,
  "s": 2640000,
  "t": 1680000,
  "u": 3590000
}
