{
  "b": 5.035910129547119,
  "c": 10.891024589538574,
  "d": 6.1383514404296875,
  "e": 13.275833129882812,
  "f": 53272512,
  "g": 114213088,
  "h": 68656752,
  "i": 147228880,
  "j": 52373464,
  "k": 113266656,
  "l": 67521864,
  "m": 146034160,
  "n": 899044,
  "o": 946420,
  "p": 1134887,
  "q": 1194711,
  "r": 6531134,
  "s": 14003453,
  "t": 8436475,
  "u": 18094552
}
