{
  "b": 1.6642625331878662,
  "c": 3.64498233795166,
  "d": 2.372809410095215,
  "e": 5.1966776847839355,
  "f": 17600000,
  "g": 38300000,
  "h": 26500000,
  "i": 57600000,
  "j": 17300000,
  "k": 37900000,
  "l": 26100000,
  "m": 57200000,
  "n": 347000,
  "o": 347000,
  "p": 460000,
  "q": 460000,
  "r": 4640000,
  "s": 10100000,
  "t": 7180000,
  "u": 15600000
}
