{
  "b": 1.724194049835205,
  "c": 3.762746572494507,
  "d": 1.9817296266555786,
  "e": 4.324713230133057,
  "f": 18269292,
  "g": 39491272,
  "h": 22275460,
  "i": 48077940,
  "j": 17931618,
  "k": 39132564,
  "l": 21799026,
  "m": 47571844,
  "n": 337674,
  "o": 358712,
  "p": 476434,
  "q": 506095,
  "r": 1457362,
  "s": 3146521,
  "t": 1789410,
  "u": 3858364
}
