{
  "b": 1.724194049835205,
  "c": 3.762746572494507,
  "d": 1.9817296266555786,
  "e": 4.324713230133057,
  "f": 18300000,
  "g": 39500000,
  "h": 22300000,
  "i": 48100000,
  "j": 17900000,
  "k": 39100000,
  "l": 21800000,
  "m": 47600000,
  "n": 348000,
  "o": 348000,
  "p": 491000,
  "q": 491000,
  "r": 1460000,
  "s": 3150000,
  "t": 1790000,
  "u": 3860000
}
