{
  "b": 2.027524709701538,
  "c": 4.024163246154785,
  "d": 2.64689302444458,
  "e": 5.273845672607422,
  "f": 22400000,
  "g": 43200000,
  "h": 30700000,
  "i": 59600000,
  "j": 21100000,
  "k": 41900000,
  "l": 29100000,
  "m": 58000000,
  "n": 1320000,
  "o": 1320000,
  "p": 1560000,
  "q": 1560000,
  "r": 1070000,
  "s": 2320000,
  "t": 1580000,
  "u": 3420000
}
