{
  "b": 2.027524709701538,
  "c": 4.024163246154785,
  "d": 2.64689302444458,
  "e": 5.273845672607422,
  "f": 22388170,
  "g": 43187956,
  "h": 30658578,
  "i": 59596940,
  "j": 21086258,
  "k": 41851296,
  "l": 29115822,
  "m": 58012300,
  "n": 1301913,
  "o": 1336659,
  "p": 1542753,
  "q": 1584645,
  "r": 1072567,
  "s": 2315843,
  "t": 1581008,
  "u": 3417384
}
