{
  "b": 1.7669134140014648,
  "c": 3.8402292728424072,
  "d": 2.3881313800811768,
  "e": 5.1904730796813965,
  "f": 18720956,
  "g": 40301316,
  "h": 26747770,
  "i": 57598300,
  "j": 18375900,
  "k": 39938384,
  "l": 26269446,
  "m": 57095204,
  "n": 345055,
  "o": 362932,
  "p": 478323,
  "q": 503091,
  "r": 3805860,
  "s": 8219091,
  "t": 5389917,
  "u": 11644631
}
