{
  "b": 0.5772958397865295,
  "c": 1.2501838207244873,
  "d": 0.6845241785049438,
  "e": 1.4824310541152954,
  "f": 6118813,
  "g": 13122963,
  "h": 7667806,
  "i": 16452123,
  "j": 6003877,
  "k": 13001912,
  "l": 7529766,
  "m": 16306742,
  "n": 114937,
  "o": 121052,
  "p": 138041,
  "q": 145382,
  "r": 331153,
  "s": 709658,
  "t": 421415,
  "u": 903527
}
