{
  "b": 1.7669134140014648,
  "c": 3.8402292728424072,
  "d": 2.3881313800811768,
  "e": 5.1904730796813965,
  "f": 18700000,
  "g": 40300000,
  "h": 26700000,
  "i": 57600000,
  "j": 18400000,
  "k": 39900000,
  "l": 26300000,
  "m": 57100000,
  "n": 354000,
  "o": 354000,
  "p": 491000,
  "q": 491000,
  "r": 3810000,
  "s": 8220000,
  "t": 5390000,
  "u": 11600000
}
