{
  "b": 2977.8706665039062,
  "c": 6086.939696311951,
  "d": 3367.346628665924,
  "e": 6886.084324836731,
  "f": 31465300000,
  "g": 63840000000,
  "h": 37589400000,
  "i": 76284000000,
  "j": 30974100000,
  "k": 63342000000,
  "l": 37051100000,
  "m": 75749000000,
  "n": 502956000,
  "o": 502956000,
  "p": 569332000,
  "q": 569332000,
  "r": 3027577000,
  "s": 6101349000,
  "t": 3644841000,
  "u": 7356049000
}
