{
  "b": 2977.8706665039062,
  "c": 6086.939696311951,
  "d": 3367.346628665924,
  "e": 6886.084324836731,
  "f": 31470643732,
  "g": 63809810480,
  "h": 37607183304,
  "i": 76318930320,
  "j": 30969854804,
  "k": 63304172840,
  "l": 37040813368,
  "m": 75746927800,
  "n": 500788987,
  "o": 505638039,
  "p": 566370709,
  "q": 572002926,
  "r": 3028173692,
  "s": 6100710435,
  "t": 3647002875,
  "u": 7356662594
}
