{
  "b": 785.6592489778996,
  "c": 1657.6244443058968,
  "d": 1141.0609306395054,
  "e": 2406.8911561369896,
  "f": 8346250000,
  "g": 17407280000,
  "h": 12789300000,
  "i": 26735660000,
  "j": 8174790000,
  "k": 17258420000,
  "l": 12555030000,
  "m": 26484190000,
  "n": 172879700,
  "o": 172879700,
  "p": 238310400,
  "q": 238310400,
  "r": 4416241000,
  "s": 9120553000,
  "t": 6830956000,
  "u": 14104816000
}
