{
  "b": 785.6592489778996,
  "c": 1657.6244443058968,
  "d": 1141.0609306395054,
  "e": 2406.8911561369896,
  "f": 8342073719,
  "g": 17413810162,
  "h": 12788190856,
  "i": 26716716854,
  "j": 8170856225,
  "k": 17239294428,
  "l": 12551670447,
  "m": 26475803193,
  "n": 171217018,
  "o": 174514611,
  "p": 236519651,
  "q": 240913110,
  "r": 4416833398,
  "s": 9121145391,
  "t": 6829053692,
  "u": 14119925626
}
