{
  "b": 1213.9678525924683,
  "c": 2514.160287618637,
  "d": 1422.4268848896027,
  "e": 2945.732165336609,
  "f": 12833213710,
  "g": 26359410748,
  "h": 15896343762,
  "i": 32657715740,
  "j": 12625265698,
  "k": 26147266884,
  "l": 15646695744,
  "m": 32403054136,
  "n": 207948040,
  "o": 212143813,
  "p": 249648080,
  "q": 254661702,
  "r": 1026059837,
  "s": 2104511922,
  "t": 1352526133,
  "u": 2775756326
}
