{
  "b": 1213.9678525924683,
  "c": 2514.160287618637,
  "d": 1422.4268848896027,
  "e": 2945.732165336609,
  "f": 12836200000,
  "g": 26366400000,
  "h": 15894400000,
  "i": 32656000000,
  "j": 12620800000,
  "k": 26147800000,
  "l": 15648000000,
  "m": 32398000000,
  "n": 210031000,
  "o": 210031000,
  "p": 252179000,
  "q": 252179000,
  "r": 1025820000,
  "s": 2104739000,
  "t": 1352418000,
  "u": 2780054000
}
