{
  "b": 20612.09063693136,
  "c": 39409.04685717821,
  "d": 27947.81337362528,
  "e": 53524.5301489234,
  "f": 219099160000,
  "g": 414627460000,
  "h": 313244070000,
  "i": 594191090000,
  "j": 213976590000,
  "k": 409557800000,
  "l": 307520160000,
  "m": 588655880000,
  "n": 4367630100,
  "o": 4367630100,
  "p": 5454091500,
  "q": 5454091500,
  "r": 161273927500,
  "s": 299941879700,
  "t": 229822436000,
  "u": 428047404000
}
