{
  "b": 915.5236731041223,
  "c": 1867.7332393452525,
  "d": 1268.4127629809082,
  "e": 2593.686715051532,
  "f": 9715627000,
  "g": 19616714000,
  "h": 14211205000,
  "i": 28798919000,
  "j": 9516038000,
  "k": 19417705000,
  "l": 13960951000,
  "m": 28544713000,
  "n": 197526110,
  "o": 197526110,
  "p": 266295400,
  "q": 266295400,
  "r": 3069963080,
  "s": 6116080250,
  "t": 4358742300,
  "u": 8719686800
}
