{
  "b": 2465.7113647460938,
  "c": 5081.08625793457,
  "d": 3007.1664810180664,
  "e": 6196.21842956543,
  "f": 26121619968,
  "g": 53331398656,
  "h": 33634130816,
  "i": 68725089024,
  "j": 25643397760,
  "k": 52843296640,
  "l": 33078830976,
  "m": 68158403328,
  "n": 478222658,
  "o": 488102937,
  "p": 555299048,
  "q": 566684942,
  "r": 3474593460,
  "s": 7083368200,
  "t": 4652779504,
  "u": 9499139824
}
