{
  "b": 2465.7113647460938,
  "c": 5081.08625793457,
  "d": 3007.1664810180664,
  "e": 6196.21842956543,
  "f": 26134000000,
  "g": 53240000000,
  "h": 33650000000,
  "i": 68760000000,
  "j": 25642000000,
  "k": 52820000000,
  "l": 33070000000,
  "m": 68110000000,
  "n": 482300000,
  "o": 482300000,
  "p": 561100000,
  "q": 561100000,
  "r": 3477800000,
  "s": 7076500000,
  "t": 4647000000,
  "u": 9490000000
}
