{
  "b": 925.6601715087891,
  "c": 1896.4422607421875,
  "d": 1175.638442993164,
  "e": 2409.8795776367188,
  "f": 9800000000,
  "g": 19870000000,
  "h": 13140000000,
  "i": 26710000000,
  "j": 9630000000,
  "k": 19710000000,
  "l": 12930000000,
  "m": 26520000000,
  "n": 170700000,
  "o": 170700000,
  "p": 208700000,
  "q": 208700000,
  "r": 1648000000,
  "s": 3339000000,
  "t": 2388000000,
  "u": 4840000000
}
