{
  "b": 5693.345616102219,
  "c": 11785.689212083817,
  "d": 7552.5545645952225,
  "e": 15635.929834604263,
  "f": 60237800000,
  "g": 123652900000,
  "h": 84406600000,
  "i": 173145400000,
  "j": 59218200000,
  "k": 122562600000,
  "l": 83102500000,
  "m": 172042600000,
  "n": 1037687000,
  "o": 1037687000,
  "p": 1321402000,
  "q": 1321402000,
  "r": 12891470800,
  "s": 26480812000,
  "t": 18247275000,
  "u": 37496747000
}
