{
  "b": 5853.879488199949,
  "c": 11506.28000175953,
  "d": 7469.927655696869,
  "e": 14671.953635931015,
  "f": 62022740000,
  "g": 120791860000,
  "h": 83553640000,
  "i": 162818210000,
  "j": 60883600000,
  "k": 119639790000,
  "l": 82165850000,
  "m": 161446630000,
  "n": 1131700100,
  "o": 1131700100,
  "p": 1395122700,
  "q": 1395122700,
  "r": 6276802600,
  "s": 12132251200,
  "t": 8780894900,
  "u": 16945543100
}
