{
  "b": 5853.879488199949,
  "c": 11506.28000175953,
  "d": 7469.927655696869,
  "e": 14671.953635931015,
  "f": 62019903261,
  "g": 120789315430,
  "h": 83572834033,
  "i": 162776271272,
  "j": 60880346762,
  "k": 119665311495,
  "l": 82169204031,
  "m": 161391488785,
  "n": 1139556033,
  "o": 1124001776,
  "p": 1403629332,
  "q": 1384788119,
  "r": 6280885570,
  "s": 12125974975,
  "t": 8769591962,
  "u": 16942749389
}
