{
  "b": 65.94567641615868,
  "c": 140.2765221223235,
  "d": 91.0406050067395,
  "e": 193.6795691177249,
  "f": 698376849,
  "g": 1471775519,
  "h": 1017850677,
  "i": 2147340925,
  "j": 685835034,
  "k": 1458875822,
  "l": 1001446654,
  "m": 2130475253,
  "n": 12541819,
  "o": 12899697,
  "p": 16404023,
  "q": 16865665,
  "r": 66642396,
  "s": 140154988,
  "t": 106114528,
  "u": 223568645
}
