{
  "b": 8528.059134840965,
  "c": 16339.32959985733,
  "d": 10674.904538989067,
  "e": 20391.93585538864,
  "f": 90418119074,
  "g": 171629596044,
  "h": 119476111252,
  "i": 226331198784,
  "j": 88691815018,
  "k": 169929028192,
  "l": 117423951204,
  "m": 224311294752,
  "n": 1726302095,
  "o": 1700565714,
  "p": 2052158388,
  "q": 2019900100,
  "r": 17255745495,
  "s": 31790585796,
  "t": 22330663385,
  "u": 41204969059
}
