{
  "b": 6439.42117357254,
  "c": 12753.766205787659,
  "d": 7537.874853134155,
  "e": 14918.978932380676,
  "f": 68108718880,
  "g": 133766558744,
  "h": 84246683124,
  "i": 165425606800,
  "j": 66969979408,
  "k": 132639168912,
  "l": 82916623668,
  "m": 164108766336,
  "n": 1138738888,
  "o": 1127391086,
  "p": 1330058497,
  "q": 1316840260,
  "r": 11996852969,
  "s": 23473341185,
  "t": 14707344034,
  "u": 28775065329
}
