{
  "b": 6439.42117357254,
  "c": 12753.766205787659,
  "d": 7537.874853134155,
  "e": 14918.978932380676,
  "f": 68087600000,
  "g": 133787000000,
  "h": 84219300000,
  "i": 165475000000,
  "j": 66977900000,
  "k": 132700000000,
  "l": 82875200000,
  "m": 164131000000,
  "n": 1132882000,
  "o": 1132882000,
  "p": 1323353000,
  "q": 1323353000,
  "r": 11998488000,
  "s": 23511400000,
  "t": 14708125000,
  "u": 28735090000
}
