{
  "b": 673.9369371533394,
  "c": 1377.8832943439484,
  "d": 781.83354139328,
  "e": 1597.8486188650131,
  "f": 7128010000,
  "g": 14448600000,
  "h": 8737910000,
  "i": 17717900000,
  "j": 7007390000,
  "k": 14334200000,
  "l": 8603370000,
  "m": 17576000000,
  "n": 119566000,
  "o": 119566000,
  "p": 137932000,
  "q": 137932000,
  "r": 598022400,
  "s": 1204641000,
  "t": 764301000,
  "u": 1539619000
}
