{
  "b": 673.9369371533394,
  "c": 1377.8832943439484,
  "d": 781.83354139328,
  "e": 1597.8486188650131,
  "f": 7127842248,
  "g": 14450263547,
  "h": 8737237649,
  "i": 17714979638,
  "j": 7008944142,
  "k": 14329986188,
  "l": 8600169004,
  "m": 17576334772,
  "n": 118898001,
  "o": 120277497,
  "p": 137068586,
  "q": 138645319,
  "r": 598456170,
  "s": 1205927543,
  "t": 763909728,
  "u": 1540036722
}
