{
  "b": 838.6110551729798,
  "c": 1705.57814219594,
  "d": 1015.775942735374,
  "e": 2065.452756628394,
  "f": 8873143209,
  "g": 17890549846,
  "h": 11357593496,
  "i": 22905151776,
  "j": 8721555071,
  "k": 17738012449,
  "l": 11173535470,
  "m": 22719980160,
  "n": 151588241,
  "o": 152536795,
  "p": 184057985,
  "q": 185171628,
  "r": 1108959327,
  "s": 2199689640,
  "t": 1596642605,
  "u": 3175964450
}
