{
  "b": 2682.857116341591,
  "c": 5345.356846809387,
  "d": 3388.6852632761,
  "e": 6736.8116002082825,
  "f": 28358600000,
  "g": 56003500000,
  "h": 37850100000,
  "i": 74622300000,
  "j": 27909200000,
  "k": 55650000000,
  "l": 37271600000,
  "m": 74079700000,
  "n": 459212000,
  "o": 459212000,
  "p": 571801000,
  "q": 571801000,
  "r": 8671391000,
  "s": 16826200000,
  "t": 11777840000,
  "u": 22837170000
}
