{
  "b": 1295.6312847137451,
  "c": 2775.2297554016113,
  "d": 1743.4692726135254,
  "e": 3733.5068588256836,
  "f": 13697418384,
  "g": 29093381792,
  "h": 19452830784,
  "i": 41352790336,
  "j": 13474565424,
  "k": 28862389152,
  "l": 19178162192,
  "m": 41068575680,
  "n": 222853504,
  "o": 230991892,
  "p": 274668342,
  "q": 284214901,
  "r": 3294622338,
  "s": 6987558285,
  "t": 5041579644,
  "u": 10705539754
}
