{
  "b": 1295.6312847137451,
  "c": 2775.2297554016113,
  "d": 1743.4692726135254,
  "e": 3733.5068588256836,
  "f": 13705000000,
  "g": 29112000000,
  "h": 19442000000,
  "i": 41336000000,
  "j": 13474000000,
  "k": 28866000000,
  "l": 19176000000,
  "m": 41026000000,
  "n": 226990000,
  "o": 226990000,
  "p": 279310000,
  "q": 279310000,
  "r": 3290500000,
  "s": 6992000000,
  "t": 5043490000,
  "u": 10700200000
}
