{
  "b": 6285.707010269165,
  "c": 12528.801895141602,
  "d": 8010.976598739624,
  "e": 15970.72805404663,
  "f": 66583000000,
  "g": 131447000000,
  "h": 89572000000,
  "i": 177165000000,
  "j": 65385000000,
  "k": 130257000000,
  "l": 88157000000,
  "m": 175782000000,
  "n": 1192230000,
  "o": 1192230000,
  "p": 1429790000,
  "q": 1429790000,
  "r": 8655470000,
  "s": 16981470000,
  "t": 11656890000,
  "u": 22925000000
}
