{
  "b": 4486.736603736877,
  "c": 9168.7043800354,
  "d": 5553.620626449585,
  "e": 11355.696640014648,
  "f": 47510000000,
  "g": 96235000000,
  "h": 62075000000,
  "i": 125950000000,
  "j": 46665000000,
  "k": 95318000000,
  "l": 61158000000,
  "m": 124871000000,
  "n": 866080000,
  "o": 866080000,
  "p": 1020190000,
  "q": 1020190000,
  "r": 7097700000,
  "s": 14268000000,
  "t": 9507090000,
  "u": 19143500000
}
