{
  "b": 4486.736603736877,
  "c": 9168.7043800354,
  "d": 5553.620626449585,
  "e": 11355.696640014648,
  "f": 47524938416,
  "g": 96223756896,
  "h": 62106099440,
  "i": 125936327616,
  "j": 46662059776,
  "k": 95354525632,
  "l": 61089827952,
  "m": 124912661824,
  "n": 862877626,
  "o": 869228713,
  "p": 1016271068,
  "q": 1023666662,
  "r": 7100778746,
  "s": 14271234944,
  "t": 9502668591,
  "u": 19135489602
}
