{
  "b": 5865.48837159574,
  "c": 11937.197614073753,
  "d": 7086.6456253528595,
  "e": 14414.64737957716,
  "f": 62054155762,
  "g": 125209839311,
  "h": 79143208534,
  "i": 159762396849,
  "j": 61001079682,
  "k": 124146856069,
  "l": 77953102795,
  "m": 158561121242,
  "n": 1053076600,
  "o": 1062990741,
  "p": 1190107443,
  "q": 1201275127,
  "r": 9419460849,
  "s": 18905974294,
  "t": 11704724681,
  "u": 23518445065
}
