{
  "b": 5865.48837159574,
  "c": 11937.197614073753,
  "d": 7086.6456253528595,
  "e": 14414.64737957716,
  "f": 62033020000,
  "g": 125219030000,
  "h": 79200460000,
  "i": 159670580000,
  "j": 61028710000,
  "k": 124203810000,
  "l": 77952580000,
  "m": 158632350000,
  "n": 1058344100,
  "o": 1058344100,
  "p": 1195624200,
  "q": 1195624200,
  "r": 9419649000,
  "s": 18900219000,
  "t": 11704649000,
  "u": 23519360000
}
