{
  "b": 2104.1085473895073,
  "c": 3921.821305692196,
  "d": 2763.7125677764416,
  "e": 5161.908433437347,
  "f": 22270440000,
  "g": 41152770000,
  "h": 30906320000,
  "i": 57315390000,
  "j": 21887780000,
  "k": 40798570000,
  "l": 30414380000,
  "m": 56777340000,
  "n": 396398300,
  "o": 396398300,
  "p": 490730900,
  "q": 490730900,
  "r": 5396452000,
  "s": 9870538000,
  "t": 7252594000,
  "u": 13326439000
}
