{
  "b": 1374.5456964969635,
  "c": 2811.9075582027435,
  "d": 1619.7724596560001,
  "e": 3309.0314422249794,
  "f": 14531750000,
  "g": 29476290000,
  "h": 18091390000,
  "i": 36686580000,
  "j": 14297090000,
  "k": 29241420000,
  "l": 17829930000,
  "m": 36401010000,
  "n": 232808000,
  "o": 232808000,
  "p": 277249100,
  "q": 277249100,
  "r": 1104877000,
  "s": 2239378000,
  "t": 1413301000,
  "u": 2860605000
}
