{
  "b": 4250.139227211475,
  "c": 8424.086307108402,
  "d": 4862.054728835821,
  "e": 9653.980428099632,
  "f": 44933592074,
  "g": 88336663412,
  "h": 54317020262,
  "i": 107022320409,
  "j": 44201447454,
  "k": 87610497332,
  "l": 53482602037,
  "m": 106193783613,
  "n": 732146051,
  "o": 726168220,
  "p": 834417628,
  "q": 828532274,
  "r": 5409140051,
  "s": 10436431760,
  "t": 6723726747,
  "u": 13027017633
}
