{
  "b": 4250.139227211475,
  "c": 8424.086307108402,
  "d": 4862.054728835821,
  "e": 9653.980428099632,
  "f": 44984830000,
  "g": 88317470000,
  "h": 54349610000,
  "i": 107029950000,
  "j": 44253440000,
  "k": 87597000000,
  "l": 53463000000,
  "m": 106212270000,
  "n": 728912100,
  "o": 728912100,
  "p": 831917700,
  "q": 831917700,
  "r": 5406433300,
  "s": 10437439600,
  "t": 6725642400,
  "u": 13034908700
}
