{
  "b": 61.81658076494932,
  "c": 135.26230638846755,
  "d": 83.51501673087478,
  "e": 182.70307468995452,
  "f": 653782000,
  "g": 1418940000,
  "h": 933303000,
  "i": 2025625000,
  "j": 642881000,
  "k": 1406873000,
  "l": 918695000,
  "m": 2008623000,
  "n": 11750160,
  "o": 11750160,
  "p": 14890380,
  "q": 14890380,
  "r": 79529910,
  "s": 172068930,
  "t": 120753980,
  "u": 261843860
}
