{
  "b": 61.81658076494932,
  "c": 135.26230638846755,
  "d": 83.51501673087478,
  "e": 182.70307468995452,
  "f": 654292100,
  "g": 1418826207,
  "h": 933116589,
  "i": 2025068752,
  "j": 642892447,
  "k": 1406728010,
  "l": 918665186,
  "m": 2009733814,
  "n": 11399668,
  "o": 12098237,
  "p": 14451417,
  "q": 15334894,
  "r": 79444927,
  "s": 172112816,
  "t": 120783575,
  "u": 261969202
}
