{
  "b": 272.94870825856924,
  "c": 563.8991837389767,
  "d": 323.2471438422799,
  "e": 666.9676210805774,
  "f": 2891443000,
  "g": 5913977000,
  "h": 3619731000,
  "i": 7396878000,
  "j": 2838566000,
  "k": 5868377000,
  "l": 3557104000,
  "m": 7332053000,
  "n": 52627820,
  "o": 52627820,
  "p": 63595720,
  "q": 63595720,
  "r": 352712850,
  "s": 709580600,
  "t": 476772640,
  "u": 959847530
}
