{
  "b": 338.2567466571927,
  "c": 725.7115252017975,
  "d": 516.5301799252629,
  "e": 1107.785414725542,
  "f": 3587041000,
  "g": 7620750000,
  "h": 5779356000,
  "i": 12301390000,
  "j": 3515861000,
  "k": 7550220000,
  "l": 5684980000,
  "m": 12188510000,
  "n": 72091420,
  "o": 72091420,
  "p": 99517800,
  "q": 99517800,
  "r": 1935230540,
  "s": 4112184100,
  "t": 3226329600,
  "u": 6855833900
}

