{
  "b": 338.2567466571927,
  "c": 725.7115252017975,
  "d": 516.5301799252629,
  "e": 1107.785414725542,
  "f": 3588732733,
  "g": 7620672060,
  "h": 5779762392,
  "i": 12286807947,
  "j": 3517870138,
  "k": 7547400003,
  "l": 5681832040,
  "m": 12185639706,
  "n": 70862861,
  "o": 73272287,
  "p": 97930695,
  "q": 101168592,
  "r": 1940195116,
  "s": 4112912835,
  "t": 3226754931,
  "u": 6851432158
}
