{
  "b": 8944.674964904785,
  "c": 17837.889404296875,
  "d": 10920.180046081543,
  "e": 21805.222564697266,
  "f": 94800000000,
  "g": 187300000000,
  "h": 122160000000,
  "i": 241960000000,
  "j": 93030000000,
  "k": 185550000000,
  "l": 120170000000,
  "m": 239880000000,
  "n": 1784200000,
  "o": 1784200000,
  "p": 2082800000,
  "q": 2082800000,
  "r": 12217300000,
  "s": 23920500000,
  "t": 16179800000,
  "u": 31768000000
}
