{
  "b": 8944.674964904785,
  "c": 17837.889404296875,
  "d": 10920.180046081543,
  "e": 21805.222564697266,
  "f": 94802308160,
  "g": 187302009600,
  "h": 122198735616,
  "i": 241947817216,
  "j": 93024619968,
  "k": 185514050432,
  "l": 120121980416,
  "m": 239857451264,
  "n": 1777687890,
  "o": 1787953676,
  "p": 2076752562,
  "q": 2090366828,
  "r": 12216829544,
  "s": 23928117768,
  "t": 16178439376,
  "u": 31781684424
}
