{
  "b": 154.64894470572472,
  "c": 326.63293378427625,
  "d": 213.38633723929524,
  "e": 450.51304874941707,
  "f": 1639890690,
  "g": 3429380907,
  "h": 2388491909,
  "i": 4997995746,
  "j": 1608349045,
  "k": 3396982551,
  "l": 2347249712,
  "m": 4955643482,
  "n": 31541574,
  "o": 32398432,
  "p": 41242277,
  "q": 42352642,
  "r": 378177184,
  "s": 779146602,
  "t": 567188394,
  "u": 1170561921
}
