{
  "b": 16389.573143959045,
  "c": 31885.407539367676,
  "d": 19231.529175281525,
  "e": 37463.233134269714,
  "f": 173712100000,
  "g": 334808000000,
  "h": 215391000000,
  "i": 415816000000,
  "j": 170497300000,
  "k": 331633000000,
  "l": 211561100000,
  "m": 412022000000,
  "n": 3261271000,
  "o": 3261271000,
  "p": 3773792000,
  "q": 3773792000,
  "r": 27743195000,
  "s": 52352870000,
  "t": 35342343000,
  "u": 66839790000
}
