{
  "b": 16389.573143959045,
  "c": 31885.407539367676,
  "d": 19231.529175281525,
  "e": 37463.233134269714,
  "f": 173729675232,
  "g": 334852775408,
  "h": 215338736724,
  "i": 415847944464,
  "j": 170451561576,
  "k": 331608240384,
  "l": 211546820924,
  "m": 412095562872,
  "n": 3278117555,
  "o": 3244537815,
  "p": 3791913039,
  "q": 3752396134,
  "r": 27742677792,
  "s": 52313504348,
  "t": 35340546751,
  "u": 66860553797
}
