{
  "b": 6516.462924003601,
  "c": 13117.396374702454,
  "d": 8305.28364777565,
  "e": 16703.331158161163,
  "f": 68934047146,
  "g": 137583012792,
  "h": 92794603304,
  "i": 185171496460,
  "j": 67771214266,
  "k": 136420922568,
  "l": 91358119210,
  "m": 183736643264,
  "n": 1162831265,
  "o": 1162087945,
  "p": 1436484434,
  "q": 1434851880,
  "r": 7416843768,
  "s": 14679806976,
  "t": 10615890016,
  "u": 21011320431
}
