{
  "b": 50.26149542443454,
  "c": 108.20954172685742,
  "d": 63.856688464060426,
  "e": 137.51253746449947,
  "f": 532185000,
  "g": 1135499000,
  "h": 714061000,
  "i": 1525740000,
  "j": 522619000,
  "k": 1124509000,
  "l": 702607000,
  "m": 1511669000,
  "n": 9721800,
  "o": 9721800,
  "p": 12177480,
  "q": 12177480,
  "r": 1249290,
  "s": 3811900,
  "t": -2807460,
  "u": -4824900
}
