{
  "b": 12983.156665802002,
  "c": 25800.630859375,
  "d": 14984.190488815308,
  "e": 29765.865467071533,
  "f": 137268686432,
  "g": 270548487264,
  "h": 167316168048,
  "i": 329890008096,
  "j": 135024829504,
  "k": 268326559616,
  "l": 164826096464,
  "m": 327424519392,
  "n": 2243856294,
  "o": 2221925945,
  "p": 2490070568,
  "q": 2465490722,
  "r": 20507132388,
  "s": 40375073766,
  "t": 25031827462,
  "u": 49332956061
}
