{
  "b": 12983.156665802002,
  "c": 25800.630859375,
  "d": 14984.190488815308,
  "e": 29765.865467071533,
  "f": 137401000000,
  "g": 270505000000,
  "h": 167395000000,
  "i": 329905000000,
  "j": 135066000000,
  "k": 268348000000,
  "l": 164851000000,
  "m": 327445000000,
  "n": 2233480000,
  "o": 2233480000,
  "p": 2477850000,
  "q": 2477850000,
  "r": 20513100000,
  "s": 40388590000,
  "t": 25023220000,
  "u": 49324960000
}
