{
  "b": 1206.5058272182941,
  "c": 2491.0539943277836,
  "d": 1395.6053606420755,
  "e": 2880.422377794981,
  "f": 12763916416,
  "g": 26126549575,
  "h": 15613938754,
  "i": 31950965578,
  "j": 12547660662,
  "k": 25906961611,
  "l": 15351659043,
  "m": 31684646280,
  "n": 216255988,
  "o": 219588818,
  "p": 262279499,
  "q": 266318946,
  "r": 1823587939,
  "s": 3684245514,
  "t": 2301834250,
  "u": 4651903439
}
