{
  "b": 1206.5058272182941,
  "c": 2491.0539943277836,
  "d": 1395.6053606420755,
  "e": 2880.422377794981,
  "f": 12769080000,
  "g": 26123830000,
  "h": 15616120000,
  "i": 31947690000,
  "j": 12557050000,
  "k": 25901970000,
  "l": 15355590000,
  "m": 31681500000,
  "n": 217860600,
  "o": 217860600,
  "p": 264236300,
  "q": 264236300,
  "r": 1824018700,
  "s": 3690895200,
  "t": 2298807500,
  "u": 4649197800
}
