{
  "b": 492.34711729642004,
  "c": 1042.283512853086,
  "d": 666.5234711878002,
  "e": 1412.391092279926,
  "f": 5208618000,
  "g": 10925218000,
  "h": 7440372000,
  "i": 15651377000,
  "j": 5123445000,
  "k": 10852076000,
  "l": 7334711000,
  "m": 15526004000,
  "n": 84640730,
  "o": 84640730,
  "p": 108677810,
  "q": 108677810,
  "r": 2238120820,
  "s": 4653610300,
  "t": 3156399450,
  "u": 6569453000
}
