{
  "b": 492.34711729642004,
  "c": 1042.283512853086,
  "d": 666.5234711878002,
  "e": 1412.391092279926,
  "f": 5204809954,
  "g": 10924530974,
  "h": 7440181831,
  "i": 15645211186,
  "j": 5120410002,
  "k": 10839748717,
  "l": 7331758162,
  "m": 15536301782,
  "n": 84399988,
  "o": 84782411,
  "p": 108423822,
  "q": 108910164,
  "r": 2236529795,
  "s": 4652463990,
  "t": 3151832745,
  "u": 6571499595
}
