{
  "b": 15227.90179157257,
  "c": 30430.112272262573,
  "d": 17797.757170677185,
  "e": 35590.9521522522,
  "f": 161043592168,
  "g": 319135279248,
  "h": 198734846224,
  "i": 394447973056,
  "j": 158370179088,
  "k": 316473165936,
  "l": 195775330328,
  "m": 391500474336,
  "n": 2673410024,
  "o": 2662105442,
  "p": 2959522787,
  "q": 2947494571,
  "r": 17614494905,
  "s": 34206328995,
  "t": 21634641055,
  "u": 42110625243
}
