{
  "b": 15227.90179157257,
  "c": 30430.112272262573,
  "d": 17797.757170677185,
  "e": 35590.9521522522,
  "f": 161087900000,
  "g": 318988000000,
  "h": 198728400000,
  "i": 394399000000,
  "j": 158381700000,
  "k": 316519000000,
  "l": 195809500000,
  "m": 391356000000,
  "n": 2666300000,
  "o": 2666300000,
  "p": 2953900000,
  "q": 2953900000,
  "r": 17607164000,
  "s": 34220959000,
  "t": 21638091000,
  "u": 42133093000
}
