{
  "b": 715.2297973632812,
  "c": 1474.119987487793,
  "d": 871.8046493530273,
  "e": 1798.1840896606445,
  "f": 7580000000,
  "g": 15463000000,
  "h": 9751000000,
  "i": 19980000000,
  "j": 7436000000,
  "k": 15335000000,
  "l": 9591000000,
  "m": 19810000000,
  "n": 134080000,
  "o": 134080000,
  "p": 154630000,
  "q": 154630000,
  "r": 660050000,
  "s": 1340600000,
  "t": 870100000,
  "u": 1769300000
}
