{
  "b": 715.2297973632812,
  "c": 1474.119987487793,
  "d": 871.8046493530273,
  "e": 1798.1840896606445,
  "f": 7571486656,
  "g": 15466052800,
  "h": 9743250112,
  "i": 19935822336,
  "j": 7438390016,
  "k": 15330848256,
  "l": 9589851200,
  "m": 19780025088,
  "n": 133096493,
  "o": 135203386,
  "p": 153398537,
  "q": 155797166,
  "r": 660068814,
  "s": 1340634734,
  "t": 870413854,
  "u": 1771199416
}
