{
  "b": 2627.50283575058,
  "c": 5372.5638818740845,
  "d": 3427.3646068573,
  "e": 7012.476633071899,
  "f": 27785070480,
  "g": 56339166880,
  "h": 38262692068,
  "i": 77705659432,
  "j": 27326029568,
  "k": 55874664416,
  "l": 37701011136,
  "m": 77137243056,
  "n": 459040344,
  "o": 464501949,
  "p": 561680313,
  "q": 568417175,
  "r": 2356959614,
  "s": 4769791415,
  "t": 3477503296,
  "u": 7052310072
}
