{
  "b": 2627.50283575058,
  "c": 5372.5638818740845,
  "d": 3427.3646068573,
  "e": 7012.476633071899,
  "f": 27787400000,
  "g": 56340000000,
  "h": 38282800000,
  "i": 77687000000,
  "j": 27317700000,
  "k": 55872500000,
  "l": 37695800000,
  "m": 77146000000,
  "n": 461787000,
  "o": 461787000,
  "p": 564981000,
  "q": 564981000,
  "r": 2357292000,
  "s": 4769290000,
  "t": 3477809000,
  "u": 7052220000
}
