{
  "b": 4841.344329595566,
  "c": 9962.65446472168,
  "d": 5777.541637420654,
  "e": 11888.992723464966,
  "f": 51189479324,
  "g": 104463955864,
  "h": 64565379876,
  "i": 131806642328,
  "j": 50349981012,
  "k": 103611605832,
  "l": 63552957848,
  "m": 130778920336,
  "n": 839498372,
  "o": 852351570,
  "p": 1012422142,
  "q": 1027721004,
  "r": 6968702390,
  "s": 14095655662,
  "t": 8999423268,
  "u": 18217831521
}
