{
  "b": 4841.344329595566,
  "c": 9962.65446472168,
  "d": 5777.541637420654,
  "e": 11888.992723464966,
  "f": 51178100000,
  "g": 104430200000,
  "h": 64567200000,
  "i": 131839000000,
  "j": 50350500000,
  "k": 103628900000,
  "l": 63545200000,
  "m": 130733000000,
  "n": 846345000,
  "o": 846345000,
  "p": 1019861000,
  "q": 1019861000,
  "r": 6970269000,
  "s": 14093755000,
  "t": 8998648000,
  "u": 18229558000
}
