{
  "b": 5558.191085038241,
  "c": 11355.775123395026,
  "d": 7753.935778109822,
  "e": 15814.739908350632,
  "f": 58992267062,
  "g": 119292492834,
  "h": 86909745225,
  "i": 175584710033,
  "j": 57805186877,
  "k": 118100061770,
  "l": 85293293055,
  "m": 173962138679,
  "n": 1187079948,
  "o": 1192431160,
  "p": 1616450002,
  "q": 1622570799,
  "r": 16725357881,
  "s": 33440954412,
  "t": 25212787802,
  "u": 50455061123
}
