{
  "b": 1040.1234981045127,
  "c": 2007.3497117236257,
  "d": 1400.2907128818333,
  "e": 2709.231503546238,
  "f": 11032419245,
  "g": 21090540210,
  "h": 15686830205,
  "i": 30084031827,
  "j": 10817284037,
  "k": 20876436799,
  "l": 15403198089,
  "m": 29801547087,
  "n": 215135001,
  "o": 214103041,
  "p": 283631005,
  "q": 282486357,
  "r": 8482253079,
  "s": 15970740139,
  "t": 11745373060,
  "u": 22156364848
}
