{
  "b": 1040.1234981045127,
  "c": 2007.3497117236257,
  "d": 1400.2907128818333,
  "e": 2709.231503546238,
  "f": 11036017000,
  "g": 21128775000,
  "h": 15693104000,
  "i": 30104020000,
  "j": 10815114000,
  "k": 20876677000,
  "l": 15424816000,
  "m": 29834260000,
  "n": 214494670,
  "o": 214494670,
  "p": 282779800,
  "q": 282779800,
  "r": 8479243300,
  "s": 16020707000,
  "t": 11781351200,
  "u": 22200481100
}
