{
  "b": 337.6440980434418,
  "c": 720.0673751831055,
  "d": 421.38688707351685,
  "e": 898.6116652488708,
  "f": 3571300000,
  "g": 7553100000,
  "h": 4702800000,
  "i": 9955200000,
  "j": 3512000000,
  "k": 7491800000,
  "l": 4635400000,
  "m": 9883600000,
  "n": 60311000,
  "o": 60311000,
  "p": 70449000,
  "q": 70449000,
  "r": 121731000,
  "s": 256895000,
  "t": 177095000,
  "u": 374887000
}
