{
  "b": 337.6440980434418,
  "c": 720.0673751831055,
  "d": 421.38688707351685,
  "e": 898.6116652488708,
  "f": 3570308518,
  "g": 7550441024,
  "h": 4703954996,
  "i": 9956821112,
  "j": 3511498668,
  "k": 7488700604,
  "l": 4635255704,
  "m": 9884728312,
  "n": 58809897,
  "o": 61740707,
  "p": 68699260,
  "q": 72092941,
  "r": 121727757,
  "s": 257020767,
  "t": 177228067,
  "u": 374725849
}
