{
  "b": 6118.688131213188,
  "c": 12454.179775476456,
  "d": 7739.7091381549835,
  "e": 15738.134554624557,
  "f": 64757390801,
  "g": 130656926698,
  "h": 86495601686,
  "i": 174490091832,
  "j": 63634356972,
  "k": 129523469324,
  "l": 85136799948,
  "m": 173119481420,
  "n": 1123033821,
  "o": 1133455429,
  "p": 1358803036,
  "q": 1370611354,
  "r": 2512950955,
  "s": 4976021004,
  "t": 3861903711,
  "u": 7654517607
}
