{
  "b": 6118.688131213188,
  "c": 12454.179775476456,
  "d": 7739.7091381549835,
  "e": 15738.134554624557,
  "f": 64743000000,
  "g": 130716500000,
  "h": 86458300000,
  "i": 174479600000,
  "j": 63639000000,
  "k": 129547100000,
  "l": 85140500000,
  "m": 173163900000,
  "n": 1128754000,
  "o": 1128754000,
  "p": 1364786000,
  "q": 1364786000,
  "r": 2512603500,
  "s": 4980545700,
  "t": 3865231100,
  "u": 7648229100
}
