{
  "b": 1104.3177493959665,
  "c": 2308.843413233757,
  "d": 1550.8557440787554,
  "e": 3242.135419756174,
  "f": 11699656231,
  "g": 24227335005,
  "h": 17342717931,
  "i": 35947573644,
  "j": 11484904784,
  "k": 24011970793,
  "l": 17059413126,
  "m": 35663489578,
  "n": 214751943,
  "o": 215364898,
  "p": 283305467,
  "q": 284085823,
  "r": 5913200882,
  "s": 12053552612,
  "t": 8910038547,
  "u": 18195005478
}
