{
  "b": 1104.3177493959665,
  "c": 2308.843413233757,
  "d": 1550.8557440787554,
  "e": 3242.135419756174,
  "f": 11700410000,
  "g": 24194670000,
  "h": 17353120000,
  "i": 35987650000,
  "j": 11488440000,
  "k": 24001250000,
  "l": 17060680000,
  "m": 35655760000,
  "n": 214783000,
  "o": 214783000,
  "p": 283594700,
  "q": 283594700,
  "r": 5917588400,
  "s": 12054068000,
  "t": 8910342000,
  "u": 18215642000
}
