{
  "b": 3609.9564332962036,
  "c": 7445.99440574646,
  "d": 3874.6803436279297,
  "e": 7989.396347045898,
  "f": 38142800000,
  "g": 78041000000,
  "h": 43279000000,
  "i": 88546000000,
  "j": 37546300000,
  "k": 77401000000,
  "l": 42618800000,
  "m": 87895000000,
  "n": 609790000,
  "o": 609790000,
  "p": 656150000,
  "q": 656150000,
  "r": 2696418000,
  "s": 5502781000,
  "t": 3019446000,
  "u": 6160175000
}
