{
  "b": 3609.9564332962036,
  "c": 7445.99440574646,
  "d": 3874.6803436279297,
  "e": 7989.396347045898,
  "f": 38147677440,
  "g": 78054046432,
  "h": 43271415280,
  "i": 88545641440,
  "j": 37543546640,
  "k": 77438342112,
  "l": 42621483848,
  "m": 87883360256,
  "n": 604130900,
  "o": 615705198,
  "p": 649931590,
  "q": 662279987,
  "r": 2696162127,
  "s": 5505433523,
  "t": 3019302816,
  "u": 6164038703
}
