{
  "b": 2929.510030388832,
  "c": 5962.9591163396835,
  "d": 3613.38693434,
  "e": 7364.030129671097,
  "f": 31023550000,
  "g": 62535400000,
  "h": 40346600000,
  "i": 81596200000,
  "j": 30484240000,
  "k": 61982900000,
  "l": 39716290000,
  "m": 81031600000,
  "n": 524289000,
  "o": 524289000,
  "p": 622675000,
  "q": 622675000,
  "r": 7768471000,
  "s": 15546576600,
  "t": 9767233000,
  "u": 19614212000
}
